:1000000018F09FE518F09FE518F09FE518F09FE5C0
:1000100018F09FE5586FA0B818F09FE518F09FE51D
:1000200048140000CCE6000004E70000D4E900001A
:100030000CEA0000FFFFFFFFF8E3000054E90000B6
:10004000FFFFFFFFFFFFFFFFFFFFFFFFFFFFFFFFC0
:10005000FFFFFFFFFFFFFFFFFFFFFFFFFFFFFFFFB0
:10006000FFFFFFFFFFFFFFFFFFFFFFFFFFFFFFFFA0
:10007000FFFFFFFFFFFFFFFFFFFFFFFFFFFFFFFF90
:100080008F0002008CE9000000000040000000002A
:1000900000C09FE51CFF2FE1BF27000000C09FE5C7
:1000A0001CFF2FE16D9E010008B4024B9C4608BC6A
:1000B0006047C046C014000000B583B09949896804
:1000C000002906D0984A00210004000C01F048FFE6
:1000D0000EE0C04608A10CC969460CC16A461080F2
:1000E0000F30694688806422684603C803F002F82E
:1000F00003B008BC1847000000000000000010001A
:1001000088480168002908D04168002904D1816825
:10011000491E8941C90F00E001218160704710B577
:100120008048824944180168002911D0804940184C
:1001300019F007FA206800280AD0E06D002802D0E4
:1001400000F028FC01E000F00BFB0020794908607A
:10015000E06D002801D0401EE06510BC08BC1847C7
:1001600030B581B06F487249421801000C311160FE
:1001700071494118D1627149411811618221C90048
:1001800051629162002100231569E9545B1C946A55
:10019000A34211D21569E9545B1C946AA3420BD2A5
:1001A0001569E9545B1C946AA34205D21569E954A8
:1001B0005B1C946AA342E7D30023546A002C1FD02F
:1001C0001568E954D56AE9545B1C546AA34217D2F6
:1001D0001568E954D56AE9545B1C546AA3420FD2EE
:1001E0001568E954D56AE9545B1C546AA34207D2E6
:1001F0001568E954D56AE9545B1C546AA342DFD3FD
:100200008023DB014E4A14681C43146093611B0475
:1002100014681C431460D3615B0814681C431460A9
:100220009361016041608160CD22120181502821DB
:10023000503A80181AF03AFE01B030BC08BC18479A
:1002400030B440480168802292040A4302603E486C
:1002500001680322914302220A4302600C21C94330
:1002600002680A40082313430360026C03239A4385
:100270000264026C11400164D948002141600023EE
:10028000D84A946A002C17D01569E9545B1C946A0B
:10029000A34211D21569E9545B1C946AA3420BD2A4
:1002A0001569E9545B1C946AA34205D21569E954A7
:1002B0005B1C946AA342E7D30023546A002C1FD02E
:1002C0001568E954D56AE9545B1C546AA34217D2F5
:1002D0001568E954D56AE9545B1C546AA3420FD2ED
:1002E0001568E954D56AE9545B1C546AA34207D2E5
:1002F0001568E954D56AE9545B1C546AA342DFD3FC
:100300005160117251619161DF4A83231371416021
:100310000521017003211171C7211160072141607E
:1003200030BC7047DCAD00402C8F0200740C000024
:100330003C0C00001CE600402C0800001C040000DF
:1003400000C0FF3FC4C01FE000C002E070402DE9C4
:100350004440A0E3C04E84E390559FE50400D5E7F8
:10036000000050E31200000A0000A0E3400C85E505
:100370000400C5E70E0000EA0010A0E3501C82E56F
:100380004C1C82E5E014A0E3C01C81E30000C1E541
:10039000F8059FE5002090E5013082E2003080E51D
:1003A000E4069FE5041090E5012081E2042080E549
:1003B00036FFFFEBE004A0E37C0A80E31410D0E5F5
:1003C000010011E30300001A081090E50C2001E27F
:1003D0000C0052E36700001A0000D0E5AC269FE550
:1003E000781C92E5000051E3E2FFFF1A601C95E5DE
:1003F000D02C95E5000052E3402C95E51900000A49
:10040000010052E1EAFFFF2A80159FE5003091E5E7
:10041000012083E2002081E5402C95E5011082E275
:10042000401C85E5081044E2013095E70200C3E76F
:10043000400C95E5040050E3DDFFFF9A010095E7CD
:100440000410D0E50300D0E5402C95E5073042E2EA
:10045000010480E1000053E1D5FFFF3A0110A0E361
:10046000481C85E5D2FFFFEA010052E11900002A8D
:10047000401C95E5000051E30600001A401C95E57C
:10048000000051E31500001A010050E30100000ACA
:10049000020050E31100001AF0149FE5002091E5DE
:1004A000013082E2003081E5402C95E5011082E2C6
:1004B000401C85E5081044E2013095E70200C3E7DF
:1004C000400C95E5040050E30400003A010085E08B
:1004D000F1FEFFEB010000EA0300A0E30400C5E722
:1004E0000410D5E7040051E30000A003400C85058B
:1004F0000400C507400C95E5010050E3ACFFFF9AEE
:100500000410D5E7000051E33C60A0E3C06E86E331
:10051000A7FFFF0A400C95E5011040E2401C85E56D
:10052000060095E7402C95E5011080E2976A00EB04
:10053000060095E70010D0E5010051E30000D0155A
:10054000020050131D00000A400C95E5010050E325
:10055000EFFFFF8A96FFFFEA0110A0E3581C85E534
:100560001400D0E50E0010E30200A0130400C5172C
:100570007040BDE81EFF2FE11410D0E5200011E30C
:10058000F6FFFF0A501C95E5542C95E5020051E159
:10059000F0FFFF2AF4139FE5042091E5013082E289
:1005A000043081E5501C95E5012081E2502C85E561
:1005B0004C3C95E50110D3E70010C0E5E7FFFFEAEA
:1005C0000000A0E30400C5E7401C95E5040051E3EA
:1005D00077FFFF3A060085E0AFFEFFEB74FFFFEA0E
:1005E00000C007E018BA004030B581B0A34C8020AD
:1005F000C001E061A061E061A061E061E061A06133
:10060000E061A061E061E061A061E061A061E061A2
:10061000E061A061E061A061E061E061A061E06192
:10062000A061E061E061A061E061A061E061E06182
:10063000A061E061A061E061E061A061E061A061B2
:10064000E061E061A061E061A061E061FFF7F8FDB9
:100650000120A74908600A2012F0B1F88025ED05B5
:10066000E561322012F0ABF8A5612068BE49014077
:100670002160FA20400012F0A2F800F001F901B068
:1006800030BC08BC1847000008C007E030B581B096
:100690000100012903DB974C206A884207D2964B60
:1006A000FF227E3212A19548FFF7FEFC1CE01AF0F3
:1006B00071FA0025A56192480068002801D06161A7
:1006C00003E0E06819F0C8FD606101202061256049
:1006D0002571A560E0680078A4490870AC484168BD
:1006E000491C41601AF060FA01B030BC08BC1847E0
:1006F000426C7565746F6F74685F73656E64536583
:100700007175656E6365000030B581B00100012927
:1007100003DB784C206A884207D2774BFF229E3257
:1007200078A17648FFF7C0FC16E01AF033FA0025EE
:10073000A561E06819F0E6FD606101202061256097
:100740002571A560E068007888490870BE48416856
:10075000491C41601AF028FA01B030BC08BC1847A7
:1007600030B583B06248A449441861690A78012A07
:100770002AD14B78092B39D0112B25D0022B23D02D
:10078000042B06D18B78002B03D1CB781E3B0A2B90
:100790001AD30025ED430195009501A968460CF098
:1007A000FDFF0098A8422FD0A069A849096881429E
:1007B0002AD3002828D0032061690870A169891E06
:1007C00060690CF06DFF1FE0022A0FD04A78092AF9
:1007D0000CD0112A0AD0022A08D0042A14D18A780F
:1007E000002A11D1C9781E390A290DD2984940181A
:1007F00019F0F4FD2068022806D320682169884298
:1008000002D22068FFF742FF03B030BC08BC184793
:1008100070B5904C606801281CD98F4DA969814240
:1008200018D3012621680E706268921E216828681C
:100830001AF042FB28684178052907D1C17822299E
:1008400004D10079FF2801D18448C6676068801E02
:10085000FFF71CFF70BC08BC184700B581B080488A
:10086000006880214902884202D0FFF7BDFE01E006
:1008700000F0C4F801B008BC1847000000C0FF3FFA
:1008800030B581B01A4DC42000012C180622C04694
:100890008CA1E0681AF010FBC820CD210901685036
:1008A000206A062818D31AF075F90025A5610621DB
:1008B000E06819F027FD6061012020612560257145
:1008C000A560E06800782949087031484168491CF2
:1008D00041601AF069F907E06EA3FF229E32C0461C
:1008E00008A10648FFF7E0FB01B030BC08BC184780
:1008F000DCAD00401CBA0040940A00004C0102002C
:1009000028C70040426C7565746F6F74685F7365CB
:100910006E6453657175656E63654578000000000F
:1009200070B500F025F84F4C4F4826180722C046F6
:1009300066A130681AF0C0FA4C48251828001AF051
:100940008FFB421C29003068C01D1AF0B5FA280040
:100950001AF086FBC821CD221201A1500830FFF702
:10096000D3FE70BC08BC1847FFFFFFDF00C007E0E4
:1009700010B53F4C282120001AF098FA3D48026833
:100980004BA120001AF010FB10BC08BC1847000057
:1009900070E9004070B5334D37482C1820688078D6
:1009A000032802D0042821D022E0FFF7E1FFC8206D
:1009B00000012E18282130001AF078FA2068C27938
:1009C000002A10D0282A0ED20100083130001AF077
:1009D00073FB2648291830001AF006FB002803D0C4
:1009E000FFF79EFF04E00020A06601E0FFF748FF4C
:1009F00070BC08BC18470000540C00001F48016878
:100A00001F4A0A4002601F48016C0322914301649F
:100A10000C21C943026C0A400264026803239A4312
:100A20000260026811400160174801688022920547
:100A30000A4302608021C90181610904C16100206B
:100A4000084908607047000070E90040589A00406B
:100A50003C0C00005C9A004028BA0040C8E6004008
:100A600058BA0040DCAD00404C0C0000A80C00005F
:100A700084BA004058E40040680C0000C4C01FE085
:100A8000FFFFFFFD00C002E000C0FF3F64E900403F
:100A9000B0BA004053656E642073657175656E630E
:100AA0006520697320746F6F206C6F6E67000000A3
:100AB0005261645365617263686572202325303525
:100AC00075000000025203000000000002520414EE
:100AD0000000130000C09FE51CFF2FE1D529010095
:100AE00000C09FE51CFF2FE1ED0C000000C09FE55A
:100AF0001CFF2FE1D527000000C09FE51CFF2FE160
:100B0000EB27000000C09FE51CFF2FE10728000035
:100B100000C09FE51CFF2FE1A927000000C09FE552
:100B20001CFF2FE1FD6F000010402DE9E044A0E321
:100B3000904B84E3000094E5010010E31A00000AE2
:100B4000B4039FE5181090E5012081E2182080E5AC
:100B5000DFFFFFEBE1FFFFEBBC039FE5001090E53B
:100B6000000051E30600000A040090E5000050E395
:100B70000100000ADCFFFFEB020000EADDFFFFEBF3
:100B8000000000EADEFFFFEBE0FFFFEB000094E572
:100B9000011080E3001084E50120A0E37C039FE5C1
:100BA000A42080E51040BDE8DBFFFFEA001094E5DB
:100BB0000100A0E3A10010E10400000A001094E588
:100BC000020081E3000084E51040BDE81EFF2FE134
:100BD000002094E5220110E10600000A18039FE5B9
:100BE000141090E5012081E2142080E5000094E5D6
:100BF000041080E3001084E51040BDE81EFF2FE1E3
:100C000070B5974C2068012188432060206810212E
:100C100001432160934DFF20686001262E60686BC0
:100C200080218843686300F061F8B448817B3C29E7
:100C30001CDA417B3C2919DA017B182916DA017983
:100C4000062913DCC17A002910D0C17A20290DDAD7
:100C5000817A00290AD0817A0C2907DCC188002911
:100C600004D0C188FF22703291422CDB2168B1434D
:100C7000216069693F2291436961A9699143A96132
:100C8000E9691F229143E961296A9143314329624D
:100C9000696A072291436962A96A490A4902314394
:100CA000A962E96A0F2291433143E962296B090B7A
:100CB0000903934A0A432A632168314321600021D2
:100CC0000160066001E00021016021680222914379
:100CD000216021680C229143216021680E43266027
:100CE00000214161816170BC08BC184730B4854A5D
:100CF000106851689268814B3F24050025409D7320
:100D0000050A2C405C731F24050C25401D7340010F
:100D1000400F18710C40DC720805000F9872080E25
:100D20000002F024240104400802000E04431C8148
:100D3000100A00028021490008401206120E1043DA
:100D4000D8800120186130BC7047000070B584B0B5
:100D5000040019F01FFF6948817B427B057BC67A3E
:100D6000837A039102920195009602896DA1200079
:100D70001AF01AF919F018FF200004B070BC08BC72
:100D80001847000030B581B0050019F003FF5B4C37
:100D9000A07B637B0090227B6AA128001AF004F9F3
:100DA0000020206119F000FF280001B030BC08BC11
:100DB000184710B59AB0544800F098FF4F480168A2
:100DC000002905D0807BC00702D5FC20800300E00D
:100DD0004E4800F0D0FF6846FFF7D4FF0400012121
:100DE000022000F079FF102382220021002000F071
:100DF000DBFE0021002000F075FF454800F0D1FE29
:100E0000002000F05CFF002000F060FF414BEF226B
:100E10001221002002F021FC642000F003FF2000DA
:100E200000F0E6FC1AB010BC08BC184730B583B01F
:100E3000040019F0AFFE3148817B427B057BC37A09
:100E4000029101920095827A42A120001AF0ACF83A
:100E500019F0AAFE200003B030BC08BC18470000FF
:100E6000084002E00C4002E0FFB4089809990A9A91
:100E70000B9B294C25680126B54325603F25A669B3
:100E8000AE43009F2F403743A761E669AE43019F01
:100E90003D403543E5611F25266AAE43029F2F4042
:100EA00037432762666AAE43039F3D403543656220
:100EB000A56A0726B5434007400F2843A062E06AB1
:100EC000400A4002C905C90D0143E162206B0F21B0
:100ED00088431107090F01432163606B000B000376
:100EE0001905090D01436163206801210143216057
:100EF00000200249086004B0F0BC7047FCE80040E4
:100F0000DB070000144002E074080200003F3F00CD
:100F10000100010000203F00084002E024D1004011
:100F20005CE500402534752E253032752E25303293
:100F30007520253032753A253032753A25303275B4
:100F400000000000253032753A253032753A2530E0
:100F500032750000253032752530327525303275F6
:100F600025303275253032750000000099489E49C1
:100F70000968002900D124307047000000A07047A4
:100F80006261636B006261636B006261636B00EDC1
:100F9000E0E7E0E40000000000A0704773657475AE
:100FA0007000736574757000736574757000EEEF92
:100FB000F6E8E8008C480068002801D001A07047DE
:100FC00005A070476F6666006F6666006F66660014
:100FD000E2FBEAEB000000006F6E006F6E006F6EC8
:100FE00000E2EAEB0000000000A070476D656E753E
:100FF000006D656E75006D656E7500ECE5EDFE00CB
:101000009E48002101604160704700B581B0FA2020
:1010100080000FF04BFE0FF0A1FB012001B008BCD7
:10102000184700B581B00FF0C3FB012001B008BC28
:10103000184700B581B092480FF06BFB012001B05A
:1010400008BC184700B581B08E480FF062FB012044
:1010500001B008BC184700B581B06348006800289B
:1010600002D0FFF7CBFC01E0FFF7BEFA0FF076FBF2
:10107000012001B008BC184700B581B0A6480FF0A8
:1010800085FE012001B008BC18470120704700B55B
:1010900081B000F056F8012001B008BC18470120CB
:1010A0007047012070470020704770B5FC26B601DC
:1010B000300000F060FE1023F0223521002000F007
:1010C00073FD0021002000F00DFE002000F0FEFD69
:1010D0000121012000F000FE002000F0F0FD8F480B
:1010E00000F05FFD8E4800F001FE0A2000F09AFD3E
:1010F0008C4C200000F023FB8025AD012B00EF225B
:101100006721002002F0A9FA300000F034FE10231D
:10111000F0226921002000F047FD0021002000F0AE
:10112000E1FDFA2000F07EFD2000283000F007FBF2
:101130002B00EF229B21002002F08FFA70BC08BC2C
:10114000184710B5FFF7B1FF00F050F800F09CF819
:10115000754800F010FE002000F0B8FD01210120CC
:1011600000F0BAFD002000F0AAFD704800F019FD63
:101170006F4800F0BBFD6FA4200000F039FB200099
:1011800000F036FB6C4800F0DAFA6C4800F030FBF7
:1011900010BC08BC184700B581B069480FF0B9FA17
:1011A00001B008BC1847000000B581B06548802137
:1011B000490202688A4200D1491C01600A00C04607
:1011C0006CA1C04666A00BF029FC002001B008BC51
:1011D000184700007C0102005B485A490968534ADD
:1011E000914200D030307047DCAD004030B585B062
:1011F0004D4800F0C0FD2023F0224621002000F0E1
:10120000D3FC0021002000F06DFD002000F05EFD09
:101210000121012000F060FD002000F050FD802041
:10122000400200F0BEFC494800F060FD48A1802566
:10123000ED00124C2068A84201D2226801E020682B
:10124000820A684619F0B0FEFA2000F0EBFC68460E
:1012500000F0CEFA1021BE2000F044FD304800F02E
:1012600045FD2068A84201D23AA000E03AA000F073
:10127000BFFA05B030BC08BC1847000070E9004058
:1012800014320300501D030030B585B0264800F02D
:1012900072FD2023F0227A21002000F085FC00213D
:1012A000002000F01FFD002000F010FD01210120B2
:1012B00000F012FD002000F002FD8020400200F04E
:1012C00070FC224800F012FD21A18025ED00234C86
:1012D0006068A84201D2626801E06068820A6846DC
:1012E00019F062FEC82000F09DFC684600F080FA0C
:1012F0001021BE2000F0F6FC094800F0F7FC606801
:10130000A84201D213A000E013A000F071FA05B0CA
:1013100030BC08BC184700000003020002000100B6
:101320004C160200C8010200003F3F00010001000E
:10133000740802000D000000200202005CBA0040A8
:10134000BC02020058BA0040580202009C2A020067
:101350002575000020420000206B420070E900402B
:10136000626C7565746F6F7468436F6E74726F6CC6
:1013700000000000636F6D6D5F706F7765725F7363
:10138000746174650000000003001000002900D1A2
:10139000704730B4CA0709D5274A0406240E1D78C1
:1013A0006540AC001259000A50405B1C490813D03C
:1013B0001C78214A05062D0E6C40A4001459000A21
:1013C00060405C789B1C05062D0E6C40A4001259F1
:1013D000000A5040491EEBD130BC7047F0B581B0D7
:1013E00004000025ED432A0014490C310020FFF7CA
:1013F000CBFF45402F00C04611A53A0E2900200022
:1014000019F0D2FDFF263A0C32402900A01C19F039
:10141000CBFD3A0A32402900201D19F0C5FD3E409F
:1014200032002900A01D19F0BFFD0020207220000D
:1014300001B0F0BC08BC1847A4030200F4FF03008D
:10144000253032780000000070019FE50010E0E3D5
:10145000001080E500000FE11F00C0E3130080E3EF
:1014600000F021E158D19FE51F00C0E31B0080E39D
:1014700000F021E14CD19FE51F00C0E3170080E39D
:1014800000F021E140D19FE51F00C0E3110080E39F
:1014900000F021E134D19FE51F00C0E3120080E39A
:1014A00000F021E128D19FE5DF00C0E31F0080E3C9
:1014B00000F021E11CD19FE51C019FE510FF2FE109
:1014C000000000EF04E02DE500E04FE107402DE9CA
:1014D00000102DE904C19FE500708CE500C19FE577
:1014E00000608CE5FCC09FE500508CE5F8C09FE5EE
:1014F00000408CE5F4C09FE500308CE5F0C09FE52E
:1015000000208CE5ECC09FE500108CE5E8C09FE56D
:1015100000008CE50010BDE8E0009FE500C080E51C
:1015200000200FE100104FE10100A0E11F0000E2E8
:10153000C00080E300F021E1C4009FE500B080E539
:10154000C0009FE500A080E5BC009FE5009080E51D
:10155000B8009FE5008080E5B4009FE500D080E5FD
:10156000B0009FE500E080E5AC009FE5001080E55D
:101570000D00A0E1041010E5A0009FE5001080E53B
:101580000D00A0E1081010E594009FE5001080E533
:101590000D00A0E10C1010E588009FE5001080E52B
:1015A0000D00A0E1101010E57C009FE5001080E523
:1015B00002F029E10740BDE80EF069E10080BDE8D6
:1015C00014F0FFFF0020D07F0023D07F0024D07FC5
:1015D0000022D07F0021D07F001FD07F88B1010082
:1015E00010E800400CE8004008E8004004E8004033
:1015F00000E80040FCE70040F8E70040F4E7004066
:1016000024E8004020E800401CE8004018E80040C2
:1016100014E80040E8E70040ECE70040F0E7004055
:10162000D8E70040DCE70040E0E70040E4E70040A6
:1016300008B4024B9C4608BC6047C046C01400007A
:1016400008B4024B9C4608BC6047C046ECB10100A0
:10165000F0B584B06549009109694D4200998E6BDF
:101660009B499C4A8A1803929B4A8A180292A0318D
:101670000191040017E002788018491EFBD1007820
:10168000401E1021019A964206D0029A964203D03B
:10169000039A964200D12021009A1769C000FFF7F3
:1016A000CFFF38182D182178641C080006D00D29AA
:1016B00004D030002029E2DD2039DCE7280004B026
:1016C000F0BC08BC184710B50024FFF7C1FF47491C
:1016D000C969884203DA081AC10F081844102000AB
:1016E00010BC08BC184710B5404C216B7B4A914296
:1016F00002D1FFF7E8FF0BE0521E914201D100201A
:1017000006E0921C914204D1FFF7A2FFE169081A9A
:10171000606010BC08BC184730B581B00400704848
:10172000C56A012D06DB200019F09AFC2018441C24
:101730006D1EF8D1200001B030BC08BC184700B5C0
:1017400081B0FFF7E9FF00F053F801B008BC18477B
:1017500010B50400FFF7E0FF00F04AF820000DF09C
:10176000D7FF10BC08BC184770B585B00026AA4941
:10177000096904915649574A8A180392564A8A18A9
:101780000292A0310191202100910500049C17E0F4
:101790000A788918401EFBD10878401E10219E4A05
:1017A000926B019B9A4206D0029B9A4203D0039B04
:1017B0009A4200D12021C000FFF742FF20183618BE
:1017C00028786D1C010009D0202807D00D2805D0ED
:1017D0009149896B2028DFDD2038D9E78E480069E0
:1017E000301A05B070BC08BC184700002CC7004078
:1017F000F0B583B006000025FFF775FF874802901B
:101800008748019087480090834C09E0A168E2680E
:1018100080180818A06000F027FA3000FFF763FF77
:101820003778761C002F4ED00D2F13D10025656020
:101830001020A16B264AA032914206D0019A914213
:1018400003D0029A914200D12020616A0029DDD0A4
:101850004000DBE7A06A002829D0002D27D1202FE7
:1018600027D00125701EFFF77FFFE169626810181D
:1018700081421FDA002060601020A16B009A914223
:1018800009D0134A144BD318994204D0114BD218E3
:10189000914200D12020616A002900D04000A16857
:1018A000E26880180818A06000F0DEF902E0202F3E
:1018B00000D10025380000F06BFA616822698018B9
:1018C00008186060ACE703B0F0BC08BC1847000023
:1018D000D4070200C8220000780E000002000100B8
:1018E00028E80040F0B587B0050001274A4C606841
:1018F0000590A068049000F00AFA00262800FFF77F
:10190000F2FE4648039046480290464801900096F1
:1019100005E0A168E26880180818A0606D1E2E78A6
:101920006D1C002E6ED00D2E1CD17F1C0026666013
:101930001020A16BAD4AA032914206D0029A91428A
:1019400003D0039A914200D12020616A002900D07F
:101950004000A168E26880180818A0602800FFF71E
:10196000C2FED4E7A06A002826D00098002823D120
:10197000202E23D001200090681EFFF7F5FEE169BC
:101980006268101881421BDA7F1C00206060102002
:10199000A16B964A1300A033994208D0B04BD318DC
:1019A000994204D0AF4BD218914200D12020616AF5
:1019B0000029AED04000ACE7202E01D100200090DD
:1019C000A26B1000202E04DD203E01784018761E08
:1019D000FBD10078401E1021019B9A4209D0834B15
:1019E0009F4E9E19B24204D09E4E9B199A4200D13E
:1019F00020216668C000FFF723FE216940183018D7
:101A000060608CE73800059961600499A16007B0B7
:101A1000F0BC08BC184700002CC700409C2A0200FC
:101A20004C16020074080200F0B587B007000E00E3
:101A300000F06DF90500002000903800FFF753FE1C
:101A4000A1480590A3480490A5480390A94C01968D
:101A5000029505E00198401E0190002060607F1E05
:101A60003D787F1C280000D197E00D2D01982CD1E6
:101A7000002820D160601020A16B5C4AA032914206
:101A800006D0049A914203D0059A914200D12020B9
:101A9000616A002900D04000A168E2688018081837
:101AA000A060206A0299A2688918491E884274DBE6
:101AB00000F0DAF803E0401E01900020606038007A
:101AC000FFF711FE00200090CAE7461EB641F60F50
:101AD000A06A002835D00098002832D1202D32D0BD
:101AE00001200090781EFFF73FFEE1696268101840
:101AF00081422ADA002EADD0002060601020A16B58
:101B00003A4A1300A033994208D0554BD318994252
:101B100004D0544BD218914200D12020616A002990
:101B200000D04000A168E26880180818A060206A10
:101B30000299A2688918491E88422EDB00F094F8A9
:101B400005E0202D01D100200090002E03D02800B8
:101B500000F01EF91BE0A06B0100202D04DD203DEC
:101B60000A7889186D1EFBD10A78521E1021039B3A
:101B7000984209D01D4B3A4D5D19A84204D0394D09
:101B80005B19984200D12021D000FFF759FD616810
:101B9000226980180818606062E707B0F0BC08BCD2
:101BA0001847544908637047F0B581B007000E002C
:101BB00015001C007819F12804DA3019FF21423190
:101BC000884207DB0AA3FF227632C04610A16B4889
:101BD000FFF72EFD474847618661C5610462002119
:101BE0004160816001B0F0BC08BC1847D407020016
:101BF000546578742077696E646F77206973206FFD
:101C00007574206F6620626F756E6473000000004B
:101C1000446973706C61795F736574546578745747
:101C2000696E000030B583B032494A696C46228043
:101C30008B696D466B80524CCD69521912196D46F5
:101C4000AA80096A591809196A46D18002006846B3
:101C500003C801F04FFA03B030BC08BC18470000BD
:101C6000780E0000C822000030B583B0214CE06A35
:101C7000002820D000F04BF8616A002900D0400015
:101C8000E1684018A169A2688A18A0214900091AD0
:101C9000914210DB61696D4629806A80E369C91849
:101CA000491E6B46998010186946C88010326846F4
:101CB00003C801F01FFA03B030BC08BC1847334911
:101CC00048627047000000009C2A02002F49886289
:101CD000704700004C1602002C4A1061D16070471A
:101CE00074080200294A5060916070472749886350
:101CF000704700002CC7004001002448806B212958
:101D000004DB203902788018491EFBD1704710206F
:101D10001E49896B1B4A1300A033994208D01A4B05
:101D2000D318994204D08D4BD218914200D1202073
:101D3000704710B515498A6B1100202804DD203842
:101D40000B78C918401EFBD10878401E10210D4B9E
:101D50001C00A034A24208D00B4C1C19A24204D093
:101D60007E4C1B199A4200D12021C000FFF768FC6D
:101D700010BC08BC1847BC4948637047A407020060
:101D8000FFFF0000D4070200780E00002CC70040BF
:101D9000F0B585B00600B44C6068616940180190E8
:101DA000A069A168401800900198F02804DA009812
:101DB000A0214900884201DB00209FE0FFF7A7FF38
:101DC00005003000FFF798FF07787F1E401C039046
:101DD000002F05D1A54BA64AA649A748FFF728FC26
:101DE000F8002900FFF72CFC0290606A002801D05F
:101DF000022600E0012600F039FCA0480099754356
:101E000049190B181B041B0C0199029A89180A180E
:101E10001204120C00980104090C01980004000C33
:101E200000F08CFA00980104090C01980004000CE1
:101E300000F0C0FA626B100A1106490E46010E430B
:101E400081210906120CD200FC235B00134000061E
:101E5000000EC00818430D1800F09AFB8848802136
:101E6000C90142680A434260222281231B061A707C
:101E7000026811430160606A0028039868D0017805
:101E8000401CCA0702D52E702E7001E02A782A78ED
:101E90008A0702D52E702E7001E02A782A784A0728
:101EA00002D52E702E7001E02A782A780A0702D512
:101EB0002E702E7001E02A782A78CA0602D52E707C
:101EC0002E7001E02A782A788A0602D52E702E70AC
:101ED00001E02A782A784A0602D52E702E7001E099
:101EE0002A782A78090602D52E702E7001E029780A
:101EF00029787F1EC3D100F0B9FB029805B0F0BC71
:101F000008BC18472A788A0701D52E7000E02A7885
:101F10004A0701D52E7000E02A780A0701D52E70F5
:101F200000E02A78CA0601D52E7000E02A788A06D9
:101F300001D52E7000E02A784A0601D52E7000E007
:101F40002A78090601D52E7000E029787F1ED2D0AC
:101F50000178401CCA07D5D52E70D4E7C8220000EE
:101F6000F2B582B00500170038000A3019F010FAF7
:101F7000381801903800123019F00AFA04003800BD
:101F8000163019F005FA060000D57642200070439D
:101F90000090F02D00DBEF25A02040006946098964
:101FA000814202DB411E6A461181F02C00DBEF24E6
:101FB000864200DB461E0098002806D18B4B9E22ED
:101FC00092008B492C48FFF733FB00F04FFB2B4866
:101FD0006946098989190E1833041B0C29190A1836
:101FE0001204120C68460189280000F0A7F9380095
:101FF000163019F0CDF9002807DD3104090C28004E
:1020000000F0D8F900F00EFB06E0684601892800D0
:1020100000F0D0F900F0E2FA19488021C9014268C5
:102020000A434260222281231B061A700268114370
:102030000160FC267600E027019800990278D30819
:1020400042788478C01C6400344081252D066419D0
:1020500055092543D2003A401A432A70491EEDD152
:1020600003B0F0BC08BC18472CC7004064B00200A5
:102070000502000050B00200A4070200FFFF0000AC
:1020800038C0FF3FF0B581B010F053FA0120AA49E3
:102090000A6803239A4302430A6004220B680C2453
:1020A000A34313430B600B683024A34310241C4349
:1020B0000C600B68C024A34340241C430C600B68D5
:1020C000804C1C40030223430B600B687E4C1C4079
:1020D000830223430B600B687C4C1C4003032343A7
:1020E0000B607B4B0C681C40850325430D6004048A
:1020F000AD4DCE682E402643CE60CF68AB4E3E40FD
:10210000C7043743CF60CF68A94E3E400707374327
:10211000CF60CE68B600B60887073743CF608E68B9
:102120000327BE4306438E608E680C27BE431643CA
:102130008E608E683027BE43102737438F608E68CD
:10214000C027BE43402737438F608F685D4E3E40B7
:10215000070237438F608F685B4E3E4087023743EC
:102160008F608F68594E3E40070337438F608E68FB
:10217000334086031E438E608B681D402C438C6069
:10218000B9490B68184308600020B8490860B8498D
:102190000B68B84C1C400C600B68B74C1C400C60C2
:1021A000486188610861CA608860486001B0F0BC1D
:1021B00008BC184730B581B00020B049086010F065
:1021C000C1F9AF4C0120E061FA25AD00280010F004
:1021D00095FD802080042060280010F08FFD802075
:1021E0004004206001B030BC08BC184798B0020021
:1021F00084B00200F0B581B00120A049086010F061
:1022000098F9A04C8025ED01606A28436062812620
:10221000360610203070206A28432062002737706D
:10222000377000F023FAFA22974803C800F062FFE3
:10223000606A2843606205203070206A284320626B
:10224000377001203070606A28436062432030702C
:10225000206A0543256237700120307060628B4D23
:10226000280010F04BFD280010F048FD280010F069
:1022700045FD280010F042FD280010F03FFD844885
:1022800010F03CFD802080042060280010F036FD16
:10229000280010F033FD280010F030FD280010F069
:1022A0002DFD80204004206001B0F0BC08BC184720
:1022B00000B581B0FA22744803C800F01BFF01B0DA
:1022C00008BC1847FFFCFFFFFFF3FFFFFFCFFFFF36
:1022D000FF3FFFFF70B503006C4AA0246400A342D7
:1022E00004DB00F031FDA94948431B18002B07D53A
:1022F0001B1905D51B1903D51B1901D51B19F7D4BB
:10230000B5488021C90144680C43446081242406F7
:10231000257824780668314301602802802149002D
:1023200008400443E01A00D54042032801DB521E56
:10233000E6D170BC08BC184718C002E0F0B4F02821
:1023400000DBEF20F02A00DBEF22A0246400A14292
:1023500000DB611EA34200DB631E9F4C8025ED0164
:1023600066682E43666081263606352737702768F3
:102370002F4327600F0A377031706168294361600D
:1023800036213170216829432160190A3170337078
:102390006168294361603721317021680D432560F0
:1023A00030703270F0BC7047FFFFFCFFFFFFF3FF9F
:1023B000FFFFFFCF30B4F02800DBEF20A0235B004D
:1023C000994200DB591E844A8023DB0154681C4378
:1023D0005460812424062025257015681D4315604E
:1023E000002525702070506818435060212020700F
:1023F000106803431360080A2070217030BC7047D6
:1024000070B4F02800DBEF20A0246400A14200DBC0
:10241000611E714B8024E4015D6825435D60812568
:102420002D0620262E701E6826431E6000262E7064
:10243000287058682043586021202870186820436D
:102440001860080A287029705868204358602220B4
:102450002870186804431C60100C2870100A28703B
:102460002A7070BC704700000080E0FF8080E0FFB1
:102470002082E0FFFFFEFFFFFFFFF7FF2CC70040B9
:102480001CC0FF3F18C0FF3FB0B0020050C30000A7
:1024900010270000F0B581B0A748016E8022120617
:1024A0000A4302668021090302680A4302604C095C
:1024B0000268224302601022036813430360022370
:1024C00005681D430560816185692C438461C26193
:1024D000C361046E012525430566046E1C43046632
:1024E000046E042525430566046E0825254305660C
:1024F000046E14430466046E202525430566046EAD
:102500004025254305668024056E25430566CD0AD2
:10251000066E2E4306668E0A076E3743076601274E
:10252000C767C3670423C3670823C367C267202242
:10253000C2674022C267C467C567C6674A02036EA6
:1025400013430366C2678A02036E13430366C267BE
:10255000C1618161FFF74EFEA648A7498163AC497E
:1025600041630761C760002141618161F022C2615E
:1025700050320262416081608162416262020263A4
:10258000C16201B0F0BC08BC18470000C0FEFFFFEC
:1025900011488021C90142680A4342608122120623
:1025A0002323137003680B43036043680B434360AA
:1025B0000223137003680B4303600023137013702E
:1025C00043680B43436003231370026811430160A7
:1025D0003120B2490870704738C0FF3F8D488021D4
:1025E000C90142680A434260812212062323137004
:1025F00003680B43036043680B434360022313707B
:1026000003680B43036000231370137043680B438C
:1026100043600323137002681143016030209F4917
:10262000087070477B488021C90142680A434260B4
:10263000812212062323137003680B43036043684F
:102640000B4343600223137003680B4303600023B2
:102650001370137043680B434360032313700268C5
:102660001143016010208D4908707047694880212E
:10267000C90142680A434260812212062423137072
:1026800003680B43036043680B43436002231370EA
:1026900003680B43036000231370137043680B43FC
:1026A00043600323137003681943016041201070D5
:1026B00030201070704710B4802080001E490A68D6
:1026C00002430A6042080B6813430B6043000C6826
:1026D0001C430C6088618A618B6110BC70474D4857
:1026E000802189000160490801608900016070470C
:1026F00030B581B06A4CE1688A05D20F17D1050068
:102700000A2D05D20DA3674A14A16748FEF790FF72
:1027100080204000BD4908602268280012F080FE39
:102720001018E061E068802189000143E16001B098
:1027300030BC08BC1847000020C0FF3F4C45442077
:10274000626C696E6B2064656C6179206973206FBF
:102750007574206F662072616E67650044697370DE
:102760006C61795F426C696E6B5245444C45440024
:102770008022D2000120A6490B689B0A034001D0A9
:102780008A6000E04A6042020B685B0A034001D0A5
:102790008A6000E04A6002020B681B0A184001D000
:1027A0008A6070474A6070478020800098490A68B4
:1027B0009305DB0F01D08860704748607047802028
:1027C000400093490A68D305DB0F01D08860704749
:1027D000486070478020C0008D490A685305DB0FB0
:1027E00001D088607047486070478020C0008749EA
:1027F000086070472CC700409C2A020080204000DF
:102800000449086070478020C00002490860704792
:102810003F3F3F0038C0FF3F30B581B07D4C0120C5
:102820002061E060002060616721A161F021E16129
:10283000642121626060A060774921636062FA22AE
:10284000764803C800F056FC754D76482818A063FA
:10285000754860632800FEF75FFFFEF7C9FF734805
:102860002818A06328002430FEF756FFFEF7C0FFAB
:10287000FC20800160636E48206328005C30FEF716
:102880004BFFFEF7B5FFFC239B03EF2287210020BF
:1028900000F0E3FE01B030BC08BC18470201008123
:1028A000080007E077040000A4070200F0B581B03B
:1028B000FA225A4803C800F01DFC564C0020606103
:1028C000A061F020E0615030206200206060A060D4
:1028D000A0628021C9004E4802685305DB0F01D079
:1028E000816000E04160490802689305DB0F01D078
:1028F000816000E0416049080268D305DB0F01D028
:10290000816000E04160142060600A20A0604948B6
:102910000090A06300206062022020610320E0603C
:10292000434F27633F20606343A0FEF761FF2025EC
:102930006563EE0226634148FEF75AFF3F2060635D
:1029400027633FA0FEF754FF656326636848FEF7E0
:102950004FFF3F206063276366A0FEF749FF656372
:1029600026636548FEF744FF3F206063276363A04A
:10297000FEF73EFF656326636148FEF739FFB01C32
:102980002063604EA6630020606201252561E5603A
:102990005D4F676365608320A0605CA0FEF728FF41
:1029A0003B00EF22A321002000F057FE00206062D0
:1029B000A6632561E5603F20606300206060A3207E
:1029C000A0606448FEF714FF0098A0636248FEF719
:1029D0000FFF6248FEF70CFF6148FEF709FF052074
:1029E0000FF0EDFE0FF01AFF380A60630098A06345
:1029F0000020606098204000A0607248FEF78CFEC6
:102A0000FEF7F6FE01B0F0BC08BC18473CC0FF3F23
:102A100034C0FF3F2CC7004002000100B0B00200EC
:102A2000D4070200C8220000003F3F00780E0000DB
:102A3000010001004C16020053000000B8B0020073
:102A40005000000065746563746F720053656172B5
:102A5000636865720D0D00004154313332310D0D44
:102A60000000000041544F4D5445580D0000000037
:102A7000A9323031312D323031320D00F0B581B014
:102A8000FEF797F90BF0AEF8A748417B8907890F4D
:102A900005D002290FD008D3032912D016E08820D0
:102AA0009827B024C025D82610E08826A020B0277B
:102AB000C824D8250AE08825A026B820C827E02405
:102AC00004E088249825B026C820D82712F0C4FB3B
:102AD000380003F081FD2000FDF7EEFA280004F035
:102AE000D9FC30000FF00EFE01B0F0BC08BC184756
:102AF000C8B0020052000000D4B002004400000040
:102B0000442A00009C2A02003F3F3F0052616400BB
:102B1000F1B50F0016001D00069C230000F09DFD7E
:102B2000230032002900009800F097FD23002A00BE
:102B30003900009800F02FFD23002A0039003000F2
:102B400000F029FD01B0F0BC08BC18471E49C8625E
:102B5000704700004C2A0000582A0000642A000038
:102B6000702A0000F0B581B0FFF7D1F8164C616A09
:102B7000002900D04000E1684018009047006BA594
:102B8000FF262036A0683818A1694018B04208DC3A
:102B90002800FEF72DFEA0683818A1694018B04241
:102BA000F6DDA069A1684118009A8918B14205DCD8
:102BB000301AC01BA0605DA0FEF71AFE01B0F0BC89
:102BC00008BC184784F402002CC70040F0B5FFB0E1
:102BD000D2B0FFF74BFD012255A1564802F0B6FFD7
:102BE000070000D199E0002000900E2102A818F003
:102BF0005DF902A85049018001000A31362018F021
:102C0000D9FB0E2302AA6946380003F0B7FA4B49F4
:102C1000884200D181E0282106A818F047F9282031
:102C20000690F02007904648089006A8012181816F
:102C30001821C18100200A90E12080020B90002021
:102C40000C900D900E900F90282306AA694638002C
:102C500003F094FA394988425FD00FF09BFC0026BC
:102C6000002500243104090C2004000CFFF7A2FB0E
:102C7000344840688021C901014332484160222024
:102C80008121090608702F4800688021C90101438D
:102C90002C48016081200006007881200006007821
:102CA00081200006007881200006007801A9887044
:102CB000812000060078487081200006007869466F
:102CC0000871019810A948556D1C0198000A4855D3
:102CD0006D1C0198000C48556D1CC0208000854279
:102CE00009D1030010AA6946380003F047FA1349D6
:102CF000884217D00025641CF02CB3DB761CA02082
:102D000040008642ADDB0FF081FC002D05D02B008A
:102D100010AA6946380003F031FA7FB052B0F0BC17
:102D200008BC18470025E9E7FCE800400D0000005A
:102D3000626D7000E0B00200424D0000054000806E
:102D4000C0FEFFFF38C0FF3F7847C0460CC09FE57C
:102D5000901CCCE0CC03A0E1A00F80E01EFF2FE18F
:102D60006766666600C09FE51CFF2FE1ED1C000052
:102D700000C09FE51CFF2FE1771D000000C09FE50C
:102D80001CFF2FE1D91C000000C09FE51CFF2FE1B4
:102D9000A91B000000C09FE51CFF2FE1E51C0000FF
:102DA00000C09FE51CFF2FE1A31B000000C09FE5B2
:102DB0001CFF2FE1BF1C000000C09FE51CFF2FE19E
:102DC000CD1C000000C09FE51CFF2FE1251C00006A
:102DD00000C09FE51CFF2FE1F117000000C09FE538
:102DE0001CFF2FE1F521000000C09FE51CFF2FE133
:102DF0004D2B0000F3B581B0140081252D0601A8EC
:102E0000408801A9C9886A46938801AA9288D61A7F
:102E1000761C0F1A7F1C7E43F02B02DBEF236F46DC
:102E2000BB80A0235B00984202DB581E01AF788074
:102E3000F02A02DBEF2001AA9080994202DB581EA3
:102E400001A9C880002E05D1A24B1522A4A1A24839
:102E5000FEF7EEFBFFF70AFC01A84788C3888288CB
:102E6000390068468088FFF769FA3900684680882B
:102E7000FFF7A0FAFFF7B2FB98488021C90142682A
:102E80000A43426022222A70026811430160220A2A
:102E9000300A3606360E23065B0E51011943230C09
:102EA000DB00FC2464001C401206120ED2082243F0
:102EB000AA18002800D102E1117011701170117070
:102EC00011701170117011701170117011701170FA
:102ED00011701170117011701170117011701170EA
:102EE00011701170117011701170117011701170DA
:102EF00011701170117011701170117011701170CA
:102F000011701170117011701170117011701170B9
:102F100011701170117011701170117011701170A9
:102F20001170117011701170117011701170117099
:102F30001170117011701170117011701170117089
:102F40001170117011701170117011701170117079
:102F50001170117011701170117011701170117069
:102F60001170117011701170117011701170117059
:102F70001170117011701170117011701170117049
:102F80001170117011701170117011701170117039
:102F90001170117011701170117011701170117029
:102FA0001170117011701170117011701170117019
:102FB0001170117011701170117011701170117009
:102FC00011701170117011701170117011701170F9
:102FD00011701170117011701170117011701170E9
:102FE00011701170117011701170117011701170D9
:102FF00011701170117011701170117011701170C9
:1030000011701170117011701170117011701170B8
:1030100011701170117011701170117011701170A8
:103020001170117011701170117011701170117098
:103030001170117011701170117011701170117088
:103040001170117011701170117011701170117078
:103050001170117011701170117011701170117068
:103060001170117011701170117011701170117058
:103070001170117011701170117011701170117048
:103080001170117011701170117011701170117038
:103090001170117011701170117011701170117028
:1030A0001170117011701170117011701170117018
:1030B0001170117011701170401E00D0FCE6002ECE
:1030C00002D01170761EFCD1FFF7D0FA03B0F0BC2D
:1030D00008BC1847BC330000E8B0020038C0FF3F0E
:1030E000446973706C61795F66696C6C5265637476
:1030F0000000000073B51500684640886946C9881D
:103100006A4613889288D41A641C0E1A761C74437B
:10311000F02B02DBEF236E463380A0235B00984246
:1031200002DB581E6E467080F02A02DBEF206A46F2
:103130009080994202DB581E6946C880002C05D158
:103140009EA37F22A5A1C848FEF772FA2E00FFF7C2
:103150008DFA68464588C388828829000088FFF771
:10316000EDF8290068460088FFF724F9250A2406AF
:10317000240EFFF733FA3000FFF7ACF8BB4880218C
:10318000C90142680A434260222281231B061A7049
:10319000026811430160002D00D103E10021197084
:1031A00019701970197019701970197019701970D7
:1031B00019701970197019701970197019701970C7
:1031C00019701970197019701970197019701970B7
:1031D00019701970197019701970197019701970A7
:1031E0001970197019701970197019701970197097
:1031F0001970197019701970197019701970197087
:103200001970197019701970197019701970197076
:103210001970197019701970197019701970197066
:103220001970197019701970197019701970197056
:103230001970197019701970197019701970197046
:103240001970197019701970197019701970197036
:103250001970197019701970197019701970197026
:103260001970197019701970197019701970197016
:103270001970197019701970197019701970197006
:1032800019701970197019701970197019701970F6
:1032900019701970197019701970197019701970E6
:1032A00019701970197019701970197019701970D6
:1032B00019701970197019701970197019701970C6
:1032C00019701970197019701970197019701970B6
:1032D00019701970197019701970197019701970A6
:1032E0001970197019701970197019701970197096
:1032F0001970197019701970197019701970197086
:103300001970197019701970197019701970197075
:103310001970197019701970197019701970197065
:103320001970197019701970197019701970197055
:103330001970197019701970197019701970197045
:103340001970197019701970197019701970197035
:103350001970197019701970197019701970197025
:103360001970197019701970197019701970197015
:103370001970197019701970197019701970197005
:1033800019701970197019701970197019701970F5
:1033900019701970197019701970197019706D1EE3
:1033A00000D0FBE6002C03D000201870641EFBD177
:1033B000FFF75CF902B070BC08BC18475245435493
:1033C000206865696768742A7769647468206D7518
:1033D0007374206265203E30000000004469737001
:1033E0006C61795F636C65617252656374000000A3
:1033F00000402DE904D04DE277FEFFEB600C9FE525
:1034000057FEFFEBFC09A0E358FEFFEB0110A0E321
:103410000100A0E358FEFFEB503FA0E3F020A0E343
:103420000010A0E30000A0E356FEFFEB0010A0E3B5
:103430000000A0E356FEFFEB0100A0E35DFEFFEB02
:103440000000A0E367FEFFEB0000A0E356FEFFEBE9
:10345000400BA0E351FEFFEB6400A0E304D08DE23B
:103460000040BDE856FEFFEAE8B0020038C0FF3F6A
:1034700000402DE904D04DE22012A0E1301081E29D
:103480003A0051E3071081A20010CDE50F0000E2E1
:10349000300080E23A0050E3070080A20100CDE551
:1034A0000000A0E30200CDE50D00A0E147FEFFEB28
:1034B00004D08DE20040BDE81EFF2FE110402DE951
:1034C0000040A0E1240CA0E1E8FFFFEB0404A0E130
:1034D000200CA0E1E5FFFFEB0408A0E1200CA0E137
:1034E000E2FFFFEBFF0004E21040BDE8DFFFFFEA70
:1034F000F0B583B007000D000120BA4205DA1100D3
:103500003A000F0019002B000D00D61B5C1B03D5E1
:103510000020C04361420C00720063000899A6427B
:103520001EDA260000937442002E15D402920891F0
:103530000190761E089A2904090C3804000CFEF745
:103540005FFF02982418002C02DD7F1C0098241ACB
:1035500001982D18002EECD503B0F0BC08BC18471C
:1035600000927442002EF7D4029308910190761EC7
:10357000089A2904090C3804000CFEF741FF029850
:103580002418002C03DD01982D180098241A7F1CA4
:10359000002EECD5E0E7F0B581B00C0015008126D7
:1035A0003606A54201DA2C000D001F000090FFF73F
:1035B0005DF82B041B0C00980204120C2104090C6A
:1035C0000004000CFEF7BAFE2104090C0098000468
:1035D000000CFEF7EFFE2C1B641CFEF7FFFF3B0AFE
:1035E00022092107090F3C06640E580120433C0CB8
:1035F000E400FC256D0025401B061B0EDB082B4359
:10360000F318474C8025ED0166682E43666022263C
:1036100081273F063E70266835432560002A11D079
:10362000187018701870187018701870187018705A
:10363000187018701870187018701870187018704A
:10364000521EEDD1002902D01870491EFCD1FFF79F
:103650000DF801B0F0BC08BC1847F0B581B004000B
:10366000150081263606A54201DA2C0005001F0050
:103670000091FEF7FBFF009803041B0C2A04120CB8
:103680000104090C2004000CFEF758FE0098010408
:10369000090C2004000CFEF78DFE2C1B641CFEF7A9
:1036A0009DFF390A3A06520E480110433A0CD200E7
:1036B000FC235B0013400906090EC9081943711861
:1036C000220923071B0FDF4C8025ED0166682E437E
:1036D0006660222681273F063E70266835432560B6
:1036E000002A11D0087008700870087008700870FF
:1036F000087008700870087008700870087008700A
:1037000008700870521EEDD1002B02D008705B1EAD
:10371000FCD1FEF7ABFF01B0F0BC08BC18470000BD
:1037200038C0FF3FF8B584B003000F001400BC425E
:1037300002DA3800270004000093FEF797FF230405
:103740001B0C00980204120C3904090C0004000C34
:10375000FEF7F4FD3904090C00980004000CFEF794
:1037600029FEE01B401C029001090007000F039096
:10377000B54A0192B34C8026F6016268324362601A
:1037800081252D0622222A702268324322602A785F
:103790002A782A78002973D0019A2B7893702B7895
:1037A00053702B781370121D2B7893702B785370F5
:1037B0002B781370121D2B7893702B7853702B7805
:1037C0001370121D2B7893702B7853702B78137015
:1037D000121D2B7893702B7853702B781370121D59
:1037E0002B7893702B7853702B781370121D2B78D5
:1037F00093702B7853702B781370121D2B78937065
:103800002B7853702B781370121D2B7893702B78B4
:1038100053702B781370121D2B7893702B78537084
:103820002B781370121D2B7893702B7853702B7894
:103830001370121D2B7893702B7853702B781370A4
:10384000121D2B7893702B7853702B781370121DE8
:103850002B7893702B7853702B781370121D2B7864
:1038600093702B7853702B781370121D2B789370F4
:103870002B7853702B781370121D491E8DD1019235
:10388000002809D001992A788A702A784A702A7803
:103890000A70091D401EF6D13904090C0098000475
:1038A000000CFEF787FD684A6068304360602220A4
:1038B00028702068064326600498000A0499090CC1
:1038C000029B1C09039B009300D1A4E0049B977802
:1038D0004F402F70577847402F7017785F402F70F8
:1038E000121D97784F402F70577847402F701778E8
:1038F0005F402F70121D97784F402F7057784740C8
:103900002F7017785F402F70121D97784F402F70DF
:10391000577847402F7017785F402F70121D9778A7
:103920004F402F70577847402F7017785F402F70A7
:10393000121D97784F402F70577847402F70177897
:103940005F402F70121D97784F402F705778474077
:103950002F7017785F402F70121D97784F402F708F
:10396000577847402F7017785F402F70121D977857
:103970004F402F70577847402F7017785F402F7057
:10398000121D97784F402F70577847402F70177847
:103990005F402F70121D97784F402F705778474027
:1039A0002F7017785F402F70121D97784F402F703F
:1039B000577847402F7017785F402F70121D977807
:1039C0004F402F70577847402F7017785F402F7007
:1039D000121D97784F402F70577847402F701778F7
:1039E0005F402F70121D97784F402F7057784740D7
:1039F0002F7017785F402F70121D97784F402F70EF
:103A0000577847402F7017785F402F70121D641E43
:103A100000D05CE70493009B002B0DD0049B009C1E
:103A200097784F402F70577847402F7017785F4036
:103A30002F70121D641EF3D1FEF7D0FD05B0F0BC4F
:103A400008BC184738C0FF3F68C70040F8B584B0CD
:103A500007001400BC4201DA270004000091FEF7C1
:103A600005FE009803041B0C2204120C0104090C2F
:103A70003804000CFEF762FC00980104090C3804BD
:103A8000000CFEF797FCE01B401C029001090007A8
:103A9000000F0390B44A0192B44C8026F60162688C
:103AA0003243626081252D0622222A702268324329
:103AB00022602A782A782A78002973D0019A2B78F4
:103AC00093702B7853702B781370121D2B78937092
:103AD0002B7853702B781370121D2B7893702B78E2
:103AE00053702B781370121D2B7893702B785370B2
:103AF0002B781370121D2B7893702B7853702B78C2
:103B00001370121D2B7893702B7853702B781370D1
:103B1000121D2B7893702B7853702B781370121D15
:103B20002B7893702B7853702B781370121D2B7891
:103B300093702B7853702B781370121D2B78937021
:103B40002B7853702B781370121D2B7893702B7871
:103B500053702B781370121D2B7893702B78537041
:103B60002B781370121D2B7893702B7853702B7851
:103B70001370121D2B7893702B7853702B78137061
:103B8000121D2B7893702B7853702B781370121DA5
:103B90002B7893702B7853702B781370121D491E5D
:103BA0008DD10192002809D001992A788A702A784B
:103BB0004A702A780A70091D401EF6D10098010447
:103BC000090C3804000CFEF7F5FB674A60683043C7
:103BD0006060222028702068064326600498000A4E
:103BE0000499090C029B1C09039B009300D1A4E0DB
:103BF000049B97784F402F70577847402F70177865
:103C00005F402F70121D97784F402F7057784740B4
:103C10002F7017785F402F70121D97784F402F70CC
:103C2000577847402F7017785F402F70121D977894
:103C30004F402F70577847402F7017785F402F7094
:103C4000121D97784F402F70577847402F70177884
:103C50005F402F70121D97784F402F705778474064
:103C60002F7017785F402F70121D97784F402F707C
:103C7000577847402F7017785F402F70121D977844
:103C80004F402F70577847402F7017785F402F7044
:103C9000121D97784F402F70577847402F70177834
:103CA0005F402F70121D97784F402F705778474014
:103CB0002F7017785F402F70121D97784F402F702C
:103CC000577847402F7017785F402F70121D9778F4
:103CD0004F402F70577847402F7017785F402F70F4
:103CE000121D97784F402F70577847402F701778E4
:103CF0005F402F70121D97784F402F7057784740C4
:103D00002F7017785F402F70121D97784F402F70DB
:103D1000577847402F7017785F402F70121D9778A3
:103D20004F402F70577847402F7017785F402F70A3
:103D3000121D641E00D05CE70493009B002B0DD085
:103D4000049B009C97784F402F70577847402F7006
:103D500017785F402F70121D641EF3D1FEF73EFCF2
:103D600005B0F0BC08BC184768C7004038C0FF3F2A
:103D7000F0B587B00F001E00BE4201DA37000E001A
:103D800000920500AA4201DA15000090FEF76EFCD1
:103D90000098A84200DA5BE10C98281AF11B491C34
:103DA00005918124240601970496060004980304D3
:103DB0001B0C2A04120C01980104090C2804000CA5
:103DC000FEF7BCFA01980104090C2804000CFEF768
:103DD000F1FA0598070939000007000F03900290D7
:103DE0009E489F4A53688022D2011A439C4B5A60D6
:103DF000222222701B688022D2011A43984B1A603B
:103E0000227822782278002971D022788270227854
:103E1000427022780270001D2278827022784270EF
:103E200022780270001D22788270227842702278F7
:103E30000270001D2278827022784270227802700F
:103E4000001D227882702278427022780270001D54
:103E5000227882702278427022780270001D2278C7
:103E600082702278427022780270001D227882705F
:103E70002278427022780270001D227882702278A7
:103E8000427022780270001D22788270227842707F
:103E900022780270001D2278827022784270227887
:103EA0000270001D2278827022784270227802709F
:103EB000001D227882702278427022780270001DE4
:103EC000227882702278427022780270001D227857
:103ED00082702278427022780270001D22788270EF
:103EE0002278427022780270001D491E8DD10299FD
:103EF000002908D0227882702278427022780270DD
:103F0000001D491EF6D1049803041B0C3204120C48
:103F100001980104090C3004000CFEF70FFA019817
:103F20000104090C3004000CFEF744FA4B484C49DC
:103F30008022D2014B6813434B60222323700B680D
:103F40001A430A603A00039971D08378237043784A
:103F5000237003782370001D8378237043782370C7
:103F600003782370001D83782370437823700378CF
:103F70002370001D837823704378237003782370A7
:103F8000001D837823704378237003782370001D0D
:103F9000837823704378237003782370001D83781F
:103FA00023704378237003782370001D8378237077
:103FB0004378237003782370001D8378237043783F
:103FC000237003782370001D837823704378237057
:103FD00003782370001D837823704378237003785F
:103FE0002370001D83782370437823700378237037
:103FF000001D837823704378237003782370001D9D
:10400000837823704378237003782370001D8378AE
:1040100023704378237003782370001D8378237006
:104020004378237003782370001D521E8DD1002920
:1040300008D0827822704278227002782270001DA7
:10404000491EF6D16D1C761C0098A84200DBADE637
:10405000FEF7C4FA07B0F0BC08BC184768C70040B8
:1040600038C0FF3F4C16020008B4024B9C4608BC07
:104070006047C046D8BB010000A070474544495482
:104080000045444954004544495400C2C2CEC400CE
:10409000B9480068002801D001A0704707A0704708
:1040A00073796D626F6C0073796D626F6C007379F8
:1040B0006D626F6C00F1E8ECE2EEEB006469676939
:1040C0007400646967697400646967697400F6E87C
:1040D000F4F0E00000A070476E657874006E6578BB
:1040E00074006E65787400E4E0EBFCF8E500000015
:1040F000A24801008C314A68002A09D08A68002A47
:1041000006D100680968491E884201DA01A070479B
:1041100006A07047706F696E7400706F696E7400EE
:10412000706F696E7400F2EEF7EAE000656E746518
:104130007200656E74657200656E74657200E2E20D
:10414000EEE4000000A0704763616E63656C00637D
:10415000616E63656C0063616E63656C00EEF2EC2A
:10416000E5EDE000A5480021016001644164C167FC
:104170008430016041608160C160416181610161A1
:10418000C1617047FDB50898099A0A9D7B4E3300BE
:10419000843300249C618027F151019919600299B0
:1041A00059601C610121D960009931647064F26723
:1041B0005D610298924917F011F901D2032018E0CD
:1041C000AB4917F00BF901D2042012E0A94917F00E
:1041D00005F901D205200CE0A74917F0FFF801D23C
:1041E000062006E0A54917F0F9F801D2072000E003
:1041F00008209860002011000D78401C2E0018D077
:10420000491C662DF8D1032811DD1018801E017895
:1042100000290ED02E290CD14078002809D00100A9
:104220003239082905D299683138081800E0082089
:104230009860DC61AF480CF06CFA03B0F0BC08BCCD
:1042400018470000F5B581B008001C004B4D2E004A
:1042500084360027B76117F053F98021685002981F
:1042600017F04EF93060200017F04AF9706037619E
:10427000F7600198286408986864C04634A0E8672D
:1042800009987061F7610A2C01DA012014E0642CAE
:1042900001DA022010E0FA208000844201DA0320D3
:1042A0000AE09548844201DA042005E093488442FC
:1042B00001DA052000E00620B0608E480CF029FAF3
:1042C00003B0F0BC08BC1847F5B581B008001C006D
:1042D0002A4D2E0084360027B76117F011F980218E
:1042E0006850029817F00CF93060200017F008F9B8
:1042F00070603761F7600198286408986864C04668
:1043000013A0E867099870610A98F0610A2C01DA35
:10431000012014E0642C01DA022010E0FA20800071
:10432000844201DA03200AE07348844201DA04205F
:1043300005E07248844201DA052000E00620B06002
:104340006C480CF0E6F903B0F0BC08BC184700005C
:10435000252E30660000000010B5A44B0124DC655A
:1043600000245C6518609A65D9641C6661480CF08D
:10437000D0F910BC08BC1847C0E6004024E6004055
:1043800030B581B01D4C1E21201D16F08FFD002080
:10439000206025009C352868002807D0C648C06AE0
:1043A000032801D1E0201CE061201AE08020205881
:1043B00017F070F802000B00E16F2000223016F0B9
:1043C000F3FD686800280BD01E2221002231201D39
:1043D00016F072FE201D16F043FE401E206001E024
:1043E00031202071FA2040000CF060FC0CF0B6F98E
:1043F000012001B030BC08BC1847000024E6004092
:10440000000020410120704700B581B0AB4A106820
:10441000101801799C23D258002A17D0A64AD26AD4
:10442000032A07D1FF2916D0392907D05F290BD1DC
:10443000E02111E07A290ED0392901D15F210BE06A
:104440005F2901D1612107E0491C05E0491C0A06EA
:10445000120E3A2A00DB3021017100F0B4F900F0AD
:1044600053FA00F00FFA012001B008BC1847000011
:104470000000C84200007A4400401C460050C34778
:1044800030B581B08D4D2C008C3420681E2807DBA0
:10449000B04BFF223632C04619A1AF48FDF7C8F82D
:1044A0002868401C28602168884205DB00202860BD
:1044B000A0600CF0EFFA0DE028182169002907D060
:1044C0007D49C96A032901D1E02102E0612100E0B0
:1044D00030210171002029686918487100F073F9D2
:1044E00000F012FA00F0CEF9012001B030BC08BC97
:1044F0001847000044B1020010270000A086010008
:10450000456469744D6F64655F4F6E526967687486
:104510000000000010B5694804008434A169002936
:1045200032D1E168002920D0216900291DD101681C
:10453000A268921E914218DA01222261491C016090
:104540002E22031D5A540168491C016030225A541E
:10455000002102688018417100F035F900F0D4F9AB
:1045600000F090F90CF096FA1FE0001DFFF77CFDBB
:1045700016F04CFF0200216816F030FF15D360687A
:10458000110016F02BFF10D36069002806D1714B83
:10459000FF22723207A17048FDF74AF8D84810F0A0
:1045A0008EFD0120616900F027FA012010BC08BCD3
:1045B00018470000456469744D6F64655F4F6E5520
:1045C0007000000010B5AE4C2068002806D1614B89
:1045D000BF22520006A16048FDF72AF8002021689A
:1045E00000F00AFA012010BC08BC184764E600403D
:1045F000456469744D6F64655F4F6E446F776E00FC
:104600000120704700B581B000F00AF8012001B028
:1046100008BC1847012070470120704701207047EF
:1046200010B500F017F8CA4C2068002803D100F03C
:1046300053F800F093F800F0C6F800F065F9206830
:10464000002801D100F0E8F800F01CF910BC08BC0B
:104650001847000010B5194C206C002806D13D4BBE
:10466000FF22AE3216A13C48FCF7E2FFA548FDF759
:1046700082FB6423F02235210020FDF795FA00210A
:104680000020FDF72FFB0120FDF720FB0121012079
:10469000FDF722FB0020FDF712FBAE48FDF781FA83
:1046A000AD48FDF723FB0A20FDF7BCFA206CFDF7AF
:1046B00046F810BC08BC184728E8004024E6004033
:1046C000456469744D6F64655F73686F774D6F649F
:1046D000654865616465720030B583B09F4C250004
:1046E0008435686816F0D6FE00900191286816F0AF
:1046F000D1FE02000B00C046A4A12000483016F0F5
:1047000053FC8048FDF737FB1023F022992100204D
:10471000FDF74AFA00210020FDF7E4FA0020FDF73A
:10472000D5FA01210120FDF7D7FA0020FDF7C7FADD
:104730008848FDF736FA8848FDF7D8FA0A20FDF7D1
:1047400071FA20004830FDF753F803B030BC08BCC4
:10475000184700007849000018B1020010B57F4CDE
:10476000E06F002808D1C04683A3E9225200C0466A
:104770008AA17B48FCF75CFF6248FDF7FCFA102336
:10478000F022AD210020FDF70FFA00210020FDF7F7
:10479000A9FA0020FDF79AFA01210120FDF79CFA01
:1047A0000020FDF78CFA6B48FDF7FBF96A48FDF72E
:1047B0009DFA0A20FDF736FA20002230FDF718F89E
:1047C00010BC08BC184700B581B06648FDF7D3FAA5
:1047D0001323F022C1210020FDF7E6F9002100207B
:1047E000FDF780FA0020FDF771FA01210120FDF7A5
:1047F00073FA0020FDF763FA5648FDF7D2F95648E0
:10480000FDF774FA0A20FDF70DFA5748FCF7F0FFA0
:1048100001B008BC1847000010B5504C206C0028AF
:1048200008D1C04654A3FF22F432C04661A14C48CF
:10483000FCF7FEFE3348FDF79EFA1023F022D52147
:104840000020FDF7B1F900210020FDF74BFA002010
:10485000FDF73CFA01210120FDF73EFA0020FDF7AB
:104860002EFA3C48FDF79DF93B48FDF73FFA0A2038
:10487000FDF7D8F9606CFCF762FF10BC08BC184764
:10488000BCE6004000B58BB01E48FDF774FA10235B
:10489000F022E9210020FDF787F900210020FDF733
:1048A00021FA0020FDF712FA01210120FDF714FA88
:1048B0000020FDF704FA2748FDF773F92648FDF7B5
:1048C00015FA0A20FDF7AEF924488C2141580068FA
:1048D0000A1A521E2548C06A032802D13BA1684625
:1048E00006E0C0463EA1022801D1684600E06846C5
:1048F00016F05AFB6846FCF77BFF0BB008BC184764
:1049000008250300003F3F00F0B581B0184C6068F7
:1049100061694618FDF7FBF9A169A26889180C18AE
:10492000641C3020FDF705FA371A124D009523005C
:10493000320021003800FEF7DBFD631E00953200D7
:1049400019003800FEF7D4FD01B0F0BC08BC1847D0
:10495000C0E60040020001004C16020024E60040C0
:1049600018B1020000203F0028E6004028E800407F
:104970002CC70040003F3F00496E76616C6964209F
:10498000706172616D657465727300005B252E3015
:1049900066202D20252E30665D0000004564697478
:1049A0004D6F64655F73686F7756616C75655072A3
:1049B00065760000456469744D6F64655F73686F68
:1049C0007744696D656E73696F6E0000CEF1F2E039
:1049D000EBEEF1FC20F1E8ECE22E3A202564000039
:1049E00052656D61696E696E672073796D626F6C77
:1049F000733A2025640000000847000008B4024B09
:104A00009C4608BC6047C046E0AE010056480168BD
:104A100008220A430260102102680A430260C16151
:104A20008161016840220A43026070474F48016873
:104A30008022D2000A4302604D4801684D4A0A4074
:104A4000802109021143016001684B4A0A4080211C
:104A50008902114301600168484A0A408021090324
:104A6000114301600021464801600322C260072013
:104A7000444A1060444801600221C16001228368F9
:104A80009B08134013D0436883689B0813400ED0E3
:104A9000436883689B08134009D0436883689B0878
:104AA000134004D0436883689B081340EBD102682D
:104AB000114301607047F0B581B00F00424C4002D5
:104AC0000090009A21008420400000F07FF8002F21
:104AD00001D101202DE0802676003200210038002F
:104AE00016F0EAF9B51C2900200015F01BFC00287F
:104AF0001FD1009A21008420400000F067F83200A6
:104B00002100380016F0D8F92900200015F00AFC21
:104B100000280ED1009A21008420400000F056F8B1
:104B200032002100380016F0C7F92900200015F0E6
:104B3000F9FB01B0F0BC08BC184770B50400802632
:104B40007600214D3200280016F0B6F93100280019
:104B500015F082FB620229008420400000F07BF8FF
:104B600070BC08BC1847000000C0FF3FC4C01FE075
:104B700000C002E0FF3FFFFFFFFFFCFFFFFFF3FF6E
:104B8000140003E0000003E0040003E000B581B07E
:104B9000400200900C4884214900411858220A70B4
:104BA0006A4692784A706A4652788A706A461278E3
:104BB000CA700421CA2292008150002000F0CEF871
:104BC00001B008BC18470000F0DD004074B581B0AA
:104BD00005000C009A4E842040003018D22101704C
:104BE00001A98978417001A94978817069460979DC
:104BF000C170FF21017141718171C171CA208000B2
:104C00003018082101608560012000F0A7F8002C11
:104C10001DD0002D1BD0862080003018A907890FD9
:104C200006D002782270491E401C641C0029F8D16D
:104C3000A9080CD002782270427862708278A27043
:104C4000C278E270491E241D001D0029F2D102B075
:104C500070BC08BC1847F6B581B00400784D8420BC
:104C600040002E185320307002A88078707002A87F
:104C70004078B0706846007AF070CA2080002F1823
:104C800004203860002000F069F88220307002A80B
:104C90008078707002A84078B0706846007AF07032
:104CA000002C1CD00198862149006918A207920F98
:104CB00006D003780B70521E401C491C002AF8D104
:104CC000A2080CD003780B7045784D7083788B70F8
:104CD000C578CD70521E091D001D002AF2D1241D79
:104CE0003C60002000F03AF8388A401C388203B05B
:104CF000F0BC08BC184710B4714801214268920802
:104D00000A4013D00268426892080A400ED0026836
:104D1000426892080A4009D00268426892080A4034
:104D200004D00268426892080A40EBD1654A4023E9
:104D30005360D7240460FF2404604468A4080C4036
:104D4000FBD004684468A4080C40FBD000681360E2
:104D50000106C90F0120484010BC7047F1B482B071
:104D60005848FF24D7254021554A00E01368012305
:104D70005668B6081E40F9D1416015601460566847
:104D8000B6081E40FBD016685668B6081E40FBD019
:104D9000166801603606EAD541604B4C0026019644
:104DA0004A4D00952D680095002D0BD0019D576848
:104DB0007F081F40FBD027781760641C6D1C009F84
:104DC000BD42F4D354681C40FCD0029C002C33D06C
:104DD0005468A4081C4013D014685468A4081C40EC
:104DE0000ED014685468A4081C4009D01468546894
:104DF000A4081C4004D014685468A4081C40EBD1DB
:104E00000F4C8625AD006519FF270097CA27BF0004
:104E1000E719BF68002F0FD0009F17605768BF08C1
:104E20001F40FBD017682F706D1C761CCA27BF006F
:104E3000E719BF68BE42EFD3016003B0F0BC704712
:104E4000F0DD004070B5C2B084256D0029006846D1
:104E500016F02CF869460020FFF72DFE1C4CCE20E2
:104E6000800021180888401C08801A4A1368694687
:104E70000B701E0A4E701E0C8E701B0ECB701379B9
:104E80000B71D2884A71120A8A71C8710004000E2F
:104E900008721148C06A48728026760032002000ED
:104EA000FFF7ACFD3100200015F0D6F900222100FB
:104EB0002800FFF7D0FE42B070BC08BC18470000C5
:104EC000080003E018C0FF3FF8DE004018E1004092
:104ED000F0DD004058E4004028E8004000A07047A2
:104EE0004C495354004C495354004C49535400D13D
:104EF000CFC8D1CECA00000070B4CE4800210160F6
:104F0000416002000C32002300240025002678C2F4
:104F100002001C3278C202002C3278C202003C32FD
:104F200078C202004C3278C202005C3278C20200C1
:104F30006C3278C2C167802281500200C832116091
:104F40005160816070BC704700B581B0B9480021E4
:104F500001604160CC228150B7480BF017FF01205F
:104F600001B008BC1847012070470120704701209C
:104F700070470120704700B581B0AF480BF006FFC5
:104F8000012001B008BC184710B5CE48C06B0028FE
:104F90000ED1CD4C2068002806D1C04606A3912230
:104FA0000DA1CA48FCF744FB6068216800F08DFA47
:104FB000012010BC08BC18477052657446756E63BA
:104FC00074696F6E206D757374206E6F74206265E6
:104FD000204E554C4C00000046696C654C6973745A
:104FE0004D6F64655F4F6E49646C650000B581B0BC
:104FF0001023F02277210020FCF7D6FD00210020AD
:10500000FCF770FE0020FCF761FE03210120FCF795
:1050100063FE0020FCF753FE80204002FCF7C1FD38
:10502000CD48FCF763FECD48FCF789FB012001B0B9
:1050300008BC18470020A4490860012070470120DF
:10504000704701207047000010B57A4CE06F0028CF
:1050500006D1C04606A3BA220DA19C48FCF7E8FA87
:10506000E06F00F031FA002010BC08BC18470000C7
:10507000704F6E4E65787450616765206D757374FE
:10508000206E6F74206265204E554C4C000000006D
:1050900046696C654C6973744D6F64655F6D656ED0
:1050A00075315F70756E6B7431000000CE487047CB
:1050B00010B5CE4C2068002806D1C04606A3C722F2
:1050C0000DA18248FCF7B4FA206800F0FDF9002039
:1050D00010BC08BC18470000704F6E5072657650C7
:1050E000616765206D757374206E6F742062652032
:1050F0004E554C4C0000000046696C654C69737459
:105100004D6F64655F6D656E75315F70756E6B7444
:1051100032000000E148704730B585B005000C0052
:105120001100200016F060FD1121684615F0BEFE4A
:1051300010224048290141180C31684615F0BCFF87
:105140000100200016F056FD684615F089FF201872
:1051500000240470451C6946280016F04BFD684683
:1051600015F07EFF28180470451C6946280016F0CB
:1051700041FD684615F074FF28180470451C694607
:10518000280016F037FD684615F06AFF2C5405B06C
:1051900030BC08BC184727484A49096C891E016081
:1051A0000121CC2281500120704770B586B0214C7E
:1051B000A068002801DC002037E026008436442166
:1051C000300015F073FE1121684615F06FFE1022B5
:1051D00021000C31684615F06FFF0100300016F019
:1051E00009FD684615F03CFF301800240470451C8A
:1051F0006946280016F0FEFC684615F031FF2818B5
:105200000470451C6946280016F0F4FC684615F049
:1052100027FF28180470451C6946280016F0EAFC90
:10522000684615F01DFF2C54300006B070BC08BC59
:10523000184700008CE40040BCB2020070B586B094
:10524000A04CA068012801DC002037E0260084364D
:105250004421300015F02AFE1121684615F026FE83
:10526000102221001C31684615F026FF0100300095
:1052700016F0C0FC684615F0F3FE301800240470E8
:10528000451C6946280016F0B5FC684615F0E8FE96
:1052900028180470451C6946280016F0ABFC6846C7
:1052A00015F0DEFE28180470451C6946280016F02B
:1052B000A1FC684615F0D4FE2C54300006B070BC3A
:1052C00008BC184728E8004054E5004088B10200B7
:1052D00070B586B07B4CA068032801DA002037E067
:1052E000260084364421300015F0E0FD1121684687
:1052F00015F0DCFD102221002C31684615F0DCFE93
:105300000100300016F076FC684615F0A9FE301852
:1053100000240470451C6946280016F06BFC6846A2
:1053200015F09EFE28180470451C6946280016F0EA
:1053300061FC684615F094FE28180470451C694607
:10534000280016F057FC684615F08AFE2C543000F1
:1053500006B070BC08BC18474C160200B8B1020079
:1053600070B586B0574CA068042801DA002037E0F9
:10537000260084364421300015F098FD112168463E
:1053800015F094FD102221003C31684615F094FE82
:105390000100300016F02EFC684615F061FE301852
:1053A00000240470451C6946280016F023FC68465A
:1053B00015F056FE28180470451C6946280016F0A2
:1053C00019FC684615F04CFE28180470451C694607
:1053D000280016F00FFC684615F042FE2C543000F1
:1053E00006B070BC08BC1847FCB102000CE50040D8
:1053F00070B586B0334CA068052801DA002037E08C
:10540000260084364421300015F050FD11216846F5
:1054100015F04CFD102221004C31684615F04CFE71
:105420000100300016F0E6FB684615F019FE301852
:1054300000240470451C6946280016F0DBFB684612
:1054400015F00EFE28180470451C6946280016F059
:10545000D1FB684615F004FE28180470451C694607
:10546000280016F0C7FB684615F0FAFD2C543000F2
:1054700006B070BC08BC184710B5124881680529F1
:1054800001DC002007E004008434442221000520D0
:10549000FFF742FE200010BC08BC184734B20200DF
:1054A00010B508488168062901DC002007E00400E7
:1054B0008434442221000620FFF72EFE200010BC79
:1054C00008BC18478CE400400047084730B5C3B01B
:1054D000AB480021C9430160822252008150520032
:1054E0008218116051608422D20084180025656002
:1054F000C622920082181160516080214900C822A2
:105500009200801815F0D2FC25609E4C6946002060
:10551000FFF7D1FA00281CD09B486946CA781206CA
:105520008B781B0413434A7812021A430B781343F7
:1055300003600A7902718A7912024B791A43C28098
:10554000087A0002CA791043BC4A1080487AE062A7
:1055500004E0606A002801D10120A06243B030BCA1
:1055600008BC184730B581B004008020C0008442D8
:1055700007D3C0460CA36A2212A19A48FCF758F838
:105580000CE0A010400F0019C5102800443000F0B6
:1055900029F8002802D0E800201A00E0C14801B034
:1055A00030BC08BC1847000066696C657265636FA3
:1055B0007264206973206F7574206F662072616E4B
:1055C0006765000066696C6573797374656D5F6704
:1055D00065745F66696C657265636F7264496E6459
:1055E00065780000F0B581B004004438802808D305
:1055F0007C48934B812201003431FCF719F80020DC
:105600001DE001255E488221490047183968A14202
:1056100014D084214900461831002000FFF74BFACE
:1056200005000AD1310020008030FFF744FA050060
:1056300004D031002000FFF780FA3C60280001B060
:10564000F0BC08BC184730B581B04D4982204000FD
:105650000D1828680200443A802A08D36148784B24
:105660009B2201005831FBF7E3FF00200BE084226E
:1056700052008C182100FFF760FA21002868803062
:10568000FFF75BFA012001B030BC08BC184710B529
:10569000401EFFF767FF04008248844206D151484C
:1056A000A14BAC2201007C31FBF7C2FF200010BCF3
:1056B00008BC1847F0B581B00024C04613A79A4E25
:1056C000784D0DF0ABF82000FFF74CFFA84206D153
:1056D0003300BD2239004348FBF7AAFF08E0284900
:1056E0004001081891214900405AB649884203D028
:1056F000641C680D8442E4DB2000690D884200DBF5
:10570000280001B0F0BC08BC1847000066696C6551
:1057100073797374656D5F66696E645F66726565E3
:105720005F66696C657265636F72640070B50400D2
:10573000201F202808D3424BF722C04613A1294836
:10574000FBF776FF002017E001259F4E3068A0424E
:1057500011D0311D2000FFF7AEF905000AD1311D2F
:1057600020002030FFF7A7F9050004D0311D2000EC
:10577000FFF7E3F93460280070BC08BC184700004C
:10578000C4D5004028E8004058E4004066696C65D4
:1057900073797374656D5F726561645F636C617367
:1057A0007465727461626C650000000010B5864C0F
:1057B0002068011F202908D3214B8A225200AA49C0
:1057C000AA48FBF735FF002008E0211DFFF7B5F9D7
:1057D000211D20682030FFF7B0F9012010BC08BC63
:1057E0001847000060B3020070B50400A0482018FC
:1057F000A04988420AD3C0462BA391225200C0463A
:1058000010A19A48FBF714FF002013E001250120A6
:105810006D49822292008E18326894420AD0842008
:10582000800009182000FFF746F90540280001D044
:105830003460746070BC08BC1847000028E1004068
:105840003C61000066696C6573797374656D5F72A5
:105850006561645F636C61737465720030B581B0BB
:105860000400834820188349884209D30EA3FF22ED
:105870003A32C04614A17D48FBF7DAFE00200CE066
:10588000514D8420800029182000FFF756F982200E
:105890008000281804604460012001B030BC08BCBE
:1058A0001847000005400080636C617374657220C6
:1058B0006E756D626572206973206F7574206F66F6
:1058C0002072616E6765000066696C657379737438
:1058D000656D5F77726974655F636C61737465721F
:1058E0000000000030B581B0040061482018614913
:1058F000884207D30DA3A5225200C04613A15B48DE
:10590000FBF796FEA011400E0019C511281DFFF7E8
:105910000DFF002802D0E801201A00E0B24801B0D3
:1059200030BC08BC1847000004B40200636C61730B
:105930007465725F6E756D626572206973206F7534
:1059400074206F662072616E6765000066696C6521
:1059500073797374656D5F6765745F636C6173748D
:105960006572496E64657800F0B581B0A224640068
:10597000FF2764379D4E9C4D00900CF04FFF200098
:10598000FFF7B0FFA84206D133003A000FA1374815
:10599000FBF74EFE09E000998C4206D00A49400010
:1059A000081880880749884203D0641CE80C8442A8
:1059B000E3DB2000E90C884200DB280001B0F0BCEA
:1059C00008BC1847FFFF0000C4D5004066696C653D
:1059D00073797374656D5F66696E645F6672656521
:1059E0005F636C617374657200000000F0B583B092
:1059F00000257D4E01900F000CF010FF2800FFF7EE
:105A0000B1FDB04207D1794BD02252001AA11748FC
:105A1000FBF70EFE1AE0A24940010C18912040004D
:105A2000205AA649884211D01022019984204000B2
:105A3000201816F0EDF80090032239008C20400069
:105A4000201816F0E5F80099084303D06D1C700D7E
:105A50008542D1DB710D8D4201DB002000E0681C26
:105A600003B0F0BC08BC18475C61000060B30200E2
:105A7000BCFEFFFFBC0E000066696C657379737431
:105A8000656D5F66696E645F66696C650000000045
:105A9000F0B581B08A49096800290CD1FFF7F7FDFC
:105AA0007F4E400130189121490040180090058830
:105AB000824FBD421FD14C4819E0954BFF22C8329E
:105AC0001CA19448FBF7B4FD200010E0002420E066
:105AD000311DFFF732F8311D30682030FFF72DF807
:105AE000002C08D000980780FFF7ADFD002001B022
:105AF000F0BC08BC18470CF091FE2800FFF7F2FE3E
:105B0000394CA042D9D0400030188188A942DDD15B
:105B100001240D00BD42E5D087803068011F202997
:105B2000D6D37D4B8A2252007C497A48FBF780FD10
:105B3000D6E7000066696C6573797374656D5F64A0
:105B4000656C6574655F66696C650000F0B581B071
:105B500014005B4A1268002A1AD10E000090FFF769
:105B600045FF002803D0002C12D0FFF791FFFFF76C
:105B7000A1FD04001C4DAC420AD0FFF7F3FCA84283
:105B800008D11A4BFF22F43219A16248FBF750FDED
:105B9000002025E0424940010D18842040002F18C4
:105BA0001021380016F020F810220099380015F066
:105BB00083FA8C2040002818002101704170817008
:105BC0000322310015F078FA07229649FF201C3095
:105BD000281815F071F90020922149006850601CC6
:105BE00001B0F0BC08BC18470540008004B40200B6
:105BF00066696C6573797374656D5F6372656174F2
:105C0000655F66696C650000F0B581B005000C0049
:105C100017001E00002D05D0002C03D0002F01D04E
:105C2000002E07D127A382229200C0461DA1394829
:105C3000FBF7FEFC2248006800280BD12100280059
:105C4000FFF7D4FE040005D031003800FFF7CEFE88
:105C5000002801D093481FE02000FFF718FD92496B
:105C600040010C188420400025181021280015F050
:105C7000BBFF10223900280015F01EFA8C204000CE
:105C8000201800210170417081700322310015F04D
:105C900013FAFFF7D8FC002001B0F0BC08BC18478D
:105CA000C4D5004066696C6573797374656D5F7205
:105CB000656E616D655F66696C650000FFFF0000E1
:105CC0000CE60040496E76616C6964207061726117
:105CD0006D6574657273000030B581B004000D000D
:105CE0007148C621890041180022D2430A604A60E7
:105CF00080214900C8229200801815F0D7F82900A9
:105D00002000FFF773FE01B030BC08BC184700004C
:105D10000861000060B302003C6100005C610000AB
:105D2000F0B583B00C00FFF7B2FC5F4940010818E2
:105D300091214900455A5D4FBD422DD000948A1CE7
:105D40008058844228DAE011000E001900120190F8
:105D50000600012E12DB0CF061FD2800FFF7C2FDEA
:105D6000504CA0421AD05049400008188088854203
:105D70001AD00500BD4217D0761EECD12800FFF7DF
:105D800033FD002812D1C0460DA398229200C046D0
:105D900011A10A48FBF74CFC42480BE0444B454A32
:105DA0000DA10648FBF744FC200003E00098019990
:105DB0000902401A03B0F0BC08BC184760B30200E7
:105DC000696E76616C69642066696C6520636C61DC
:105DD000737465720000000066696C657379737492
:105DE000656D5F726561645F66726F6D5F706F7322
:105DF0006974696F6E00000000B581B0FFF747FC61
:105E000029494001081891214900415A274A9142E5
:105E100001D1002002E092214900405801B008BCA5
:105E20001847000004E90040F4B582B004000D00FA
:105E30001E00FFF7E1FF2968401A00282FDD0194BA
:105E4000009500240500009801680198FFF768FF9D
:105E50001449884223D0C90D091A8E4200DC310052
:105E60002F008D4200DD0F003A000F4908188421F1
:105E7000890041180298001915F01EF8E4190098DD
:105E80000068C01900990860F61BED1B002D01DDAC
:105E9000002ED8DC200003B0F0BC08BC1847014835
:105EA000F9E7000005400080C4D50040FFFF000076
:105EB0000861000053020000F0B585B08B4A1268FB
:105EC000002A00D0EDE00191C911090E019A89184C
:105ED00009120B02D21A521E9241D243D20F8C18D1
:105EE00006D1834B834A84498448FBF7A1FBD8E061
:105EF0000500FFF781FF06003006000E401E8041BE
:105F0000C043C00F310A0818241A2800FFF7BFFB4E
:105F1000BE4940010818049091214900401803909F
:105F2000008800900198B04245D2002800DCCEE005
:105F3000411E2800FFF7F4FEB549884206D1704B98
:105F4000704A6D496D48FBF773FBAAE00125AF4F1E
:105F5000822080003E581FE0391DFEF7EEFD391DFE
:105F600038682030FEF7E9FD14E0391D40000818BC
:105F70000488A64200D1AAE0002D1AD00680386815
:105F8000011F2029E8D3A34B8A225200A2495B4873
:105F9000FBF74EFB002526003000FFF7A3FC9C49D1
:105FA0008842E2D19D4B9E4A53495448FBF740FB3F
:105FB00077E09C4EE2E7864200D388E0002C00DCCC
:105FC00085E0711E2800FFF7ABFE904D822189000D
:105FD000695802918E4988421BD19248FFF7C4FC50
:105FE00000908B4EB0425CD00290FFF77BFC070024
:105FF000B74205D144A38C4A49A14048FBF718FB9E
:106000000298291D7A008852FFF7D0FB641E002CED
:106010005DDD029E27000098FFF7A6FC05007C4886
:1060200085423ED03000FFF75DFC04007848844292
:1060300006D1C04634A37D4A39A13048FBF7F8FAAF
:106040002E00B54962008E5270480068011F202959
:1060500029D3C04639A38A225200C0463FA127480F
:10606000FBF7E6FA3000FFF73DFC04006848844285
:1060700006D1C04624A3A94A29A12048FBF7D8FA93
:10608000624D291D62008E522868011F202914D3F9
:106090002AA38A225200C04630A11848FBF7C8FA4A
:1060A00013E05B481EE0594C211DFEF746FD211D03
:1060B00020682030FEF741FDD4E7291DFEF73DFDA5
:1060C000291D28682030FEF738FD7F1EA3D10098D7
:1060D0000399088001980499922252008850FFF792
:1060E000B2FA002005B0F0BC08BC18470CE600402E
:1060F00018B40200A90200002061000060B3020091
:1061000034B40200B6020000696E76616C696420E6
:10611000636C6173746572207265636F72640000F2
:1061200066696C6573797374656D5F66696C655FCC
:106130006368616E67655F6C656E000073656374AC
:106140006F72206E756D626572206973206F757451
:10615000206F662072616E676500000066696C657D
:1061600073797374656D5F77726974655F636C6171
:10617000737465727461626C65000000F0B585B07F
:10618000674C2468002C3FD11C000B681B193BD0C6
:106190000025644E019600900F0003920293396827
:1061A0000098FFF7BDFD1A4988420CD1029900986A
:1061B000FFF782FE002827D139680098FFF7B0FD6D
:1061C0001349884220D0C90D0E1AB44202DA2600C3
:1061D000002400E0A41B0D4B320003994919181844
:1061E00084239B00C01814F067FE01980068FFF735
:1061F00035FBAD19386880193860002CCFDC2800D9
:1062000005B0F0BC08BC18470148F9E7C4D5004008
:10621000054000803C6100005C61000008610000F6
:10622000C2020000FFFF0000DD020000E9020000E2
:10623000F0B585B006000D0017001C00002F05DC2E
:10624000A44BA54A39A1A548FBF7F2F92200039611
:106250002C0001971700002500260CF0DFFA300013
:10626000FFF780F99E49884207D19E4B9E4AC0465F
:106270002EA19A48FBF7DCF944E02B4940010818AD
:10628000009091214900405A984988423AD000989C
:106290008C214900401802900322039915F0B8FCA4
:1062A00000282FD10322B1A1029815F0B1FC0028DB
:1062B00012D1009884214900401802901022C04653
:1062C0001FA115F0A5FC00281CD010221EA10298C9
:1062D00015F09EFC002815D0002F01D07F1E11E084
:1062E0001021200015F080FC102200988421490024
:1062F0004118200014F0E0FE6D1C10340198401E7F
:10630000019004D0761C8020C0008642A5DB2800C6
:1063100005B0F0BC08BC1847C8D50040EF0200002B
:106320000CE60040CCD70040C4D5004066696C65DF
:1063300073797374656D5F6765745F64697200007B
:10634000656E6572677900007369676D61000000B2
:10635000F0B58DB000259F49FC2252008A180B929F
:10636000EC2252008A180A92F12252008A180392F3
:10637000DC2252008A180992CC2252008A18089214
:10638000D12252008A180292BC2252008A18079227
:10639000AC2252008A180692B12252008A18019249
:1063A0009C2252008A1805928C2252008A1804926C
:1063B00091225200891800914C4F06000CF02EFAE1
:1063C00028004430FFF70EF9002806D19D4BD92252
:1063D00092009D499D48FBF72BF900240098008806
:1063E000B84208D0002E71D003223100049815F075
:1063F0000FFC00286AD001240098008CB84208D015
:10640000002E63D003223100059815F001FC00280E
:106410005CD0022401980088B84208D0002E55D0E4
:1064200003223100069815F0F3FB00284ED0032418
:106430000198008CB84208D0002E47D003223100CA
:10644000079815F0E5FB002840D004240298008846
:10645000B84208D0002E39D003223100089815F038
:10646000D7FB002832D005240298008CB84208D00F
:10647000002E2BD003223100099815F0C9FB00280B
:1064800024D0062403980088B84208D0002E1DD0DE
:10649000032231000A9815F0BBFB002816D0072410
:1064A0000398008CB84208D0002E0FD00322310090
:1064B0000B9815F0ADFB002808D06D1C802D00DA7C
:1064C0007CE700200DB0F0BC08BC1847E8000019BC
:1064D000401CF7E744B402003603000060B302003A
:1064E0000540008004B402003F030000FFFF0000ED
:1064F000F0B581B007000E00002000900CF08EF97E
:1065000000984430FFF76EF8002805D118A3504AD0
:106510001CA14E48FBF78CF800254E4C608B4E4971
:1065200088420FD0002E1BD00322310020001030F3
:1065300015F06EFB002805D13900200015F07EFB18
:10654000A0420DD06D1C2034082DE7DB0098401CC4
:1065500000908028D2DB002001B0F0BC08BC1847B6
:106560000098C0004019401CF6E7000073707A00E4
:1065700046696C6573797374656D206661696C65D5
:106580006400000066696C6573797374656D5F6F94
:1065900070656E5F666972737445780000B581B08E
:1065A000401E8021C90088420FD2FEF7DBFF2B4935
:1065B00088420AD007494001081891214900405AF1
:1065C0002549884201D0012000E0002001B008BC2C
:1065D00018470000C4D5004000B583B020490968C1
:1065E00000290AD01F49897BC90706D51E4A002108
:1065F0000004000CFBF7B4FC0EE0C0461CA10CC963
:1066000069460CC16A46108017306946888064224A
:10661000684603C8FCF76EFD03B008BC184710B508
:10662000124C00F019FC800A6060642148430EF0AF
:106630009BFC03288041C00F0949086010BC08BCBE
:10664000184700007065000054B4020060B30200F7
:106650007E030000CCD60040FFFF00000540008014
:10666000E8D90040FCE800401C97020088E30040A5
:106670000000000000001000F0B57D4CA54431235F
:10668000F022872149000020FBF78EFA0020FBF75B
:106690001DFB00210020FBF725FB7648FBF726FBBE
:1066A0000020FBF70CFB01210120FBF715FBD34871
:1066B000FBF777FAFC208003FBF75DFB0A20FBF772
:1066C000B1FACF48FBF73BF82123F0228F21490094
:1066D0000020FBF769FACB480088CB4988423CDBB5
:1066E0000024C74D2800AC300090C84FC34E200096
:1066F00000F018FC32214843201A20D10A20FBF771
:1067000091FA00210020FBF7EDFA28004C30FBF74E
:1067100016F80098FBF713F864206043C112090DC6
:1067200008180213390001A814F03EFC701EFBF794
:1067300038FA01A8FBF75CF83000FBF732FA0CF0EE
:106740006DF82000FEF722FA641C30098442CEDB8B
:106750000020AC490880FEF775FB0A20FBF762FABF
:1067600000210020FBF7BEFAA54C2000D830FAF734
:10677000E6FF00270497B84800900020C043009926
:10678000086000994860A226760080256D010CF013
:1067900045F83000FFF7A6F8761CAE42F7DB002084
:1067A000C043009908600099486000250CF036F855
:1067B0002800FEF7D7FE6D1C8020C0008542F5DB67
:1067C0000020C04300990860009948600A20FBF748
:1067D00029FA00210020FBF785FA942040002018B8
:1067E000FAF7ADFF8021490107A814F05FFBEC2107
:1067F0004900611806918F21890061180191BC211F
:1068000049006118059102970397944E0CF006F821
:106810000398FEF7A7FE0700914887421AD09148D7
:10682000790140189121490040180488B44232D0BF
:10683000C9496118C94A914200D2E9E00680FEF7D1
:1068400002FF0A20FBF7EEF90598FAF778FF01201E
:10685000029020E0029E0120049024E0C04BB4206E
:1068600080003A1880A1FC20800314F055FABFE0A4
:10687000E4EFFFFF740802000400B44200D0C7E058
:106880000298002804D10698FAF759FF01200290D7
:10689000781CFFF7FDF80398401C03908021C90085
:1068A0008842B3DB029E0A20FBF7BCF900210020DE
:1068B000FBF718FA524F3800D830FAF740FF04249B
:1068C000A84803909C20800038180290A64D8F2085
:1068D0008000381801900BF0A1FF29002000FEF77E
:1068E000EAF800281ED1002E03D10298FAF727FFFC
:1068F000012603980068002814D1FF22511C2800AB
:1069000015F0B8F929002000FEF717F9290020003A
:10691000FEF7D1F8002805D15BA3E52264A1019818
:10692000FAF786FE641C802040018442D3DB0020FD
:10693000C0430099086000994860FA2040000BF0BD
:106940003EFF0498002800D088E7864800680028A9
:106950004AD10A20FBF766F900210020FBF7C2F9B3
:106960008F20C0003818FAF7EAFE0024A22676002D
:1069700007A831004018F8317918019107003878DC
:10698000002827D1B011400E8019C011001D3549D3
:106990000968884204D0002C02D0FEF707FF0024CB
:1069A0003000FEF79FFF05002D48854208D1C04604
:1069B00039A3FF221232C0463DA10198FAF738FEF2
:1069C0002848001D690040180188244A914201D0DE
:1069D00002800124761C7F1C802040018642CEDB91
:1069E000002C01D0FEF7E2FEFA2040000BF0E7FE9B
:1069F0008B488544F0BC08BC1847C0460100010024
:106A00006CB4020028E100401D25000064B90200BA
:106A100007A8005D002800D032E7012007A908552B
:106A20002000FEF75FFF05000D48854206D1C046F5
:106A300019A3BA221EA10198FAF7FAFDBE4869000F
:106A4000405A45494118454A914200D318E7A042AF
:106A500000D120E710E70000CCD70040FFFF000086
:106A600005400080C4D500404552524F5221004697
:106A700045484C455221004552524F522100CED834
:106A8000C8C1CAC021000000454550524F4D206684
:106A900061696C6564210000696E76616C696420CF
:106AA000636C6173746572207265636F7264000059
:106AB00066696C6573797374656D5F636865636B34
:106AC0005F616E645F726573746F726500000000D1
:106AD000002800D17047F0B581B022480068002836
:106AE00036D1964C201D2021954D0580458085800E
:106AF000C5800830491EF8D100270026301D2060CF
:106B0000FEF754FE0BF08AFE761C202EF6DB822068
:106B100040002618F583F5875E302018058005842F
:106B2000D1204000201805800584F1204000201865
:106B300005800584380044303060FEF784FD0BF09A
:106B40006DFE7F1C802FF5DB0020C043206030608D
:106B500001B0F0BC08BC1847BCFEFFFFBC0E000033
:106B6000D16A00000CE60040D4D70040FCB5C3B0A9
:106B700004000F004A99C811000E401800120202CA
:106B8000891A0091AF4E002825DDAF49029101948A
:106B90000400F30D03AA44A93800FFF745F90500E6
:106BA000B54235D0F00D854208D0C0461DA3FF2266
:106BB0005632C0461FA10298FAF73AFD2B0003AAED
:106BC00043A90198FFF7DAFAB04221D00BF026FE74
:106BD000641EDED1019C009B03AA44A93800FFF784
:106BE00023F90500B54213D00098854208D0C0466D
:106BF0000CA3FF226032C0460EA19348FAF718FD9D
:106C00002B0003AA43A92000FFF7B8FAB04201D134
:106C1000300000E0002045B0F0BC08BC1847000080
:106C20001C100000496E7465726E616C2065727292
:106C30006F72210066696C6573797374656D5F634B
:106C40006F70795F66696C655F64617461000000F4
:106C5000F0B58BB0160069D00F000290FFF7CCF8AA
:106C60000400A74208DBC04636A3FF228232C0469A
:106C700039A17548FAF7DCFCA64207DB31A3C32231
:106C80005200C04634A17048FAF7D2FC03A8FAF7C4
:106C9000CDF8020035A107A814F086F901226BA1F6
:106CA00007A8FEF753FF0190664D002812D0009709
:106CB0000023002202990198FFF758FFA84209D04B
:106CC000BB19E01A00903A0002990198FFF74EFFB5
:106CD000A84201D128002AE00298FEF7D9FE0198C7
:106CE000FEF7D5FC4001154D594C275A2818009045
:106CF0009221490046580298FEF7C9FC40012752EC
:106D0000281892214900465007220099FF231C337E
:106D1000C918C01814F0D0F8FEF795FC0198FEF7DA
:106D2000B6FC400106492152FEF78DFC00200BB055
:106D3000F0BC08BC18470000C8D50040C4D50040CE
:106D4000FFFF0000496E76616C69642070617261BA
:106D50006D6574657273000066696C657379737430
:106D6000656D5F6375745F66696C6500746D705FF7
:106D700025730000FFB587B0002001900090002728
:106D80000026002533498F2292008A1805929A2204
:106D9000D20089180491029002984430FEF722FC38
:106DA000002806D1494BFF22C03204990598FAF712
:106DB0003FFC474C0820039060894649884227D011
:106DC0000198401C0190032243A1200014F020FFF1
:106DD000002803D10098401C009019E003223FA135
:106DE000200014F015FF002801D16D1C10E00322D3
:106DF0003BA1200014F00CFF002801D17F1C07E00C
:106E0000032238A1200014F003FF002800D1761CD3
:106E100020340398401E0390CED10298401C02906B
:106E20008028B9DB10980999089A079B019C1C607F
:106E3000009B13600D600A990F6006600BB0F0BCF8
:106E400008BC184705400080A8B60200746D7000A9
:106E5000E6D600406CB40200F0B583B00026009680
:106E60000025214801901B4C22A7281DFEF75EFC3F
:106E7000002805D13B00E20923A10198FAF7D8FBCD
:106E800000211A4A00981388A34200D0401C491CD4
:106E90005388A34200D0401C491C9388A34200D0D1
:106EA000401C491CD388A34200D0401C491C083216
:106EB0008029E8DB00906D1C202DD6DB0C48009962
:106EC000401A000203B0F0BC08BC1847F46E000082
:106ED000DCD60040FFFF000073707A006C6962002E
:106EE0006D6373006C6F6700A8B60200C8D50040E0
:106EF000BC0E000046696C6573797374656D20661D
:106F000061696C656400000066696C65737973740F
:106F1000656D5F63616C635F667265655F6D656D0E
:106F20006F7279007847C0460CC09FE5901CCCE09A
:106F30004C02A0E1A00F80E01EFF2FE11F85EB5166
:106F400030B581B000255E4CA5605E4820675E4884
:106F50006067CE48A06765606561242120004830E5
:106F600013F0A4FF00F014F8256180202550842040
:106F70002550200018300021002200230EC00EC032
:106F8000200030300EC00EC001B030BC08BC184725
:106F900010B44B4800218161C161C1670162416247
:106FA000C16601600100483103220B680468E318E0
:106FB00003604B680468E31803608B680468E31897
:106FC00003600C31521EF0D109210161816EC16054
:106FD00010BC7047AE480168AE4A0A4080210902E1
:106FE00011430160AC4800214160416880221204D5
:106FF0000A4342600021C9430160704710B5304C1C
:10700000E06F002801D0FFF7C3FFA06821680818CF
:107010002060A068616808186060A068E0600020D7
:10702000A0602069401C20616069401C606100F024
:107030004DF810BC08BC184738039FE5001090E5D8
:107040000120A0E3A10B12E10A00000A6C109FE5E9
:10705000082091E5013082E2083081E50110A0E3CB
:1070600014239FE5AC1082E5081090E5803881E399
:10707000083080E51EFF2FE1201090E5210212E18B
:107080000300000A281090E5102081E3282080E505
:107090001EFF2FE1001062E2081080E51EFF2FE1C5
:1070A00010B513F077FDA4480100183130301CC929
:1070B0001CC01CC91CC013F077FD10BC08BC1847CD
:1070C000C8E600409A9999400AD7A33C70B582B0AF
:1070D000994D286815F052FA0400286915F04EFA07
:1070E0000100200014F0BEFF696F15F043F9A8619C
:1070F000A869002114F072F900D2A961A96FA869EA
:1071000015F092F80100FE20800515F033F9020019
:10711000002114F063F901D8884806E0A86911003D
:1071200014F0A0FF296F15F07FF8E86128680028A7
:107130000FD0286815F022FA14F0ACF915F04EFAC9
:1071400002000B0000207E4914F0F0FD14F05EF9FF
:1071500000E07C482862A86CE96E0818E8662022E6
:1071600029004C312800483015F09CF9E868A866E1
:10717000E86E09284AD32869092847D9002428003D
:10718000483003210268A2184368D2188368D418D3
:107190000C30491EF6D1E86E15F0F0F906002869AA
:1071A000093815F0EBF9684914F05CFF0100300074
:1071B00014F058FF0600200015F0E0F9310015F03A
:1071C000D9F814F067F900900191300014F062F9D9
:1071D00015F004FA02000B000098019914F0A6FDC6
:1071E00014F014F96862686A14F054F94900490807
:1071F0000022564B14F064FD06D9686A544914F015
:10720000EDF803D2002C01D10120E8676869FF2165
:107210002E3188420CD36868002809D14D48806817
:10722000002805D15BA3A12255A14B48FAF700FA2B
:107230004A4A1068E96914F0D1F804D3E86948496A
:1072400014F05CFD06D8286A464914F0C7F801D24C
:10725000012000E00020E96A814204D0E8620028B1
:1072600001D101209067E8693D4914F047FD06D837
:10727000286A3C4914F0B2F801D2012000E0002055
:10728000A86202B070BC08BC18470000E65A343847
:1072900044C002E0FF3FFFFF8C8002E030B581B0C8
:1072A000254C25008035606C002820D0FA2149004B
:1072B00008000DF04FFF2868002819D10120286030
:1072C00008F0AAFA284808F023FA606B08F07CFA64
:1072D00026482049096881420AD025494A68002A7F
:1072E00006D10968002903D109F013FA00E02860EB
:1072F00020008430216C002918D00168002916D1A3
:107300000121016008F088FA1A4808F001FA1748CC
:107310001049096881420AD015494A68002A06D1F5
:107320000968002903D109F0F4F900E0016001B017
:1073300030BC08BC18470000C8E600400050C347F6
:107340000000694000004843000010410000144064
:10735000000020C028E800406CB902004CD000407A
:107360000150C347000048429CB902001432030098
:1073700000D100400CBA0200848002E05CE50040CD
:107380004765696765725F70726F636573734461A7
:1073900074610000474D20636F756E7465722066DE
:1073A00061696C656400000030402DE95810A0E36D
:1073B000401E81E3242081E3043081E364059FE5DE
:1073C000160000EA00C0DCE503E090E700005EE3A1
:1073D0000100001A24005CE31000001A03E090E7AB
:1073E000024090E704005EE10C00002A03E090E711
:1073F00001508EE2035080E7014090E70EC0C4E7E1
:1074000003C090E702E090E70E005CE10300002A71
:10741000014090E703C090E700E0A0E30CE0C4E780
:10742000E0C4A0E378CA8CE314E0DCE501001EE3CD
:10743000E3FFFF1A08E09CE50C400EE20C0054E369
:10744000DFFFFF0A1410DCE5200011E30A00000A48
:107450001010C2E3012090E7703490E5030052E180
:107460000500002A012090E701E082E201E080E7C8
:10747000681490E50220D1E70020CCE51410DCE58B
:107480000E0011E30110A0136014C0153040BDE8D8
:107490001EFF2FE100B583B0A0498968002906D0FE
:1074A000BE4A00210004000CFAF75AFD0EE0C04667
:1074B00008A10CC969460CC16A461080173069469C
:1074C00088806422684603C8FBF714FE03B008BC3A
:1074D000184700000000000000001000F0B581B067
:1074E00000248E4D6C602868002850D013F052FBA9
:1074F0008B20C0002E18F460307A002801D0746010
:1075000012E077687F1E08D43068C01901782429FA
:1075100003D07F1E401E002FF8D5002F07DC7068B7
:10752000716A884200D1746013F03EFB2FE03A008C
:107530003168F06A13F0C0FC7068C01B009000282E
:1075400004DD3068009AC11914F0ACFF0098706037
:107550007068716A884202D2316872688C543763ED
:107560008F482818317A0170F168416013F01CFBD4
:10757000716A8F4201D2F26AD455316BF06A09F018
:10758000C6FD88480078012800DD01246C6001B048
:10759000F0BC08BC184761480168002908D0416860
:1075A000002904D08168491E8941C90F00E00121EA
:1075B0008160704710B459488B21C90041180200FE
:1075C00010320A60784A8218CA62842292008218B5
:1075D0000A61802292004A6246228A62734A136AD2
:1075E00080241C4314621368802424061C43146006
:1075F00013686F4C1C40146013686E4C1C40146080
:107600000022026042608260962292010A648749E9
:10761000C16010BC704710B58548016880225204D3
:107620000A4302608349844802680A4080235B035E
:1076300013430360814A036813408024E4031C431E
:107640000460036C19400164016C0A4002648448C0
:10765000006800F003F810BC08BC184770B5784CFF
:10766000002262600021774DAB6A002B17D02E6993
:107670007254491CAB6A994211D22E697254491C4A
:10768000AB6A99420BD22E697254491CAB6A99427B
:1076900005D22E697254491CAB6A9942E7D3002186
:1076A0006B6A002B1FD02E687254EE6A7254491C0C
:1076B0006B6A994217D22E687254EE6A7254491C52
:1076C0006B6A99420FD22E687254EE6A7254491C4A
:1076D0006B6A994207D22E687254EE6A7254491C42
:1076E0006B6A9942DFD301006A602A726A61AA61FB
:1076F0005C4E8320307162605B48F9F7A1FF00099E
:10770000207003203071C7203060072060608348FC
:107710008069E86370BC08BC1847000024D10040B1
:1077200000B581B0514852490968002902D00021B2
:10773000816010E0794989690268891A03290AD3AE
:107740009621890142688A4201D1E12149024160C2
:107750000800FFF783FF01B008BC184734480168F0
:107760006F4A0A40026080206E49086000206E491E
:107770000860704710B56D4880218162012401685E
:10778000890F214002D1802109064160FFF743FFA4
:107790006548046010BC08BC1847000064920200F1
:1077A0008C040000B9DB00405602000020C0FF3FFF
:1077B000FFFFFFDFFFFFFFBFF0B581B0040013F054
:1077C0004FFC13F0E7F90021002821DD8507AD0FFC
:1077D000944A07D0267817687E54491C6D1E641C95
:1077E000002DF7D1830813D0257816687554491CED
:1077F000667815686E54491CA57816687554491C3E
:10780000E67815686E54491C5B1E241D002BEBD1D5
:10781000844C0100206800F02DF8A06000F014F8FE
:1078200013F0C2F901B0F0BC08BC18470200010017
:10783000C4C01FE0FFFFCFFF00C002E0FFFF3FFF1B
:10784000008007E07CD500407748012101610021DC
:1078500001600171C06800787449087070470000C9
:10786000BCD50040088007E000A08C00B8D50040DF
:1078700070DB004070B402000B0000210120012BDE
:107880001CDD5B1E551C9C07A40F07D00E00297839
:107890007140401C641E6D1C002CF7D19B080DD05C
:1078A0002E786C7874404C40A978EE784E40664053
:1078B0003100001D5B1E2D1D002BF1D12A23135416
:1078C000401C0B061B0F30333A2B00DBDB1D13541F
:1078D000401C0907090F30313A2900DBC91D11543A
:1078E000401C0D211154401C0A211154401C70BC35
:1078F000704700B58FB068464D493C22FDF77EF8D1
:107900006846FFF759FF1F4834490A684B689A4296
:1079100001D0401EF9D10FB008BC1847FCE8004068
:10792000FFFFFFFE58C0FF3F24D1004034C0FF3F9F
:1079300010B513F02FF9002046A13A4C0A782368BD
:107940001A54401C4A7823681A54401C8A782368C9
:107950001A54401CCA7823681A54401C091D182860
:10796000ECDB1820A060FFF76FFF13F01DF9314822
:107970006168A268914201D0401EF9D110BC08BCD8
:10798000184700008096980000B58FB068462A49D5
:107990003C22FDF733F86846FFF70EFF25480F49F4
:1079A0000A684B689A4201D0401EF9D10FB008BC5A
:1079B000184700B58FB0684620493C22FDF71EF8F5
:1079C0006846FFF7F9FE1B4804490A684B689A426B
:1079D00001D0401EF9D10FB008BC184790D5004027
:1079E00030B581B016488021164CE268164B9A4299
:1079F0000BD0816201250168890F294002D18021C5
:107A000009064160FFF707FE06E0104A1368104DB3
:107A10001D40156041620025256001B030BC08BCE6
:107A2000184700008CD5004080D50040008007E05A
:107A300038BA02008096980074BA0200B0BA020008
:107A400034C0FF3F24D1004002000100C4C01FE049
:107A5000FFFFFFFEF1D906441000020064000100A0
:107A60000000D0070000C80000006019A6480068A8
:107A7000002801D001A07047C748704747505320E5
:107A80004F4E00475053204F4E00475053204F4E0B
:107A90000047505320C2CACB0000000000A070472E
:107AA0006261636B006261636B006261636B00ED36
:107AB000E0E7E0E40000000000A070476C696E6B36
:107AC000006C696E6B006C696E6B00F1E2FFE7FCA5
:107AD0000000000000208C490968002902D1C0463E
:107AE0000BA07047AD490968002906D0022909D0CA
:107AF00006D304290AD007D37047C04608A07047B0
:107B00000DA0704712A0704717A070471CA07047C7
:107B10006F6E006F6E006F6E00E2EAEB0000000017
:107B200067706767610067706767610067706767A4
:107B300061006770676761006770677361006770F5
:107B400067736100677067736100677067736100D6
:107B50006770677376006770677376006770677326
:107B600076006770677376006770726D6300677088
:107B7000726D63006770726D63006770726D630091
:107B8000636F6D6D6F6E00636F6D6D6F6E00636F11
:107B90006D6D6F6E00EEE1F9E8E5000000A0704742
:107BA0006D656E75006D656E75006D656E7500ECCA
:107BB000E5EDFE00002079490860704700B581B00E
:107BC000FA20800009F072F808F0C8FD012001B029
:107BD00008BC184700B581B008F0EAFD012001B0EB
:107BE00008BC184700B581B0A94808F092FD0120F3
:107BF00001B008BC184700B581B0F9F7CCFA0120F4
:107C000001B008BC184700B581B03F4800680028A3
:107C100002D1FFF7AFFD07E060480168491C016031
:107C2000052901DB0021016008F098FD012001B069
:107C300008BC184700B581B0964809F0A7F80120A4
:107C400001B008BC18470120704700B581B000F0B2
:107C50000AF8012001B008BC184701207047012034
:107C600070470020704700B581B08B48FAF783F861
:107C70006E23F02235210020F9F796FF0021002025
:107C8000FAF730F802210120FAF726F80020FAF777
:107C90001DF80020FAF713F88048F9F782FF8048B2
:107CA000FAF724F80120FAF751FFF9F7DDFF16483B
:107CB000C2494158002901D0C1481DE00068002890
:107CC00019D036480068002806D002280AD006D30A
:107CD00004280DD009D311E000F06AF80EE000F09E
:107CE000FBF80BE000F0A0F908E000F05FFA05E017
:107CF00000F0B2FA02E0B348F9F721FD0020FAF7EC
:107D000025FF01B008BC184724D10040F0B585B06C
:107D100004000D0016001F000022002314F016FDC1
:107D200003D20A9F802000064540049620002900C7
:107D300014F02AFD060014F073FF02000B0020006F
:107D4000290014F049FE00229F4B14F049FD13F066
:107D50005DFB050014F042FF040003A8077000213A
:107D600041700290200013F0CBFB0100280014F0BA
:107D700001FB964914F058FA13F08CFB0090019126
:107D80002300320006A1049813F00EF9049805B000
:107D9000F0BC08BC18470000ECBA020080E90040C3
:107DA0002564B0256427252E3266272720257300F9
:107DB00030B591B08648F9F7C2FC864CDB208000D4
:107DC000201814F05FFF532200924E230BAAFFF7F6
:107DD0009DFF0200804901A813F0E6F801A8F9F719
:107DE00007FDDD208000201814F04CFF5722009280
:107DF00045230BAAFFF78AFF0200D04901A813F020
:107E0000D3F801A8F9F7F4FCDF20800025182868D2
:107E100013F040FB02000B007BA101A813F0C4F893
:107E200001A8F9F7E5FC686813F034FB02000B00C9
:107E30001CA101A813F0B8F801A8F9F7D9FCA868AB
:107E400013F028FB02000B0019A101A813F0ACF8F5
:107E500001A8F9F7CDFCFF202A30225C17A101A868
:107E600013F0A2F801A8F9F7C3FCB54C207800285C
:107E700006D0C04614A0F9F7BBFC0020207002E039
:107E8000B0A0F9F7B5FC11B030BC08BC1847000031
:107E90001432030024BD0200003F3F000100010036
:107EA0004C1602005370643D252E32660D00000012
:107EB0004469723D252E32660D00000053617473D3
:107EC0003D25640D000000005265636569766520FC
:107ED0004572726F7200000010B590B03FA0F9F7C4
:107EE00087FC3C4C8A204000201881780091437820
:107EF0000278CE4901A813F057F801A8F9F778FCE9
:107F00008C2040002418532000904E230BAA03CC51
:107F1000083CFFF7FBFE02002F4901A813F044F8CC
:107F200001A8F9F765FC5720009045230BAA200013
:107F3000083003C8FFF7EAFE0200804901A813F0E9
:107F400033F801A8F9F754FC227CC04625A101A80A
:107F500013F02AF801A8F9F74BFC627C25A101A8CF
:107F600013F022F801A8F9F743FC2000183003C8E9
:107F700013F04CFA13F08EFA02000B007DA101A859
:107F800013F012F801A8F9F733FC200020300CC8D8
:107F90001DA101A813F008F801A8F9F729FC200099
:107FA00038300CC81BA101A812F0FEFF01A8F9F798
:107FB0001FFC10B010BC08BC184700009C04000057
:107FC00010BB020054BB020000004E400000704293
:107FD0007CBB020060DA00405C84000047504747E9
:107FE000413A0D004750535175616C6974793D25D4
:107FF000750D00004E756D4F6653617473496E5573
:1080000073653D25750D0000416C743D252E32666B
:108010000D000000566572742073706565643D251F
:108020002E32660D0000000030B58DB046A0F9F785
:10803000DFFBC94C01A88A214900615C0170002165
:10804000417001AA42A102A812F0AEFF02A8F9F7FE
:10805000CFFBFF205A30225C40A102A812F0A4FFFF
:1080600002A8F9F7C5FBC4204000251803CD083D40
:1080700013F0CCF913F00EFA02000B003AA102A89B
:1080800012F092FF02A8F9F7B3FB2800083003C8EA
:1080900013F0BCF913F0FEF902000B0035A102A8A1
:1080A00012F082FF02A8F9F7A3FB2800103003C8E2
:1080B00013F0ACF913F0EEF902000B0030A102A8A6
:1080C00012F072FF02A8F9F793FBC0462FA0F9F750
:1080D0008FFBC04632A5AD2040002418A088009038
:1080E00063882288290002A812F05EFF02A8F9F72F
:1080F0007FFB608900902389E288290002A812F0A2
:1081000053FF02A8F9F774FB208A0090E389A28943
:10811000290002A812F048FF02A8F9F769FBE08ADB
:108120000090A38A628A290002A812F03DFF02A8EB
:10813000F9F75EFB0DB030BC08BC18476484000042
:1081400084D500400D00000047504753413A0D00D0
:108150004D6F64653D25730D000000004669784D44
:108160006F64653D25750D0050444F503D252E33FD
:10817000660D000048444F503D252E33660D00002B
:1081800056444F503D252E33660D000053617473E5
:10819000496E536F6C7574696F6E3D0D0000000081
:1081A00025752C2025752C2025750D00F0B58BB07C
:1081B00001210120F9F790FD674CD32040002718DA
:1081C0003A88C0461AA101A812F0EEFE01A8F9F7FC
:1081D0000FFB0025D42040002418C04618A638887C
:1081E00000280FD06088009063682288310001A8C1
:1081F00012F0DAFE01A8F9F7FBFA6D1C0C3438888E
:108200008542EFDB9FA001A91CC81CC10CC80CC192
:108210000C2D06DA0C20441B01A8F9F7E9FA641EBC
:10822000FAD10BB0F0BC08BC184700006C84000009
:1082300047504753563A20536174733D25750000EB
:108240000D69643D25752C20757365643D25752C7D
:108250002073713D2575000030B591B08EA0F9F7FF
:10826000C7FA3D4CC82080002518A87800906B788C
:108270002A78C0467DA102A812F096FE02A8F9F75E
:10828000B7FAD220800024182078009063786288A2
:1082900083A102A812F088FE02A8F9F7A9FA5320D8
:1082A00000904E230CAA2800083003C8FFF72EFDCB
:1082B0000200C04669A102A812F076FE02A8F9F7F2
:1082C00097FA5720009045230CAA2800103003C8C5
:1082D000FFF71CFD0200C04662A102A812F064FE76
:1082E00002A8F9F785FA280018300CC871A102A875
:1082F00012F05AFE02A8F9F77BFA280020300CC8C9
:1083000071A102A812F050FE02A8F9F771FA20003C
:1083100008300CC870A102A812F046FE02A8F9F7B6
:1083200067FA01A8E97801700021417001AAC046EE
:108330006CA102A812F038FE02A8F9F759FA11B0A0
:1083400030BC08BC184700B581B0364808F0E1F9E8
:1083500001B008BC1847000060DA004000B581B0E9
:10836000FFF727FB012001B008BC184700B581B01A
:10837000FFF70AFB012001B008BC184700B581B027
:10838000FFF7D6FA012001B008BC184700B581B04C
:10839000FFF7AFFA012001B008BC18472248C168B6
:1083A0002248234A914205D0521C914201D13030DB
:1083B0007047643070471C480068002800D01D4892
:1083C000704719480068002800D01B4870471648BD
:1083D0000068002800D0194870471348006800283A
:1083E00000D017487047000000B581B00E48C16842
:1083F000144A531E994204D0914201D1921E00E0CA
:108400001A00C2603EA1C0463AA004F007FB00205B
:1084100001B008BC184704480068002800D00A488A
:1084200070470000C8BD020024D10040B4BB020068
:108430000100010048BC020078BC0200A0BC0200A0
:10844000D0BC020002000100FCBC020000B581B0FB
:10845000FFF784F9012001B008BC18474C61743D56
:1084600025730D004C6F6E3D25730D00436C6F63DB
:108470006B3D253032753A253032753A25303275EC
:108480000D0000000D69643D2D2C20757365643D61
:108490002D2C2073713D2D004750524D433A0D0055
:1084A000446174653D25753A253032753A25303280
:1084B000750D000047726F756E642073706565649A
:1084C0003D252E32660D0000436F757273653D25A4
:1084D0002E32660D000000004D61675661723D2529
:1084E000660D00004461746156616C69643D2573DA
:1084F0000D000000475053436F6E74726F6C0000A4
:108500006770735F737461746500000008B4024B98
:108510009C4608BC6047C04610DB010000B581B036
:108520007A487B490968091D01650021794A815013
:10853000794A8218516011608022D20002620122C1
:10854000C264764A82621422C2628161102303638C
:10855000C1614263802343621A2303641823436486
:1085600082646F4BC1540322426001606D4A8218DD
:108570001160516011617821D160916096216A4A41
:10858000801812F093FC01B008BC1847F0B581B018
:1085900066A16748FDF7A0FB0600664C002E65D07B
:1085A000654F5A4D102000902B000833634A390064
:1085B000300003F087FEA04258D02B002C33604AD5
:1085C0003900300003F038FEA0424FD02B00283392
:1085D0005C4A3900300003F02FFEA04246D02B0049
:1085E0003433594A3900300003F026FEA0423DD012
:1085F0002B004C33554A3900300003F01DFEA042D9
:1086000034D02B004033524A3900300003F014FEBE
:10861000A0422BD02B0044334E4A3900300003F0E7
:108620000BFEA04222D02B0048334B4A39003000C9
:1086300003F002FEA04219D02B003033474A390024
:10864000300003F0F9FDA04210D02B1D444A390040
:10865000300003F0F1FDA04208D042482B18C54A73
:108660003900300003F0E8FDA04201D1200000E015
:10867000002001B0F0BC08BC1847F0B581B006007E
:108680000D00140029A12A48FDF726FB070005D19B
:10869000964B822296499748F8F7CAFF23002A0092
:1086A0003100380003F0EAFD2249884201D0012060
:1086B00000E0002001B0F0BC08BC1847F0B581B064
:1086C00006000D00140019A11948FDF705FB07006D
:1086D0000CD1A948854B9722D421890041188C469A
:1086E000C821890040186146F8F7A2FF23002A003C
:1086F0003100380003F07EFFC749884201D00120D5
:1087000000E0002001B0F0BC08BC184700000040A9
:1087100048970040F8520000F8490000B80B0000EC
:10872000F752000094530000FC520000696E69008B
:1087300058D602000540008064D6020074D60200BC
:1087400084D6020090D602009CD60200B0D6020069
:10875000C0D60200D8D60200F0D6020004D702002C
:1087600018D70200A0530000F0B58FB083A1844851
:10877000FDF7B2FA040021D0824DA84BA84A290087
:1087800003F05AFDA449884218D0A64BA64A2900F6
:10879000200003F051FDA04988420FD0A348806912
:1087A00029280BDA0020A24F049403900DE0012148
:1087B000016000200FB0F0BC08BC18479648F9E7EC
:1087C00004950398401C0390A43798480399826944
:1087D0009142ECDA4A1C974908A812F0E5FB8E4C4E
:1087E0000B2000900BAB94A208A9049803F06AFD3B
:1087F000A042E3D00BA80078B8722D210BA815F089
:1088000093F90028DAD0451C2D21280015F08CF9A9
:108810000400D3D0661B052ED0DC0521380013F0F0
:10882000E3F932002900380012F046FC641C2000F5
:1088300012F016FC0500052DC0DC0521781D13F093
:10884000D3F92A002100781D12F036FC72480090FE
:1088500002AB7AA208A9049803F0EEFC00998842C2
:10886000ACD002981128A9DA38730026A2217E54D0
:108870003C003234049D02988642A1DA761C320014
:108880006F4905A812F090FB01AB05AA08A92800C2
:1088900003F0D2FC0099884290D001982100203941
:1088A00008803200674905A812F07EFB01AB05AADB
:1088B00008A9280003F0C0FC0099884200D17DE798
:1088C000019820803200604905A812F06DFB01ABD1
:1088D00005AA08A9280003F0AFFC0099884200D13E
:1088E0006CE701982084A41CC5E700005CD7020057
:1088F0003CD702002CC10200F0B5544CF6204000D9
:108900002058002833D09F200001205800282ED066
:10891000464D286AC10F08184610323E70002018D4
:10892000F8214900475AC831405AC11B1FD0C820FE
:10893000C00112F041FC4649691848603202784390
:10894000101A0860286A41006118424A8A5A803227
:108950001212821A4010904205DAF82040002018C6
:108960005100405A02E0F7204000085AA862F0BCCB
:1089700008BC184724D702000CBE02006C696200D4
:108980000800004074D7020070B40100274A304844
:10899000101843684B4300681818001201D50020D6
:1089A00003E0136A984200DB581E284CF8235B0052
:1089B000E31845005D5BA94208DA42009A18148862
:1089C000A14211DA00280FD0401EF6E74300E31859
:1089D000F7256D005B195D888D4210DA166A761EE8
:1089E000B0420CDA401CF1E753885B1A00D55B42B9
:1089F000091B00D549428B420BDA401C09E06A1A78
:108A000000D552421B88C91A00D549428A4200DB70
:108A1000401E70BC7047000005400080543000408C
:108A20007CD702001800004088D7020000000040F8
:108A30005830004090D702004E0000004C6E0000FD
:108A400098D70200A0D70200A8D70200A853004080
:108A5000F8490000F209000010B400211548424A0C
:108A600083188269914222DA00241C57002C1BD003
:108A7000491C91421BDAA4241C57002C14D0491C19
:108A8000914214DAA42464001C57002C0CD0491C19
:108A900091420CDAF62464001C57002C04D0491CC7
:108AA000A424A4001B19DDE70121304A815010BC29
:108AB000704700000000004070B582B0282803DA3B
:108AC0002B4A9369984202DB0020C04338E0A4237C
:108AD000584315182748281801228256012A01D028
:108AE00000202DE00E00007830702D2070700024E2
:108AF000B470052220482918300015F027F8052207
:108B00001EA1300015F022F805221D48291830005A
:108B100015F01CF805221BA1300015F017F8684667
:108B20001949695C30310170447005226946300092
:108B300015F00CF8052215A1300015F007F80120FA
:108B400002B070BC08BC184710B5094C96211048FB
:108B5000201812F0ABF90F48201800210160416085
:108B6000016110BC08BC184763300000A45300002A
:108B70000000004062300000583000002D0000006E
:108B80005D3000005B000000FA3000005D3B20001B
:108B9000FC52000094530000F0B5BFB0040031A8AF
:108BA0009E493822FBF72AFF25A89D493022FBF772
:108BB00025FF0FA89B492822FBF720FF06A89A490A
:108BC0002422FBF71BFF1AA8BC492C22FBF716FF37
:108BD000BBA0002C02D031A8F8F79EFD0022002691
:108BE0000027B84BB8495918B84D5D190395B84DD1
:108BF0005B1901930294049005920C0023E0BE4996
:108C0000019812F0F7FF0522BCA1019814F09EFF15
:108C1000A220205C30306946087000204870052290
:108C2000019814F093FF0522B5A1019814F08EFF6E
:108C3000761C03980068401C039908600120039982
:108C400048607F1CA4349F488069874201DB00F0A4
:108C5000B1FD0B2020560128F3D1A07A4928F0D18C
:108C6000984D96210091019812F0FAF90099081A8E
:108C70000C2801D200F09EFD002E09D193482858FF
:108C8000002803DDB2A1019812F0B4FF049901E0BD
:108C900003DDB9A1019812F0ADFF0298002860D061
:108CA000B6A1200012F0A0F9002801D1B449A7E72D
:108CB000B4A1200012F098F9002805D0BBA1200033
:108CC00012F092F9002801D1B94999E7B9A1200021
:108CD00012F08AF9002801D1B74991E7B7A1200025
:108CE00012F082F9002801D1B4A189E7B4A12000D3
:108CF00012F07AF9002801D1B1A181E7B1A12000D9
:108D000012F072F900280AD19625019812F0A8F9FC
:108D1000281A1B2801D200F05FFDAB4970E7ABA118
:108D2000200012F061F900280AD19625019812F06E
:108D300097F9281A152801D200F04EFDA4495FE7E3
:108D4000A4A1200012F050F9002842D196250198E4
:108D500012F086F9281A1B2801D800F03DFDBF4902
:108D60004EE79CA1200012F03FF900283CD0059866
:108D700000281ED1207855281BD1E079352801D054
:108D8000382816D101200590E86BB94912F026FB6E
:108D900001D2B8A134E7B84912F020FB01D2B7A143
:108DA0002EE7B74912F01AFB01D2B6A128E7B6A107
:108DB00026E774A1200012F017F9002801D1B34969
:108DC0001EE77AA1200012F00FF9002801D1C24954
:108DD00016E70522611D019814F0B8FE0522210056
:108DE000019814F0B3FE0EE79625019812F038F9B9
:108DF000281A0A2800D302E7029C31A500F0E2FC01
:108E0000002100260027B5480590B54A0392B54ACF
:108E1000019202940495199104002BE080C1020094
:108E2000B8C10200E8C1020010C202003249019834
:108E300012F0E0FE052231A1019814F087FEA22075
:108E4000205C303069460870002048700522019887
:108E500014F07CFE05222AA1019814F077FE761CFE
:108E600003980068401C039908600120039948603A
:108E70007F1CA434134DA869874201DB00F0AEFCCF
:108E80000B2020560128F3D1A07A4D28F0D196214D
:108E90000091019812F0E4F80099081A0C2801D208
:108EA00000F09CFC002E15D108482858002803DD4E
:108EB00027A1019812F09EFE04990DE034C2020031
:108EC00000000000000000405830000094530000F3
:108ED000FC52000003DD28A1019812F08BFE0298DD
:108EE000002800D189E025A1200012F07DF800289B
:108EF00008D123499BE7C04614D80200205B00003C
:108F00005D0000001FA1200012F06EF8002805D0BF
:108F100026A1200012F068F8002801D1244986E734
:108F200024A1200012F060F8002801D122497EE738
:108F300022A1200012F058F8002801D11FA176E7E5
:108F40001FA1200012F050F8002803D11CA16EE7E9
:108F50000D0000001BA1200012F046F8002813D1DC
:108F60009625019812F07CF8281A1B2801D200F0EF
:108F700046FC15495BE7C046200000005500000094
:108F8000B0D702005750750010A1200012F02CF845
:108F9000002821D19625019812F062F8281A152888
:108FA00001D200F02CFC0A4941E7C046525075003E
:108FB000B8D702004E700000C4D702005468000009
:108FC0005261000046000000D0D70200537200003A
:108FD000E8D7020048000000ADA1200012F004F81C
:108FE000002855D19625019812F03AF8281A1B2826
:108FF00001D800F004FC194919E7A5A1200011F0DF
:10900000F3FF00284FD0199800281ED1207855284A
:109010001BD1E079352801D0382816D101201990CC
:10902000E86B134912F0DAF901D212A1FFE61249F6
:1090300012F0D4F901D211A1F9E6114912F0CEF9DA
:1090400001D210A1F3E610A1F1E6ACA1200011F0CD
:10905000CBFF002804D10D49E9E6C046F8D702004D
:10906000A7A1200011F0C0FF002811D11A49DEE6A7
:10907000B91E053F445500001F856B3F4E5500004B
:109080000100A0414C4555004845550024D8020038
:109090000522611D019814F059FD05222100019857
:1090A00014F054FDC6E69625019811F0D9FF281A50
:1090B0000A2800D3BAE6029C92A597E30021002675
:1090C00000270598064A0392064A019202940495E5
:1090D000199104002CE0C04634D8020058300040FA
:1090E00094530040FC520040BA49019812F082FDAE
:1090F0000522B9A1019814F029FDA220205C30308E
:1091000069460870002048700522019814F01EFD81
:109110000522B2A1019814F019FD761C039800688D
:10912000401C039908600120039948607F1CA43407
:10913000AB4DA869874200DB63E30B202056012872
:10914000F4D1A07A5528F1D196210091019811F01F
:1091500087FF0099081A0C2800D252E3002E09D18B
:10916000B4482858002803DDB3A1019812F042FD4D
:10917000049901E003DDB1A1019812F03BFD0298D2
:1091800000285DD0B6A1200011F02EFF002801D1EB
:10919000B449AAE759A1200011F026FF002805D004
:1091A00057A1200011F020FF002801D1AE499CE713
:1091B000AEA1200011F018FF002801D1AC4994E7BE
:1091C000ACA1200011F010FF002801D1A9A18CE76B
:1091D000A9A1200011F008FF002801D1A6A184E771
:1091E000BBA1200011F000FF002809D196250198AD
:1091F00011F036FF281A1B2800D213E3B84974E790
:10920000B8A1200011F0F0FE002809D196250198A0
:1092100011F026FF281A152800D203E3B64964E7A7
:109220001BA1200011F0E0FE002843D196250198F3
:1092300011F016FF281A1B2800D8F3E2B74954E7AB
:1092400013A1200011F0D0FE00283ED0199800286C
:1092500020D1207855281DD1E079352801D0382833
:1092600018D101201990E86BAD4912F0B7F801D27E
:10927000ACA13AE7AC4912F0B1F801D2ABA134E7A6
:10928000AB4912F0ABF801D2BCA12EE7BCA12CE790
:109290004800000019A1200011F0A6FE002801D10D
:1092A000B84922E716A1200011F09EFE002801D146
:1092B000B5491AE70522611D019814F047FC052203
:1092C0002100019814F042FC12E79625019811F054
:1092D000C7FE281A0A2800D306E7029C09A598E2CF
:1092E0000021002600270598A84A0392A84A019267
:1092F00002940495199104002AE0C0465750750065
:1093000052507500000000003249019812F072FCC2
:10931000052231A1019814F019FCA220205C303004
:1093200069460870002048700522019814F00EFC70
:1093300005222AA1019814F009FC761C0398006804
:10934000401C039908600120039948607F1CA434E5
:10935000234DA869874200DB66E20B2020560128D6
:10936000F4D1A07A4E28F1D196210091019811F004
:1093700077FE0099081A0C2800D255E2002E09D178
:109380002C482858002803DD2BA1019812F032FC4C
:10939000049901E003DD29A1019812F02BFC029849
:1093A000002800D17AE02EA1200011F01DFE002837
:1093B00001D12C49A9E7B9A1200011F015FE002820
:1093C00005D0B7A1200011F00FFE00280AD12649D0
:1093D0009BE7C04614D80200205B00005D0000003F
:1093E0000000004021A1200011F0FEFD002801D165
:1093F0001F498AE71FA1200011F0F6FD002801D1C6
:109400001CA182E71CA1200011F0EEFD002801D173
:1094100019A17AE72EA1200011F0E6FD00280FD156
:109420009625019811F01CFE281A1B2800D20CE288
:109430002B496AE7945300000D0000002000000053
:1094400028A1200011F0D0FD002817D19625019801
:1094500011F006FE281A152800D2F6E1264954E735
:1094600055000000B0D70200B8D702004E700000CF
:10947000C4D702005468000052610000B2A120006D
:1094800011F0B2FD002855D19625019811F0E8FDA4
:10949000281A1B2800D8D8E1204936E7AAA12000C5
:1094A00011F0A2FD002850D01998002826D120786C
:1094B000552823D1E079352801D038281ED1012044
:1094C0001990E86B164911F089FF03D215A11CE72A
:1094D00046000000144911F081FF05D213A114E7E2
:1094E000D0D7020053720000114911F077FF01D26A
:1094F00022A10AE722A108E7E8D7020067A120001D
:1095000011F072FD002801D11E49FEE664A1200081
:1095100011F06AFD00280DD11B49F6E6F8D70200CC
:10952000B91E053F445500001F856B3F4E55000096
:109530000100A0410522611D019814F007FB0522DE
:109540002100019814F002FBE2E69625019811F043
:1095500087FD281A0A2800D3D6E6029C94A56BE161
:109560000021002600270598084A0392084A019224
:10957000029404950591040038E0C0464C4555001E
:109580004845550024D8020034D8020094530040C6
:10959000FC5200409625019811F062FD281A0A2815
:1095A00000D254E1AD49019812F024FB0522ACA190
:1095B000019814F0CBFAA220205C30306946087084
:1095C000002048700522019814F0C0FA0522A5A1D8
:1095D000019814F0BBFA761C03980068401C0399AC
:1095E00008600120039948607F1CA4349E4DA8693F
:1095F000874200DB2BE10B2020560128F4D1A07A12
:109600005028F1D196210091019811F029FD00997F
:10961000081A0C2800D21AE1002E09D193482858C4
:10962000002803DD92A1019812F0E4FA049901E008
:1096300003DD90A1019812F0DDFA0298002861D0B4
:109640008DA1200011F0D0FC002801D18B49AAE7A0
:1096500012A1200011F0C8FC002805D010A12000A4
:1096600011F0C2FC002801D185499CE785A12000AA
:1096700011F0BAFC002801D1834994E783A12000AE
:1096800011F0B2FC002801D180A18CE780A120005C
:1096900011F0AAFC002805D17DA184E75750750080
:1096A000525075007BA1200011F09EFC002809D1CA
:1096B0009625019811F0D4FC281A1B2800D2C6E088
:1096C000754970E775A1200011F08EFC002809D1C2
:1096D0009625019811F0C4FC281A152800D2B6E08E
:1096E000A44960E718A1200011F07EFC002845D1B4
:1096F0009625019811F0B4FC281A1B2800D8A6E082
:109700009D4950E710A1200011F06EFC002800D107
:1097100040E70598002821D1207855281ED1E0790E
:10972000352801D0382819D101200590E86BAC49C3
:1097300011F054FE01D2ABA135E7AB4911F04EFE5A
:1097400004D2AAA12FE7C04648000000A84911F0A2
:1097500045FE01D2A7A126E7A7A124E7A7A12000E3
:1097600011F042FC002801D1A5491CE7A5A1200069
:1097700011F03AFC002801D1A34914E70522611D2C
:10978000019814F0E3F905222100019814F0DEF9A4
:109790000CE74068002806D19C48F7F7BDFF0100A0
:1097A000019812F027FA3FB0F0BC08BC1847C04639
:1097B00000000000029C96A5002C03D025A8F7F716
:1097C000ABFF05009626934811F04AFC301A052895
:1097D00001D3FFF715FBE6E7029CEFE7029C8CA59F
:1097E000002C03D00FA8F7F797FF050096268948AD
:1097F00011F036FC301A052800D35FE4D3E7029C51
:10980000F0E7029C82A5002C03D006A8F7F784FF9E
:10981000050096267F4811F023FC301A052800D356
:109820005EE5C0E7029CF0E7029C79A5002C03D01E
:109830001AA8F7F771FF05009626764811F010FC7C
:10984000301A052800D38BE6ADE7029CF0E772489A
:10985000016900299DD0C1489FE7000014D802008B
:10986000205B00005D0000000000004094530000F9
:109870000D0000002000000055000000B0D70200DD
:10988000B8D702004E700000C4D702005468000030
:109890005261000046000000D0D702005372000061
:1098A000F0B581B00700AE4DAE482858AE4C011D52
:1098B00021650088AD496050F620400028580028F6
:1098C00007D09F2000012858002802D020680028D7
:1098D00013D1A74826189621300011F0E7FAA548C1
:1098E00020180021016041600161A348F7F714FFCF
:1098F0000100300012F07EF92FE008F04BFE9621B7
:109900009B48201811F0D2FA00269A482650E06AA7
:10991000FFF73AF8E06100F081F809219748201834
:1099200000F02EF980225201944821182000543072
:10993000FBF764F800F078FA00F078FD0021C943E5
:10994000884200D101268B4820180661FFF784F871
:109950003800FFF721F908F059FE962284482118B3
:1099600080482858BF4BC01811F0A6FB01B0F0BCCE
:1099700008BC1847E8D70200F8D7020030B581B01C
:109980007748F62149004158002908D09F21090154
:109990004058002803D0744C2068002801D10020D2
:1099A00019E008F0F7FDE06AFEF7EEFFE06100F075
:1099B00035F8724825180921280000F0E1F88022C6
:1099C0005201290020005430FBF718F800F02CFA5F
:1099D00008F01CFE012001B030BC08BC1847000094
:1099E000B91E053F445500001F856B3F4E550000D2
:1099F0000100A0414C4555004845550057507500A1
:109A000024D802005250750034D80200B0C20200BF
:109A100000000000FC52004094530040F0B58BB0B1
:109A20000020914A0A92504A126A002A00DC90E013
:109A3000019005904A480199490040188B49415AC4
:109A40004948006B4843803084120598001B009001
:109A500008D5454801998900401800214165844A8C
:109A600081506BE09620000211F0A6FB21004143DB
:109A70000291414204910020002108AA03C206AAD3
:109A800003C26000401C0390029C039F009E049D43
:109A9000C8208000844206DB764BA32292007649E0
:109AA0000A98F7F7C5FD039700960495029473484A
:109AB0000299445600988021C90088422ADAE517A5
:109AC00020002900284A126D009B9B00D258D31712
:109AD00013F006FA009A521C009208AA0CCA121837
:109AE0004B4108AE0CC606AAC0CA22002B0013F0D8
:109AF000F7F98019794106AA03C20398401E039022
:109B000008D00298049940180290BDD10800414243
:109B10000491CCE708A80CC806A803C8124C019D04
:109B2000AD006619120A1C0622430024A41A7465AB
:109B3000000C0A041043401C4D4970500198401C11
:109B400001900598401C05900749096A884200DA8F
:109B500070E70BB0F0BC08BC1847000060C2020000
:109B6000A8530040A043000000000040F85200004D
:109B7000FC52000094530000F8C202005410000090
:109B8000F0B587B000230026F643039602930193B5
:109B90000093A14A0400069104930593039D019F3D
:109BA00003922FE0954207DA049ABF1A6D1C019ABE
:109BB000954201DA059ABF1A8E420DDA029A002AFE
:109BC0000AD18A00030054339B58FF18761C8E423A
:109BD00002DA8218126DBF180E00019D049A0592D8
:109BE0005430AA00805804903800019A891A491C00
:109BF00011F0E2FA2060241D0098401C00900398A8
:109C0000801C03908548026A0098904226DA0398E7
:109C1000008880300699084100D101200099091A76
:109C20000191009909180198002801D50020E1E769
:109C30007A48914202DB511E01220292002D019AC4
:109C4000B0D59142C8DB0300543395005B191D6801
:109C50007F19521C1B1D9142BEDBF8E707B0F0BC18
:109C600008BC1847341000002CC10200F4090000A1
:109C7000542000005CD8020044D802000CBE020050
:109C8000F4B584B007000A00002400946448510031
:109C900040186449405A0190604B996C4843410018
:109CA0000818C10F081840100DF0FEF98030C611D9
:109CB0005B4851004018F8214900455AFA2D03DA53
:109CC0007010F107C90F4618002E00D10126029727
:109CD000186C41000818C10F08184010019948433A
:109CE0000DF0E2F980300712586C41000818C10FDE
:109CF00008184010019948430DF0D6F98030001241
:109D00000299511A01910499411A891800D54942C2
:109D1000B1427BDA0199791A00D54942B1421BDA86
:109D200019005431029EB6008919FA2D09DB0D681D
:109D3000012D1ADB1D005435049EB600AD59012DCE
:109D400013DB0968012961DA19005431049DAD0063
:109D5000495901295ADA08E0D11B00D500211D001C
:109D6000543589006958012950DA01210091DD69D3
:109D7000AA421EDA196D9300CD58002D45D0101857
:109D800080000858281A11F0BBFB002111F0B6FF23
:109D90003BD2010012F048FA0600681C11F0B0FB3B
:109DA0000100300012F05EF9AA4911F017FB2DD224
:109DB0002BE0DD6C002D29D07D1000D1012586100F
:109DC00000D10126501B91191A6A914200DB511EE5
:109DD0001A6D8300D218814218DB1368012B14DB43
:109DE000401C814212DB5368012B0EDB401C814278
:109DF0000CDB9368012B08DB401C814206DBD36837
:109E0000012B02DB401C1032E5E70094009805B0FE
:109E1000F0BC08BC184700009C5D004000000040FA
:109E2000A8530040F4090000F0B58BB000208A4C24
:109E30008A4D6D6D04958A4E306001250095250090
:109E4000864E366A012E00DC98E003900290069060
:109E50000A900994009C0595804D0026059881493B
:109E600046500998001D099000680499411A049011
:109E700002D50020C04302E0012902DB0120069048
:109E800003E0286A401E844270DB06980A99401A53
:109E900006990A910399002902D1012866DB63E043
:109EA0000299002906D10121C94388425ED1601E72
:109EB00002905BE0611A022805D0002856D1286A7A
:109EC000401E844252D1012950DD6748029A520057
:109ED0008018F8225200875A022942DD0298800039
:109EE00028180790406D0890686812F099FE00905D
:109EF000019107985D49405811F002FB11F0CAFA30
:109F000012F06CFB009A019B12F06AFC12F03CFC10
:109F1000A96AB94227DBFA2F01DD010000E0410008
:109F2000089A91421FDAC10F0818401011002A0048
:109F30005432039B9B00D258891A884213DA08993D
:109F4000059A1268891A88420DDA621E02990398EE
:109F5000FFF796FE002806D001200799C54A8850D1
:109F600001E0FA2F02DA0296601E0390641C059845
:109F7000001D0590286A844200DA6FE70BB0F0BC40
:109F800008BC184700B5384940000818F8214900B6
:109F9000425A3248406B5043091D40180AF0F2FF04
:109FA000062804DA222A01DA042000E0062008BC90
:109FB0001847F0B581B00400FEF7E6FC0500FFF796
:109FC000E1FF264EA900771854372118B26A914252
:109FD00004DA0800FEF7D8FC421B03E0201AFEF763
:109FE000D3FC2A1A78683968884226DA0021C943E6
:109FF000A81A00D12A0028001500002D25D08A00BB
:10A00000BC1823683E68B3421FDB40186D1E1CD08D
:10A01000A61834689C4218DB40186D1E15D0B6187F
:10A020003368A34211DB40186D1E0ED0B7183A6892
:10A030009A420ADB40186D1EDFE70121306AAB1837
:10A040008342D8D3421B521ED5E701B0F0BC08BCF6
:10A05000184700000000C8415400004000000040C4
:10A060005410004004100000A85300405420000089
:10A07000F0B58BB0804802900020029A10707F49A2
:10A080007F4A04900891069250E0062002990978D0
:10A09000490061187B4A8852039812F0B1FE06000D
:10A0A00070002F18388812F069FA050002980078BD
:10A0B000400021189422D20100920191788812F078
:10A0C0005DFA290012F056F90700300012F056FA36
:10A0D0000100039812F04EF9390012F0A5F829009A
:10A0E00012F0AAFE11F0D6F90022CA4B12F0EAFDD6
:10A0F00012F04AFB0199009A8852012002990978CE
:10A100006118614A885402980078401C02990870CE
:10A110000006000EFF2800D1A8E00498401C04901F
:10A120000698001D06900898801C0890BA48006A9E
:10A13000099004980999884200DB97E006988021ED
:10A14000490140580128E8DB06980068C10F08184B
:10A15000411000250024049E089800888030C0111A
:10A160000190474AB300D7180591079038680090CE
:10A17000002821D411F0C4F9010012F055F8039021
:10A18000290012F059FE0500300011F0B9F9010064
:10A19000039812F049F8210012F04EFE0400761EDA
:10A1A00005980099884207DA002E05D40798401ECA
:10A1B00007903F1F0128D9DA0598049E761C304984
:10A1C000B2008F18059038680090002822D411F052
:10A1D00097F9010012F028F80390290012F02CFEE4
:10A1E0000500300011F08CF90100039812F01CF802
:10A1F000210012F021FE0400761C05980099884287
:10A2000008DA0998864205DA0198401E01903F1D40
:10A210000128D8DA00952000290011F023FF0390CF
:10A220007D4C02980078800020187C49039A4250A7
:10A230007B48F82149004518039811F02BF90022BA
:10A24000744B12F03FFD12F09FFA40002A5A606BE7
:10A250005043FA21490040180AF094FE062800DB1A
:10A2600014E7222A00DB10E704200FE70BB0F0BC54
:10A2700008BC184754100000F75200409C5D004095
:10A2800054000040FE4B0000F8510000F0B587B0CC
:10A290000022C272C281028203009233050012358D
:10A2A000604C0694047B002C00D19FE00390009149
:10A2B00001920293002060216852285E56498A6A02
:10A2C000824202DBCA6A904203DA002028844022DC
:10A2D000A852554CFF20029A10700020069A12785E
:10A2E000002A76D004929422D2018E180127049974
:10A2F000394012D0285E0021715E401A00D54042DC
:10A300000002FF214900715E10F056FFA04202DA00
:10A310000400002000900120B61C049949082DD0AB
:10A32000059507000D0005980021405E0490715EC0
:10A33000401A00D540420002FF214900715E10F032
:10A340003BFFA04201DA040000977F1C0498022121
:10A35000715E401A00D540420002FF214900711889
:10A360000222895E10F028FFA04201DA0400009763
:10A370007F1C6D1E361D002DD5D1059DFF20801C34
:10A38000844226DA60216C520022039B92331E0025
:10A39000009801998A4239D2377887422AD0521CD4
:10A3A0008A4233D27778874224D0521C8A422DD2F7
:10A3B000B77887421ED0521C8A4227D2F77887424C
:10A3C00018D0521C361DE5E7FF20985400980299DA
:10A3D00008700198401C0190AD1C0298401C02902E
:10A3E00001980399097B884200D263E707B0F0BC6B
:10A3F00008BC184700900191039851004018722141
:10A40000405EA042E0DAFF200090DFE7009001917B
:10A41000DCE700000000E03F00000040FC4D0000D1
:10A42000A8530040F7520040FFFFFF0FF0B58FB078
:10A43000B849B94AB94B552400200025087010804E
:10A4400018604D70558058608D70958098600C3301
:10A45000921DC91C641EF1D1FFF70AFEB048059099
:10A460000078002800D0B0E0AE4A0021C943AE4BCE
:10A470009B69002B19D0D172A432401CAA4B9B6956
:10A48000984212D2D172A432401CA74B9C69A042C0
:10A490000BD2D172A432401C9C69A04205D2D17269
:10A4A000A432401C9B699842E5D3002001909D494D
:10A4B0009E4A0892984A06929B4A9269002A00D1C5
:10A4C00025E20291039002980B214056002800D506
:10A4D00073E1002002999231029A127B002A00D186
:10A4E0000AE2019C029E0490029102980078FF28E3
:10A4F0004FD08D4901228E4BC9180A543078552807
:10A5000047D1F079352801D0382851D1002C4FD1CE
:10A51000BA20FFF74EFD0500C048FFF74AFD824C08
:10A52000210054318000085810F0EAFF0700002194
:10A5300011F0E4FB00D33EE1B04B00910193200009
:10A540005430A900405810F0DBFF390011F08AFDAB
:10A5500010F0A0FF009A019BFDF7D8FF02000B004E
:10A56000A7A003C812F03CF902000B00A6A003C884
:10A5700012F0A8FB02000B000020A54912F030F9F0
:10A5800010F044FFA34911F0B9FB00D8481EE06366
:10A590000124307842280BD17078612808D1B07935
:10A5A000332805D1F079332802D1300000F02CFF98
:10A5B0000498401C04900298401C02900498317B3F
:10A5C000884292D30194029696E157488069002808
:10A5D00000D16AE7544F90497C18A2317E180028B8
:10A5E0000AD02000FFF752FE00203070A4346D1C0A
:10A5F000A436B8698542F4D30120029049480690F8
:10A60000ACE200200290484F069C0025B869002863
:10A610000FD000260B202056002804D1200000F087
:10A62000DBFB30430600A4346D1CB8698542F1D3CE
:10A630000296002037490791059A1278002A00D126
:10A6400029E2019C0490009100980078002800D134
:10A6500014E20698FF220021334B9B69002B00D1A6
:10A660000CE201940B23C356002B04D00124E443D5
:10A67000A34200D0B5E1002506009236049B047B7E
:10A68000A54200D3ACE137789F4200D1A2E16D1C16
:10A69000A54200D3A4E177789F4200D19AE16D1CD6
:10A6A000A54200D39CE1B7789F4200D192E16D1C96
:10A6B000A54200D394E1F4789C4200D18AE16D1C5C
:10A6C000361DDCE76A46D1560122D243914200D1C1
:10A6D000E4E2A4300899491C08911349089A896951
:10A6E0008A4200D316E26946C27A0A706A4600219D
:10A6F0005156002905D0002151560122D2439142E2
:10A70000E7D10899039A9142E3D001230B990022E3
:10A71000099317E0F8510040004A0040FC4D00400A
:10A72000F75200405830004000000040F85200400E
:10A73000F8510000491C099B002B00D18BE200E07E
:10A74000491C521C0A9B9A4200D380E20B78FF2BD3
:10A75000F0D0079CE45C002CECD00400923401257E
:10A7600009950026057BAE42EAD227789F4200D1A8
:10A7700071E2761CAE42E3D267789F4200D16AE272
:10A78000761CAE42DCD2A7789F4200D163E2761CF1
:10A79000AE42D5D2E5789D4200D15CE2241D761C04
:10A7A000E0E70698A422514340180121C1720291AA
:10A7B00000F078FABEE18548E9E60298007B0128BE
:10A7C00000D099E002981221405E002800D093E06A
:10A7D00005980078002836D0012821D1069800215C
:10A7E000405E7B49411800D549421C292BDB4E387D
:10A7F00000D54042062826DB7EE0C046D7A3E03FD6
:10A80000D9CEF753E3A59B3FDBF97E6ABC74A3BFA7
:10A81000000059400100B44258300000E903000034
:10A82000022869D106980221405E6949401800D586
:10A8300040421C2860DA06980021405E4E3800D560
:10A840004042062858DA0898006807901F2853D31A
:10A8500000260024AB48006A00283FDD0490A94888
:10A86000006D0090050004988707BF0F0BD0286883
:10A8700010F046FE310012F0DFFA0600641C7F1E65
:10A880002D1D002FF3D10498800827D00099A20035
:10A890008D1804002F68686810F032FE00903800B0
:10A8A00010F02EFE310012F0C7FA0100009812F0ED
:10A8B000C3FA0600AF68E86810F022FE0090380086
:10A8C00010F01EFE310012F0B7FA0100009812F0ED
:10A8D000B3FA0600641E1035002CDBD1079811F086
:10A8E0004DFE0100300011F0BDFB874911F006FA62
:10A8F00002D801200299C8720298A43002900398ED
:10A90000401C03907F498969884200D2DBE500F052
:10A91000D7FC002205980078002817D07B498407CF
:10A92000A40F05D00D785219641E491C002CF9D1D2
:10A9300083080BD00C7812194C7812198C781219E4
:10A94000CC7812195B1E091D002BF3D1824202D272
:10A950000020C04303E0401E8041C043C00F0FB041
:10A96000F0BC08BC1847A4300399491C0391654A00
:10A970009269914200D2F9E00298002800D040E6A6
:10A98000002205980078002800D18EE55D486049D6
:10A99000401800218154521C059B1B789A4200D319
:10A9A00083E58154521C059B1B789A4200D37CE5B9
:10A9B0008154521C059B1B789A4200D375E5815443
:10A9C000521C059800788242E0D36EE50000B44244
:10A9D0004BFAFFFF0493FF2A4FD10A00019500E0D4
:10A9E0000493A430491C474B9B69994200D239E635
:10A9F000019CFF2A42D00698A4214A438018610096
:10AA000002003232525A002A38D041185222895A52
:10AA1000012933DD0B2141560122D24391422DD031
:10AA20000021002500260200923203005233077BEA
:10AA3000002F1CD00194019CB4420DD01C88002C26
:10AA40000AD0012C00DD491C1478FF2C04D0079F8C
:10AA50003C5D002C00D06D1C761C9B1C521C047BA2
:10AA6000A642E8D3019C002901D0002D06D0012187
:10AA7000C172029100F016F900E0019C0498401C9C
:10AA800004900098401C0090049805990978884229
:10AA900000D2D9E50194029800284BD10021194831
:10AAA0008069002846D00698049004980B228056AE
:10AAB000002837D10120019000220020049B92330E
:10AAC0000B93049C5234049D2D7B0A95002D11D0CC
:10AAD0001D78FF2D08D0079E755D002D04D0521CF7
:10AAE0002588002D00D0521C401CA41C5B1C0A9D14
:10AAF000A842EDD306980023039108930D930C927E
:10AB0000EBE5C0460000004001007A44F8510040E7
:10AB1000F851000003990D980C9A042A02DB0028D2
:10AB200000D03EE6491C0498A43004906248806935
:10AB30008142BAD30699002000225F4B9B69002B0B
:10AB40000CD00B23CB560124E443A34200D1C8729E
:10AB5000A431521C584B9B699A42F2D306980021AB
:10AB6000554A9269002A00D106E703910B2141560C
:10AB7000002900D0F7E6017B00910023002962D074
:10AB80000100923102003232009CA507AD0F13D0B4
:10AB90000C78FF2C0AD0168C002E07D01688002EB9
:10ABA00004D0884E345D002C00D0DCE65B1C6D1EAA
:10ABB000921C491C002DEBD10099890843D002005A
:10ABC0009232D218040032345B00E3181778FF2F5A
:10ABD0000AD01C8C002C07D01C88002C04D0794C87
:10ABE000E45D002C00D0BEE65678FF2E0AD05D8CC6
:10ABF000002D07D05D88002D04D0724CA45D002C80
:10AC000000D0B0E69778FF2F0AD09C8C002C07D09C
:10AC10009C88002C04D06B4CE45D002C00D0A2E694
:10AC2000D678FF2E0AD0DD8C002D07D0DD88002DD0
:10AC300004D0644CA45D002C00D094E6491E083377
:10AC4000121D0029C2D10021C943C1728BE60999A6
:10AC5000002900D03DE501210D91002300210022B3
:10AC60000500923504005234067B0996002E11D05F
:10AC70002E78FF2E08D0079FBE5D002E04D0491C01
:10AC80002688002E00D0491C521CA41C6D1C099E55
:10AC9000B242EDD30C9A914200DA13E50399019385
:10ACA00040E70000F0B587B00026010092310200B5
:10ACB0003232014B050004E000000040761C921C7B
:10ACC000491C287B864278D20878FF28F6D03F4C72
:10ACD0001C19241820780028F0D010880028EDD006
:10ACE000178C002FEAD00190280012307100405ECE
:10ACF000FFF75FF936498000085810F001FC872102
:10AD0000C90511F091FA002121700400019810F09A
:10AD1000F7FB8721C90511F087FA3200FF2A4CD0D2
:10AD200000262B009233290012312F7B002F44D0B4
:10AD300005950494039002921D000C00029886422F
:10AD400034D02878FF2831D01F4908181F494718E8
:10AD5000387800282AD0208C0190002825D00020A7
:10AD6000205EFFF726F9184954318000085810F08A
:10AD7000C7FB01008720C00511F056FA049911F0B5
:10AD800071F90090019810F0BBFB8721C90511F003
:10AD90004BFA039911F066F90100009811F062F97D
:10ADA0000C4910F01BFB01D200203870761CA41C4B
:10ADB0006D1C0598007B8642C0D307B0F0BC08BC70
:10ADC00018470000F851004000000040F851000012
:10ADD0005400004000002040F1B592B0C0484068E7
:10ADE00000020A90FF2000210E910391079101912A
:10ADF000129E367B0091002E00D128E2129F9237DE
:10AE00000D970697129F3237059702900C91049187
:10AE10000B910F91089109960698007805990C8876
:10AE2000FF2873D068498000085810F033FB0022D7
:10AE3000CC4B11F047FF11F0A7FC0299FF2903D179
:10AE4000002C01D00099029105990D8C002C61D045
:10AE5000002D5FD0A24980000E185C48305810F0D9
:10AE60004FFB0700200011F089FB0400706D10F00B
:10AE700047FB210011F0D8F9390011F0F3F8010077
:10AE8000089811F0D9FF08902000210011F0CCF9AA
:10AE9000390011F0E7F8079911F0CEFF0790012D66
:10AEA00001D1002703E0280011F068FB07004748A4
:10AEB000305810F025FB0400706D10F021FB3900B4
:10AEC00011F0B2F9210011F0CDF8039911F0B4FF9F
:10AED0000390012D01D1002005E0280011F04EFB68
:10AEE000010011F0A1F9210011F0BCF8019911F055
:10AEF000A3FF01900C98401C0C900498401C0490F7
:10AF0000012D07D90B98401C0B9003E0002C01D0B9
:10AF100001200F900098401C00900598801C05901F
:10AF20000698401C069000980999884200D273E761
:10AF30000C980B9A0F9B089C039D079E0199099FF3
:10AF4000002B00D183E1002800D1F3E0002A03D0D8
:10AF5000280011F087F805002000310011F082F878
:10AF60000400002000900D980590129E32360A9839
:10AF7000C00F0A994018401010F0C2FA0D900A98BC
:10AF800080001090B4480B900A9810F0B9FA0C9019
:10AF900008940395099706960598067806980188FF
:10AFA000008C002900D13BE1012800D838E1029A49
:10AFB000009B9A420CD20499002900D1BAE011F00A
:10AFC000DDFA039908E0C046FC4D00405420000023
:10AFD000080011F0D3FA089911F026F90500069837
:10AFE00020380021405E0790FEF7E3FF07003C4C4D
:10AFF0009A482018B900405810F082FA10F04AFA26
:10B0000011F0ECFA10F002FA01908720C005290037
:10B0100011F00AF9019911F025F8050012980B2199
:10B020004056002806D107985A2803D30120C04370
:10B030001299C8720C98290010F0D0F900D3EFE0F3
:10B0400012980B2140560121C943884203D10220A6
:10B05000C0431299C87220005430B900405810F013
:10B060004FFA8721C90511F0DFF8019910F0FAFFB6
:10B0700007000D9910F0B2F963D2FF2E5AD107984C
:10B08000FDF782FC070000200B990D78002D51D0B0
:10B09000E90717D57248205810F0FCF90022314B0F
:10B0A00011F010FE11F070FB82494200895A4900EC
:10B0B00080310912421ABA4203DA4018874200DA94
:10B0C000AEE001206E0835D06549611880000D188A
:10B0D000784C286810F0DEF90022224B02E0C046CE
:10B0E0000000004011F0EEFD11F04EFB4100615AEE
:10B0F000490080310912421ABA4203DA40188742E5
:10B1000000DA8DE0686810F0C5F90022154B11F0E7
:10B11000D9FD11F039FB4100615A49008031091213
:10B12000421ABA4202DA4018874279DB761E0835A5
:10B13000002ECED10020C0431299C87201200E907B
:10B1400085E00098029988426AD0109810F0D8F9EA
:10B15000290010F043F963D22800390011F00AF9F0
:10B16000554901E00000E03F10F0C8FD58D8FF2E1F
:10B17000E0D10798FDF708FC070000200B990E7836
:10B18000002ED7D001252E4216D03548205810F079
:10B1900081F90022494B11F095FD11F0F5FA45496E
:10B1A0004200895A490080310912421ABA4202DA31
:10B1B0004018874234DB01207608BBD0284961184B
:10B1C00080000D183B4C286810F064F900223B4BBE
:10B1D00011F078FD11F0D8FA4100615A4900803130
:10B1E0000912421ABA4202DA4018874218DB68682C
:10B1F00010F050F90022314B11F064FD11F0C4FA47
:10B200004100615A490080310912421ABA4202DAF9
:10B210004018874204DB761E0835002ED3D189E71B
:10B220000098401C00900698801C06900598401CD1
:10B23000059000980999884200D2ADE612980B213A
:10B2400041560222D243914201D10021C1720E988F
:10B2500013B0F0BC08BC1847F7520040542000005F
:10B26000FC4D0000F0B581B0050011F0C9FD0600ED
:10B27000BB4871004018F82149004418208811F09B
:10B280007DF90700608811F079F9390011F072F842
:10B290000400300011F072F90100280011F06AF882
:10B2A000210010F0C1FF390011F0C6FD01B0F0BC63
:10B2B00008BC18479C5D0040010020450000E03FAD
:10B2C000F0B58BB0A74840680002A74C002511F0EC
:10B2D00013FE08AA03C2A3488069002800DC8FE09F
:10B2E000029405950298A23007900020079A1070EA
:10B2F00002990B228956002977DD029F9237029E20
:10B300003236029A127B0692002A62D00490039091
:10B310003088002854D0308C002851D03878FF284D
:10B320004ED0904C2118914A895C002948D0800069
:10B3300020188F49405811F051FC00048013201848
:10B3400000908C49405810F0DBF810F0A3F811F091
:10B3500045F904000D000098406D11F061FC00906B
:10B36000019108A803C822002B0011F039FA00222D
:10B37000814B11F035FA02000B000098019910F092
:10B38000D5FC11F001FA01040914052900DD05209E
:10B39000332148434021715E002900D54942802273
:10B3A0005200511A0A02511A0912000400144143B2
:10B3B0000802000CFF2800D9FF2004990818049007
:10B3C0000398401C0390B61C7F1C069988429FDBA3
:10B3D000049801040914FF2900DDFF200004001473
:10B3E00000F0D4F8401C079908700298A43002902D
:10B3F0000598401C05905B498969884200DA71E72D
:10B400000BB0F0BC08BC1847F1B586B0002404941A
:10B410000027C8204000FDF7B7FA06043614FA20CA
:10B420004000FDF7B1FA010409145448B200801835
:10B430000190006802908E4200DB88E04948006A73
:10B44000401E03906846448004986A461470049134
:10B450000199091D01910968029A8A1A029102D57F
:10B460000027FF4308E0012A01DB012704E03D49F2
:10B47000096A491E8E426EDB69460978791A090607
:10B4800009166A4617706B4602229A5E002A05D199
:10B49000012960DB711E6A4651805CE0002805D1FD
:10B4A0000122D243914256D1300054E0321A1204A4
:10B4B0001214022904D000294DD103998E424AD199
:10B4C000022A48DD2D4982008A580121254B1C00A3
:10B4D00054344518AD006459A2420ADB491C1A00D5
:10B4E000543243189B00D258944202DB491C0B296A
:10B4F000ECDB06292FDB0004001410F001F8FFF745
:10B50000B1FE11F06BFB000400141D494018222805
:10B510001DD214481B4942180021836903E0A4325C
:10B52000491C09040914994211DA1478522CF6D1F5
:10B530005478502CF3D19478752CF0D1069BDB7A9B
:10B54000D3720622A423594340180F49425407B02E
:10B55000F0BC08BC1847761C04998E42F7DA77E7EE
:10B56000A85300400000004058300040F85100004F
:10B57000FC4D0000542000000000703F54000040CB
:10B580006FFEFFFF58300000FA3000007847C046D9
:10B5900076C0E0E377CCCCE30008A0E14008B0E15E
:10B5A000900C0CE04CC880E04C02B0E1A00F80E0B1
:10B5B0000008A0E14008B0E11EFF2FE1ADA07047F8
:10B5C000B1A07047B7A07047BBA070479EA070475E
:10B5D00000B581B0972189009C480FF067FC01B04D
:10B5E00008BC184700B581B09721890097480FF033
:10B5F0005DFC05F0B3F8012001B008BC184701203C
:10B60000704700B581B0924805F083F8012001B081
:10B6100008BC184710B5EA23F02235210020F6F7C0
:10B62000C3FA00210020F6F75DFB0120F6F74EFB80
:10B6300001210120F6F750FB8648F6F7B2FA86485A
:10B64000F6F754FB814C201DF6F74CF921680A00EF
:10B650000D32824201DA491C216005F0A9F801206F
:10B6600010BC08BC184700B581B0784801680029B3
:10B6700001D0491E016005F09BF8012001B008BC13
:10B680001847012070470120704700B581B000F0D5
:10B690000AF8012001B008BC1847012070470120BA
:10B6A000704701207047F0B581B06C48F6F763FB36
:10B6B000EA23F02235210020F6F776FA0021002057
:10B6C000F6F710FB0120F6F701FB01210120F6F748
:10B6D00003FB6048F6F765FA5F48F6F707FB0120C1
:10B6E000F7F734FAF6F7C0FA584C96218900201D76
:10B6F0000FF0DCFB5A4E3000F6F70EF80700594DFC
:10B70000201D0FF0ADFC2A1A03DD3900201D12F0B8
:10B710001DFA554F786A00280DD030006430F5F7D7
:10B72000FBFF0090201D0FF09BFC2A1A03DD0099FF
:10B73000201D12F00BFAB86800280ED0C620400079
:10B740003018F5F7E9FF0090201D0FF089FC2A1A48
:10B7500003DD0099201D12F0F9F9B86900280ED018
:10B76000B02080003018F5F7D7FF0090201D0FF0B3
:10B7700077FC2A1A03DD0099201D12F0E7F9F86919
:10B7800000280ED0F12080003018F5F7C5FF00909A
:10B79000201D0FF065FC2A1A03DD0099201D12F010
:10B7A000D5F9386900280DD030483018F5F7B4FFC6
:10B7B0000090201D0FF054FC2A1A03DD0099201D73
:10B7C00012F0C4F9786900280ED0C120C0003018EA
:10B7D000F5F7A2FF0090201D0FF042FC2A1A03DDAE
:10B7E0000099201D12F0B2F9F86800280ED0E6206A
:10B7F000C0003018F5F790FF0090201D0FF030FCCE
:10B800002A1A03DD0099201D12F0A0F9386A0028D9
:10B810000DD017483018F5F77FFF0600201D0FF0F8
:10B820001FFC2A1A03DD3100201D12F08FF9216858
:10B83000201DF6F7F9F8F7F795F90020F7F786F9E4
:10B8400001B0F0BC08BC1847000000002CE100402B
:10B85000EC3B0300010001007CA50200003F3F001B
:10B860006CD802005702000028E800408404000061
:10B8700014080000494E464F00494E464F00494EBD
:10B88000464F00C8CDD4CE0073746162696C0073FA
:10B89000746162696C0073746162696C00F1F2E05A
:10B8A000E1E8EB006E657874006E657874006E6593
:10B8B000787400F1EBE5E4007072657600707265F3
:10B8C00076007072657600EFF0E5E40010B582B0A6
:10B8D000012244A10AA0FAF739F900280CD000246B
:10B8E0000094F723404A6946FAF748FC3F498842EA
:10B8F00001D0012000E0002002B010BC08BC1847B5
:10B900006964656E746966790000000030B581B0C5
:10B91000374C38A12000FAF7DFF9050017D00122D3
:10B9200030A12000FAF712F9040010D02800FAF72D
:10B9300063FA00280BD00090002300222900200089
:10B94000FBF714F92949884201D0012000E00020CA
:10B9500001B030BC08BC184730B581B0012221A12C
:10B960002348FAF7F3F800281ED000240094C523DA
:10B970005B00214A6946FAF701FC1C49884212D053
:10B980001E4D1F4C226F1F49280001F08FF8626F77
:10B990001D49280001F08AF8A26F1C49280001F017
:10B9A00085F8012000E0002001B030BC08BC184739
:10B9B00010B582B0012216A11648FAF7C7F8002880
:10B9C0000CD000240094144B144A6946FAF7D6FBB5
:10B9D0000649884201D0012000E0002002B010BCDE
:10B9E00008BC1847696E690024C302000540008046
:10B9F0001CCB000062616B0070EE0200FCEF0200E5
:10BA0000C8E600400CF0020014F0020020F0020032
:10BA10006C696200E8C000003B1200001CC4020018
:10BA2000F0B5DBB00020F6F751F900210020F6F761
:10BA300059F9B748F6F75AF90020F6F740F901210D
:10BA40000120F6F749F9B348F6F7ABF8FC2080037C
:10BA5000F6F791F93123F022872149000020F6F70B
:10BA6000A3F80A20F6F7DEF8AB4CAC482018F5F73F
:10BA700066FE8F277F002123F02239000020F6F791
:10BA800093F8A7482018F5F75AFEA6A6012530001E
:10BA900000F00CFED749884200D094E0FA208000E4
:10BAA00006F08DFE0A20F6F7BDF800210020F6F71B
:10BAB00019F945A821005422F8F7A0FF45A8F5F789
:10BAC00047FECD48006800287DD12EA821005431C2
:10BAD0005C22F8F793FF2EA8F5F73AFEFFF716FF62
:10BAE00000281DD10A20F6F79DF800210020F6F766
:10BAF000F9F812A8B421490061185422F8F77EFF22
:10BB000012A8F5F725FE6846DE2149006118482293
:10BB1000F8F774FF6846F5F71BFEB848C5601FE0EC
:10BB2000300000F0C3FDB34988424CD10A20F6F73B
:10BB300079F800210020F6F7D5F819A82100B031D6
:10BB40005422F8F75BFF19A8F5F702FE6846822138
:10BB5000490061186422F8F751FF6846F5F7F8FDCF
:10BB6000A74806F02CFE0A20F6F75CF8002100201A
:10BB7000F6F7B8F814A88121890061185422F8F763
:10BB80003DFF14A8F5F7E4FD684696218900611889
:10BB90005022F8F733FF6846F5F7DAFDFFF7DCFED1
:10BBA000002808D0300000F081FD924988420AD177
:10BBB000C74BD52203E0A12000012318D822C54994
:10BBC000C548F5F735FDC5A1C548FAF785F8002841
:10BBD00001D18A48C560F6F71FFEFC208003F6F706
:10BBE000CAF84B48F6F782F83123F0228721490042
:10BBF0000020F5F7D9FF0A20F6F714F8B948201805
:10BC0000F5F79DFD2123F02239000020F5F7CCFF48
:10BC1000B5482018F5F793FD784EFCF7B7FC754949
:10BC2000884238D1F561FA20800006F0C8FD0A206C
:10BC3000F5F7F8FF00210020F6F754F80FA8AA2125
:10BC4000890061185C22F8F7D9FE0FA8F5F780FD8E
:10BC50006948006800281ED16846C1218900611822
:10BC60003C22F8F7CBFE6846F5F772FDFFF72EFE93
:10BC7000002808D0FCF78AFC5E4988420BD19B4B18
:10BC8000FF22103203E09A4823188922520091497A
:10BC90009148F5F7CDFCFA20800006F090FD0A20CF
:10BCA000F5F7C0FF00210020F6F71CF89148201896
:10BCB000F5F745FD0AF0DCFD4E49884234D1356187
:10BCC000FA20800006F07BFD0A20F5F7ABFF00218B
:10BCD0000020F6F707F819A8D0218900611844223E
:10BCE000F8F78CFE19A8F5F733FD6846E1218900C5
:10BCF00061186422F8F782FE6846F5F729FD7EA1F7
:10BD00007E48F9F7E9FF002848D0F9F7C1FE45E081
:10BD10007408020001000100DCE102005809000083
:10BD2000A4090000696E69007549F82040000B18ED
:10BD3000DF4808182A021F8807605F8847609F88CD
:10BD40008760DF88C76010300833521EF3D1D94AAC
:10BD50008D52012169480AF0C6FB00281ED13562C8
:10BD6000FA20800006F02BFD0A20F5F75BFF00218A
:10BD70000020F5F7B7FF20A8FA21890061188C226E
:10BD8000F8F73CFE20A8F5F7E3FC6846CA496118BD
:10BD90008022F8F733FE6846F5F7DAFC0AF087FDF3
:10BDA000144988422ED13561FA20800006F007FD43
:10BDB0000A20F5F737FF00210020F5F793FF0DA8C3
:10BDC000BE4961183822F8F719FE0DA8F5F7C0FC36
:10BDD0006846BB4961183422F8F710FE6846F5F74B
:10BDE000B7FC45A1B7A0F9F777FF002843D0F9F7D2
:10BDF0004FFE40E0054000800CE6004028E800408F
:10BE0000B80B00003E49B0480B18A94808182A0290
:10BE10001F8807605F8847609F888760DF88C760EA
:10BE200010300833521EF3D1A24A8D520121A5A031
:10BE30000AF059FB00281ED13562FA20800006F076
:10BE4000BEFC0A20F5F7EEFE00210020F5F74AFFC0
:10BE500020A8AC21C90061188C22F8F7CFFD20A8DA
:10BE6000F5F776FC6846994961188022F8F7C6FD17
:10BE70006846F5F76DFC0AF03FFD9549884241D1CF
:10BE80007561FA20800006F09AFC0A20F5F7CAFED8
:10BE900000210020F5F726FF19A88E4961184022DD
:10BEA000F8F7ACFD19A8F5F753FC68468A49611804
:10BEB0006422F8F7A3FD6846F5F74AFC0EA187480F
:10BEC000F9F70AFF002867D0F9F7E2FD64E0C04601
:10BED0002CF002000CC100003CEE020062616B001D
:10BEE0001CCB0000380A0000840A000048F0020061
:10BEF000EC0A0000140B000073707A0068F0020076
:10BF0000A8530040764877492A0203885F00FB184F
:10BF1000DF0FFB185B100B6043885F00FB18DF0F1F
:10BF2000FB185B104B6083885F00FB18DF0FFB186A
:10BF30005B108B60C3885F00FB18DF0FFB185B1082
:10BF4000CB6010310830521EDFD1AD490D80012188
:10BF500062480AF0C8FA00281ED13562FA20800033
:10BF600006F02DFC0A20F5F75DFE00210020F5F714
:10BF7000B9FE20A8E221C90061188C22F8F73EFD25
:10BF800020A8F5F7E5FB68469E4961188022F8F77E
:10BF900035FD6846F5F7DCFB09F0F4FAFA27BF0037
:10BFA000380006F00CFC0A20F5F73CFE00210020CA
:10BFB000F5F798FE94482018F5F7C1FBFCF7D4FB81
:10BFC0004349884270D1B561380006F0F8FB0A2079
:10BFD000F5F728FE00210020F5F784FE36A88B49EE
:10BFE00061186422F8F70AFD36A8F5F7B1FB22A81C
:10BFF0008821090161185022F8F700FD22A8F5F701
:10C00000A7FB380006F0DBFB0A20F5F70BFE00214A
:10C010000020F5F767FE86482018F5F799FB854D57
:10C020000522C04630A128000830F8F7E7FC284E6A
:10C03000FCF79AFBB04237D1380006F0C0FB002075
:10C04000A8610FA88D21090161184C22F8F7D6FCD0
:10C050000A20F5F7E7FD00210020F5F743FE0FA8C1
:10C06000F5F776FB8448006800281DD168469049A2
:10C0700061183C22F8F7C2FC6846F5F769FBFFF748
:10C0800097FC002808D0FCF76FFBB0420CD1C046EB
:10C0900017A3FF22D63203E086482318EC22520071
:10C0A0001AA18548F5F7C4FA5BB0F0BC08BC184784
:10C0B000FC210000F821000074040000F4040000DA
:10C0C0002C05000064726B00F4110000EC05000008
:10C0D000054000806C060000AC06000070F0020015
:10C0E0009C5D0040A47500406D61696E0000000019
:10C0F000696E76616C69642064656661756C742034
:10C100006D61696E2E6C69620000000066696C6585
:10C1100073797374656D5F636865636B5F696E697E
:10C120005F66696C65730000F8B59CB007000C0091
:10C130001600642B06DD614BFE22520034A15E48DE
:10C14000F5F776FA0294642103A80EF0AFFE029888
:10C1500000686238009001D500200090009D029890
:10C160000068431B5B1C2ADD632B00DD6323380062
:10C1700003AA6946F9F758FE514988421FD0340096
:10C18000002801D1207037E00D2103A811F0F0FD47
:10C19000002805D1002103A811F0C6FC00280ED00C
:10C1A000010003AE491EB14202D30A780D2AF9D12B
:10C1B0004F1CC01B01901C980199884201DA40482D
:10C1C0001AE0080004D138782070002060700BE07D
:10C1D0000A00390020000EF06FFE01981C99884279
:10C1E00002DA002001996054B81B401E281800D5BF
:10C1F00000200299086001981DB0F0BC08BC1847E7
:10C20000A07500409C070000740B00001C08000093
:10C2100066696C6573797374656D5F6765745F7368
:10C220007472696E6752657665727365000000000E
:10C23000E80B000000000040F0B59BB005000E00C8
:10C2400017001C00642101A80EF030FE642000904D
:10C2500001AB3A003100280000F034F899498842D7
:10C2600001D1080004E001A811F02EFD206000209B
:10C270001BB0F0BC08BC18470CE60040F0B599B004
:10C2800007000E0015001A008FA168460EF08CFE04
:10C290008C4C6B462A003100380000F0ABF9A0420C
:10C2A00001D1200000E0002019B0F0BC08BC184704
:10C2B0001C0900003C0C00003CEE02007CC30000A6
:10C2C00005400080F1B59AB014001E0000F0FEF8A1
:10C2D0007C4FB8424DD0220001001A9800F06AF855
:10C2E0000400BC4245D0209D290030000FF07CFCAA
:10C2F000642D05DD21A3204A28A1BD48F5F798F952
:10C30000642101A80EF0D2FD0094642301AA6946BD
:10C310001A98F9F789FDB8422BD0002807D1307060
:10C3200030000EF09DFE1BB0F0BC08BC18470D217C
:10C3300001A811F0F9FB002805D1002101A811F096
:10C34000F3FB002815D001A9441AA54211DB002CEB
:10C3500005D168460079307000207070E0E7220057
:10C3600030000EF0A9FDAC4201DA00203055BC428D
:10C37000D6D13800D7E7000047020000526571753A
:10C38000657374656420737472696E6720697320C5
:10C39000746F6F206C6F6E670000000066696C65DB
:10C3A00073797374656D5F6765745F737472696EBA
:10C3B00067000000F0B5B7B004000D0016003000B3
:10C3C0000EF04EFE002100912900B54B1B68002B9A
:10C3D00000D41900049403950296070000260C006F
:10C3E00003E00021C9430160039C06F017FA6421B1
:10C3F00005A80EF05BFD0194642305AA01A9049829
:10C40000F9F712FDA749884235D0002804D10098D9
:10C410001EA90870009D26E00D2105A811F084FBDF
:10C42000002805D1002105A811F07EFB002822D0AC
:10C4300005A9451A642D1EDC002D06D11EA86946EB
:10C44000097D01700099417008E02A001EA8F8F7E4
:10C45000D5FA642D02DA00981EA94855681C2418E4
:10C460009048854207D0002E01DDA64203DB1EA8BE
:10C4700001785B2905D18A480668002EB1D5894824
:10C480001BE03B29B1D002990FF0D8FB0028ACD0BB
:10C49000C15D3D2901D02029A7D13D2111F044FBE8
:10C4A0000028A2D0401C01782029FBD0611B1EAAC5
:10C4B000801A0818401E7A49086037B0F0BC08BCE2
:10C4C000184700000540008025640000F0B5B9B0B1
:10C4D00004000E0072484568734801900EF084FD18
:10C4E000002803D1002D01D428007CE06C48009086
:10C4F0000020C04300990860002002900027002D12
:10C5000000D42F0030000EF0ABFD06A90391059476
:10C51000029D3C00049006E00020C0430099486062
:10C5200000990860002406F079F9642106A80EF04D
:10C53000BDFC0294642306AA02A90598F9F774FCCD
:10C540005849884230D0002802D11FA9087027E03E
:10C550000D2106A811F0E8FA002805D1002106A84F
:10C5600011F0E2FA00281FD00399471A642F1BDC50
:10C57000002F06D11FA86946097E01700021417075
:10C5800009E03A0006A91FA8F8F738FA642F02DA82
:10C5900000201FA9C855781C24184248874203D0A0
:10C5A000002D07DDA54205DA00984568002DB3D5BA
:10C5B0003C4818E01FA800783B28B4D01FA800789A
:10C5C0005B28B0D131001FA80FF038FB0028AAD09B
:10C5D0000499405C5D28A6D13100019811F07EFBE2
:10C5E00000984460200039B0F0BC08BC1847000037
:10C5F0003CEE0200F1B59CB016001F00002500952E
:10C60000FFF764FF0090274CA04241D032000100A8
:10C610001C98FFF7CFFE0090A04239D0642102A8F9
:10C620000EF044FC00980190642302AA01A91C9812
:10C63000F9F7FAFBA0422BD0002807D100263800DA
:10C640000EF00EFD0500642D13DB21E00D2102A884
:10C6500011F06AFA002805D1002102A811F064FA4D
:10C66000002815D002A9461A642E11DCA642E6D194
:10C670000EE0721B00991C98FAF7EAFA002807D11D
:10C680002B003A0069461C98F9F778FDA04201D1C9
:10C69000200000E000201DB0F0BC08BC18470000DE
:10C6A000DCD8004005400080E4D80040F0B59BB0E5
:10C6B0000100AF48F9F710FB0700AE4C002F00D186
:10C6C0003EE1642101A80EF0F1FBAB4E6420009026
:10C6D00001ABAA4A31003800FFF7F4FDA04200D1B7
:10C6E0002EE1A74D01A811F0EFFAE862642101A83C
:10C6F0000EF0DCFB6420009001ABA24A3100380050
:10C70000FFF7E0FDA04200D11AE101A811F0DCFA28
:10C71000A860642101A80EF0C9FB9B4E6420009024
:10C7200001AB9A4A31003800FFF7CCFDA04200D19E
:10C7300006E1974D01A811F0C7FAA862642101A88B
:10C740000EF0B4FB6420009001AB924A3100380037
:10C75000FFF7B8FDA04200D1F2E001A8F7F784FC92
:10C760000EF054FE2860FC2189050EF037FE01D240
:10C77000080004E088490FF0C1FA00D8481E28607C
:10C78000642101A80EF092FB844E6420009001AB5E
:10C79000B74A31003800FFF795FDA04200D1CFE045
:10C7A000B44D01A811F090FA2860642101A80EF0A0
:10C7B0007DFB6420009001ABAF4A31003800FFF7E9
:10C7C00081FDA04200D1BBE001A811F07DFA6860B4
:10C7D000642101A80EF06AFB6420009001ABA74A17
:10C7E000A7493800FFF76EFDA04200D1A8E001A8DC
:10C7F00011F06AFAA349C860642101A80EF056FB43
:10C80000A14E6420009001ABA04A31003800FFF730
:10C8100059FDA04200D193E0BA4D01A8F7F724FCDE
:10C820000EF0F4FD2867642101A80EF03FFB6420A0
:10C83000009001ABB44A31003800FFF743FDA0423D
:10C8400000D17DE001A8F7F70FFC0EF0DFFD68676F
:10C85000642101A80EF02AFB6420009001ABAB4AD2
:10C8600031003800FFF72EFDA04269D001A8F7F78C
:10C87000FBFB0EF0CBFDA867642101A80EF016FBB0
:10C8800047A66420009001AB4AA231003800FFF7B0
:10C8900019FDA04254D09E4D01A811F015FA28822E
:10C8A000642101A80EF002FB6420009001ABC04699
:10C8B00043A231003800FFF705FDA04240D001A897
:10C8C00011F002FA2880642101A80EF0EFFA64202A
:10C8D000009001AB3DA2C04646A13800FFF7F2FC34
:10C8E000A0422DD08B4E01A8F7F7BEFB0EF08EFDB7
:10C8F000F92189007050642101A80EF0D7FA642054
:10C90000009001AB35A2C0463AA13800FFF7DAFC2F
:10C91000A04215D08048361801A811F0D5F9306032
:10C92000642101A80EF0C2FA6420009001ABC04659
:10C9300034A2C04635A13800FFF7C4FCA04201D1A3
:10C94000200010E001A811F0BFF9CA49087028883A
:10C9500001F008FB288A01F01DFB306808F03AF965
:10C9600001F050FA00201BB0F0BC08BC18470000D2
:10C970001CCB00000540008078F0020084F002002B
:10C9800028E800408CF0020098F00200A8F00200B5
:10C99000F8E50040BCF0020001000040C8F00200D1
:10C9A000696E74657250726F63436F6E74726F6CF0
:10C9B000000000007764486967684C696D6974001D
:10C9C00077644C6F774C696D69740000664452540B
:10C9D00068726573686F6C640000000066616C7358
:10C9E000655F616C61726D5F706572696F645F6FC6
:10C9F00070657200535052444D6F6465436F6E749E
:10CA0000726F6C0062536F756E640000736F756EA9
:10CA100064436F6E74726F6C00000000F0B599B0E3
:10CA200006000D00140094A13CA0F9F755F9070089
:10CA300008D1C0463BA3EE229200C04614A18F4805
:10CA4000F4F7F6FD22008EA168460EF0ADFA6B46B3
:10CA50002A0031003800FFF7CDFD8A49884201D114
:10CA6000002000E0012019B0F0BC08BC184700000D
:10CA7000DCF0020054BA0040E8F0020008F10200C5
:10CA8000FCF0020024D10040FCEF02000CF0020098
:10CA9000696E695F77726974655F73797374656DC8
:10CAA0005F696E695F696E7400000000F0B599B04F
:10CAB00006000D00140070A118A0F9F70DF9070089
:10CAC00006D1C04617A3704A1BA16C48F4F7B0FD0D
:10CAD00020000EF0DFFC02000B006CA168460EF097
:10CAE00063FA6B462A0031003800FFF783FD654981
:10CAF000884201D1002000E0012019B0F0BC08BC40
:10CB000018470000C8E6004014F0020020F00200C0
:10CB10007C9A004068CC00407C04000073797374F8
:10CB2000656D0000496E76616C6964207379737479
:10CB3000656D2E696E690000696E695F7772697450
:10CB4000655F73797374656D5F696E695F666C6F3D
:10CB500061740000F0B5B1B006AA4D4B70CB70C245
:10CB6000002618AB02930A90099100960AE00A2267
:10CB7000611903A80EF0A0FAF7F776FA0EF046FC5A
:10CB80007860761C642118A80EF090F90098019046
:10CB9000642318AA01A90A98F9F746F93949884285
:10CBA00063D0002802D10BA90870EBE70D2118A86B
:10CBB00010F0BAFF002805D1002118A810F0B4FF2A
:10CBC000002852D00299441A322C4EDC002C06D197
:10CBD00018A800780BA908700020487009E022000E
:10CBE00018A90BA8F7F70AFF322C02DA00200BA9CC
:10CBF00008550098611C401800902248844234D0A7
:10CC0000002CBFD00A2103A80EF050F900200BA978
:10CC1000085506A90BA811F099F8A042B2D00BA9AB
:10CC20000C1806A9200011F0B1F8050020000EF044
:10CC300017FA854217D02A00210003A80EF03CFA0B
:10CC40000999F2008F18F7F70FFA0EF0DFFB386042
:10CC5000641906A9200011F079F8050020000EF0F3
:10CC6000FFF9854283D1002000E0300031B0F0BCF4
:10CC700008BC184730E90040696E69003CEE0200CC
:10CC80002564000005400080C903000025660000FF
:10CC900014F1020000C09FE51CFF2FE161D10000EC
:10CCA00000C09FE51CFF2FE1A1CD000000C09FE563
:10CCB0001CFF2FE18DD1000000C09FE51CFF2FE17C
:10CCC000E152010000C09FE51CFF2FE1D15001009F
:10CCD00000C09FE51CFF2FE1FD27000070402DE9FB
:10CCE0000350A0E3204C9FE5000000EA4052C4E559
:10CCF000E004A0E3400B80E31410D0E5010011E351
:10CD00000300001A081090E50C2001E20C0052E329
:10CD10000F00001A0060D0E53C0294E55C1294E537
:10CD2000010050E1F0FFFF2AD9FFFFEB3C0294E540
:10CD3000011080E23C1284E5382294E50060C2E7ED
:10CD40003C0294E5050050E3E8FFFF3AD3FFFFEB18
:10CD5000E6FFFFEA1410D0E5200011E30900000A05
:10CD60004C1294E5502294E5020051E10500002A9E
:10CD70004C1294E5012081E24C2284E5483294E58E
:10CD80000110D3E70010C0E51400D0E50E0010E359
:10CD90000200A0134002C4157040BDE81EFF2FE141
:10CDA00070B5964E8E208000341862680521206888
:10CDB00043789B1E3F2B30D801A5ED5CAF44C046A5
:10CDC00040404046465C464040404A4A5A5A4640E7
:10CDD00040405A5A5A5A5A5A5A5A5A5A5A5A5A5AE7
:10CDE0005A5A5A5A5A5A5A5A5A5A5A5A5A5A5A5AA3
:10CDF0005A5A5A5A5A5A5A5A5A5A5A5A5A5A4E4EAB
:10CE00008178491D0AE0082108E0062106E08178C2
:10CE1000C3780902C918891D00E011008A420FD3A6
:10CE20006160BB4A13680125AB4313600DF07AFAC9
:10CE3000002802D10420207200E0E560D24835507D
:10CE400070BC08BC18470000F0B581B007006B4EFD
:10CE50008E2080003418A06AB84206D2AD4B9722CB
:10CE600012A1BE48F4F7E4FB1CE00DF093FEFF2294
:10CE7000616A206810F0B0FF0025E5613900206983
:10CE80000DF0EAF9A0610120606165602572BE487D
:10CE90003550E56020690078BF49087000F060F9FE
:10CEA0000DF082FE01B0F0BC08BC1847496E7465F5
:10CEB0007250726F635F73656E6453657175656EF2
:10CEC0006365000030B581B00DF064FE4B4C8E20E0
:10CED00080002518FF22696A286810F07DFF002075
:10CEE000E8610121696168602872A7496050E860C3
:10CEF00028690078A849087000F032F90DF054FE56
:10CF000001B030BC08BC1847A448016810220A438D
:10CF10000260A3480168890089088022D2050A437B
:10CF2000026041680322914301220A4342609A4809
:10CF3000002141609B4A83231371416002230370E7
:10CF400003231371C7231360974A117007214160AF
:10CF50007047000070B5294C8E20800020180CF01E
:10CF6000F0FA9220800025182430261870680028D6
:10CF700013D0E8690078012802D100F0E5F908E053
:10CF8000022802D10DF098F803E0032801D1F3F74D
:10CF90003FFC0120E86000202861307800281AD08A
:10CFA0002969491C296110290ADBC04614A18000A7
:10CFB0000B58FF222E32C04616A16848F4F738FB02
:10CFC00028680078012802D1FFF77CFF03E00120E8
:10CFD000E86000202861E868002809D000206A493C
:10CFE0006050286800F02EFC002801DDFFF72CFFC0
:10CFF00000F0DAFC70BC08BC18470000F89700404D
:10D0000074F1020078F1020088F1020098F1020048
:10D01000B0F10200496E74657250726F635F496EC1
:10D0200074657250726F63436F6E74726F6C000040
:10D03000F0402DE904D04DE2980B9FE5004090E5CB
:10D04000E054A0E3705A85E3001095E50100A0E3E9
:10D05000A10010E10900000A7C0B9FE5341090E567
:10D06000082095E574CB9FE591CC83E0A31182E085
:10D070001C1085E501E0A0E338E080E5024084E390
:10D08000000095E5010010E30900000AC86B9FE568
:10D090000170A0E3440296E5000050E34072C6052B
:10D0A00001FFFFEBDC00A0E3540D80E3007086E796
:10D0B000014084E3001095E50100A0E3210110E1A7
:10D0C0000500000A140095E54010C0E3141085E542
:10D0D000F8FEFFEBFAFEFFEB044084E3000095E569
:10D0E0000110A0E3A00111E10400000A140095E57D
:10D0F000801FC0E3141085E5F4FEFFEB084084E3D5
:10D10000004085E504D08DE2F040BDE81EFF2FE130
:10D11000140007E02CD9000010B4204801688022D8
:10D12000D2030A43026079480168012291430160F9
:10D13000002277490A60036802241C4304600368E4
:10D140000224A3430360734B8360C26031224A60B0
:10D15000016801220A43026010BC704720F10200FE
:10D160006A480169012291430161016891430160AC
:10D17000416832314161012102690A43026102685A
:10D180001143016070470000DC1500006048016831
:10D190000122914301607047000001E0C4C01FE01C
:10D1A00000C002E0080001E0100001E0E0B55A49CB
:10D1B0005A480DF07BFE5A48584901605949C162EE
:10D1C0005949016182214900416230218162002177
:10D1D00081870122026442648164544B19625A625D
:10D1E0009A62D962524D29806A60AA60E9602982F8
:10D1F0006A61AA61E96129846A62AA62E9622963B3
:10D2000069634C4EAE63E963296469644A4D2980C1
:10D210006A60AA60E96029826A61AA61E96119709D
:10D220005A609A60D96019825A619A61D961434DF6
:10D23000160229706970A970E97029716971A97164
:10D24000E97129726972A972E9720C35761EF0D102
:10D25000324D3B4EAE1932607260B16019635A6351
:10D260009A63D963374F1F645A649A64D964C26160
:10D270000022836A002B17D00769B954521C836AB5
:10D280009A4211D20769B954521C836A9A420BD24E
:10D290000769B954521C836A9A4205D20769B95486
:10D2A000521C836A9A42E7D30022436A002B1FD0A4
:10D2B0000768B954C76AB954521C436A9A4217D2D4
:10D2C0000768B954C76AB954521C436A9A420FD2CC
:10D2D0000768B954C76AB954521C436A9A4207D2C4
:10D2E0000768B954C76AB954521C436A9A42DFD3DB
:10D2F00041600172C160416181610162F160B748C2
:10D30000281801600171E0BC08BC1847040007E060
:10D31000140007E0FF670100E4150000F8970040E3
:10D32000309A00402C990040FC980040E49A00405C
:10D330007C9A004000004843C49A0040349B00405F
:10D340003C0F0000A7D63137F0B58BB0A44992202E
:10D3500080000A18D06943781C060ED55B065B0E68
:10D360008278A04968460DF01FFECC486B469E4A65
:10D3700001003031F4F75CF92CE1DB1E102B00D9F1
:10D3800021E102A45B00E45AA744C046E6002E0057
:10D390004802480222007E013A023A02AA013A02F9
:10D3A0003A023A023A0248023A023A024802BB22E0
:10D3B00092008918807808709EE01268D278002A5E
:10D3C00004D0022A09D0042A13D04EE0A5229200EC
:10D3D0008918427912028079A3E0AD22920089185F
:10D3E000C2781202007902430A85C86A401CC862EA
:10D3F000F0E0AD229200891882790A7042794A7071
:10D4000002798A70C278CA70827A0A71427A4A7145
:10D41000027A8A71C279CA71827B0A72427B4A722D
:10D42000027B8A72C27ACA72827C0A73427C4A7315
:10D43000027C8A73C27BCA73827D0A74427D4A74FD
:10D44000027D8A74C27CCA74827E0A75427E4A75E5
:10D45000027E8A75C27DCA75027FC07E00021043BB
:10D460000883C869401CC861B4E08C485FA3B44A13
:10D47000ACE01368DB78002B0AD0032B1FD0042B01
:10D4800026D00B2B0FD0162B0BD0282B29D037E012
:10D49000C1780902007901439185106B401C10632B
:10D4A00098E0C3221EE0C3229200891882790A7490
:10D4B00042794A7402798A74C078C87433E0C178BA
:10D4C0000902007901439187106C401C106481E0CF
:10D4D000A52292008918C2781202007902430A80BC
:10D4E0000AE0CB229200891882790A7042794A7048
:10D4F00002798A70C078C8704868401C486069E04A
:10D500006648C04640A38F4A60E08278002A0ED168
:10D51000C278022A0BD1BB2292008918027912022A
:10D52000407902430A824869401C486152E05B48E6
:10D530003DA3B34A4AE01368DC781B7925021D43FA
:10D540008678AB19C0242401A34237DC0020002ECA
:10D550002CDD00964D19CF26B600AE19009DAD0703
:10D56000AD0F08D0D769FF1C3F5C3770401C6D1EA3
:10D57000761C002DF6D1009DAD0817D0D769FF1C91
:10D580003F5C3770401CD769FF1C3F5C7770401CC4
:10D59000D769FF1C3F5CB770401CD769FF1C3F5C1C
:10D5A000F770401C6D1E361D002DE7D1A34211D12E
:10D5B000A14808180168491C01600BE03748C046C3
:10D5C00021A39E4A02E0354826A39D4A010030313E
:10D5D000F4F72EF80BB0F0BC08BC1847DC150000BF
:10D5E000F8970040C0F102001E020000556E7375EE
:10D5F00070706F7274656420646174612072656715
:10D600006973746572730000556E737570706F7214
:10D6100074656420636F6E74726F6C2072656769E5
:10D620007374657273000000556E737570706F725D
:10D6300074656420646961676E6F737469632063E5
:10D640006F6D6D616E640000556E737570706F72F2
:10D6500074656420737065637472756D206C656E9B
:10D6600000000000556E737570706F7274656420F1
:10D67000636F6D6D616E6420696E207265706C7988
:10D6800000000000A0480A210022D2430260826309
:10D690000267A830491EF9D17047000020F102004E
:10D6A000F0B583B007000C00984E982080003058E9
:10D6B000A04201D3002C05D123A3954A31A195485E
:10D6C000F3F7B6FF0025ED4300950195694601A8E3
:10D6D00000F064F80198A84206D1C04621A38E4A02
:10D6E00028A18C48F3F7A4FF0198C100081AC000D4
:10D6F00031188A4808180460002C1ADD884A8918F5
:10D70000A207920F06D03B780B70521E491C7F1C5B
:10D71000002AF8D1A2080CD03B780B707C784C70B2
:10D72000BB788B70FC78CC70521E091D3F1D002AFF
:10D73000F2D10099491C416003B0F0BC08BC184705
:10D740003F0200005E020000496E76616C69642051
:10D7500073656E642073657175656E6365206C65B5
:10D760006E0000004E6F2066726565207370616305
:10D770006520696E20636F6D6D616E64206F7264E9
:10D7800065720000496E74657250726F635F6669FE
:10D790006C6C4E6577436D6400000000F0B40200CD
:10D7A0000B000026F643300031000024564D2F6850
:10D7B000B74203D1B04201D1200002E0B94200DA01
:10D7C0003900641CAF6BB74203D1B04201D12000D5
:10D7D00002E08F4200DB3900641C2F6FB74203D197
:10D7E000B04201D1200002E08F4200DB3900641C0E
:10D7F000A8351E2CDBDB10601960F0BC7047000000
:10D800006D02000010B4002000213F4A0023DB43DA
:10D8100014689C4200D1401C491C946B9C4200D16E
:10D82000401C491C146F9C4200D1401C491CA8326A
:10D830001E29EDDB10BC70473C0F00008102000088
:10D8400085020000F0B581B0364B0021C9430A00C3
:10D8500000262E4CF8252D0165192F688F4203D024
:10D860009F4201DA3B003200761CAF6B8F4203D03F
:10D870009F4201DA3B003200761C2F6F8F4203D0AB
:10D880009F4201DA3B003200761CA8351E2EE4DBF5
:10D890008A4213D0D3009A1AD200A2181F4BD35831
:10D8A0009825AD0064599C4201D3002B08D1C04695
:10D8B0001EA31D4A24A11748F3F7BAFE00201FE05B
:10D8C0001ADD174D56199D07AD0F06D03778077032
:10D8D0006D1E761C401C002DF8D19C080CD03578AC
:10D8E000057075784570B5788570F578C570641EDB
:10D8F000001D361D002CF2D1F82000011150180037
:10D9000001B0F0BC08BC184778A70040F897004069
:10D91000AB02000020F10200B50200007C0F000005
:10D920004C0F0000FFFFFF7FFE02000053656E6496
:10D930002073657175656E636520697320746F6F00
:10D94000206C6F6E67000000496E74657250726FD4
:10D95000635F6765744E657874436D640000000012
:10D96000010048680A68904203D001200A684A60B2
:10D97000704700207047426801688A4204D180687D
:10D98000814201D0012070470020704701004A68A1
:10D990000868824206D18A68904203D001200A6852
:10D9A0008A60704700207047F0B581B0AB4DA92068
:10D9B00080002E183C302818FFF7D2FF002815D021
:10D9C000378F380400140DF09BFDEE2189050EF011
:10D9D0002BFC04003806000E0DF092FDA0490EF05D
:10D9E00041FB21000FF028FA9E4968509E4CBC2054
:10D9F00080002818FFF7B4FF002815D0BB20800056
:10DA0000285CAF2149016854616A226A002A05D066
:10DA1000002909D1400607D4626205E0002903D03D
:10DA2000400601D500206062C02080002818FFF762
:10DA300097FFC42080002818FFF792FFA2208000E3
:10DA40002818FFF78DFFA62080002818FFF788FF11
:10DA50009E2080002818FFF783FFAA208000281846
:10DA6000FFF77EFF002802D0308880490880B4206C
:10DA700080002818FFF774FF002834D07C4FF86826
:10DA800000280CD03968009130690FF0B9F90DF019
:10DA900095F80099081838607868401C78603069FB
:10DAA00060607069A060B069E060724FF069390031
:10DAB0000EF0BAFB2061706A39000EF0B5FBA06170
:10DAC000306A6061308DA083606A00280BD1206AC3
:10DAD000002808D16848EF229200011D0EF0E2FCF8
:10DAE0001C20205E206065482818FFF739FF0028B9
:10DAF0006ED00020CF2189006918614AAF238E784B
:10DB000037044E7836023E430F7837431760C0190A
:10DB10004E7937040E7936023E43CF78374357604B
:10DB2000C0190E7A3704CE7936023E438F793743D7
:10DB30009760C019CE7A37048E7A36023E434F7A08
:10DB40003743D760C01910320C315B1ED7D1B721D3
:10DB5000090169184B4A51238E7836044F783F02E9
:10DB600037430E783E4316604E7936040F793F02F4
:10DB70003743CE783E4356600E7A3604CF793F0263
:10DB800037438E793E439660CE7A36048F7A3F02D1
:10DB900037434E7A3E43D66010320C315B1EDBD1E8
:10DBA000394E3A4970501E2239493A4830180DF022
:10DBB00083F92C4828183849711802680A603748D8
:10DBC0003518216936480EF02FFB2860A068686080
:10DBD00001B0F0BC08BC1847BCF1020028E80040C6
:10DBE000CDCCCCCC10B584B02E4C20682E490DF095
:10DBF000F5FB03D32D490EF081F806D82C48807B25
:10DC0000C00702D5FC20800300E02A48F4F7B3F8EF
:10DC10001023322200215020F3F7C6FF00210020FC
:10DC2000F4F760F82068002110F0C2F806D00DF07B
:10DC300031FC02000B00C0461FA102E000220023BD
:10DC400020A168460DF0B0F90A20F3F7EBFF684613
:10DC5000F3F7CEFD04B010BC08BC1847F89700409D
:10DC600000002041480F000024D00040A075004073
:10DC700054E900400024744968CC00403C0F000087
:10DC8000A475004094800040A8530040FC3100007F
:10DC9000CCDD00400732000028320000C432000012
:10DCA00000007A4440A700400000A0C101004842A3
:10DCB000FCE80040003F3F00252B302E3066B0438B
:10DCC0000000000025302E3066B0430000B581B062
:10DCD000DC48FFF75BFE002803D0062102A0FFF717
:10DCE000DFFC01B008BC184701040002000100007D
:10DCF00000B581B0DD48FFF749FE002803D00221BE
:10DD000002A0FFF7CDFC01B008BC184701070000D6
:10DD100000B581B0DD48FFF739FE002803D00621A9
:10DD200002A0FFF7BDFC01B008BC184701080002C3
:10DD30000000000010B584B0D5480068009001A82C
:10DD40000BA11CC91CC001A86946C978C1716946EC
:10DD50008978017269464978417269460978817209
:10DD60000B21FFF79DFC04B010BC08BC1847000055
:10DD700001100800160002000000000011B583B079
:10DD80006846C0460BA11CC91CC0684603A9C978D7
:10DD9000C17103A98978017203A949784172694662
:10DDA000097B81720B21FFF77BFC04B010BC08BC1F
:10DDB00018470000011008001800020000000000D1
:10DDC00011B583B06846C0460BA11CC91CC068468B
:10DDD00003A9C978C17103A98978017203A9497897
:10DDE00041726946097B81720B21FFF759FC04B02F
:10DDF00010BC08BC18470000011008001A000200FF
:10DE00000000000030B583B001A8C04653A10CC982
:10DE10000CC0BF4C2068009001AD2820E870684617
:10DE2000C0782871684680786871062101A8FFF7DC
:10DE300037FC2920E87068464078287168460078E9
:10DE40006871062101A8FFF72BFC606800902A206A
:10DE5000E8706846C0782871684680786871062145
:10DE600001A8FFF71DFC2B20E87068464078287158
:10DE7000684600786871062101A8FFF711FCA068C8
:10DE800000902C20E8706846C07828716846807839
:10DE90006871062101A8FFF703FC2D20E870684691
:10DEA00040782871684600786871062101A8FFF75C
:10DEB000F7FBE06800902E20E8706846C078287173
:10DEC000684680786871062101A8FFF7E9FB2F20DA
:10DED000E8706846407828716846007868710621C5
:10DEE00001A8FFF7DDFB206900903020E87068464C
:10DEF000C0782871684680786871062101A8FFF70C
:10DF0000CFFB3120E8706846407828716846007879
:10DF10006871062101A8FFF7C3FB606900903220F9
:10DF2000E8706846C0782871684680786871062174
:10DF300001A8FFF7B5FB3320E870684640782871E8
:10DF4000684600786871062101A8FFF7A9FB04F074
:10DF50000DF903B030BC08BC1847000001060000F2
:10DF60000000000010B582B06946C04607A218CA7A
:10DF700018C16946020A0A71487106216846FFF70E
:10DF80008FFB02B010BC08BC18470000010600035C
:10DF90000000000010B582B06946C04607A218CA4A
:10DFA00018C16946020A0A71487106216846FFF7DE
:10DFB00077FB02B010BC08BC184700000106000443
:10DFC0000000000000B581B00621C04602A0FFF7A6
:10DFD00067FB01B008BC184701050001FF00000005
:10DFE00000B581B00621C04602A0FFF759FB01B081
:10DFF00008BC1847010500010000000000B581B011
:10E000000621C04602A0FFF74BFB01B008BC184731
:10E0100001050000FF00000010B582B0010000D132
:10E020007D48694608A218CA18C16946020A0A71E1
:10E03000487106216846FFF733FB02B010BC08BCEC
:10E0400018470000D89A00400106000100000000B7
:10E0500000B581B07148FFF799FC002803D0062174
:10E0600095A0FFF71DFB01B008BC1847E89A0040D7
:10E0700000B581B06A48FFF789FC002803D006216B
:10E080008FA0FFF70DFB01B008BC1847F89A0040BD
:10E09000049B004000B581B06248FFF777FC002880
:10E0A00033D0072188A0FFF7FBFA072188A0FFF7EC
:10E0B000F7FA072188A0FFF7F3FA072188A0FFF7F6
:10E0C000EFFA072188A0FFF7EBFA072188A0FFF7F6
:10E0D000E7FA072188A0FFF7E3FA072188A0FFF7F6
:10E0E000DFFA072188A0FFF7DBFA072188A0FFF7F6
:10E0F000D7FA072188A0FFF7D3FA072188A0FFF7F6
:10E10000CFFA072188A0FFF7CBFA01B008BC184767
:10E11000CCD0004000B581B00621C04684A0FFF7F6
:10E12000BFFA01B008BC184700B581B00621C0464F
:10E1300081A0FFF7B5FA01B008BC184700B581B05F
:10E140000621C0467EA0FFF7ABFA01B008BC184715
:10E1500000B581B00621C0467BA0FFF7A1FA01B04F
:10E1600008BC184700B581B00621C04678A0FFF76B
:10E1700097FA01B008BC184700B581B00621C04627
:10E1800075A0FFF78DFA01B008BC184700B581B043
:10E190000621C04674A0FFF783FA01B008BC1847F7
:10E1A00000B581B00621C04671A0FFF779FA01B031
:10E1B00008BC184710B58CB068461B492C22F6F7EE
:10E1C0001DFC6846C01D194906220B881C0A0470F4
:10E1D00043704B881C0A8470C3708B881C0A0471BE
:10E1E0004371891D801D521EEFD12B216846FFF718
:10E1F00057FA0CB010BC08BC1847000000B581B03D
:10E200000B48FFF7C3FB002803D0062126A0FFF729
:10E2100047FA01B008BC184720FD0000A09A004052
:10E22000C89A004034A70040DCF10200C0970040CB
:10E23000089B004000B581B00621C04648A0FFF70A
:10E240002FFA01B008BC184700B581B00621C046BE
:10E2500017A0FFF725FA01B008BC184711B583B025
:10E260006846C04644A11CC91CC0684603A9C978B9
:10E27000C17103A98978017203A94978417269467D
:10E28000097B81720B21FFF70BFA04B010BC08BCAC
:10E290001847000000B581B00621C04639A0FFF73D
:10E2A000FFF901B008BC1847010300160002000086
:10E2B0000103000B00020000010400000002000046
:10E2C00001040004000D0000010B04000000F00038
:10E2D000010B0400F000F000010B0401E000F0006D
:10E2E000010B0402D000F000010B0403C000F00099
:10E2F000010B0404B000F000010B0405A000F000C5
:10E30000010B04069000F000010B04078000F000F0
:10E31000010B04087000F000010B04096000F0001C
:10E32000010B040A5000F000010B040B4000C00078
:10E33000010500240000000001050024FF0000008A
:10E3400001050022FF00000001050023FF0000007E
:10E3500001050025FF00000001050027FF00000067
:10E3600001050052FF00000001050003FF0000004E
:10E370000105000300000000011008002800020051
:10E3800000000000010300280002000000C09FE51B
:10E390001CFF2FE1A9AF010000C09FE51CFF2FE18A
:10E3A0001D28010000C09FE51CFF2FE1E152010084
:10E3B00000C09FE51CFF2FE1DF26000000C09FE5A5
:10E3C0001CFF2FE17127000000C09FE51CFF2FE11B
:10E3D000DBEC000000C09FE51CFF2FE1E9EC000032
:10E3E00000C09FE51CFF2FE1F7EC000000C09FE597
:10E3F0001CFF2FE1F152010004E04EE204E02DE5A4
:10E4000000E04FE101502DE900E00FE11FE08EE355
:10E410000EF021E11E402DE90D00A0E104D04DE2F7
:10E4200007D0CDE300008DE500000FE1C00080E3E0
:10E4300000F021E1FF40E0E3000094E5000050E33C
:10E440000900000A00100FE1C010C1E301F021E152
:10E450000FE0A0E110FF2FE100000FE1C00080E31A
:10E4600000F021E10000A0E3000084E500D09DE57C
:10E470001E40BDE800C00FE192C08CE30DC0CCE3AC
:10E480000CF021E10150BDE80EF06FE10080FDE8E5
:10E4900010402DE964079FE54CD2FFEB60479FE5F4
:10E4A000180094E504D4FFEB58079FE547D2FFEB33
:10E4B000140094E500D4FFEB4C079FE543D2FFEB3B
:10E4C000100094E5FCD3FFEB40079FE53FD2FFEB44
:10E4D0004C0094E5F8D3FFEB34079FE53BD2FFEB0C
:10E4E000480094E5F4D3FFEB28079FE537D2FFEB14
:10E4F000440094E5F0D3FFEB1C079FE533D2FFEB1C
:10E50000400094E5ECD3FFEB10079FE52FD2FFEB23
:10E510003C0094E5E8D3FFEB04079FE52BD2FFEB2B
:10E52000380094E5E4D3FFEBF8069FE527D2FFEB34
:10E53000340094E5E0D3FFEBEC069FE523D2FFEB3C
:10E54000300094E5DCD3FFEBE0069FE51FD2FFEB44
:10E550002C0094E5D8D3FFEBD4069FE51BD2FFEB4C
:10E56000280094E5D4D3FFEBC8069FE517D2FFEB54
:10E57000240094E5D0D3FFEBBC069FE513D2FFEB5C
:10E58000200094E5CCD3FFEBB0069FE50FD2FFEB64
:10E590001C0094E51040BDE8C7D3FFEAF0402DE928
:10E5A00004D04DE2E004A0E3001090E5022081E3F6
:10E5B000002080E57DFFFFEB0160A0E3C07FA0E3CA
:10E5C0007C42E0E3FF4DC4E38059A0E37AFFFFEB18
:10E5D000860086E00004A0E1010050E30C0000BAD0
:10E5E000030017E20200000A005084E5010050E237
:10E5F000FCFFFF1A2701B0E10500000A005084E586
:10E60000005084E5005084E5005084E5010050E2AC
:10E61000F9FFFF1A5FFFFFEB016086E2C07F87E230
:10E62000400056E3E8FFFFBA14069FE5CCD1FFEBAC
:10E63000FC09A0E3CDD1FFEB0110A0E30100A0E3B2
:10E64000CDD1FFEB1030A0E3F020A0E33F1082E239
:10E650000000A0E3CBD1FFEB0010A0E30000A0E39B
:10E66000CBD1FFEB0000A0E3D2D1FFEB0000A0E391
:10E67000CDD1FFEB0100A0E3400B80E3C7D1FFEB5E
:10E680004009A0E3040084E54BFFFFEB600AA0E330
:10E69000005084E5010050E2FCFFFF1A3DFFFFEB54
:10E6A00048FFFFEB0060A0E149FFFFEB066080E15F
:10E6B0004AFFFFEB060090E1F2FFFF0A045084E5F9
:10E6C00004D08DE2F040BDE81EFF2FE104E04EE2F1
:10E6D0000F502DE900000FE1C00080E300F021E1C0
:10E6E00077CBFFEB2EFFFFEB3FFFFFEB3FD3FFEBC3
:10E6F00050059FE5B5D1FFEB64FFFFEBA6FFFFEBF5
:10E700000F90FDE870402DE918D04DE200000FE1B8
:10E71000C00080E300F021E169CBFFEB20FFFFEBBD
:10E7200031FFFFEB31D3FFEB1C059FE5A7D1FFEBDA
:10E7300018059FE5A5D1FFEBC4649FE5200096E591
:10E74000A2D1FFEB242096E504159FE50D00A0E182
:10E750000DFFFFEB0D00A0E19CD1FFEBF4049FE562
:10E760009AD1FFEB280096E598D1FFEBE8049FE5EE
:10E7700096D1FFEBE4449FE5002096E50410A0E16C
:10E780000D00A0E100FFFFEB0D00A0E18FD1FFEB3A
:10E79000042096E50410A0E10D00A0E1FAFEFFEBD5
:10E7A0000D00A0E189D1FFEB082096E50410A0E15F
:10E7B0000D00A0E1F4FEFFEB0D00A0E183D1FFEB23
:10E7C000625F8FE20C2096E50510A0E10D00A0E14C
:10E7D000EDFEFFEB0D00A0E17CD1FFEB80049FE597
:10E7E0007AD1FFEB7C649FE5480296E50020D0E5F6
:10E7F0000410A0E10D00A0E1E3FEFFEB0D00A0E19D
:10E8000072D1FFEB480296E50120D0E50410A0E1AB
:10E810000D00A0E1DCFEFFEB0D00A0E16BD1FFEBF2
:10E82000480296E50220D0E50410A0E10D00A0E129
:10E83000D5FEFFEB0D00A0E164D1FFEB480296E5A9
:10E840000320D0E50410A0E10D00A0E1CEFEFFEB17
:10E850000D00A0E15DD1FFEB480296E50420D0E574
:10E860000410A0E10D00A0E1C7FEFFEB0D00A0E148
:10E8700056D1FFEB480296E50520D0E50510A0E152
:10E880000D00A0E1C0FEFFEB0D00A0E14FD1FFEBBA
:10E89000D4039FE54DD1FFEB380296E50020D0E58B
:10E8A0000410A0E10D00A0E1B7FEFFEB0D00A0E118
:10E8B00046D1FFEB380296E50120D0E50410A0E137
:10E8C0000D00A0E1B0FEFFEB0D00A0E13FD1FFEB9A
:10E8D000380296E50220D0E50410A0E10D00A0E189
:10E8E000A9FEFFEB0D00A0E138D1FFEB380296E561
:10E8F0000320D0E50410A0E10D00A0E1A2FEFFEB93
:10E900000D00A0E131D1FFEB380296E50420D0E5FF
:10E910000410A0E10D00A0E19BFEFFEB0D00A0E1C3
:10E920002AD1FFEB380296E50520D0E50510A0E1DD
:10E930000D00A0E194FEFFEB0D00A0E123D1FFEB61
:10E9400015FFFFEB18D08DE27040BDE80EF0B0E18E
:10E950002578000004E04EE204E02DE500E04FE100
:10E9600001502DE900E00FE11FE08EE30EF021E100
:10E970000E402DE90D00A0E104D04DE207D0CDE31B
:10E9800000008DE500000FE1C00080E300F021E110
:10E99000CBCAFFEB82FEFFEB93FEFFEB93D2FFEBC4
:10E9A000B20F8FE209D1FFEBB8FEFFEBFAFEFFEBEF
:10E9B00000D09DE50E40BDE800C00FE192C08CE3A1
:10E9C0000DC0CCE30CF021E10150BDE80EF06FE189
:10E9D0000080FDE804E04EE20F502DE900000FE159
:10E9E000C00080E300F021E1B5CAFFEB6CFEFFEB55
:10E9F0007DFEFFEB7DD2FFEBA00F8FE2F3D0FFEBAC
:10EA0000A2FEFFEBE4FEFFEB0F90FDE804E04EE218
:10EA10000F502DE900000FE1C00080E300F021E17C
:10EA2000A7CAFFEB5EFEFFEB6FFEFFEB6FD2FFEBC3
:10EA3000960F8FE2E5D0FFEB94FEFFEBD6FEFFEBE7
:10EA40000F90FDE8F0B45B48002101600022D24342
:10EA500082604161FF22D2431160574A1168574BCF
:10EA60000B408021490419431160554B99680424D7
:10EA7000A14399600421DC680C43DC601C680C43F2
:10EA80001C6014684F4D25400C052C431460022275
:10EA90009C6814439C60DC681443DC601C6814436D
:10EAA0001C60494B494C1C63494C0525266B0F27BC
:10EAB000BE432E43266346688F0337434760454E67
:10EAC0005E63666B0F27BE430A273743676346685A
:10EAD000CF0337434760404E1E6026680F27BE4372
:10EAE00035432560456810262E4346603B4D5D60EA
:10EAF0006568BD436560456820262E434660384DF5
:10EB00009D65A56DBD4303262E43A66545680E068B
:10EB10002E434660334D5D62656ABD432A4362629F
:10EB20004268CD02154345602F4ADA60E268BA4375
:10EB300001251543E56042688025154345602B4A51
:10EB40001A66226EBA4307251543256642688D066C
:10EB500015434560264A5A66626EBA430925154335
:10EB600065664268CD0615434560224A9A60A268F0
:10EB7000BA4308251543A560426840251543456002
:10EB80001D4A9A63A26BBA431143A1634168802274
:10EB9000D2020A4342601949D962E16AB9430622A6
:10EBA0000A43E2624168802212020A434260F0BCDA
:10EBB000704700000CF0FFFF10C002E0FFFFFFFCF9
:10EBC00040C11FE0FFFF3FFF10F1FFFFF8EF000023
:10EBD00010F2FFFF3870000004ED00001C5001002F
:10EBE00030D00000280B0000DCCC0000A87300002F
:10EBF0004C030000489C01003C280100002A010051
:10EC000008F20200D8E7004014F202001CF20200F1
:10EC100024F202002CF2020034F202003CF2020064
:10EC200044F202004CF2020054F202005CF20200D4
:10EC300064F202006CF2020074F202007CF2020044
:10EC400084F202004C1602008CF20200A4F20200D0
:10EC5000B8F20200C4F20200D0F20200E0F20200B8
:10EC6000ECF20200F4F20200F897004000F3020018
:10EC700046495120494E54455252555054000000C7
:10EC800050524546455443482041424F525400009B
:10EC9000444154412041424F5254000000C09FE57E
:10ECA0001CFF2FE161F0000000C09FE51CFF2FE179
:10ECB000A9EF000000C09FE51CFF2FE137F1000025
:10ECC00000C09FE51CFF2FE1F3F00000E34800685F
:10ECD000C107C90F012048407047E048006800079D
:10ECE000C10F012048407047DC4800688007C10F11
:10ECF000012048407047D94800684007C10F0120F3
:10ED00004840704730402DE904D04DE2B4079FE5FC
:10ED1000005090E5E044A0E3404C84E3001094E50B
:10ED2000010011E32800000ADBFFFFEB000050E3C5
:10ED30000E00001ADBFFFFEB8C079FE5001090E54B
:10ED4000042081E3002080E5EF00E0E3F00EC0E363
:10ED5000003090E5401B83E3001080E5015085E31F
:10ED6000005084E504D08DE23040BDE81EFF2FE165
:10ED7000FA1FA0E30100A0E3CDFFFFEB140094E530
:10ED80000110C0E3141084E5140094E5081080E33A
:10ED9000141084E5140094E5101080E3141084E549
:10EDA000040094E5021080E3041084E5040094E577
:10EDB0000210C0E3041084E5015085E3005084E5AF
:10EDC00004D08DE23040BDE81EFF2FE1000094E545
:10EDD0000110A0E3A00011E11900000AAEFFFFEB53
:10EDE000000050E30E00001AAEFFFFEBD8069FE5CF
:10EDF000001090E5042081E3002080E5EF00E0E3CF
:10EE0000F00EC0E3003090E5401B83E3001080E586
:10EE1000025085E3005084E504D08DE23040BDE827
:10EE20001EFF2FE16410A0E30100A0E3A0FFFFEBB1
:10EE3000025085E3005084E504D08DE23040BDE807
:10EE40001EFF2FE1000094E5200111E13D00000AC2
:10EE500091FFFFEB000050E30E00001A91FFFFEB63
:10EE600064069FE5001090E5042081E3002080E522
:10EE7000EF00E0E3F00EC0E3003090E5401B83E3D9
:10EE8000001080E5045085E3005084E504D08DE255
:10EE90003040BDE81EFF2FE10010A0E30100A0E319
:10EEA00083FFFFEB140094E5011080E3141084E568
:10EEB000140094E50210C0E3141084E5140094E5F6
:10EEC0000410C0E3141084E5140094E50810C0E3B6
:10EED000141084E5140094E51010C0E3141084E5C8
:10EEE000140094E52010C0E3141084E5140094E5A8
:10EEF0004010C0E3141084E5140094E58010C0E3D2
:10EF0000141084E5140094E5401FC0E3141084E558
:10EF1000040094E5021080E3041084E5040094E505
:10EF20000210C0E3041084E50120A0E388059FE5FA
:10EF30000C2080E5045085E3005084E504D08DE288
:10EF40003040BDE81EFF2FE1000094E5A00111E173
:10EF50001000000A080094E5011080E2241084E506
:10EF60004DFFFFEB000050E30900001A4DFFFFEBDF
:10EF700054059FE5001090E5042081E3002080E522
:10EF8000EF00E0E3F00EC0E3003090E5401B83E3C8
:10EF9000001080E5085085E3005084E504D08DE240
:10EFA0003040BDE81EFF2FE19048016801229143E7
:10EFB0000160704700B581B08C480168012291431F
:10EFC0000160642003F0FBFB0BF0E4FD0948012124
:10EFD000C1628160016241610BF0E6FD642003F0D3
:10EFE000EEFBA5480168802252020A43026001B08C
:10EFF00008BC184770E8004000402DE904D04DE2FD
:10F0000025FFFFEB000050E30C00000A2BFFFFEB95
:10F010004E02A0E3400C80E3001090E5012081E364
:10F02000002080E5400BA0E3EB30E0E3F03EC3E3DB
:10F03000000083E50110A0E390049FE5A01080E5A7
:10F0400084049FE5001090E5042081E3002080E522
:10F0500004D08DE20040BDE81EFF2FE154C0FF3F09
:10F0600010B48648026803680168D407E40F0122DF
:10F0700062401B07DC0F0123634013438907CA0F5B
:10F0800001215140194300684007C20F0120504040
:10F09000084310BC7047F0B4794801688268521E7A
:10F0A0009241D20F436AC46A641EA441E40F856989
:10F0B000066A761EB641F60FC7684069401E804159
:10F0C000C00F0A401C4014432E40264338403043B2
:10F0D000F0BC70476B480021016041608160416273
:10F0E0008162C1628161C1610162C160016141618E
:10F0F0007047022064490A6802430A603B490A6873
:10F1000001239A430A60614A8A600022CA60604A09
:10F110001323536001239360D36090239B001360FB
:10F120000B68184308600868022398430860486821
:10F13000401C1061704770B4504C22685207D30FC6
:10F1400001255D404F4A0023002D1BD11360516003
:10F150002568AD07EE0F0125754020D1D360116100
:10F1600025682D07EE0F0125754025D19361D161EA
:10F170002468E507ED0F01246C402AD153629162A7
:10F1800070BC70471668002E01D0002800D0936034
:10F1900015600029DBD055686D185560D8E7D66832
:10F1A000002E01D0002800D05361D5600029D6D0B0
:10F1B00015696D181561D3E79669002E01D00028F6
:10F1C00000D0136295610029D1D0D5696D18D56141
:10F1D000CEE7556A002D01D0002800D0D3625462DA
:10F1E0000029CCD0906A40189062C9E7044000E042
:10F1F00030B581B0AC4C20000AF09BF9050020002E
:10F2000008300AF096F9401E8041C00F28402DD0EA
:10F21000200024300AF08DF9050020002C300AF07F
:10F2200088F9401E8041C00F28401FD120001830AF
:10F230000AF07FF90500200020300AF07AF9401E1C
:10F240008041C00F284011D120000C300AF071F924
:10F250000500200014300AF06CF9411E8941C90FE5
:10F26000E807C00F01400120484000E0002001B045
:10F2700030BC08BC1847000010F0FFFF54C0FF3F2F
:10F28000A0E8004070E80040C4C01FE0FF0707008E
:10F29000144000E030B581B0834C20000AF049F9F9
:10F2A0000500200008300AF044F9401E8041C00FDC
:10F2B00028402DD1200024300AF03BF90500200021
:10F2C0002C300AF036F9401E8041C00F28401FD173
:10F2D000200018300AF02DF90500200020300AF037
:10F2E00028F9401E8041C00F284011D020000C306A
:10F2F0000AF01FF90500200014300AF01AF9411E27
:10F300008941C90FE807C00F01400120484000E0D3
:10F31000002001B030BC08BC184730B581B0624C49
:10F3200020000AF006F90500200008300AF001F973
:10F33000401E8041C00F28402BD1200024300AF00D
:10F34000F8F8050020002C300AF0F3F8401E804148
:10F35000C00F28401DD1200018300AF0EAF805003F
:10F36000200020300AF0E5F8401E8041C00F284000
:10F370000FD120000C300AF0DCF80500200014301A
:10F380000AF0D7F8401E8041C00FE907C90F0840B6
:10F3900000E0002001B030BC08BC184770B5424DF9
:10F3A000424C3022210028000AF0B8F80026FFF76E
:10F3B00072FE00280AD13E48806B002870D13D487B
:10F3C000006800286CD103F045F869E03A4800680D
:10F3D000002809D1F2F70EFF3548C66301F0BEF9E7
:10F3E000FFF7E8FD01205CE03448C168002908D03F
:10F3F000C6600078012804D1F7210901282005F012
:10F40000C9FE280024300AF094F8060028002C30A9
:10F410000AF08FF8401E8041C00F012530401DD0FA
:10F42000200028300AF085F8254988420CD32000B6
:10F4300018300AF07EF8002802D102F0DFFE2EE03C
:10F44000204802F05FFD2AE0002828D10BF0A2FB43
:10F45000E5620BF0A9FB01F073FA20E0FFF7C8FEAC
:10F46000002806D00BF096FBA5600BF09DFB01F089
:10F4700005FAFFF70FFF002806D00BF08BFB256283
:10F480000BF092FB01F0C3F9FFF747FF002806D00D
:10F490000BF080FB65610BF087FB01F0D3F90126CF
:10F4A000300070BC08BC1847A0E8004070E800407D
:10F4B00028E80040D4AD00402CC7004030E90040AF
:10F4C000D10700000CF3020050F3020040C11FE01E
:10F4D0005CE5004000A070474C4F47004C4F470090
:10F4E0004C4F4700C6D3D0CDC0CB000001A0704721
:10F4F00000A070476261636B006261636B006261D0
:10F50000636B00EDE0E7E0E40000000000A070475E
:10F510006E657874006E657874006E65787400F1BD
:10F52000EBE5E40000A07047626567696E00626504
:10F5300067696E00626567696E00EDE0F7E0EBEE0B
:10F54000000000000120704700B581B0B0480021E4
:10F550000160C9434160816064210C300BF0A6FC5E
:10F5600001B008BC184700B581B0FFF7EDFF01F00E
:10F57000F5F8A74881684160012001B008BC184730
:10F5800000B581B0A34801F0C4F8012001B008BC67
:10F59000184700B581B09F4801F0BBF8012001B0C9
:10F5A00008BC184710B59A4C2068401C206001F038
:10F5B000CBF801F0FDF8A0686060012010BC08BC29
:10F5C000184710B5CD4C00202060C043606001F0AA
:10F5D000BBF801F0EDF8A0686060012010BC08BC29
:10F5E00018470120704700B581B000F00AF80120EB
:10F5F00001B008BC18470120704701207047012066
:10F600007047F0B585B000210020F2F76BFB0120B8
:10F61000F2F75CFB03210120F2F75EFB0020F2F71A
:10F620004EFB80204002F2F7BCFAB548F2F75EFBD1
:10F63000E923F02235210020F2F7B6FAB14F380065
:10F64000F2F799FB724E306F002811D001A9002209
:10F65000002300241CC171680091D24391420ED155
:10F66000F6F7CAFB401E009009D500940098B060E0
:10F6700005B0F0BC08BC184730000C303EE00098E4
:10F680000028F3D0642332000C326946306FFCF757
:10F690004BFD9D498842EBD0002834D030000C301F
:10F6A000317B30390A2929D2202130000C300EF06C
:10F6B0003BFA0400E0D030000C30251A2A0031005B
:10F6C0000C3101A80CF0A4FA002816D001A80021E2
:10F6D000002200230EC02A0031000C3101A80BF0DB
:10F6E000EBFC8A48F2F747FB01A8F2F781F888A003
:10F6F000F2F77EF83800F2F73EFB601CF2F778F87C
:10F7000083A0F2F775F883488068BE28B7DBADE7C1
:10F7100000B581B0F2F700F800F004F801B008BCC1
:10F720001847000030B5C1B0394C216F00292BD0EB
:10F7300005000800F6F760FB009001A8F1F706FB52
:10F7400075A101A80CF056FA4A2229000EF0FEF924
:10F750006FA101A80CF04EFA0BF082FC652805D3CE
:10F7600078A3F12272A16D48F1F762FF01A80BF0B6
:10F7700077FC030001AA6946206FF6F7FFFC624997
:10F78000884201D0012000E0002041B030BC08BC1C
:10F79000184730B581B062A529002800F6F726F990
:10F7A000564C2067002805D1012229002800F6F7D1
:10F7B000CDF92067206F401E8041C043C00F01B0CB
:10F7C00030BC08BC1847000010B592B00400554882
:10F7D000F1F7A2FF010005A80EF080FA20000BF05F
:10F7E00059FE02000B00C0465EA168460BF0DCFB30
:10F7F000694605A80CF0FEF908F05EFF010005A8B7
:10F800000CF0F8F9FFF78EFF12B010BC08BC1847D7
:10F81000ECD900401432030030B599B04248016879
:10F82000002902D04068002801D1002061E0C046D4
:10F830004EA50622290005A8F5F7E0F83B4CDB2091
:10F84000800020180DF01EFA0BF0E0FD0BF022FEF8
:10F8500002000B0047A168460BF0A6FB694605A80D
:10F860000CF0C8F9DD20800020180DF00BFA0BF029
:10F87000CDFD0BF00FFE02000B00C0463FA1684615
:10F880000BF092FB694605A80CF0B4F9DF2080006C
:10F8900020580BF0FFFD02000B00C04639A168465E
:10F8A0000BF082FB694605A80CF0A4F9FFF73AFFBC
:10F8B0000622290005A8F5F7A1F8C8204000201865
:10F8C0000CC8C04631A168460BF06EFB694605A81E
:10F8D0000CF090F9FF202A30225CC0462EA1684629
:10F8E0000BF062FB694605A80CF084F9FFF71AFFDC
:10F8F000012019B030BC08BC18470000ECD900400A
:10F9000074080200003F3F000540008000203F00D7
:10F910000D0000002CC700400900000054F3020055
:10F920006C6F670084F3020024D1004060DA00406D
:10F930004C4F474D6F64655F696E736572744576B1
:10F94000656E74004576656E7420646573637269D4
:10F950007074696F6E20697320746F6F206C6F6EA6
:10F960006700000020252E32662000004750533AE1
:10F97000200000004C61743D256620004C6F6E3DF8
:10F9800025662000416C743D2566200048444F5098
:10F990003D252E3166200000536174733D257500AE
:10F9A000A5480168082291430160A448016A012228
:10F9B0000A43026201218163490602680A43026028
:10F9C0004A08036813430360C161C261C90A02683F
:10F9D0000A43026081610A04036813430360C26141
:10F9E0008022036C13430364036A802424061C43AF
:10F9F00004628265803000680843BA4A10609161F1
:10FA00004808116801431160D0610BF0C3F88C4CB9
:10FA10002068012101432160206810218843206073
:10FA20002068202101432160864D686803218843B6
:10FA3000012101436960A068D04901408020400352
:10FA40000843A060A068CE490140802040010843DF
:10FA5000A06002F011FD02F09BFE02F009FE286892
:10FA60000F21014329606068FF210143616002F0BA
:10FA7000CDFDF2F707FBF1F7C3F802F071FDF2F7E5
:10FA800009FDF2F715FCF2F716FEF4F7BFFFF4F7E5
:10FA9000CDFFFFF72EFBFFF71DFB05F07FFAFDF70B
:10FAA00085FBFDF739FBFDF72FFAFDF7EBFDF7F7C7
:10FAB00047FAF7F78FFAF0F753FBF0F79FFF0AF0DA
:10FAC00033FBF7F777FD01F0FDFAFEF7BBFF0BF014
:10FAD0006BF805F099FA05F08BFA00F0E7FDA948FC
:10FAE000F1F77CFCF8F71AFDF5F7F0FCFFF7EEF8FC
:10FAF000002805D0FFF7FFF8002801D003F0F0FE42
:10FB0000FFF7E4F8002807D0FFF7E7F8002803D054
:10FB10000AF070FB02F0D4FFF2F7C8FE03F0B0F871
:10FB2000F2F7C6FB984C2000F2F725F92223F022C9
:10FB300013210020F2F738F800210020F2F7D2F864
:10FB40000020F2F7C3F801210120F2F7C5F80020E8
:10FB5000F2F7B5F88D48F2F724F88D48F2F7C6F8B9
:10FB60008DA0F1F745FE2300EF2233210020F3F7AB
:10FB700074FD00210020F2F7B5F80020F2F7A6F896
:10FB800003210120F2F7A8F80020F2F798F880206E
:10FB90004002F2F706F8FF2004F030FAF2F79FFD7A
:10FBA0007C4805F08CFA02F039FEF6F765FDF2F7B5
:10FBB00033FE02F033FEF6F732FD642005F064FBFD
:10FBC000FFF7E7FDA548FFF7A3FDFBF729FFF8F7CF
:10FBD00093FEF7F705FFF0F740FE07F04AF905F04E
:10FBE00089FFFEF773F8FEF793F8FEF793FAFEF736
:10FBF0002BFBFEF7A3FAFEF73BFAFEF779F8FEF7C8
:10FC000049FB974FB868002814D1786A002811D1B1
:10FC1000F86800280ED1386900280BD178690028CF
:10FC200008D1B869002805D1F869002802D1386ADE
:10FC3000002809D0A24808E028C002E000C0FF3F29
:10FC4000A0C11FE008C11FE09E4800F062FDFFF761
:10FC5000B1F90AF0CFFA9C4C6068002801D005F099
:10FC600081F8204840694100C90F07D14CA3FF2209
:10FC7000AC32C0464FA19548F1F7DAFC944DA86824
:10FC8000002803D002F044FE0020A860914E3069A5
:10FC900000284ED002F0C2FD68681F2802D38E48AB
:10FCA00002F030F92869401C286128696969884296
:10FCB00012D300F090FD00280ED188480168002979
:10FCC0000AD14068002807D1B1480068002803D055
:10FCD000F2F770FA00202861F7F700FCF7F75BFCF9
:10FCE000AC4801E080C0FF3F0068002801D0F7F772
:10FCF00017FDF0F705FA0AF004FAF7F7D1F9F7F76C
:10FD0000CDFAB27B100000F0E5F981000818101A56
:10FD10000DD1FDF7EDFFFDF7D9FFFDF7F9FFF6F780
:10FD20007EFC2868002802D09B4805F0C8F9F2F74D
:10FD3000A5FE00F02CFE386B002806D0B86B00281A
:10FD400003D00020B86300F032FEF0F7E8F90AF0C3
:10FD500045F92068002807D000F030F82068F5F752
:10FD600097FE002020602861FDF7F4F8FFF716FBEE
:10FD7000002800D175E70020286172E7FFFFCFFF60
:10FD8000FFCFFFFF82E40040003F2000020001009F
:10FD90009C2A020014250300494E464F0000000033
:10FDA00050726F636573736F722032206661696C85
:10FDB000656421006D61696E0000000030B581B09E
:10FDC000040000F08DF8754D6B462A0078A12000E4
:10FDD000FCF732FA002801D100F0B2FD6B462A0090
:10FDE00077A12000FCF728FA002801D100F046FD99
:10FDF0006B462A0075A12000FCF71EFA002801D1ED
:10FE000000F005FD6B462A0074A12000FCF714FAEF
:10FE1000002801D100F016FD200000F023F86B4609
:10FE20002A00C0468BA12000FCF706FA002801D169
:10FE3000F2F7CCFE200000F0D9F86B462A00C0464D
:10FE400057A12000FCF7F8F9002802D179A002F0B0
:10FE500059F801B030BC08BC18470000F4F30200A8
:10FE600028E8004030B583B00500002002900190E2
:10FE70000090C0467EA402AB83A221002800FCF7BC
:10FE8000DBF9002818D101AB81A221002800FCF782
:10FE9000D3F9002810D16B467FA221002800FCF77F
:10FEA000CBF9002808D164480299016001990171D9
:10FEB0000099C180F4F7C6FF03B030BC08BC1847F6
:10FEC00098E10200EC3B0300E4D900401CF402007E
:10FED0000CE60040FCE8004048F4020000D100407D
:10FEE00030B58DB00500C0466DA40BAB53A2210008
:10FEF000FCF7A2F9002846D10AAB51A22100280044
:10FF0000FCF79AF900283ED109ABC04669A221004E
:10FF10002800FCF791F9002835D108AB49A221004F
:10FF20002800FCF789F900282DD107AB46A2210053
:10FF30002800FCF781F9002825D106AB43A2210057
:10FF40002800FCF779F900281DD105AB50A221004B
:10FF50002800FCF771F9002815D104AB4EA221004E
:10FF60002800FCF769F900280DD104980390059842
:10FF700002900698019007980090089B099A0A99A8
:10FF80000B98F0F771FF0DB030BC08BC18470000AB
:10FF90002CC7004024D100404451010068000100FA
:10FFA0004D6F6465735F4F6E5475726E4F464600B9
:10FFB0004D6F6465735F4F6E446F776E0000000095
:10FFC0004D6F6465735F4F6E557000004D6F6465D3
:10FFD000735F4F6E4C656674000000004D6F646582
:10FFE000735F4F6E526967687400000030B581B06E
:10FFF0006B46C0461CA2C04630A1FCF71DF9002884
:020000040001F9
:1000000014D1F0F7F1FA6424114D2868002805D1C5
:10001000641E03D00A2002F0D2FBF6E70AF0BAFD14
:100020000AF082F80AF073F80AF0BEFD01B030BCA5
:1000300008BC18470000000058E4004073656300E6
:100040006D696E00646F6D00646F7700646F790096
:1000500004C70040446973706C61795F67657453CD
:10006000637265656E0000006F7264657200000067
:1000700053797374656D5F73657453657269616CF0
:10008000416E64446174650073657269616C00005F
:100090006D6F6E7468000000796561720000000089
:1000A000436C6F636B5F7365744461746554696D11
:1000B00065000000686F757200000000537973746A
:1000C000656D5F7365744272696467654D6F6465E1
:1000D000000000007847C0460CC09FE5901CCCE0B3
:1000E000CC00A0E1A00F80E01EFF2FE167666666EE
:1000F000A6480068002801D0B9A07047C0A070478A
:10010000C3A07047C8A07047A0484168002902D02A
:100110000068002802D1C046C7A070470020704781
:100120000020704700B581B0994800681E2803DBA5
:1001300000F01AF800F02AF807F0C2FE01B008BC7F
:10014000184700B581B007F083FC00F00DF801B04E
:1001500008BC184700B581B007F0E4FC00F004F8D3
:10016000012001B008BC184730B581B00024894D8A
:1001700084202C507821281D0AF098FEEC678020FE
:100180002C502C6001B030BC08BC184730B583B08F
:10019000012281A181A0F5F7D9FC814D28600028BA
:1001A0000FD0002401947F49009104236A4601A9DD
:1001B000F5F7E4FF7C49884203D12868F5F768FC2D
:1001C0002C6003B030BC08BC18470000F0B589B003
:1001D000FDF74EFF754CE0696E4D216A002911D084
:1001E00000282CD0A06872490BF0F8F827D2FDF750
:1001F00009FB092823DBFDF7BFFFFDF7B3FF07F07D
:10020000D7FD1CE000281AD1EE6F701CE867A06AC9
:10021000002802D080273F0600E0002720680CF06D
:10022000EFFD0743B00028184760E86F1E2801D192
:1002300000F03EF8280080300168491C0160286801
:1002400000282CD05B48FDF796FB002827D0E86FEC
:10025000012824DB0020286007F02EFD00281ED096
:1002600000F026F800281AD06846F0F7DFFD0200FB
:1002700077A104A80AF098FE48A304AA46A1180092
:10028000F5F7C2FCFFF770FFFFF7C6FA002803D0AE
:1002900008F03EF9FFF798FA474804F010FF0020F5
:1002A000A06200F085FA012009B0F0BC08BC184734
:1002B000F0B593B0374C26007C36B068002801D1E9
:1002C000FFF764FFB068002804D1306004F04AFDF5
:1002D000002039E0F5F790FD00900020C043019028
:1002E00001A802A902680A6002AF07223349381D3B
:1002F000F4F784FB1E22324938000B300AF0DCFD93
:10030000304D10222900380029300AF0D5FD39235C
:1003100002AA6946B068F5F731FF002806DDE06FF4
:100320008300221D6946B068F5F728FF00210022EE
:10033000002300241EC531601B49884203D104F00C
:1003400011FD002000E0012013B0F0BC08BC1847EC
:1003500000B581B01C4800F0DCF9012001B008BCF8
:10036000184700B581B0F7F7EEFF012001B008BCD7
:10037000184700B581B0FDF76BFEFDF78BFE01203D
:100380000449086001B008BC1847000044D0004090
:10039000D0E7004050E70040746D70006D6373005B
:1003A000D4E70040EEEEEEEE0540008028D000409D
:1003B0000100E04034A700400825030004E90040A4
:1003C000CCDD0040E8D000401432030000B581B01D
:1003D000FFF7CAFE07F0ECFC01B008BC18470000AC
:1003E0004D4353204247004D4353204247004D4365
:1003F0005320424700CCCAC420F4EEED00000000B8
:100400004D4353004D4353004D435300CCCAC400E9
:100410006261636B00776965646572006261636B3A
:1004200000EDE0E7E0E400006770730067707300C0
:100430006770730067707300736176650061626C4A
:1004400065676E007361766500F1EEF5F0E0ED0032
:100450006D63735F25730000684870476CA0704738
:100460006BA070476AA0704769A0704710B46448D9
:1004700000210022002300241EC010BC704700B5DC
:1004800081B005205E490860FA20800000F00EFC73
:1004900000F064F9012001B008BC184710B500F065
:1004A00087F9574C2068401E20600DD160680028F5
:1004B00007D15448030034335822C0465AA1F1F7FB
:1004C000B7F8606800F0F0F8012010BC08BC1847CD
:1004D00010B54B4C6068002807D14A4803003433FC
:1004E0006122C04655A1F1F7A3F8606800F0DCF87E
:1004F000012010BC08BC184710B5414C60680028AA
:1005000007D14048030034336722C04650A1F1F7B9
:100510008FF8606800F0C8F8012010BC08BC1847CC
:1005200010B5374C6068002807D1364803003433D3
:100530006D22C0464BA1F1F77BF8606800F0B4F87B
:10054000012010BC08BC184710B52D4C606800286D
:1005500007D12C48030034337322C04646A1F1F77B
:1005600067F8606800F0A0F8012010BC08BC1847CC
:100570000120704700B581B000F00AF8012001B0F9
:1005800008BC1847012070470120704701207047C0
:1005900010B5EA23F02235210020F1F705FB0021F8
:1005A0000020F1F79FFB0120F1F790FB00210120D3
:1005B000F1F792FB1448F1F7F4FA1448F1F796FBBF
:1005C0000120F2F7C3FAF1F74FFB0D4CA0680028A9
:1005D00007D10C48030034339E22C0462BA1F1F70B
:1005E00027F8E068A16800F060F8F2F7BBFA002095
:1005F000F2F7ACFA10BC08BC184700006CF502001A
:1006000044E9004090F50200020001004C1602008F
:10061000657869740065786974006578697400E2CA
:10062000FBF5EEE4000000004D6573736167654DF6
:100630006F64655F4F6E54696D6572004D657373CD
:100640006167654D6F64655F4F6E4C656674000051
:100650004D6573736167654D6F64655F4F6E526979
:10066000676874004D6573736167654D6F64655F9E
:100670004F6E5570000000004D6573736167654DE6
:100680006F64655F4F6E446F776E00004D657373E6
:100690006167654D6F64655F73686F774D6F646503
:1006A00053637265656E00000047084700B581B06E
:1006B00098480021C162C163974A026041600163AA
:1006C000416381630164416404F06FFF07F0C0F986
:1006D000FFF737FD07F0BCF908F08CFF03F0A3F932
:1006E000F7F768FAF0F78CFC0AF08CFAF3F73AFDAA
:1006F00009F0A0FAFEF728FF08F0C0FAF4F7FCFBB7
:10070000FAF766FFFFF7B2FE02F097FC01B008BCF3
:10071000184730B581B004007E4D2868A04206D04D
:10072000002804D0406B002801D000F0C9FC2C60E8
:100730000020E86300F0AAFA00F024F8FEF73AFC83
:1007400001B030BC08BC184700B581B0C822A04831
:1007500003C8F2F7CFFC01B008BC184700B581B060
:100760006C48C06B002804D1C822994803C8F2F72E
:10077000C1FC00F053F900F08DF900F019F801B058
:1007800008BC184700B581B0A1480068002801D115
:10079000F1F730FD5F480068002802D0806900282A
:1007A00001D1012001E000F08BFC01B008BC18472A
:1007B00000B581B057480168002908D0C06B0028F7
:1007C00005D1086B002802D000F07AFC00E001207F
:1007D00001B008BC184710B54E480068002806D084
:1007E000AB49096800290CD1806B002801D1012098
:1007F0000AE000F065FC040005D0F4F77CFA00285C
:1008000001D0002000E0200010BC08BC184710B543
:10081000404C206800280ED0E16B002902D000F087
:10082000BFFB08E0806800F04BFC002803D0206884
:10083000C069002801D1012001E000F041FC10BC9A
:1008400008BC184710B5334C206800280ED0E16B67
:10085000002902D000F0E6FB08E0C06800F030FCA0
:10086000002803D02068006A002801D1012001E09F
:1008700000F026FC10BC08BC18470000F0B581B0A1
:10088000244C2068002823D0E16B002917D0256C68
:1008900000266068B700016D8E4221DAC019C06F72
:1008A00000F00EFC002802D0002D19D06D1E761C21
:1008B000EFE7002D01D100F09DFA28000CE000695F
:1008C00000F0FEFB002803D02068406A002801D118
:1008D000012001E000F0F4FB01B0F0BC08BC1847B7
:1008E0006068C019406D002806D1C0460BA3C7221E
:1008F00010A1CA48F0F79CFE6068C019406D00F076
:10090000DFFB0500012DD4D1E06B0028D5D000F02D
:1009100017F8D2E728E8004014320300766F6964C4
:10092000206D656E75206974656D2068616E646CFC
:10093000657200004D6F6465735F4F6E5570000007
:1009400010B5B74C206800281AD0E16B00290ED0F2
:100950000020E063C822C0462EA003C8F2F7CAFBFD
:1009600000F05CF800F096F8FFF722FF08E040691D
:1009700000F0A6FB002803D02068806A002801D17F
:10098000012001E000F09CFB10BC08BC184700B53A
:1009900081B0A3480068002802D0C06A002801D1B5
:1009A000012001E000F08CFB01B008BC184700B545
:1009B00081B0CF480068002802D0006C002801D127
:1009C000012001E000F07CFB01B008BC18470000EA
:1009D000140A010010B5C64C2068002810D0002071
:1009E000E063C8220BA003C8F2F784FB00F016F8FE
:1009F00000F050F8FFF7DCFE2068C06B002801D142
:100A0000012001E000F05CFB10BC08BC18470000AE
:100A10002CC7004000003500EF001E0130B581B04A
:100A20007F4C206800282ED045682800F1F7A3F9F4
:100A30002223F02213210020F1F7B6F80021002034
:100A4000F1F750F90020F1F741F901210120F1F708
:100A500043F90020F1F733F9BE48F1F7A2F8CA488C
:100A6000F1F744F92068006800F02AFB04006E20CA
:100A7000F1F7D8F82000F0F762FE2B00EF223321C7
:100A80000020F2F7EAFD01B030BC08BC18470000B6
:100A90000CE6004070B5624C2068002800D1B9E037
:100AA0004068F1F768F90021C9430120F1F714F912
:100AB0000020F1F70BF90020F1F701F9A548F1F753
:100AC00070F8BF48F1F712F9FF2520352123F022F5
:100AD00029000020F1F768F86420F1F7A3F80F234C
:100AE000502229000020F1F75FF800210020F1F7E3
:100AF000F9F8E06B002801D05AA00BE0206880686C
:100B000000F0DEFA002804D02068806800F0D8FAEF
:100B100000E0ACA0F0F713FE0F2350222900502074
:100B2000F1F742F800210020F1F7DCF8E06B002833
:100B300002D0C04643A00BE02068006900F0C0FA74
:100B4000002804D02068006900F0BAFA00E09DA0F7
:100B5000F0F7F5FD0F235022972149005020F1F7BF
:100B600023F800210020F1F7BDF8E06B002801D048
:100B70002DA00BE02068406900F0A2FA002804D004
:100B80002068406900F09CFA00E08EA0F0F7D7FDE5
:100B90000F2350222900A020F1F706F800210020A1
:100BA000F1F7A0F8E06B002802D0C04632A00BE0BD
:100BB0002068C06800F084FA002804D02068C0686B
:100BC00000F07EFA00E07FA0F0F7B9FD2035D64CAA
:100BD0002300EF2229000020F2F73FFD2300EF223F
:100BE000FF2122310020F2F738FD23009F229821B7
:100BF00049005120F2F731FD9126760023002A00AA
:100C000031005020F2F7C7FC23002A003100A02059
:100C1000F2F7C1FC70BC08BC184700002CF60200BB
:100C200028E8004000A0704765786974006578691D
:100C300074006578697400E2FBF5EEE400000000E2
:100C400000A0704773656C6563740073656C6563C1
:100C5000740073656C65637400E2FBE1EEF0000004
:100C600000A07047757000757000757000E2E2E5D5
:100C7000F0F5000000A07047646F776E00646F7736
:100C80006E00646F776E00E2EDE8E70000B5C248E1
:100C9000016808229143016015480021016309F0B1
:100CA00079FF816309F080FF08BC184710B5040084
:100CB0000A2C07D228A3FF225C32C0460DA1B748F8
:100CC000F0F7B6FCB4480168082291430160084877
:100CD00001210163446309F05DFF0021816309F094
:100CE00063FF200000F010F810BC08BC184700009B
:100CF00028E800404D6F6465735F637265617465D9
:100D000054696D657200000010B504000A2C07D20A
:100D100011A3FF226C32C04616A1A048F0F788FC50
:100D200009F038FFBE4A10680121884310605368FB
:100D3000200004F075FB1818906110690821014328
:100D40001161106801210143116009F02DFF10BCF1
:100D500008BC18470200010074696D657220646563
:100D60006C6179206973206F7574206F66207261E1
:100D70006E6765004D6F6465735F54696D65725F82
:100D80007475726E4F4E00009C2A020010B504006C
:100D900008D1C0460CA3C2225200C04610A17F4811
:100DA000F0F746FCC0480121C163002101644460A2
:100DB00000F020F8FFF76EFE10BC08BC18470000DA
:100DC0004C16020000000000704D656E75206D75B8
:100DD0007374206E6F74206265204E554C4C000079
:100DE0004D6F6465735F61637469766174654D65A9
:100DF0006E750000F0B583B0AB4C2068002800D1C0
:100E00008DE06068543007D148A3FF229632C04677
:100E10004DA16248F0F70CFCEA23F02235210020B6
:100E2000F0F7C2FE0020F0F751FF0020F0F747FF77
:100E30009E48F0F7B6FE9E48F0F758FF9D48F0F741
:100E40009AFF0A20F0F7EEFE002565640026606830
:100E5000006D00280FDD6068B1004018C06F00F021
:100E60002FF9002802D0606C401C6064761C60681A
:100E7000006D8642EFDB0A20616C401A8100081881
:100E8000800007003537EA21081A01900300EC22A0
:100E900039000420F0F788FE04210120F0F71CFF40
:100EA00003210320F0F71EFF6068017800290BD0B2
:100EB000F0F745FC80A0F0F79BFC7E4BEE2239005A
:100EC00014310120F2F7C9FB7C48F0F76AFE206874
:100ED0004068F0F750FF002677A56068006D002895
:100EE00011DD6068B1004018C06F00F0E9F800281B
:100EF00004D0F0F724FC2800F0F77AFC761C606838
:100F0000006D8642EDDB6B48009001983B185B1E3C
:100F1000EF2239000020F1F7FBFD00F01DF803B0CF
:100F2000F0BC08BC18470000003F3F007041724F02
:100F30006E436C69636B206D757374206E6F7420E3
:100F40006265204E554C4C004D6F6465735F73684D
:100F50006F774D656E75000070B5534E3068002890
:100F600016D0706C1321C9434843316C8A00511864
:100F700089004018FF211431451813243068436854
:100F8000ED2229000220F2F761FD6D1C641EF5D1EF
:100F900070BC08BC18470000140007E02CF60200E3
:100FA00070B5414E3068002816D0706C1321C943CB
:100FB0004843316C8A00511889004018FF211431D0
:100FC0004518132430684368ED2229000220F2F707
:100FD0003DFD6D1C641EF5D1306C002800D1706C95
:100FE000401E30643068002816D0706C1321C9434D
:100FF0004843316C8A00511889004018FF21143190
:101000004518132430684368ED2229000220F2F7C6
:101010001DFD6D1C641EF5D170BC08BC1847000096
:10102000040007E070B5204E3068002816D0706CC0
:101030001321C9434843316C8A0051188900401874
:10104000FF2114314518132430684368ED2229002C
:101050000220F2F7FBFC6D1C641EF5D1706C316C44
:10106000421E914201D2491C00E0002131643168E6
:10107000002915D01321C9434843316C8A00511807
:1010800089004018FF211431451813243068436843
:10109000ED2229000220F2F7D9FC6D1C641EF5D167
:1010A00070BC08BC1847000028E80040020001009E
:1010B0004C160200002020000D000000010001007D
:1010C0000047000030B581B0A94C862040002018B0
:1010D000012101700025456000F0B0F9DB2080009F
:1010E0002218002000210CF0CFFEDD208000221805
:1010F000002000210CF0C8FEDF20800020180560D1
:1011000045608560858101B030BC08BC1847F0B5EA
:1011100081B0974F012286235B00FA5400263E716E
:10112000002907D004000D00207800F050F8641C5E
:101130006D1EF9D1E22080003C182670FF205A3045
:101140003D18287800283ED08C2040003E18DB2037
:1011500080003A1803CE083E0CF096FEDD20800099
:101160003A183000083003C80CF08EFE28780128A9
:1011700002DD0021491C217003280BD12078401C7E
:1011800020703000203003C80AF040F9CE218900D9
:10119000791848647548385C562814D02078801C2B
:1011A0002070CE2080003C180CCC083C71A003C8F5
:1011B0000BF016FB0AF02AF9A0642000083003C8DF
:1011C0000AF024F9E06401B0F0BC08BC184730B55F
:1011D00081B0674A8621490054182178012907D037
:1011E0006ED303292BD00AD3052956D04CD367E000
:1011F000242867D1002010705080022061E02C2844
:1012000011D02A280FD05188082959DA51180871AD
:101210005188491C51801378584010700904090CFA
:1012200008294FDB4CE05388082B49DA0021D318FA
:1012300019711378584010705180032041E0538891
:10124000802149002A2806D18B4239DA0020D118A2
:101250000873042035E08B4232DAD3180D2807D109
:101260000020187311000C31101D00F02FF827E03A
:1012700015784540157018735088401C5080000444
:10128000000C88421EDB1BE0010030390A2900DB1C
:10129000373800015070052013E051780300303BCF
:1012A0000A2B01DA303800E03738084350701078E4
:1012B0005178884204D111000C31101D00F006F85D
:1012C0000120207001B030BC08BC184730B581B097
:1012D00004000D0029A109F087FE002806D0C046B1
:1012E00028A1200009F080FE002803D1280000F08A
:1012F00055F932E025A1200009F076FE002805D03E
:1013000024A1200009F070FE002803D1280000F07D
:1013100047FA22E021A1200009F066FE002805D04E
:1013200020A1200009F060FE002803D1280000F071
:1013300037FC12E01DA1200009F056FE002803D161
:10134000280000F0D5FA08E01AA1200009F04CFEB0
:10135000002802D1280000F04FFD8E480168491C8A
:101360000160012001B030BC08BC18472303000015
:1013700060DA00406F1283C0CAA1FD3F4750474763
:1013800041000000474E4747410000004750475387
:1013900041000000474E4753410000004750524D66
:1013A00043000000474E524D430000004750475352
:1013B0005600000047505A4441000000F0B481B08C
:1013C00004001800002C04D00B0002D0009000286C
:1013D00001DC002025E0002500210027100022006C
:1013E000874221D01678002E1ED02C2E00D17F1CD3
:1013F000491C521C1678002EF2D11AE000211C0064
:10140000009816782C2E17D02A2E15D0002E13D027
:101410002670491C641C521C8142F2DB401E1D5484
:10142000012001B0F0BC7047605C2C2801D02A2854
:10143000E4D11D700020F4E70800F0E7F0B581B0BA
:10144000554E8A20400030180027078087708C2076
:10145000400030180024002530C008380100083151
:1014600030C107820100183130C10100203130C184
:101470008762C7620100303130C1383030C04D2042
:10148000AC21490070540120711848702821AD200A
:10149000400030180AF0A8FBAC2040003018303073
:1014A00030C0AC2040003018383030C0AC20400094
:1014B000301804644564AC20400030188764D220A2
:1014C0004000301807704780D420400030180521B4
:1014D000078147810780478047608782C78287816D
:1014E000C78107610784478407834783C76187856E
:1014F000C7858784C78487623030491EE8D1A6201B
:10150000800031180F60562008710A00083230C27E
:101510003F220A744F74A14AB754BC218900711844
:1015200030C108390A00083230C20A00103230C215
:101530000A00183230C2203130C1C621890071182A
:1015400008704F600F818F72C8720800103030C071
:101550000800183030C00800203030C008002830A3
:1015600030C0D22080003018012101704170FA2271
:10157000D20042800300083330C307618782877539
:10158000C175017642838783076201B0F0BC08BC55
:101590001847000070DB004060DA0040F1B58CB005
:1015A00003AF1E23002203A9FFF708FF00281DD068
:1015B0006C4631202070352060700025A570C74E24
:1015C00068460CF081FB307032202070372060704C
:1015D000A57068460CF078FB7070387920707879C7
:1015E0006070A57068460CF06FFBB070BC4D8C202D
:1015F00040002C181E23012203A90C98FFF7DEFEE1
:10160000002813D0B81CF2F72FFD0022B54B0AF0CA
:101610008DFB03C4083C0020B87003A8F2F724FD3A
:101620000CCC083C0BF04EFB03C4083C1E230222EA
:1016300003A90C98FFF7C2FE002809D03878532878
:1016400006D103CC083C80221206514003C4083C5A
:101650001E23032203A90C98FFF7B0FE002816D022
:10166000F81CF2F701FD00229E4B0AF05FFB2200FE
:10167000083203C20020F87003A8F2F7F5FC22003C
:1016800008320CCA0BF01EFB2200083203C21E23D4
:10169000042203A90C98FFF791FE00280BD038789C
:1016A000572808D12000083003C880221206514074
:1016B0002200083203C21E23052203A90C98FFF75B
:1016C0007DFE002802D03878303820741E23062290
:1016D00003A90C98FFF772FE002809D068463978F4
:1016E000017079784170002181700CF0EDFA60741E
:1016F0001E23072203A90C98FFF760FE002805D0DF
:1017000003A8F2F7B1FC2200183203C21E230822FC
:1017100003A90C98FFF752FE002805D003A8F2F7A2
:10172000A3FC2200203203C28A20400028184178FE
:101730000A01511A890080780D18E06AA8421EDA61
:10174000401B0BF06DFA0022664B0AF0EFFA060020
:101750000F000020002132003B000CF07DFB0ED07A
:101760002000303003C8220020320CCA0BF034F9BC
:1017700032003B000AF0DAFA2200383203C22000BD
:10178000203003C82200303203C2E562A06A401C48
:10179000A0620DB0F0BC08BC18470000C9020000F0
:1017A000F0B58DB005004E4C1E23002204A9FFF7B2
:1017B00005FE002804D06846007CAC214900605436
:1017C0001E23012204A92800FFF7F8FD002806D0F7
:1017D0006846007C3038AC2149006118487000240C
:1017E000414803950500A21C0398002812D0002050
:1017F000002600230399934263D00F78002F60D016
:101800002C2F00D15B1C761C491C0F78002FF2D1C5
:101810006946087400201BE004A8F2F725FC27E0C5
:101820002A2E08D0002E06D01E70521C5B1C491CAC
:101830001E2A4EDB1D2204A988540A786B461A70B2
:1018400049786A4651706946887068460CF03CFADF
:101850002880641CAD1C0C2CC5DB039D234C1E236F
:101860000E2204A92800FFF7A9FD0028D4D10021E9
:101870002200303203C21E230F2204A92800FFF7E2
:101880009DFD002803D004A8F2F7EEFB00E0002144
:101890002200383203C21E23102204A92800FFF7B9
:1018A0008DFD002803D004A8F2F7DEFB00E0002144
:1018B00020646164A06C401CA0640DB0F0BC08BC46
:1018C0001847039A925D2C2AA2D02A2AA0D000227F
:1018D00004AB0E782C2EAED0A2E7000074DB0040E3
:1018E00060DA004000004E40BADB0040B8DB004048
:1018F000F0B58BB0050000241E23002201A9FFF7DC
:101900005DFD002800D1BFE001A80CF0DDF90A2838
:1019100000D3B9E0002800DCB6E08000142800DB2A
:10192000B2E01E23012201A92800FFF747FD00288D
:1019300003D001A80CF0C8F90400601E092800D3E8
:10194000A2E01E23022201A92800FFF737FD00288C
:1019500004D001A80CF0B8F98D49088000268D4A02
:10196000A3005C00E3189B00D218BC235B00D418D2
:101970000095099603250098002812D00022002126
:10198000A94200D184E00378002B00D180E02C2B09
:1019900000D1491C521C401C0378002BF0D1694631
:1019A0000E712680691C0098002813D000230022A5
:1019B00000988A4200D18AE00778002F00D186E0A3
:1019C0002C2F00D1521C5B1C401C0778002FF0D13B
:1019D00069460E716681A91C0098002813D0002367
:1019E000002200988A4200D191E00778002F00D1B0
:1019F0008DE02C2F00D1521C5B1C401C0778002F5F
:101A0000F0D169460E712681E91C0098002813D098
:101A10000023002200988A4200D198E00778002F26
:101A200000D194E02C2F00D1521C5B1C401C077885
:101A3000002FF0D169460E7166802088010015D014
:101A40000021554A1788B84200D19FE05788B84214
:101A500000D19BE09788B84200D197E0D788B84280
:101A600000D193E0091D08320C29EBDB00206060F7
:101A70000998401C09900C342D1D042800DA7AE7DF
:101A800046480168491C01600BB0F0BC08BC18470F
:101A90000099895C2C2982D02A2900D17FE7002176
:101AA00001AA03782C2B0AD02A2B08D0002B06D0B1
:101AB0001370491C521C401C1E29F2DB1D2101AA77
:101AC000565401A80CF000F92080691C6EE70099BB
:101AD000C95C2C2900D17BE72A2900D178E70021B5
:101AE00001AA03782C2B0AD02A2B08D0002B06D071
:101AF0001370491C521C401C1E29F2DB1D2101AA37
:101B0000565401A80CF0E0F86081A91C67E7009921
:101B1000C95C2C2900D174E72A2900D171E7002182
:101B200001AA03782C2B0AD02A2B08D0002B06D030
:101B30001370491C521C401C1E29F2DB1D2101AAF6
:101B4000565401A80CF0C0F82081E91C60E7009908
:101B5000C95C2C2900D16DE72A2900D16AE7002150
:101B600001AA03782C2B0AD02A2B08D0002B06D0F0
:101B70001370491C521C401C1E29F2DB1D2101AAB6
:101B8000565401A80CF0A0F8608056E701206EE7DB
:101B900006DC004060DA0040BADB0040F8DC0040C0
:101BA000F1B58EB0312602AD2E703820687000205D
:101BB000A870CA4C02A80CF087F8207005AF1E234D
:101BC000002205A90E98FFF7F9FB00281BD0322050
:101BD00028706E700020A87002A80CF075F82070B4
:101BE0002E70372068700020A87002A80CF06CF8E6
:101BF000607038792870787968700020A87002A821
:101C00000CF062F8A0701E23012205A90E98FFF7C0
:101C1000D5FB002801D0387800E05620E0701E2364
:101C2000022205A90E98FFF7C9FB00281ED0B81C98
:101C3000F2F71AFA0022AA4B0AF078F822000832CA
:101C400003C20020B87005A8F2F70EFA02000B00DC
:101C50002000083003C80090019110001900009A7C
:101C6000019B0BF02FF82200083203C21E2303222F
:101C700005A90E98FFF7A2FB00280BD0387853284F
:101C800008D12000083003C88022120651402200EB
:101C9000083203C21E23042205A90E98FFF78EFB0B
:101CA00000281ED0F81CF2F7DFF900228C4B0AF056
:101CB0003DF82200103203C20020F87005A8F2F7A8
:101CC000D3F902000B002000103003C800900191EE
:101CD00010001900009A019B0AF0F4FF2200103254
:101CE00003C21E23052205A90E98FFF767FB0028F3
:101CF0000BD03878572808D12000103003C8802234
:101D0000120651402200103203C21E23062205A9EA
:101D10000E98FFF753FB002803D005A8F2F7A4F9AB
:101D200002E000215622E2702200183203C21E2374
:101D3000072205A90E98FFF741FB002803D005A84C
:101D4000F2F792F902E000215622E27022002032DE
:101D500003C214001E23082205A90E98FFF72EFBCC
:101D600000281ED038782870787868700026AE7009
:101D700002A80BF0A9FF2070B8782870F878687076
:101D8000AE7002A80BF0A0FF6070387928707879E7
:101D90006870AE7002A80BF097FFFA21C9004018D6
:101DA00060801E23092205A90E98FFF707FB002873
:101DB00003D005A8F2F758F900E00021220008320C
:101DC00003C21E230A2205A90E98FFF7F7FA00287E
:101DD0000BD03878572808D12000083003C880225B
:101DE000120651402200083203C22069401C2061C3
:101DF0000FB0F0BC08BC1847F1B58CB0394F1E23AA
:101E000000226946FFF7DAFA00281DD06C4608ADBB
:101E100020782870607868700026AE7008A80BF0F3
:101E200053FF3870A0782870E0786870AE7008A80A
:101E30000BF04AFF78702079287060796870AE7076
:101E400008A80BF041FFB8701E23012269460C98C8
:101E5000FFF7B4FA002803D068460BF035FF00E026
:101E60000120F8701E23022269460C98FFF7A6FA9B
:101E7000002803D068460BF027FF00E001203871EE
:101E80001E23032269460C98FFF798FA002803D016
:101E900068460BF019FF00E00120F8801E230422A1
:101EA00069460C98FFF78AFA002802D068460BF0C2
:101EB0000BFF38721E23052269460C98FFF77EFA45
:101EC000002802D068460BF0FFFE7872F868401CCC
:101ED000F8600DB0F0BC08BC1847000080DD004081
:101EE00000004E40BCDD004000C09FE51CFF2FE11C
:101EF0005551010008B4024B9C4608BC6047C046DF
:101F0000F0330000F0B581B004000020FEF701FCC2
:101F100003F0EEF903F0E4F900F078FBEEF76EFD64
:101F2000F5F71CFCA84D2868002803D1A74803F04A
:101F3000C6F801E003F068F800202860A4480278A1
:101F40002BA1C0462CA0FAF769FDA248FDF7E0FBE3
:101F5000200009F085F8002802D02000FDF7D8FB0A
:101F6000F2F770FF9C4F3868012188433860F0F722
:101F7000B6FB200000F048F81E25984C984EFAF762
:101F8000E9FF08F007FE0020706108F00DFE786B95
:101F900007218843012101437963786B8021014344
:101FA000796303E0AA2020605520206030001430BF
:101FB00007F0BFFA4228F5D3786B80218843786315
:101FC0006D1EDCD103F020F85525AA2601E026601D
:101FD0002560FDF745F80028F9D1F0F7EBF88148C6
:101FE0008021490301604900016026602560FCE70B
:101FF00062536F756E640000736F756E64436F6E2D
:1020000074726F6C0000000030B581B004000121D3
:102010000120EFF761FE6423F02267210020EFF733
:10202000C3FD00210020EFF75DFE6F48EFF7B9FD1B
:102030000020EFF744FEF0F73BF96C48EFF756FE4F
:10204000FC25AD032800EFF796FEC0460CA0EFF785
:1020500076FB6748EFF74AFE11A0EFF770FB280AFE
:10206000EFF789FE2000EFF76AFB2B00EF228721B4
:102070000020F1F7F2FA01B030BC08BC18470000AC
:10208000504F5745520D00504F5745520D00504F7D
:102090005745520D00CFC8D2C0CDC8C50D000000B5
:1020A0004F46460D0D004F46460D0D004F46460D5E
:1020B0000D00C2DBCACBDED7C5CDCE0D0D000000B2
:1020C00000B581B001210120EFF706FE6423F02264
:1020D00068210020EFF768FD00210020EFF702FEE5
:1020E0004148EFF75EFD0020EFF7E9FDF0F7E0F87B
:1020F0003E48EFF7FBFD3F48EFF73DFE0CA0EFF742
:102100001EFB3B48EFF7F2FD10A0EFF718FBFC2099
:102110008001EFF730FECE48EFF711FBFC239B0365
:10212000EF2288210020F1F798FA01B008BC184787
:10213000534C4545500D00534C4545500D00534CF4
:102140004545500D00D0C5C6C8CC0D004D4F444587
:102150000D0D004D4F44450D0D004D4F44450D0DE7
:1021600000C4C5C6D3D0CDDBC90D0D00F0B581B01C
:102170001E261A4C204DB84FFAF7ECFE08F00AFD67
:102180000020786108F010FD2868072188430121AC
:1021900001432960286880210143296003E0AA20C7
:1021A0002060552020603800143007F0C2F9422822
:1021B000F5D32868802188432860761EDCD101B0E1
:1021C000F0BC08BC184700000CE6004020250300C6
:1021D00030E9004058F602000C4002E0080000E040
:1021E000FCE800403CC0FF3F020001009C2A0200C6
:1021F0004C160200003F3F00404002E0F0B581B0C5
:10220000964802F05CFF9648002101600121416080
:10221000FBF78AFFFBF7BAFFFBF76AFD00F0F6F960
:1022200003F05EF803F064F8EEF7E8FB8D48C06851
:102230008D49884201D0F5F791FAFFF741FF1E243E
:10224000854DFAF787FE08F0A5FC0020686108F0CC
:10225000ABFC86480068072188430121014383487D
:102260000160006880210143804803E08048AA2182
:102270000160552101602800143007F05AF9422806
:10228000F4D37A480168802291430160641ED8D15A
:1022900002F0BAFE552403E0AA20754908600C60DC
:1022A000FCF7DEFE0028F7D1EFF784FF71480168E4
:1022B00004220A430260016802220A4302600168A4
:1022C00080220A4302600168802212020A430260EF
:1022D00000209B49086103F00BF89F48C06C032164
:1022E00088439D49C86400204864614C0025AA27A2
:1022F000276055202060994800900560009845604F
:102300000098C5600098856001200099C861F0F7C9
:1023100075FA91480221016008F03CFC4E48456185
:1023200008F042FC5148006807218843012101431D
:102330004E4801600068802101434C48016002E082
:102340002760552020604448143007F0F2F8002838
:10235000F6D0464E306880218843306008F01AFC81
:102360003D48456108F020FC306807218843012181
:1023700001433160306880210143316002E0276011
:1023800055202060824807F0D4F80028F7D0306844
:10239000802188433060714EB069002802D000F07F
:1023A000B7FAB561306800280DD1B06800280AD1AD
:1023B0003069002807D19348C06A002803D19148AA
:1023C000806A002894D06448C16C032291430122A2
:1023D0000A43C26400244464FBF7E2FEFBF788FC76
:1023E000F4615527224DAA2601E02E602F60FCF7EC
:1023F00037FE0028F9D1FCF7DDFD02F0F9FD824837
:102400008021090341600160EFF7F4FEEFF750FF10
:102410001448C0689149884201D0F5F7ABF990485B
:1024200000681149884201D1EEF7DEF88D4D286829
:10243000002807D00020FEF76CF9A848FEF769F9DC
:102440002C6001E0FEF7C6FA01B0F0BC08BC1847EA
:1024500084F6020070470000FCE8004020250300DD
:1024600044D0004024D1004001000100404002E07F
:10247000080000E044C11FE0F0B499488021C9037E
:10248000026A0A43026281639649026A0A40026252
:1024900080229203036A1343036282639309924A80
:1024A00014681C43146093615C01036A2343036254
:1024B000E30A8E4D2E688E4F37401F432F60846392
:1024C00014688C4D25401560026C8B4C14400464DC
:1024D000026C2024A2430264026E1140016601686E
:1024E000864A0A4002608649002008600A68134351
:1024F0000B600A68A34B13400B605B4A11009C31D0
:102500004862486088600861C86048618861086204
:102510009080C54B9360D360012313616423936162
:10252000962252008A62C861FE2080050860F0BCD5
:10253000704773480168802212010A4302607047A5
:1025400030E900406E4801688E4A0A4002607047D8
:102550000220014908607047C0C01FE0FCE5004050
:10256000B248016803229143016041680722914308
:1025700003220A43426001680322914302220A4374
:1025800002607047A94801680322914301607047C7
:1025900010E9004010B508F0FDFA3349086800283A
:1025A00026D1012008600321A14A1160A1494A688F
:1025B000D20BD203072313434B604A689E4B134050
:1025C0004B600A6802430A60AA22CA605523CB60A6
:1025D0008C68A40E0440FBD00868022404430C60FD
:1025E000C5480024E44304604460CA60CB6004E052
:1025F000C1480021C9430160416008F0D5FA10BC10
:1026000008BC1847C8E6004038C0FF3F30B508F0A6
:10261000C1FA15490868002816D0002008608549CD
:102620000A6802239A430A60AA22CA605523CB6033
:102630000C680125AC430C60CA60CB608B689B0EB4
:102640002B40FBD17A4908604D4808490160416040
:1026500008F0AAFA30BC08BC1847000002000100CC
:1026600058BA0040FCD000405CE50040AAAAAAAAE3
:1026700023480168802252010A4302609F48A04912
:102680000A68024080235B0313430B600A6C10400E
:102690008022920302430A649A480168FF22914310
:1026A00008220A4302600168974A0A4002600168F2
:1026B000FF2212020A4302600168944A0A40026043
:1026C000C168802252000A43C260C14801009431AF
:1026D00000220A604A604261704700001432030021
:1026E00000C0FF3FFFFF7FFF80C0FF3F4CC002E004
:1026F000FFFCFFFFFFFFFFBFFFFBFFFFFFFFFDFF33
:10270000C4C01FE000B583B0030008F043FAB0482E
:10271000B0214258816908F047FA002A05D1012208
:1027200042614C2918DBB24A19E04169491E8941CE
:10273000C90F416121D1C04613A003C86A4603C234
:1027400069460B80173368468380642203C8F0F71C
:10275000D1FC03B008BC1847332906DBA54A002189
:102760001804000CEFF7FCFBF3E71A2901DBA24A7F
:10277000F5E70D2901DBA14AF1E7CF4AEFE70000B9
:10278000A8C11FE0FFF7FFFF0000000000001000DD
:10279000E020000680210904416001210269032331
:1027A0009A430A430261026804239A430260026862
:1027B00002239A43026002681143016070470028B7
:1027C00000D17047F0B583B008F0E4F9B34C0021B4
:1027D000616108F0E9F9B24D2968072291430122AD
:1027E0000A432A60296880220A432A605521009101
:1027F000B24EAA27019002E03760009830602000B6
:10280000143006F096FE01998842F5D3286880219D
:102810008843286003B0F0BC08BC1847A748AA2129
:1028200001605521016070470000404000C01FE07A
:1028300004C11FE080C01FE0FFFF00FFE004A0E331
:10284000D00B80E3041090E5A12FB0E10000001A46
:102850001EFF2FE170402DE970619FE5B81096E5ED
:10286000000051E32100001A1C1090E52123A0E193
:10287000023BA0E1233BA0E1B430C6E1001090E5AB
:102880007026C1E3002080E5003090E58049C3E375
:10289000004080E59C1096E5C0049FE5622600EBB1
:1028A000FC2200EB0020A0E10130A0E17C0F8FE2D0
:1028B000030090E8CA2700EB0040A0E10150A0E12E
:1028C000B400D6E18C2900EB0420A0E10530A0E1A2
:1028D000C32700EB0020A0E384349FE5132500EB21
:1028E000CA2200EB080086E50100A0E3B80086E5F7
:1028F0007040BDE81EFF2FE1A8C11FE0FFFFCFFF22
:1029000004C002E0004003E0FFFFFEFFFFFFF1FF15
:10291000F0B581B0654C20681E2801DA401C2060AB
:102920002B4D28001C3061688900AA68425000269F
:102930002068002810DD67680020390000D51E31AE
:102940002A001C32890051580AF076FA761C7F1E44
:1029500021688E42F1DB0600206808F0D1FD0100FD
:10296000300009F07FFBE8606168491C61601E2946
:1029700001DB0021616008F08DFD4DA20CCA0AF058
:10298000A1F90022B94B09F02BFFB9A20CCA09F03A
:10299000CDF909F0F9FEA861642801DD642002E0A8
:1029A000052801DA0520A86101202861B249E96003
:1029B000D14909684909084000D1E061E06900286F
:1029C00001D0206A401C206201B0F0BC08BC18474E
:1029D0005CE50040A9480168802292030A43026036
:1029E0000168D14A0A4080214904114301607047BF
:1029F000748A0200BC850200048102004C7C020043
:102A000070402DE95C439FE50150A0E3A85084E5A8
:102A100054639FE5BC0094E5000050E39454861590
:102A2000E00396E5000050E31500001A3C039FE523
:102A30002C1090E5000051E31100001A30039FE5CF
:102A4000000090E52C139FE5010050E10200000A10
:102A500024239FE5020050E10600001A803DA0E318
:102A60009FC1E0E3FDCDCCE300308CE5FA1FA0E38D
:102A70003200A0E31BFDFFEBE85386E50000A0E376
:102A8000C00084E5F4029FE5001090E5022081E398
:102A9000002080E57040BDE81EFF2FE1FCE800400B
:102AA000404002E048E17A14AE47F13FF0E50040D3
:102AB00066666666666600C094770200080000E0FD
:102AC000F0B581B0FFF716FA984C2000EEF790FEB3
:102AD00020002430EEF78CFE8020000294494866E6
:102AE000C6014E6008F056F800249248446108F090
:102AF0005BF89148006807218843012101438E4813
:102B000001600068802101438B48016096277F00A7
:102B1000E0252D0603E0AA20A8605520A86085487E
:102B2000143006F006FDB842F5D3834800688021D2
:102B30008843814908607E48066008F02BF87D4E86
:102B4000746108F031F808680721884301210143C6
:102B5000794801600068802101437748016003E003
:102B6000AA20A8605520A8603000143006F0E1FCCF
:102B7000FA21C9008842F3D36F4800688021884356
:102B80006D49086008F006F86C48009044608320A6
:102B90006B49087100994C600A21009A1170032258
:102BA000674B1A71C723664E3360009E7460654F91
:102BB0007C60654E30717C6039703271336063497E
:102BC0000C707C60286802210143296000265F4860
:102BD0005B490A7BD20705D50279920602D5009A95
:102BE00012783A700079C00705D5087B800602D5B7
:102BF000387800990870FCF769F8002800D0761C36
:102C0000AA20A8605520A860642EE0DB48488021F7
:102C1000490341604900416007F0C6FF07F0BAFF71
:102C20004448446107F0C0FF434C206807218843B3
:102C30000121014321602068802101432160FA269F
:102C4000F60055200090AA2702E0AF600098A86027
:102C50003F4806F06EFCB042F7D3206880218843DD
:102C6000206001B0F0BC08BC1847000000005940CB
:102C7000686666666666D63F66660640004003E0A4
:102C8000F0B581B00927334C2B4D2A4E32480068ED
:102C900080218903014330480160006822490140D6
:102CA0008020400408432C49086007F073FF00208F
:102CB000706107F079FF28680721884301210143EB
:102CC0002960286880210143296003E0AA20206050
:102CD000552020603000143006F02BFC962149006E
:102CE0008842F3D328688021884328607F1ECDD195
:102CF00001B0F0BC08BC184754C0FF3F10B480219D
:102D00004905164A13680B43136013684C001C43B3
:102D10001460012805DBD1619161D1619161401E90
:102D2000F9D110BC70470000FFFFFFF8C8F60200A1
:102D300038C0FF3FFCE80040404002E000C000E037
:102D400008C000E0000001E0080001E0100001E020
:102D500010E90040080000E0004003E080C0FF3FB1
:102D60003333534000F88F405CE5004068CC0040AE
:102D7000C8E6004028E800401432030028F50200AD
:102D800040C11FE0F0B583B004000B001700002025
:102D90009449002F17D0012622006C460CC4002451
:102DA0000D0030000AF0A8F802000B00684603C8C6
:102DB00008F0BCFF22002B0009F012FD04000D00FA
:102DC000761CB742EDD203B0F0BC08BC1847F0B592
:102DD00085B016001F000AA930C90D9900220023F2
:102DE0000CC1083904917AA20CCA0292039300968E
:102DF000019708F04FFB22002B0000F01CF80700A1
:102E000001D1002013E00C9E0020764922002B0007
:102E100008F08CFF04000D0038000AF06DF8220065
:102E20002B0009F0DDFC0BF04FF83060012005B0FD
:102E3000F0BC08BC1847F0B589B016001F000EAAF8
:102E400030CA320009F0CCFC6A4603C220002900D7
:102E500032003B0008F06AFF04AA03C2684603C8B8
:102E60000BF032F80600401C0101081A40000290E5
:102E700068460CC8300000F05EF802000B0000202D
:102E800059490AF0E9FF54D0129F564909F0A4FDB0
:102E900004AA0CCA09F0A4FC03C7083F10AA0CCA74
:102EA00009F054FC40D3761C029886423CD2684616
:102EB00003C880221206514006AA03C21297029F3D
:102EC000FFF7ACFC06A803C80BF01EF804000D00C9
:102ED0003200684603C8FFF755FF3F4A0CCA09F0A5
:102EE000F1FE3D4A03C23DA20CCA08F0E9FE20D91A
:102EF00022002B0009F074FC02000B0000203A496C
:102F00000AF0AAFF15D0374909F066FD04AA0CCAD9
:102F100009F066FC129A03C210AA0CCA09F016FC4A
:102F200002D3761CBE42CBD3300009B0F0BC08BC43
:102F300018470020F9E77CB584B0060004A803C850
:102F40008022120651400AF0DFFF02AA03C20020CD
:102F50000021214A03C2002522496A4603C22C00EF
:102F6000684603C81C4D0CCD083D09F0ABFE03C5F7
:102F70001AA20CCA08F0A4FE1DD9641CA6421DD3D7
:102F800000201849002CEDD025006B4603C3012416
:102F9000200009F0B1FF02000B0004A803C808F0EC
:102FA000C5FE6A460CCA09F01BFC6A4603C2641CD3
:102FB000A542EDD2D3E700200B4903E002AA0CCAD8
:102FC00009F00EFC06B070BC08BC184700000000F9
:102FD0009A9999999999A93F78E9004060067A9E53
:102FE000CE85247C0000F03F0000F0BF0120704738
:102FF00066A0704755480068002801D067A0704758
:103000006DA0704773A070475148704700B581B0FC
:103010005048FDF77EFB012001B008BC184700B501
:1030200081B00020494908604B48FDF772FB012040
:1030300001B008BC18474948704700204349086060
:103040007047012070470120704701207047012020
:103050007047000064A0704769A0704700B581B058
:10306000FDF77CFB012001B008BC184700B581B01A
:103070003B48FDF74EFB012001B008BC184700B5E6
:1030800081B03848FDF745FB012001B008BC184766
:1030900000B583B02D480068002803D03248FDF702
:1030A00038FB09E03148019031A00090314B0022FB
:1030B00000213148F1F7C6F80020C04303B008BC36
:1030C000184700B581B021480068002802D02B487D
:1030D000FDF75CFE012001B008BC184700B581B0C7
:1030E000EA23F02235210020EEF75EFD00210020CA
:1030F000EEF7F8FD0120EEF7E9FD01210120EEF7E2
:10310000EBFD1F48EEF74DFD1E48EEF7EFFD0A20E0
:10311000EEF788FD1C480D490968002900D1D4301C
:10312000EEF70DFB012001B008BC184710B50A4CA2
:10313000002804D000F0A8FE012004490860200007
:10314000FDF7E7FA10BC08BC1847000084E900400E
:1031500010F70200D83C030030FA020034F70200F6
:103160001432030028F50200C02703002D310100AE
:10317000000000000F27000084F702008CF9020015
:10318000020001004C160200F8F702005249440008
:103190005249440052494400D0C8C400737065636A
:1031A0007472007370656374720073706563747217
:1031B00000F1EFE5EAF2F0006C6F67696E006C6F8A
:1031C00067696E006C6F67696E00EFE0F0EEEBFC14
:1031D000000000006D656E75006D656E75006D65B3
:1031E0006E7500ECE5EDFE006261636B0062616389
:1031F0006B006261636B00EDE0E7E0E4000000005B
:103200006D6373006D6373006D637300ECEAE4003B
:10321000BD487047BD487047BD48704700B581B094
:103220005E480068052812D801A1095C8F44C04699
:10323000060A0E12161A5A4810E05A480EE05A486A
:103240000CE05A480AE05A4808E05A4806E05A4B4F
:1032500067225A49BC48EEF7EBF9002001B008BCE0
:10326000184757480068002801D056487047C7489B
:103270007047C748704700B583B005F01DFA524942
:103280000291524901910090514BFE229205514802
:103290000168C048F0F776FF0020C04303B008BCC7
:1032A000184730B581B000280BD04A4C9A48F0F747
:1032B000DBFE08F0ABF82060020098499848F9F767
:1032C000F5FB364C2568C548FDF723FA2560FDF768
:1032D00045FA01B030BC08BC1847C148704700B57A
:1032E00083B09A4801909A48009096235B001E2272
:1032F00098480168BB48F0F7A5FF0020C04303B021
:1033000008BC184730B581B0002809D082480AF0BF
:10331000DBFC9049086002009F49A048F5F7ADF931
:103320001E4C2568AD48FDF7F4F92560FDF716FA47
:1033300001B030BC08BC1847CB487047CB48704739
:1033400000B583B0A8480190A8A0009096239B00E8
:103350001E22A7480168C648F0F774FF0020C0434A
:1033600003B008BC184730B581B0002809D0A04C84
:1033700069480AF0A9FC206002009E499E48F9F7BE
:103380004DFB064C25689548FDF7C3F92560FDF710
:10339000E5F901B030BC08BC1847000088E30040E4
:1033A00094200300B0200300CC200300E820030099
:1033B000042103001C210300382103007C200300AA
:1033C00084E9004058210300A33201008821030052
:1033D00000007A444CD00040F0B581B0BF48C0C86E
:1033E000EEF766FF00243F2522002A403000390016
:1033F000EFF700FD0A20FFF7E2F9641C402CF3DB35
:10340000FA204000FFF7DBF90024200028400202E8
:1034100030003900EFF7EEFC0A20FFF7D0F9641C0A
:10342000402CF2DBFA204000FFF7C9F9002420000D
:103430002840020430003900EFF7DCFC0A20FFF7D7
:10344000BEF9641C402CF2DBFA204000FFF7B7F90C
:10345000002420002840010202040A433000390001
:10346000EFF7C8FC0A20FFF7AAF9641C402CF0DB38
:10347000FA204000FFF7A3F90024200028400202B0
:10348000024330003900EFF7B5FC0A20FFF797F947
:10349000641C402CF1DBFA204000FFF790F9002477
:1034A000200028400204024330003900EFF7A2FC5C
:1034B0000A20FFF784F9641C402CF1DBFA2040005D
:1034C000FFF77DF900242000284003020343020493
:1034D0001A4330003900EFF78DFC0A20FFF76FF92F
:1034E000641C402CEFDBFA2464002000FFF767F92E
:1034F000EEF7DEFE2000FFF762F9FDF72FF901205D
:1035000001B0F0BC08BC184738200300502003006D
:1035100068200300B748704728E60040A021030058
:103520009021030000B583B08B4801902FA000903C
:103530000623022290484168AF48F0F783FE00203E
:10354000C04303B008BC184774FA020005330100F9
:10355000B0210300A053004030B581B0002809D04D
:1035600086480AF0B1FB84494860020084490B4850
:10357000F5F783F8974C25681848FDF7CAF82560D9
:10358000FDF7ECF801B030BC08BC18476C21030013
:10359000ECFC02001CFD0200DC210300CC21030036
:1035A00010B584B0744C606B08F0E8FF934908F0E4
:1035B00059FDA0639249029192490191924900916B
:1035C000924BFE2292050100AB48F0F7DBFD002094
:1035D000C04304B010BC08BC18470000501D0300D5
:1035E000A0FD0200E8FD02006733010000000000BA
:1035F00020E6004004220300F421030030B581B02E
:10360000002812D05C4C5D48F0F72EFD07F0FEFE5E
:10361000A0630100794808F007FE09F0F1FB020001
:10362000626396499648F5F728F86A4C2568B348CE
:10363000FDF76FF82560FDF791F801B030BC08BCCC
:103640001847BC487047BC487047BC48704700B535
:1036500081B08C4B8C4ABA49FC20800307F0A0FB58
:10366000012001B008BC184768FE0200B8FE020045
:1036700004FF0200F0B581B0002819D0002597485A
:1036800000909F4FAFA42000F2F762FE06000BD01F
:10369000F2F7FEF9B84203D100980068002807D17C
:1036A0006D1C280000F092FBFFF7B8F8002EEAD15D
:1036B000FDF74AF8FDF752F801B0F0BC08BC184716
:1036C00000B581B0A04BA14A9D49FC20800307F0C2
:1036D00067FB012001B008BC184700001822030056
:1036E000F0B581B000282ED000257C480090984F7E
:1036F00094A421003800F2F7FBFE06000CD0F2F78C
:10370000C7F97F49884203D100980068002807D193
:103710006D1C280000F05AFBFFF780F8002EE8D15E
:103720002100A148F2F7E4FE050008D0F2F7B0F955
:103730007349884203D169480068002803D1FFF724
:103740006DF8002DECD1FCF7FFFFFDF707F801B095
:10375000F0BC08BC184700005935010000B581B025
:10376000994B9A4A7649FC20800307F019FB012007
:1037700001B008BC184700000000004028E60040E7
:1037800020220300F0B581B000281BD0002553484B
:1037900000905B4FBBA42000F2F7DAFD06000BD0CF
:1037A000F2F776F9B84203D100980068002807D1F3
:1037B0006D1C280000F00AFBFFF730F8002EEAD15C
:1037C000FBF7E7FFFCF7C0FFFCF7C8FF01B0F0BC58
:1037D00008BC184788E3004000B581B0AA4BAB4A4B
:1037E0005749FC20800307F0DBFA012001B008BC38
:1037F0001847000074FF0200A4FF020000002041EF
:10380000FD350100882103002C2203000000404008
:10381000F0B581B0002819D0002530480090384F0D
:10382000B7A42000F2F794FD06000BD0F2F730F9B0
:10383000B84203D100980068002807D16D1C280009
:1038400000F0C4FAFEF7EAFF002EEAD1FCF77CFF95
:10385000FCF784FF01B0F0BC08BC184700B581B08C
:10386000A84BA94A3649FC20800307F099FA0120A9
:1038700001B008BC18470000FCFF0200342203001E
:10388000CC2103007536010000010300002800D19F
:103890007047F0B581B0002510480090184F9BA4E8
:1038A0002000F2F755FD060007D0F2F7F1F8B84214
:1038B00003D100980068002807D16D1C280000F093
:1038C00085FAFEF7ABFF002EEAD1FCF73DFFFCF7CF
:1038D0006FFF01B0F0BC08BC184700000CE60040C8
:1038E00000B581B08A4B8B4A1549FC20800307F054
:1038F00013FA012001B008BC18470000501D030056
:1039000005400080002800D1704700B583B0824890
:10391000019082A00090824B002200218148F0F7A4
:1039200091FC00208049486107F00BFA03B008BC05
:103930001847000064000300A8000300CC00030047
:103940004822030073707A00E1360100FC01030095
:103950006822030010B582B004001ED0052168461D
:1039600007F0A4FA07F016F97048437B027B704910
:10397000684607F019FB07F017F96E49684607F02B
:1039800033FB002809D12000F3F7A2F8E02000065D
:10399000016802220A430260FEE701206249486191
:1039A00002B010BC08BC18477022030000B581B0FB
:1039B000614B624A6249FC20800307F0F1F9012063
:1039C00001B008BC1847000085370100540303000C
:1039D00000B581B0002813D0192000F0F7F9F7F7EF
:1039E00075FF322000F0F2F9F7F790FF4B2000F05E
:1039F000EDF9F7F7DDFF632000F0E8F9F8F710F8CC
:103A0000FCF7A2FEFCF7AAFE01B008BC1847CE489E
:103A10007047CE487047CE487047CE487047CE4872
:103A20007047CE48704710B4CD4800210160416016
:103A30008160C16001614161816101001C3100222E
:103A4000002300241CC10CC1010030311CC10CC179
:103A5000010044311CC10CC1010058311CC10CC112
:103A600001006C311CC10CC1010080311CC10CC1B2
:103A7000010094311CC10CC1A83000210EC006C049
:103A800010BC70476C6F67001138010044040300DC
:103A900010B4C94801001C310022002300241CC1BD
:103AA0000CC1010030311CC10CC1010044311CC1EA
:103AB0000CC1010058311CC10CC101006C311CC18A
:103AC0000CC1010080311CC10CC1010094311CC12A
:103AD0000CC1A83000210EC006C010BC704700B554
:103AE00081B0FFF7D5FFFA208000FDF7DFF8002056
:103AF000B1490860FCF732FE012001B008BC18474C
:103B00006D6373008D380100300503006C6962003D
:103B1000053901003006030055390100000000009E
:103B20000F2700004408030018E90040FCE80040AB
:103B30007822030028E60040D1390100D4080300B0
:103B400048220300F0B581B09C4E9D4D844C206806
:103B5000002805D0042806D0052800D1A6E0DCE026
:103B600000F006FAD9E0974F786B07F093FC02005B
:103B70000B00954920001C3007F016FA142805D3D5
:103B80002B00AB4A3100BB48EDF752FDB86B07F094
:103B900081FC0022A74B09F095F80AF095F900285E
:103BA00000D101200200AE492000303007F0FCF9BE
:103BB000142805D32B00AB4A3100AE48EDF738FD91
:103BC000386B07F067FC02000B00A7492000443067
:103BD00007F0EAF9142806D32B00E82292003100FE
:103BE000A448EDF725FD7A68A0A12000583007F021
:103BF000DBF9142805D32B009D4A31009D48EDF7D1
:103C000017FD7A6999A120006C3007F0CDF91428CE
:103C100005D32B00984A31009648EDF709FD386F1F
:103C200007F038FC02000B0094A12000803007F060
:103C3000BBF9142805D32B00914A31008D48EDF7CC
:103C4000F7FCB86F07F026FC02000B008DA12000E6
:103C5000943007F0A9F9142806D32B00EB22920028
:103C600031008448EDF7E4FC786F07F013FC0200A4
:103C70000B0082A12000A83007F096F9142805D384
:103C80002B00954A31007B48EDF7D2FC9348006841
:103C900007F000FC02000B0091492000BC3007F047
:103CA00083F9142837D32B008E4A30E08E4FBA693F
:103CB0006B4920001C3007F077F9142806D32B003D
:103CC000EF22920031006B48EDF7B2FCF86807F084
:103CD000E1FB02000B009B492000303007F064F943
:103CE000142805D32B00984A31006248EDF7A0FC58
:103CF0009C20385807F0CEFB02000B0091492000B1
:103D0000443007F051F9142805D32B008F4A3100B5
:103D10005848EDF78DFCFCF74BFD012001B0F0BCDD
:103D200008BC184700B581B0AC48FCF7F2FC012094
:103D300001B008BC184700B581B0A948FCF7E9FC00
:103D4000012001B008BC1847F80903003C0A030031
:103D50007C0A0300CC0A0300FC0A0300340B0300B6
:103D600088E3004010B582B09E4C2068401C0628B5
:103D700000D100202060FFF78BFEFCF7EFFC2068ED
:103D8000012811D1642000F021F8200018300090A3
:103D9000230014332200103221000C31200008309F
:103DA000F2F7E8FFFCF7D0FCFCF702FD012002B0BF
:103DB00010BC08BC1847000088E3004084220300C0
:103DC000A0220300C8E600409822030010B584B08A
:103DD0000400FCF7B9FC8448EDF788FF1023F022BB
:103DE00077210020EDF7E0FE8048EDF7C4FF0021C9
:103DF0000020EDF777FF0020EDF768FF012101209B
:103E0000EDF76AFF0020EDF75AFF7948EDF7C9FE9C
:103E10007848EDF794FC2200ADA1684607F0C4F89D
:103E20006846EDF7E5FC04B010BC08BC184700007C
:103E3000970300000000E03F30B581B0002802D0B9
:103E400001206D490860674C2568A248FCF761FCB9
:103E50002560FCF783FC01B030BC08BC18470000AB
:103E6000B02203009D030000B82203002575000066
:103E7000A303000074FA0200A603000025660000F8
:103E8000A90300002567000010B5FCF75DFC56484B
:103E9000EDF72CFFEA23F02235210020EDF784FE18
:103EA00014210020EDF71EFF0020EDF70FFF012188
:103EB0000120EDF711FF4E48EDF773FEA848EDF72E
:103EC0003EFCFA24A4002000FEF779FC2000FEF757
:103ED00076FC10BC08BC1847AF0300004CD0004073
:103EE000C0220300B60300005CE5004000B583B0CB
:103EF0004148006800280AD19A4801909AA0009091
:103F00009A4B002200219A48F0F79CF916E03548B8
:103F10000068052812D801A1095C8F440408140C1C
:103F20001018944808E0944806E0944804E0944847
:103F300002E0944800E0D748FCF728FF012003B0D6
:103F400008BC184788210300BF030000C20300001B
:103F50000120704700B581B000F0B8FB012001B02E
:103F600008BC1847012070470120704701207047A6
:103F700000B589B084480168002905D0807BC0075E
:103F800002D5FC20800300E01848EDF7F4FE102372
:103F9000F02235210020EDF707FE00210020EDF78B
:103FA000A1FE0020EDF792FE01210120EDF794FE25
:103FB0000020EDF784FE80204002EDF7F2FDB648C8
:103FC000EDF794FE0A20EDF72DFE6846ECF7BEFEF5
:103FD000EDF70EFC09B008BC1847000014320300CE
:103FE000B0F3020088E300404C160200003F3F009F
:103FF00002000100780B030084E90040F0B583B0B3
:104000000400A54F3800EDF771FEA4482318F022F4
:10401000FF204030011B0020EDF7C6FDA048EDF762
:10402000AAFE0120EDF752FE9E48EDF7E1FB9E4C03
:104030002000EDF784FB9D4D2E00D03632689CA108
:10404000684606F0B1FF6846EDF7D2FB2000283045
:10405000EDF775FBF38832799649684606F0A4FFC0
:104060006846EDF7C5FB9448EDF785FEB948EDF7D6
:1040700066FBB9A63000EDF7BBFBB848EDF75FFB78
:104080003000EDF7B5FBB648EDF730FEB548EDF77B
:10409000AFFB2800FA30EDF7ABFB3800EDF726FE5A
:1040A0003000EDF7A5FBB048EDF765FEAF48EDF742
:1040B0009FFB20005830EDF742FB2000A830EDF7C1
:1040C0003EFBAB48EDF794FB03B0F0BC08BC1847CF
:1040D0000D256400501D030010B586B0A548EDF70E
:1040E00005FEEA23F02235210020EDF75DFD9E4814
:1040F000EDF741FEA04C2000EDF721FB20007030D1
:10410000EDF71DFB2000DC30EDF719FB9820400097
:104110002018EDF714FBCA2040002018EDF70FFB24
:10412000FA2040002018EDF70AFB9D20800020189F
:10413000EDF705FB9148EDF702FBB9208000201850
:10414000EDF7FDFA8E48026859A1684606F02CFF8B
:104150006846EDF74DFB06B010BC08BC18470000E0
:10416000BC0B0300393E0100000000000F270000D7
:10417000F80B03006C0C0300B40D0300100D0300DA
:10418000580E0300FC0E0300FCE8004070B54248E6
:10419000EDF7ACFD7448EDF7EEFDAB23F0223521D1
:1041A0000020EDF701FD0120EEF7D0FCEDF75CFDFE
:1041B000B14C2000EDF7C3FA20003030EDF7BFFA24
:1041C0003A4D28001C30EDF713FB63A63000EDF7E5
:1041D0000FFB20006030EDF7B2FA28003030EDF729
:1041E00007FB3000EDF704FB20008C30EDF7A7FA59
:1041F00028004430EDF7FCFA3000EDF7F9FA200022
:10420000C030EDF79CFA28005830EDF7F1FA300095
:10421000EDF7EEFA2000FC30EDF791FA28006C3053
:10422000EDF7E6FA3000EDF7E3FA9448EDF787FA98
:1042300028008030EDF7DCFA3000EDF7D9FA9A204B
:1042400040002018EDF77BFA28009430EDF7D0FA03
:104250003000EDF7CDFAAC2040002018EDF76FFAF2
:104260002800A830EDF7C4FA3000EDF7C1FA414854
:10427000EDF73CFDC02040002018EDF760FA280063
:10428000BC30EDF7B5FA0020EEF760FC70BC08BC5E
:1042900018470000A00F03004C160200E2FEFFFFCB
:1042A00000203F00CC2203004410030088E30040BC
:1042B00025750D00E4220300003F200070B5704812
:1042C000EDF714FD2848EDF756FD4C23F02235217B
:1042D0000020EDF769FC0120EEF738FCEDF7C4FC97
:1042E000684C2000EDF72BFA20002430EDF727FA78
:1042F000654D28001C30EDF77BFA17A63000EDF76E
:1043000077FA6248B0214158002902D08069032819
:1043100002DA2000483001E020009030EDF70FFA7B
:104320002000E430EDF70BFA28003030EDF760FAAA
:104330003000EDF75DFA882040002018EDF7FFF916
:1043400028004430EDF754FA0020EEF7FFFB70BC74
:1043500008BC184784F402000D000000E4F40200D9
:104360007CA50200EC220300003F3F00F422030082
:104370000823030074080200701103001C230300CB
:10438000E4D0004070B590B03D48EDF7AFFCEA23B3
:10439000F02235210020EDF707FC3D48EDF7EBFC5E
:1043A0003C4D28003430EDF7CAF93B4C2000083072
:1043B000EDF71EFA39A0EDF71BFA39A63948225855
:1043C0003100684606F0F0FD3C2805D3364B374AED
:1043D000B9492800EDF72CF928006030EDF7AFF966
:1043E0006846EDF705FAA2693100684606F0DCFD83
:1043F0003C2805D32C4B2E4AAF492800EDF718F97D
:1044000028008830EDF79BF96846EDF7F1F962680E
:104410003100684606F0C8FD3C2805D3224BA74A68
:10442000A5492800EDF704F92800B430EDF787F925
:104430006846EDF7DDF9606B08F0A0F8A04907F0D9
:1044400011FE07F027F802000B009E49684606F0AF
:10445000ABFD3C2805D3144B9B4A97492800EDF748
:10446000E7F82800E030EDF76AF96846EDF7C0F9A3
:1044700010B070BC08BC1847C0140300242303000C
:104480004C1602009016030088E300405CE50040F3
:1044900000203F0074FA0200000000400D00000000
:1044A00025640D0054300000A02203003A050000EE
:1044B0003F050000F0B591B0A448EDF717FCEA23E2
:1044C000F02235210020EDF76FFBA148EDF753FCFA
:1044D000A04F78680090A04CA04EA14DA14AAD49D4
:1044E00001A806F061FD3C2805D32B00AA4A310043
:1044F0002000EDF79DF8902040002018EDF71FF9FF
:1045000001A8EDF775F997480099421AA14901A849
:1045100006F04AFD3C2805D32B00A04A31002000BC
:10452000EDF786F8A22040002018EDF708F901A861
:10453000EDF75EF900986421484300F015FD020094
:10454000A74901A806F030FD3C2805D32B00A54A59
:1045500031002000EDF76CF8A348EDF7F0F801A862
:10456000EDF746F9B86800900200A8A101A806F08E
:104570001BFD3C2805D32B00A54A31002000EDF798
:1045800057F8B42040002018EDF7D9F801A8EDF74E
:104590002FF96420009964225143890A421A9049F4
:1045A00001A806F001FD3C2805D32B00994A3100F3
:1045B0002000EDF73DF88C48EDF7C1F801A8EDF7C4
:1045C00017F9FA6891A101A806F0EEFC3C2805D382
:1045D0002B00914A31002000EDF72AF8C620400058
:1045E0002018EDF7ACF801A8EDF702F93A6987A1B8
:1045F00001A806F0D9FC3C2805D32B00874A3100DE
:104600002000EDF715F8DC2040002018EDF797F8B2
:1046100001A8EDF7EDF87A697CA101A806F0C4FCC9
:104620003C2805D32B00A64A31002000EDF700F806
:10463000F42040002018EDF782F801A8EDF7D8F833
:10464000A048006F002805D0F1F7D6FB00F09AFCD7
:10465000401C00E0012002004E4901A806F0A4FC25
:104660003C2806D32B00B422D20031002000ECF706
:10467000DFFF872080002018EDF761F801A8EDF733
:10468000B7F89B480288CCA101A806F08DFC3C2815
:1046900006D32B00B522D20031002000ECF7C8FF72
:1046A000922080002018EDF74AF801A8EDF7A0F855
:1046B00011B0F0BC08BC18474023030044050000BB
:1046C00000002041582303004905000000B581B0D7
:1046D00000210020EDF706FB0020EDF7F7FA03219B
:1046E0000120EDF7F9FA0020EDF7E9FA8020400209
:1046F000EDF757FA1548EDF7F9FA1648006805285E
:104700001AD801A1095C8F4404101C162822F52038
:10471000FFF774FCFFF72CFC14E0FFF7CBFE11E071
:10472000FFF730FE0EE0FFF7D7FC0BE0FFF7C6FD0A
:1047300008E0FFF72BFD05E08A4B8B4A8B490648C2
:10474000ECF776FF01B008BC184700004C160200D9
:10475000003F200088E3004074FA02006023030059
:10476000A0220300AF03000000B583B08048029090
:1047700080A0019091A000908023DB05FC2292058F
:104780008F480168BE48EFF7FDFC0020C04303B02E
:1047900008BC1847782303005E050000640500008C
:1047A00030B581B000280FD0854C8648EFF75CFC0F
:1047B00006F02CFE206065690020606122688C494B
:1047C0008C48F8F773F965618B4C2568C948FBF78D
:1047D000A0FF2560FBF7C2FF01B030BC08BC184742
:1047E000802303006A0500008823030000B581B020
:1047F0008249C14B0A003032FC20800106F08CFA5D
:104800000020C04301B008BC1847000025750D000A
:104810007305000079050000820500008B0500008B
:10482000002800D1704770B5FDF7ACFEFDF7EEFE35
:10483000ECF7E4F8F2F792FFFDF798FC00F058FD72
:1048400000F04EFD0020FBF764FF7E4C0025256143
:10485000F0F7F8FAEDF743FFEDF7ACFC7A480168A2
:1048600004220A4302600168022291430160016848
:10487000802291430160016812020A43026001260E
:10488000FDF7CCFF25606560E560A560E661EDF7AA
:1048900096FFFDF75DFE20680028F1D0FAF7E0FBF7
:1048A000002802D0FDF7BAFFF8E7C54831050160DE
:1048B00049000160FDF7B2FFFCE7C2487047000005
:1048C00094050000ECD9004000B583B06D4802901B
:1048D00028A0019039A000906B4B6C4A6C48016F86
:1048E000B948EFF74FFC0020C04303B008BC18479D
:1048F00028E1004030B581B000280BD0644C31482D
:10490000EFF7B2FB06F082FD206702007B497C488E
:10491000F8F7CCF8384C25687648FBF7FAFE2560A6
:10492000FBF71CFF01B030BC08BC184720B584B0B1
:10493000744802900FA0019089480090894B1D0097
:104940005348816F884807F06FFC01002B0000225C
:10495000B448EFF717FC0020C04304B020BC08BCEB
:104960001847000038210300CE050000A8230300EB
:10497000A14701002566000030B581B000280FD0A6
:10498000434C1048EFF770FB0022904B07F0CEF934
:1049900006F03CFDA06702008D495948F8F786F8FB
:1049A000154C25685348FBF7B4FE2560FBF7D6FE8F
:1049B00001B030BC08BC184725750000000000009D
:1049C000F8E5004028E6004000B583B09648029024
:1049D00096A0019096480090964B00222C48416F7B
:1049E000C748EFF7CFFB0020C04303B008BC18470F
:1049F000C4230300F421030088E300405C18030093
:104A000030B581B000280BD0214C8B48EFF72CFB40
:104A100006F0FCFC6067020088493948F8F746F860
:104A2000874C25683348FBF774FE2560FBF796FE3C
:104A300001B030BC08BC1847C5487047D248704721
:104A4000D2487047FCE5004044C11FE010B59D4CC2
:104A50009D48E0679D48802160509D48C821605076
:104A60000023072221000C31A6A0F1F7E1FBA06092
:104A7000C748FBF74EFE0020C04310BC08BC1847D7
:104A8000D8170300F548010000002041BD378635E6
:104A9000C8E6004030B581B000281ED09A4C894845
:104AA00010220168090141180C312000083006F07D
:104AB00003FB2200083295499548F3F7FFFD0028D3
:104AC0000BD0F3F751FEA349884206D1A24BA34A6B
:104AD000A349FC20800306F01FF9594C25680548BE
:104AE000FBF717FE2560FBF739FE01B030BC08BCB0
:104AF00018470000501D030021480100E023030077
:104B0000D023030079490100704730B581B06D4C66
:104B1000A06807281FD17BA56068C1000B1ADB1DA8
:104B2000072221000C312800F1F782FBA0606168A8
:104B3000002802D0491C616008E0C800431A07221F
:104B400021000C312800F1F773FBA060A068002859
:104B500001DD012000E0002001B030BC08BC184796
:104B6000E823030000007A440024744930B581B082
:104B7000544C606800281FD062A5C1000B1ADB1FCF
:104B8000072221000C312800F1F752FBA060616878
:104B9000002802D0491E616008E0C800431A0722BD
:104BA00021000C312800F1F743FBA060A068002829
:104BB00001DD012000E0002001B030BC08BC184736
:104BC0003CC0FF3F781A0300A81A030080842E41DE
:104BD000F423030030B581B004006E4D6E4900F03F
:104BE00031F828606D49200000F02CF86860FE2143
:104BF0008905200000F026F8A860A049200000F0F8
:104C000021F8E860BB49200000F01CF828618021F1
:104C1000C905200000F016F8686101B030BC08BC7E
:104C200018470000041B0300014A0100256600002C
:104C3000002403000000104128E600401024030077
:104C400088E3004030B589B005000800984C06A9FB
:104C5000039104A9029106F01DFC00900191280027
:104C600008F04AF90022934B07F0BAFD02000B004E
:104C70009148FEF7ACF8002817D0049808F03CF9EA
:104C800000228E4B08F01EF804004D006D08002035
:104C9000994907F0A3FC02000B002000290007F04F
:104CA00045F806F0B3FB040006E0944BE922D2007D
:104CB00093499448ECF7BCFC200009B030BC08BC18
:104CC000184700008CE400400B4B01006D4B0100C5
:104CD000954A010000B583B08B4801908B48009045
:104CE000E1239B0101228A4801688A48EFF7AAFA6A
:104CF0000020C04303B008BC184787487047000035
:104D0000581B03006C696200000000401C24030073
:104D1000CC21030030B581B000280DD07C4C7F48F9
:104D200008F0D2FF2060FFF755FFF9F76BF8226813
:104D30007B497C48F7F772FE7B4C25687B48FBF784
:104D4000E8FC2560FBF70AFD01B030BC08BC184741
:104D5000B01B030005400080094B0100681C0300E4
:104D60002C24030000B581B071480068002806D1EA
:104D7000704B714A7149FC20800306F011F8012044
:104D800001B008BC18470000F01B03002C1C0300F6
:104D900078B20200CCD00040C3F5A83EC3F5283F4E
:104DA000F0B581B0002860D0002561480090644FC4
:104DB00064A421003800F1F79BFB06000CD0F0F74B
:104DC00067FE6149884203D100980068002807D136
:104DD0006D1C2800FEF7FAFFFDF720FD002EE8D13C
:104DE00021005A48F1F784FB06000CD0F0F750FE82
:104DF0005549884203D14E480068002807D16D1CF0
:104E00002800FEF7E3FFFDF709FD002EE8D150A0D2
:104E1000F1F79EFA04000CD0F0F73AFE4A498842B6
:104E200003D143480068002807D16D1C2800FEF715
:104E3000CDFFFDF7F3FC002CE9D146A0F1F788FA8D
:104E400004000CD0F0F724FE3F49884203D13848D3
:104E50000068002807D16D1C2800FEF7B7FFFDF79A
:104E6000DDFC002CE9D1FAF794FCFBF76DFCFBF7B5
:104E700075FC01B0F0BC08BC18470000713DAA3FAA
:104E800000B583B03448019034A0009034480068E5
:104E900007F0A4FE0100022300223248EFF7D2F906
:104EA0000020C04303B008BC18471B4870470000EF
:104EB000000080BF00004E4000004842000049C092
:104EC00030B581B0002808D0254C144808F0FCFE0D
:104ED00006F016FB2060F9F7C1F9134C256813485A
:104EE000FBF717FC2560FBF739FC01B030BC08BCB0
:104EF00018470000E17AD43F0000494064240300D1
:104F00004C24030074FA0200154D010080240300B4
:104F1000E4D00040941D0300E41D030028E6004097
:104F2000A02403009021030088E30040501D0300EB
:104F30000CE60040A14D0100301E03004822030092
:104F40006822030073707A0005400080702203001D
:104F50006C6F67006D637300C14E010000000000BC
:104F6000249B0040F81F03007847C0460C109FE5C3
:104F700000C0A0E39011ACE0AC04B0E11EFF2FE153
:104F800083A4FE8A7847C04608109FE590118CE004
:104F9000AC04B0E11EFF2FE1986E128330B581B0F2
:104FA0000024AB4D2C726C8100F06CF88020C001A5
:104FB000A8490A6802430A60886100F0B3F9012039
:104FC0002870C648016802220A430260016808226C
:104FD0000A4302600464C16C20220A43C26401686F
:104FE000082291430160EC6001B030BC08BC184756
:104FF00000B581B080208001BC4908601920FDF710
:10500000DEFB01B008BC1847802080019D49086084
:10501000C1480168012291430160704794039FE5F4
:10502000000090E5E014A0E3801C81E3002091E5FE
:105030000130A0E3A20013E102008013002091E5FB
:10504000010012E30500000A082091E528339FE5DE
:1050500004C093E502208CE0182081E5010080E384
:10506000002091E50130A0E3220113E10400801348
:10507000002091E5A20113E108008013000081E502
:105080001EFF2FE1A548016804220A430260A448DC
:10509000016801229143016000219F4A116002686A
:1050A000022313430360026802239A430260B24A58
:1050B0008260C160016801220A430260704700B546
:1050C00081B0AE49086100F003F801B008BC184790
:1050D00010B55F4C207801281BD12169A5480068D4
:1050E000002805D017A2914213D31C32914210D24E
:1050F000002910D00888891C2161002809D00A00E5
:105100001188921C226100F045F82069002815D111
:1051100001E0002020619A48016802220A430260EF
:10512000016808220A43026000210164C16C202248
:105130000A43C264016808229143016010BC08BCA4
:10514000184700007D0012037D00DE03FA00120301
:105150000000000030B581B005000C00EDF7C8FA82
:1051600084480068002811D184480178012904D1BD
:105170002100280000F00EF808E00078002805D192
:10518000642D00D26425280000F07EF801B030BC08
:1051900008BC184730B581B004000D000A2C07D2B6
:1051A0008BA3FF222832C04684A17648ECF740FA50
:1051B000280000F018F85A4A10680121884310604E
:1051C000714B1D68200000F02BF928189861D868F1
:1051D00040210143D960106801210143116001B0F1
:1051E00030BC08BC1847F1B502243C4D2868204368
:1051F000286008262868304328600020286420277B
:10520000E86C3843E8642868B04328605F48009938
:10521000ECF716FA401E6861286806432E605C4869
:105220000099ECF70DFA401E2864E86C0743EF6420
:10523000286804432C6028680121014329602868FC
:1052400002218843286001B0F0BC08BC1847000068
:1052500030E9004080C0FF3F00B581B047490A787F
:10526000012A01D14B4A05E00978002901D14A4AB7
:1052700001E04A4A00210004000CECF771FE01B085
:1052800008BC18479CC0FF3F30B581B004000A2C11
:1052900008D2C0465BA3FF225432C04653A139480E
:1052A000ECF7C6F98020C0013D4908601C4A10682F
:1052B000012188431060344B1D68200000F0B0F8D5
:1052C00028189861D86840210143D96010680121ED
:1052D0000143116001B030BC08BC1847048001E0F4
:1052E0008020C001014908607047000098C0FF3F5E
:1052F0002348016802220A430260016808220A4327
:10530000026000210164C16C20220A43C26401686A
:105310000822914301607047148000E0C4C01FE080
:10532000048000E01F48016840220A4302601E48D2
:105330000168490049080160016C10220A430264B7
:105340001A4801681A4A0A40802149001143016045
:10535000184800210160026C20239A430264026C09
:105360001B02134303648160416C20220A434264A0
:10537000704700000CE60040FF67010030E9004084
:10538000048001E0B8240300080007E000A08C00BE
:1053900000504600D49B02000C9F020044A2020071
:1053A0009CC0FF3FC4C01FE000C0FF3F10C002E030
:1053B000FFFCFFFF0C8001E0E4240300536F756ED7
:1053C00064436F6E74726F6C5F42656570000000BD
:1053D000626565702064656C6179206973206F7502
:1053E00074206F662072616E67650000536F756E82
:1053F00064436F6E74726F6C5F506C617956696252
:10540000726F0000766962726F2064656C6179204A
:105410006973206F7574206F662072616E67650016
:105420007847C04608109FE590118CE0AC01B0E1D0
:105430001EFF2FE1CDCCCCCC08B4024B9C4608BC5F
:105440006047C04618E501008D48704700B581B03F
:1054500070480068062811D801A1095C8F44C04635
:10546000180C1014181808006B480EE06B480CE07C
:105470006B480AE06B4808E0824806E0824B7B22DA
:1054800082498348ECF7D4F8002001B008BC1847E3
:1054900000B581B05F480068062811D801A1095CF9
:1054A0008F44C046180C10141818080079480EE0F4
:1054B00079480CE079480AE0794808E0794806E044
:1054C000714B922278497248ECF7B2F8002001B093
:1054D00008BC184700B581B04E480068062815D8AA
:1054E00001A1095C8F44C0460C10141C1820080050
:1054F0006E4812E06E4810E06E480EE06E480CE018
:105500006E480AE06E4808E06E4806E05E4BAD2249
:105510006D495F48ECF78CF8002001B008BC1847D3
:105520009B48704700B581B09A48FBF7F2F800201D
:10553000C04301B008BC184770B40020002296494F
:10554000964BF22464001C1965680026F643B542A8
:1055500007D02468A54202DA2A00210001E02900D0
:1055600022008F4C1B59914208DB94001C19241D0A
:1055700025684019521C241D9142F9DA8949585076
:1055800070BC704700B581B0844887498969874AF3
:1055900081520021864A815280214901121D8018C2
:1055A00005F084FC01B008BC1847F0B581B07B4D14
:1055B000F02040002F1800243C60DC2078607D48FB
:1055C0002C5077482E187A4828183060FFF7DAFFF9
:1055D00079487A496850FC609F2000012C50746023
:1055E0000020C043B860B460800DF060346174483E
:1055F0002E18346096217348281805F057FC642152
:10560000C548281805F052FC746001B0F0BC08BC15
:10561000184700004C970040642A03008C2A0300BE
:10562000A42A0300B42A030030B581B0FA20800018
:10563000FBF73CFB594C5A4820185D496118016042
:105640000025456085605449C16005610020C04364
:10565000F421490060506421AF48201805F026FC71
:10566000AE482018056085604560C560F8F740FBCE
:10567000FBF774F8012001B030BC08BC18470000EB
:105680003C2A0300742A0300D02A03004C2A03009A
:105690002C250300F82A0300302B0300442B0300C1
:1056A000582B0300142B0300E02A0300842B030073
:1056B000982B0300B42B0300D02B0300E82B03002E
:1056C000002C03001C2C0300702B0300F0B581B0EC
:1056D000934CBC2080002018F8F74DF9002851D0D9
:1056E0002E4F90483D18AF20400120180090022610
:1056F0008D482018F8F73FF9002815D00098007859
:10570000304205D1686800280ED0286801280BDBDC
:105710002868401E28600020F4F7C2F8FFF70CFF4D
:1057200001F0D4FAFBF744F800980078304208D032
:10573000F8F78EFCF8F7AEFCF8F79AFC00206860EA
:105740000FE0686800280CD12E60012068601748BF
:105750003818154989690288891A01807348FFF74A
:10576000AEFCBE4C206800280AD0E868002807D1AB
:10577000206002F0A1FA01262660F8F731FCEE6005
:10578000F8F7B6FA012001B0F0BC08BC18470000D9
:10579000382C030014320300FF030000A85300401C
:1057A000A043000004100000FCE80040C2320000EA
:1057B000F8210000FC31000020FD0000F421000071
:1057C000484400002C32000030B581B0A44D53484D
:1057D000281801210160A34AAC182268062A00D9C2
:1057E0008EE002A39B5C5B009F44C046042E37689A
:1057F0006E042C0000F02CFC9B48C069400A401C41
:10580000142800DD1420F22149006D182968081AB7
:105810006168884203DAA2688018401A401C286038
:1058200000F016FC00F07EFA68680021C943884247
:1058300003D0FFF781FE00F035FA01F047FA00F0DF
:10584000FDF964E0C16058E0A848285800F072F9FA
:1058500000202060FBF71EF959E00020E060A168FD
:105860006368CA1A521CF02A51DDF2225200AA586B
:10587000D318DD0FEB185B1063608918CA0F51183D
:105880004910A160CA1A521C9949F02A35DAF0234E
:105890009A1AD30F9A185210521C63689B1A00D59B
:1058A00000236360A3689A188A4200DD0A00A260A0
:1058B0006368D21A521CF02AE9DB1EE0E06808286F
:1058C00025DA401CE06018E00020E06061680029F3
:1058D0001DDD0A39A2680A3A002901D5521A0021B1
:1058E000A26061600A00F22040002818016891421D
:1058F00002DBA2688A4200DA0260FAF759FF06E08A
:105900009C4BD5225200A149B348EBF791FE0120F0
:1059100001B030BC08BC1847B44300003C44000050
:10592000F8970040404400003C0F000008250300A9
:10593000F0B581B04A4D4D48281801210160494910
:105940006C182168062900D97BE001A2525C9744BB
:10595000065C6AA8B406560000F07AFB424800696B
:10596000400A401C142800DD1420F22149006D1863
:1059700029680818A168814203DA401A6168401852
:10598000401E286000F064FB00F0CCF9686800213C
:10599000C943884203D0FFF7CFFD00F083F901F03F
:1059A00095F900F04BF953E00021C16046E0F8F7AB
:1059B00017FB00202060FBF76DF849E00020E06055
:1059C0006368A2684A49D61A761C8E4240DCF226E9
:1059D0007600AD59EE1AF70FBE1976109B1B636067
:1059E000551BEE0F75196D105219A260002B00D5D2
:1059F00060608A4222DDA16020E0E068002827DDA7
:105A0000401EE0601AE00020E060A068384988424B
:105A10001EDA62680A320A30884203DD864941187C
:105A2000521A401AA0606260F220400028180168F3
:105A3000914202DBA2688A4200DA0260FAF7B8FEFD
:105A400006E04C4BFF22FA3293496348EBF7F0FD36
:105A5000012001B0F0BC08BC184700000CE6004073
:105A6000A8530040A4430000A0E800403C440000CC
:105A700030B581B089498A4808180268C64BCC18ED
:105A80002368002B01D0002A0DDC521C072A0ADAF9
:105A9000042A09D1836845685B1B5B1C8025ED00E7
:105AA000AB42F2D000E000220260F22252008918DC
:105AB0000268052A08D10A684A60121D806890426F
:105AC00000DA083A0A6005E00020C0434A688242D2
:105AD00002D04860FFF730FD00202060FAF7DAFFBF
:105AE000012001B030BC08BC18470000F4210000C0
:105AF000FF03000070B56948854946588549441838
:105B0000854941182160854DA969854A8152F8F778
:105B100075FA3004000CF8F77FFAF8F753FA072209
:105B20002900083120689D4BC01805F0C5F970BCEC
:105B300008BC184770B5060058487649441876499D
:105B400041182160754DA969754A8152F8F756FAD6
:105B50003004000CF8F760FAF8F734FA072229004D
:105B6000083120688D4BC01805F0A6F970BC08BC40
:105B700018470000D02A030000B581B08848FBF721
:105B800005F9012001B008BC184700004C2C0300A7
:105B90000120704700B581B000F084F800F04EF8A5
:105BA00000F016F97F4800687F49884203D100F071
:105BB0004FFA00F0B7F800F011F8012001B008BC6E
:105BC0001847364854494118524A815001207047BD
:105BD00001207047002070472C25030000B581B0DC
:105BE0007248ECF7C8F8522378226D217820EBF741
:105BF000DBFF00210020ECF775F80120ECF766F8D8
:105C000001210120ECF768F80020ECF758F868480B
:105C1000EBF7C7FF6748ECF769F80120ECF796FF50
:105C2000ECF722F86448EBF7E3FD0020ECF78EFF79
:105C300001B008BC1847000001FCFFFF00B581B0AF
:105C40005A48ECF798F82423F02247210020EBF77C
:105C5000ABFF00210020ECF745F80120ECF736F807
:105C600001210120ECF738F80020ECF728F8504823
:105C7000EBF797FF4F48ECF739F80120ECF766FF98
:105C8000EBF7F2FF4D48EBF7B3FD0020ECF75EFFBA
:105C900001B008BC184700005C2C0300A85300406A
:105CA000A443000010B590B0FC208001ECF763F82D
:105CB0001223F02235210020EBF776FF0020ECF7CD
:105CC00005F801210120ECF707F80020EBF7F7FFBA
:105CD0003748EBF766FF3748ECF708F838480468B0
:105CE0003848006805F0D6FB0090019136482358EB
:105CF0002288364902A805F057F90A20EBF792FFEF
:105D000002A8EBF775FD10B010BC08BC18470000E6
:105D1000F4210000A0430000F8210000FCE800404E
:105D2000C232000000B58FB0FC208001ECF723F8F0
:105D30001023F022FF2110310020EBF735FF002067
:105D4000EBF7C4FF01210120EBF7C6FF0020EBF7C2
:105D5000B6FF1748EBF725FF1648EBF7C7FFB94822
:105D6000F22149004258B84941589300C91849687E
:105D7000009151004018F8214900435AB34901A845
:105D800005F012F96420EBF74DFF01A8EBF730FDA9
:105D90000FB008BC184700003C4400000810000089
:105DA0007429030028E80040C027030000203F00BA
:105DB0000100010074080200FC5200405C970040A2
:105DC000489700402CD0004004100000702C0300C5
:105DD000F0B589B000259B4F9B48381886689A48D3
:105DE0003818C068B04226DBBF490868B200801886
:105DF000051DC9680091BD49791809680191002401
:105E00002868019900290DD000280BD006F0B6FBB8
:105E100005F040FBFFF710FB0022B54B06F0E0FC5D
:105E200008F052F8A04200D30400761C2D1D009803
:105E3000B042E5DA25006422AE4803C8EDF75AF90E
:105E4000002D00D1AEE000200390FF200E30F021A5
:105E50007D4ABA1894687C4ABA18D668321B521C1C
:105E6000F02A01DD1100F0224B0002935200019252
:105E70004A42079200210091A42D11D30022521C06
:105E80006D08A42D0BD3521C6D08A42D07D3521CF2
:105E90006D08A42D03D3521C6D08A42DEFD20092DF
:105EA000512D0FD2491C6A00512A0BD2491C5200B5
:105EB000512A07D2491C5200512A03D2491C5500CD
:105EC000512DEFD3604ABA18126989180591002C38
:105ED00024D05D483858A10040184068834979585B
:105EE00000290DD000280BD006F048FB05F0D2FAAF
:105EF000FFF7A2FA00227E4B06F072FC07F0E4FFE7
:105F0000FF210E31059A9040009AD040081A88422D
:105F100001DD080002E06A2800DA6A20F021490069
:105F20007958002942D07048049025006F483818ED
:105F30000690AE4236DB039E079C059F04980068DE
:105F4000A900401840680699096800290DD000286A
:105F50000BD006F013FB05F09DFAFFF76DFA002257
:105F6000634B06F03DFC07F0AFFFFF210E31B84058
:105F7000009AD040081A01006A39A42906D2BE4A04
:105F80000104090C3004000CECF73AFA01982418CB
:105F9000002C02DD761C0298241A6D1C0498C0683F
:105FA000A842CBDA09B0F0BC08BC184700254E491E
:105FB00004914E4979180691A642F3DB0890079E9A
:105FC000270004980068B90040184068A84200D330
:105FD000050001983618002E2DDD280000250699B1
:105FE000096800290DD000280BD006F0C7FA05F08B
:105FF00051FAFFF721FA00223D4B06F0F1FB07F0C2
:1060000063FFFF210E31059A9040009AD0400C1A90
:106010000298361A8C4201DD0C0002E06A2C00DA8C
:106020006A24954B220008990398EDF7B4FA039877
:10603000401C039008947F1C0498C068B842C0DAE2
:10604000B0E70000A8530040A04300008C2C0300E0
:10605000F0B583B07A4D2F686868C01B401C05F00E
:106060004FFA0290854C844E6A22FF210E31009136
:1060700001922068C01B0101081A000105F040FAD6
:10608000029905F0EFFF05F005FA0022BE4B06F07D
:1060900019FE06F079FB3300019A0099EDF742FBF7
:1060A00060680021C943884219D02968401A01015B
:1060B000081A000105F024FA029905F0D3FF05F053
:1060C000E9F90022B04B06F0FDFD06F05DFBF0287B
:1060D00005D233006A22FF210E31EDF723FB03B016
:1060E000F0BC08BC18470000489700404844000036
:1060F00000005940A42C030000B583B00120029099
:106100006848019068480090684B00227548016813
:10611000A848EEF7D9F80020C04303B008BC1847E0
:1061200000B581B0002806D0704807F0CDFD6D495C
:106130000860FFF7FFFCAD48FAF7EBFA01B008BCC6
:10614000184700B581B0704A0F21A948EEF704F94D
:106150000020C04301B008BC184710B500282BD060
:10616000714872494158002906D17749401877494A
:1061700089690288891A0180754C0021201D00F070
:10618000B2F9002805D17848FEF799FFFEF7EAFD3D
:1061900015E00021C94388420BD17448FEF78FFFF8
:1061A0007A487B4981607B494160211DC1607A4802
:1061B00003E07A48FEF783FF8C48FAF7AAFA10BC8E
:1061C00008BC184700B583B0754802907A48019022
:1061D0007AA000907A4B00227A4801688548EDF752
:1061E000D1FF0020C04303B008BC184700B581B000
:1061F00000280CD03D48EDF737FF05F007F971494D
:106200000860F7F797FD37480068FFF793FC774879
:10621000FAF77FFA01B008BC184700B583B076489A
:10622000019066A0009096235B00002273480188CD
:106230007348EEF707F80020C04303B008BC1847C6
:106240005097004010B5002810D06C4C274807F03C
:106250003BFD20802088F7F785FE22480068FFF785
:1062600069FC228867496848F6F7D8FB5F48FAF767
:1062700050FA10BC08BC1847003F3F008C55004046
:1062800000B583B0614801904CA00090604B614A1A
:10629000614801886148EDF7D5FF0020C04303B095
:1062A00008BC184721610100AC2C030020FD000050
:1062B00010B5002810D0584C0C4807F005FD208080
:1062C0002088F7F767FE07480068FFF733FC22884D
:1062D00053494D48F6F7A2FB4448FAF71AFA10BCA6
:1062E00008BC18479C7500404E48704728E600409F
:1062F00043484D490968902252008218914201D0CA
:1063000000207047683070475B61010006484749CC
:106310004158474A8018814201D1002070474548C2
:106320007047454870470000A853004044440000AF
:1063300033483D490968902252008218914201D0A9
:1063400000207047A4307047C2320000FCE80040D3
:1063500024E600402A4834490968902252008218F5
:10636000914200D000207047E8240300F424030089
:1063700023482D490968902252008218914201D089
:1063800000207047343070470000E03F44E900408F
:10639000C9630100A5630100E8F5020008250300B8
:1063A000ED61010000B581B01048FAF7B2F901B013
:1063B00008BC18475C250300C82C0300000000003F
:1063C00000F07F45049B004030B581B00400C54D0E
:1063D0002800EBF7B4F928006030EBF7B0F92000A3
:1063E000EBF706FA01B030BC08BC1847C027030021
:1063F000BC2503004C260300456201007C9A004046
:10640000A0260300E42C0300D02C0300B16201009D
:10641000FF0F0000B80B00008C9A0040D426030048
:10642000F02C03000428030028E80040A0430000EB
:10643000CC320000302803006C28030070B5060041
:10644000012404F00DFE05002321300007F06CFB51
:10645000020004D030001030801A04280ADA10201C
:10646000401B042801DA001F2D1872192320107018
:106470002D1D1BE054789178D0782300303B0A2BF7
:1064800003D2303C64235C4300E000240B00303B2B
:106490000A2B04D230398B005918490064180100C6
:1064A00030390A2901D22418303C641C200002F043
:1064B0006DFB01003031517064214843201A00F017
:1064C000F3FD30309070200000F0EEFD81000818E0
:1064D0004000201A3030D070102D01DA00201071E9
:1064E00070BC08BC1847F0B5EFB07F4A1268002AAC
:1064F00002D00120C043DAE00400012007907BA60F
:106500000F0031002000EFF771FA002812D0002FA1
:1065100010D1774DFCF782F92000FFF78FFF310093
:106520002000EFF763FA002801D06D1EF2D10020A1
:10653000C04307903A0031002000EFF707FB0190BD
:10654000002800D1B3E000200090C7480468022270
:1065500021002EA8EEF752FA2EAF07226548211827
:10656000B81C04F0A9FC1E22634821183800093029
:1065700004F0A2FC0422614821183800273004F0FE
:106580009BFC962108A804F091FC00240020C04345
:10659000029096265A488069844200DB8BE003A96A
:1065A0002000F2F789FA002812D00299884200D11F
:1065B00081E003A804F054FD050008A804F050FD94
:1065C000301A854277D20F2203A908A807F0BEFA35
:1065D000641CDFE7FD2B09DB2EAA69462800EFF7D4
:1065E000CDFDA24988425CD000232EA99E480068B8
:1065F000A20080184068029A821A019202900198C3
:10660000802212028018520090420CD37F20087022
:10661000481C01A90A7802704A7842708A78827010
:10662000C11C1B1D12E001987F30FE280AD3802078
:106630000870481C01A90A7802704A784270811CCF
:10664000DB1C03E001980870491C5B1C641C802063
:10665000C0008442BEDB854C002B06DD2EAA6946B5
:106660002800EFF78BFDA0421BD07F4800689F49B0
:1066700041182EAA0B6813609D4941183A1D0B78EA
:1066800013704B78537004229A494118B81D04F0D6
:1066900013FC0A232EAA69462800EFF76FFDA042DB
:1066A00004D12800EFF7F4F9002000E007986FB05C
:1066B000F0BC08BC1847962208A938002B3004F01B
:1066C000FBFB6948006840680290042202A9380078
:1066D000C13004F0F1FB2EA80100C531C52301240F
:1066E000019D83E7A82803000CE6004073707A0040
:1066F00009030000081000000F1000003010000017
:1067000000000040F0B5C5B0040006D19D4BA922A1
:10671000D2009D499D48EAF78BFF0020029080231C
:106720005B0004AA02A92000EFF77EFB05004F489A
:10673000854201D02B2D06DA954BAB22D20092492F
:106740009248EAF775FF934E022204A99248301846
:10675000EEF754F904AF0722B91C9048301804F042
:10676000ABFB1E22390009318D48301804F0A4FB20
:106770000422390027318B48301804F09DFB962203
:1067800039002B318620C001301804F095FB04221B
:106790003900C13101A804F08FFB01988249705083
:1067A00004A80200C532C52180483018804E0394E9
:1067B000040018E0FD2916DB0298401B40180290E7
:1067C00080235B0004AA02A90398EFF72DFB0500C4
:1067D0002648854205D1774B774A6B496B48EAF7E3
:1067E00027FF002104AA107800060016521C7F28FB
:1067F00013D10020009068461378037053784370DB
:10680000937883700098000204D50098FF231B063C
:1068100003430093D21C091D16E07F23DB439842FB
:1068200010D10020009068461378037053784370AD
:106830000098000403D50098BA4B03430093921CC0
:10684000C91C01E00090491C0198009BC018206001
:106850000190241D761EADD1FEF76EFE002045B0DE
:10686000F0BC08BC18470000489700400540008075
:1068700010B5ADA1AD48EFF72FFA002805D0454C73
:106880002100F6F767F9010001D1A9480CE0FE23C9
:106890009B05F82040002218200000F027FC012072
:1068A000F62149006050002010BC08BC184710B504
:1068B0009DA1A0A0EFF710FA002805D0354C2100CB
:1068C000F6F748F9010001D199480CE0FE239B0539
:1068D000F82040002218200000F008FC0120F621DA
:1068E00049006050002010BC08BC1847CC100000C4
:1068F000CA100000D010000070B58BA18E48EFF7D1
:10690000EBF9002807D0234C2600F0363100F6F7CB
:1069100021F9010001D1864831E0884825188723F4
:10692000DB052A00300000F0E1FB00238022D200CA
:1069300058002E18308800F0C5FB400030805B1CEA
:1069400058002E18308800F0BDFB400030805B1CE2
:1069500058002E18308800F0B5FB400030805B1CDA
:1069600058002E18308800F0ADFB400030805B1CD2
:106970009342DDDB01209F2109016050002070BCA3
:1069800008BC1847102D0300FC2C03002C25030025
:10699000182D0300A8530040CC320000D442000060
:1069A000DB420000FC420000D0320000D432000084
:1069B000FF030000282D03007C050000F3B587B01D
:1069C000006806F00BF90100B9484A00805A4000FF
:1069D000000A42001018C20F101840100B1A0C18B1
:1069E000002B00DC0123B348844200DD04009C42FC
:1069F00056DB0020B04A1268151D9E00AD192E68A6
:106A0000B04201DA300019005B1C2D1D9C42F6DA01
:106A1000A74802904B00C05A4000000A43001818D3
:106A2000C30F181840100B1A0C18002B00DC0123A0
:106A3000A048844200DD04009C4231DB002000219C
:106A4000002600270093121D9B00D518039404AA6A
:106A500003C2009C286800210200002306F040FACF
:106A600002000B00B6185F4104A803C80090019112
:106A7000100019002200E31706F032FA009A019B79
:106A80008018594104AA03C2641C2D1D0398A0421A
:106A9000E0DA04A803C8002F04DC01DB012E01D2D8
:106AA00000203AE007F05CFA04003000390007F0FB
:106AB00057FA0100200005F0D5FA0799086004F0A4
:106AC000E9FC00227D4B06F0FDF805F05DFE0400B8
:106AD00002986100405A06F00FFA0022784B05F048
:106AE0007FFE0022774B05F07BFE0022764B05F0FF
:106AF00077FE0022714B05F073FE05F045FE0100A4
:106B0000601A6118002800DC01206A4A914200DD09
:106B10001100089B079A00F013F809B0F0BC08BCFC
:106B2000184700000000FFFF63616C00402D030068
:106B30000540008064726B00482D0300F4090000DA
:106B4000FCB587B005000C00661B012E00DA86E05C
:106B500059480068A900021D5218029241180A689B
:106B6000029B1B68D21889685718A1004258031D60
:106B70005B58D218083040581018C01B04F0C0FCF5
:106B800000907000801904F0BBFC0100009805F033
:106B900069FA0190380004F0B3FC04F07BFC002299
:106BA000494B05F0C3F806000F00280004F0A8FCCC
:106BB0000100019805F038FB04F06CFC02000B00AA
:106BC0003000390005F008FF04F020FC010000202F
:106BD00000902800844242DB029F05940491002427
:106BE0000025009E0290029804F08AFC0390386809
:106BF00005F0C4FC00900399019805F015FB010015
:106C0000009805F0B7FB049905F0B4FB0090002153
:106C100004F0E4FB00D200910098210006F00CF98A
:106C200004000399009805F0FFFA0090290006F08F
:106C300003F905000399009805F0F6FA310006F013
:106C4000FBF806000298401C02903F1D059802992F
:106C50008842C8DA2000002104F0C0FB01D80020DF
:106C600022E0079F2800210005F0FCF905003D60A7
:106C70003000210005F0F6F904002800290005F095
:106C8000D3FA0100200005F075FB002104F0A6FBFB
:106C900001D8002008E0089C04F0FCFB05F09EFCF5
:106CA00004F0B4FB2060012009B0F0BC08BC184718
:106CB0009C5D0040FE030000489700400000E03F5C
:106CC00000000C400000703F00000840F0B59DB08F
:106CD000944C6421A248201804F0E8F89F20000199
:106CE0002058002800D1C0E0F22040002518A868F4
:106CF000002800D1B9E0286804F002FC029068681E
:106D00000021C94388420AD004F0FAFB010002982E
:106D100006F092F8FC21890505F086FA029003A995
:106D200002A8FFF74BFE002800D19AE08D4F8E4E4F
:106D3000A868002812D00298F4F794FA0500029887
:106D4000039906F079F8F4F78DFA290005F012FBA3
:106D50000100300005F068FA290004E003993000D2
:106D600005F062FA029905F07DF904F093FB0090BA
:106D70000191029804F08EFB02000B003900784864
:106D8000201804F011F90298F4F76CFA05008D4E02
:106D9000300004F065F90700280004F07BFB0022B6
:106DA0009E4B05F08FFF05F0EFFC02009C49F019A7
:106DB00004F0FAF8039804F06DFB0022994B05F0FB
:106DC0000FFD04AA03C2029804F064FB6A4603C2E2
:106DD000684603C804AA0CCA05F0FEFD05F0D4FC01
:106DE000050068460CC804A803C805F06BFF05F051
:106DF000CBFC002D00D500258B49884200DD080022
:106E00000027A8420ADB8D496158AA008918091D8C
:106E10000A68BF186D1C091DA842F9DA642104A88C
:106E200004F044F88148C06A012805D004D303283F
:106E300002D119227E4901E019227E4904A8EDF70A
:106E4000DDFD300004F00CF904007B48006804F01C
:106E500021FB009001913A0004A9301904F0A4F834
:106E600003E00D207549611808751DB0F0BC08BC21
:106E7000184780480068002800D1704700B581B0ED
:106E800000F005F8F7F796F901B008BC1847F0B420
:106E900081B06320C0436A4A6A4B25246A49009145
:106EA00001250D8000211688371B921C002F0FD45E
:106EB0009B1C1C882E006D1CBC464742BC4501DB58
:106EC0004F1E00E00F000098760087536327FF43B2
:106ED0003800491C8026F600B14201DA112DE2DBB0
:106EE000654800996A00885201B0F0BC704710B53F
:106EF000624C6348E0676348802160506248C82163
:106F000060500023072221000C3160A0EFF790F9B8
:106F1000A0605F48F9F7FDFB0020C04310BC08BC2F
:106F200018470000A853004010B504005948F9F76D
:106F3000F0FB002C10D0514854A1026812018018B7
:106F40000C30EEF7C9FEFFF7DDFB534853494118FB
:106F50003A4A8150F9F702FC10BC08BC18470000FF
:106F6000B4430000502D0300578C6B4330B581B003
:106F7000424CA06807281FDB44A56068C1000B1ABB
:106F8000DB1D072221000C312800EFF751F9A0602A
:106F90006168002802D0491C616008E0C800431AFB
:106FA000072221000C312800EFF742F9A060A06809
:106FB000002801DD012000E0002001B030BC08BC49
:106FC000184700005C97004030B581B02B4C6068DA
:106FD00000281FD02DA5C1000B1ADB1F072221009E
:106FE0000C312800EFF724F9A0606168002802D076
:106FF000491E616008E0C800431A072221000C31D5
:107000002800EFF715F9A060A068002801DD012035
:1070100000E0002001B030BC08BC18470000E03F91
:10702000642D030000000C40FF03000028E800402E
:107030008C2D0300702D030034D00040A0430000CD
:1070400098550040182A0300C097004000B581B051
:10705000FCF736FB01B008BC184711481149096814
:10706000902252008218914201D000207047D03007
:107070007047000094550040FFFF00008CE4004082
:107080006D6F0100C96F0100296F010073707A00F4
:1070900078B20200C0270300A8530040CC320000A1
:1070A000A026030028E800407847C0460CC09FE5B2
:1070B000901CCCE04C01A0E1A00F80E01EFF2FE16E
:1070C000676666667847C0460008A0E12008B0E120
:1070D000ABC0A0E3AACC8CE3900C0CE0AC08B0E110
:1070E0000008A0E12008B0E11EFF2FE1FCB5DDB0F3
:1070F00004000F000022002F69DD791E019404971F
:10710000039100900098006802901300541C501CDA
:10711000049988423EDA039F0198E1004518BE07B2
:10712000B60F0BD02868029904F058F901D20290EA
:107130002300641C761E0835002EF3D1B80829D030
:107140001E00230004002868029904F047F901D2C8
:1071500002901E005B1CAF683800029904F03EF9F3
:1071600001D202971E005B1C2869029904F036F9CF
:1071700001D202901E005B1CAF693800029904F036
:107180002DF901D202971E005B1C641E2035002CD5
:10719000D9D13300D80000990968019B1950029990
:1071A000009B19600199091D08180168009B5B6824
:1071B000036000984160521C0098083000900398CA
:1071C000401E0390049882429CDB019C0700002F24
:1071D00028DD3FA821A9BB079B0F09D025680560C2
:1071E00065680D605B1E0834091D001D002BF5D17C
:1071F000BA0817D00B0011002268026062681A609A
:10720000A5684560E2685A602269826062699A6096
:10721000A569C560E269DA60491E20341033103078
:107220000029E9D15D9CBD4B03A8019000933A0071
:1072300021A93FA800F025F800255E9E02A8019034
:10724000280004F05DF900903B0003AA21A93FA8A3
:1072500000F06AF90298310004F0E6FF04F01AF930
:107260000022AF4B05F02EFD05F08EFA20806D1C3C
:10727000A41C8020C0008542E0DB5FB0F0BC08BCED
:107280001847F3B5A7B015001E003000A54904F05B
:1072900035FD04D8002008902F99086029E0BF2010
:1072A00000062F990860279840682799096805F01B
:1072B00061F8040004F0EEF802000B000020E4493D
:1072C00004F034FD009001912898406828990968DD
:1072D00005F050F8210004F0C5FE310005F04AF831
:1072E00004F0D8F8009A019B05F07AFA04F08EF8C1
:1072F00008900395681E022800DA97E02798041D7D
:107300002F98001D08A90A1D28990D1D0399891E93
:10731000029001920591201F06682068310005F057
:1073200029F807006068310005F024F801003800F2
:1073300004F098FE04900299091F096804F074FF94
:107340008021C90505F078FD04F0A4F806AA03C25F
:10735000049804F09FF80022BE4B05F0B3FC06AA87
:107360000CCA04F0E3FC04F051F8029908602668A6
:107370002F686868390004F0FDFF009060683100F4
:1073800004F0F8FF0100009804F06CFE0090380053
:10739000291F096804F0EEFF07003000211F09686B
:1073A00004F0E8FF0100380004F05CFE01000098E2
:1073B00004F0E0FF0199086004F06CF80022A64B8D
:1073C00005F00EFA06000F006068211F096804F03E
:1073D000D1FF04F05FF802000B003000390004F028
:1073E000A5FC06000F0004990198001F006804F036
:1073F0001BFF04F04FF802000B003000390005F0CD
:10740000EBFA06AA0CCA04F091FC03F0FFFF019905
:1074100008602D1D0198001D01900298001D02902A
:10742000241D0598401E059000D074E72E9F0398F8
:107430008000029038003B4904F060FC02D800262E
:1074400000242DE0FC24A40527980838029941184F
:107450004868096804F08EFF0500289808380299EA
:107460004618280004F016F802000B0000207849A6
:1074700004F05CFC009001917068316804F07AFFC0
:10748000290004F0EFFD0100380004F073FF04F060
:1074900001F8009A019B05F0A3F903F0B7FF06007D
:1074A0002F9808380299451808A808384058210034
:1074B00004F0BAFE0100300004F05CFF03F0EAFFC4
:1074C00006000F002868210004F0AEFE03F0E2FF82
:1074D0000022624B05F0F6FB02000B003000390081
:1074E00004F024FC03F092FF6860039CA41E11D4F6
:1074F000A0002F990D1808A90E182868696804F0D3
:1075000093FE316805F098FC2860641E361F2D1F1D
:10751000002CF2D529B0F0BC08BC1847CAF2C971DA
:107520000000E03FCDED4771F2B586B001001500D7
:1075300000245B1E0093022B12DB0B000C98009AB8
:1075400011194E10B100595803F048FF01D2320012
:1075500000E03400111B0229F2DA19000C900092AD
:10756000A0000858039000988000085801900399E3
:1075700004F000FF0700002106F01AFC01D10020F2
:1075800061E0049500988000029001980C9904F045
:10759000F1FE390004F066FD06000C98039904F032
:1075A000E9FE390004F05EFD05000698A100405890
:1075B000310004F039FE00900698029940582900E5
:1075C00004F032FE009905F037FC03F063FF0090F1
:1075D00001913000310004F027FE310004F024FE58
:1075E000310004F0C7FE0499A200895804F01CFE83
:1075F00004002800290004F017FE290004F014FEFE
:10760000290004F0B7FE01000498029A805804F0A3
:107610000BFE210005F010FC04003800390004F0D6
:1076200003FE210004F000FE03F034FF00220A4BA9
:1076300004F07CFB009A019B05F044FB03F0E6FE9E
:107640000D990860012007B0F0BC08BC1847000085
:10765000000008400000F0BF000018400000F03FAC
:10766000F0B587B0B0489321C90041180A68002AD4
:1076700001D0AE4879E04968002901D0AC4874E0F7
:10768000F721890041180A68002A01D0A9486CE056
:107690000969002901D1BE4867E0BE490968BE4AB0
:1076A00012888E1A0025002E00D50026FD218900A3
:1076B00047186421380003F0F9FB01A800210022DB
:1076C00000230EC006C0C04C3200210001A803F008
:1076D0006BFC01A9380004F08DFA01A803F0C0FC8E
:1076E000381800210170401C009001A800220023DE
:1076F0000EC006C03200210001A803F055FC01A90C
:10770000009804F077FA01A803F0AAFC0099081881
:1077100000210170401C009001A8002200230EC02F
:1077200006C03200210001A803F03EFC01A9009828
:1077300004F060FA01A803F093FC009908180021F6
:107740000170441C01A8002200230EC006C03200B4
:1077500008A101A803F028FC01A9200004F04AFABE
:1077600001A803F07DFC2554380007B0F0BC08BC2C
:1077700018470000D1CFD0C420256400B24800785B
:10778000002803D0012803D102A0704707A070474A
:107790000DA07047766962726F00766962726F0041
:1077A000766962726F00E2E8E1F0EE0073696C6581
:1077B0006E740073696C656E740073696C656E74C9
:1077C00000F2E8F5EE000000736F756E6400736FF1
:1077D000756E6400736F756E6400E7E2F3EA000093
:1077E0009A480168002904D0C06E002801D1B7482A
:1077F0007047C04600A070477269640072696400F7
:1078000072696400F0E8E40047489321C900411818
:107810000A68002A02D14968002901D00AA07047ED
:10782000F721890040180168002901D00CA0704799
:107830000169002906D0C06F002801D00EA0704752
:1078400013A0704717A07047726573657400726566
:1078500073657400726573657400F1E1F0EEF10018
:10786000736B697000736B697000736B697000EE05
:10787000F2ECE5EDE00000006261636B00626163C1
:107880006B006261636B00EDE0E7E0E40000000084
:1078900073746F700073746F700073746F7000F1A5
:1078A000F2EEEF00626B6700626B6700626B67006D
:1078B000F4EEED0000A070476D656E75006D656EAD
:1078C00075006D656E7500ECE5EDFE0000B581B0EC
:1078D0008FA0FAF717FB012001B008BC18478D48AC
:1078E000704700B581B0F7F797FF00F011FEF7F78A
:1078F0006BFF8948FDF7E3FB012001B008BC184786
:107900008648704700B581B0BD48F8F702FF0120F6
:1079100001B008BC184782480168002902D14068BC
:10792000002800D0B748704768CC0040A82D03005D
:10793000CC2D0300F42D030010B5B34CF7208000CC
:107940002018012100220368002B06D0026041604C
:10795000F6F7EAFBF6F778FC03E001604260F6F721
:10796000D9FB00F0B5F8A948FEF7E4F8F6F7E6FB16
:10797000F6F7BEF9F8F7F2FEF0218900200003F0D7
:1079800095FA00F009FD012010BC08BC1847000062
:10799000A83503009C530040A07500406048016872
:1079A000002904D14068002801D1C0487047002058
:1079B000704700B581B0BE48F8F7ABFE012001B0BA
:1079C00008BC1847BB487047BC35030000B581B000
:1079D0008D489321C900411800220A6001234B60A1
:1079E000F7218900401803604260F6F793FBF8F72F
:1079F000B5FE012001B008BC184785480068002882
:107A000001D000207047C248704700B581B07E4861
:107A10009321C900411801220A6000234B60F7211D
:107A20008900401802604360F6F774FBF8F796FE91
:107A3000012001B008BC184739480068002801D06F
:107A400000207047B348704730E9004054D00040F0
:107A5000F0B581B06C4EF0218900300003F026FAB9
:107A6000F020800030180121C16101620021016015
:107A70004160A94A8260C1600261416100240183C2
:107A8000FE21890541628B21C90075186C6028317F
:107A900071180022002300260027CCC18462C46232
:107AA00004632C602C646C64F1F74EF8BB484168A9
:107AB0000160AC60962080006862AC63EC632C646B
:107AC0006C6401B0F0BC08BC18470000182E03001D
:107AD00030B581B04C489021C900411800220023E4
:107AE000002400253CC1FA21890041180A604A603F
:107AF0008A600A679321C900401802604260F1F76A
:107B000023F8A6484168016001B030BC08BC1847A2
:107B1000000000004C2E030008250300742E030013
:107B200000D1004000B581B0FF204E30F9F7BEF81B
:107B3000FFF7CEFFF8F712FE00F02EFC012001B097
:107B400008BC184710B5F5F75DFE032841DBF6F7D2
:107B50008FFA2D4C92482218D06B002832D1106C2D
:107B600000282FD1F1208000231898688D4904F057
:107B7000C5F804D918688C4904F0C0F801D8012070
:107B800000E00020516B814204D05063002801D1F5
:107B9000012010609869D96900291ED0002811D0F1
:107BA0005868824903F01AFC0CD2F5F72BFE09281D
:107BB00008DBF6F7E1FAF6F7D5FA0020B049C8631A
:107BC00000F0F6F80020F121890061184862F8F70A
:107BD000EFFD012010BC08BC18470028F2D1A848CE
:107BE000006807498842EDD1506B0028EAD1AB48C4
:107BF000006C0028E6D100F00DF80028E2D1E8E79B
:107C000014320300AC2E030068CC004020FD0000BD
:107C100004D1004070B5A24C60682168002917D0DB
:107C2000002815D1F7F7F8FD9E48F7F771FD00F031
:107C30006FFCF7F7C9FD01206060BC48FDF77AFFD3
:107C4000F8F728FFF0F780FF54484168016025E00D
:107C5000002827D09448F5F78EFE00281BD001207D
:107C6000F1F71EFE0125A560A74EA8480088A84987
:107C7000715888420DDBAE48F7F74AFDAD48301821
:107C8000F7F750FD00F018F8256700F091F8002094
:107C900009E0F8F7C3FE206F002803D1F6F7D8F902
:107CA000F6F7F8F9012070BC08BC1847D82E03007D
:107CB000EC3B0300002F030010B584B09E4C7048CD
:107CC000C06A0328684605D1E9F7B0F80200C0464B
:107CD00012A104E0E9F7AAF80200C04611A12000B1
:107CE00003F062F99548BC4989690288891A0180C4
:107CF00001212000FEF7F7FB002803D1FDF732F841
:107D0000002000E0012004B010BC08BC18470000AF
:107D1000382F03006C2F030000004843F1EFE5EA21
:107D20005F257300737065635F25730000B581B0D4
:107D3000AA48016800290DD0C06E00280AD1174852
:107D4000016842688A180260E12189008A4204DDE4
:107D5000016002E0A248F8F7DCFC012001B008BC99
:107D6000184700B581B002F015FF9E480178002940
:107D700003D0012903D1002102E0022100E001210A
:107D80000170FDF7ADFAFDF7B3FA02F00DFFF8F759
:107D900081FE012001B008BC184700009C53004040
:107DA0005C04000001009643015043470100E0409D
:107DB00030B581B0F5F726FD012811DBAF4C9321DA
:107DC000C90061180A68002A02D14968002905D053
:107DD000F6F7B4F901203149C8674CE0072806DA04
:107DE000A748FDF76CF9C820FDF74EFA42E0F720EE
:107DF000800025182868002808D00020286001206D
:107E00006860F6F791F9F6F71FFA21E02869002873
:107E100018D0B848E96F002905D09F218900401883
:107E2000F8F777FC26E08C2189004018F7F770FC02
:107E3000B148F7F777FCFFF73FFF0120E867F8F755
:107E400029FE17E00120286000206860F6F762F93B
:107E5000FFF73EFE3548FDF76DFEF6F76FF9F5F7D3
:107E600047FFF8F77BFCF0218900200003F01EF8A3
:107E700000F092FA012001B030BC08BC18470000A5
:107E800028E8004000B581B09C48F8F77FFF01204A
:107E9000B849086001B008BC18470000C8E60040B7
:107EA00050D00040C82F030034A700400120704785
:107EB00000B581B000F098F8012001B008BC184767
:107EC00010B56E4CFB20800020180168002908D0F6
:107ED000C06E002805D11648F7F71AFC8648F7F758
:107EE00021FCF0218900200002F0E0FF9320C00077
:107EF0002018002101604160012010BC08BC184717
:107F000001209C490860704700000040A0750040B7
:107F10009C530000D5480169002904D10068401E27
:107F20008041C00F704700207047000020FD000016
:107F3000C8310300FC520000E8D000406A860040CF
:107F400070B5AA4E3000E9F716FF1023F022352154
:107F50000020E9F729FE00210020E9F7C3FE0020F8
:107F6000E9F7B4FE01210120E9F7B6FE0020E9F7A8
:107F7000A6FE9F48E9F715FE9E48E9F7B7FEFA20EE
:107F8000E9F750FEBA4C2000E9F7D9FB8025AD0196
:107F90002B00EF2267210020EBF75FFB3000E9F7B1
:107FA000EAFE1023F02269210020E9F7FDFD0021FF
:107FB0000020E9F797FEFA20E9F734FE200034307C
:107FC000E9F7BDFB2B00EF229B210020EBF745FBDF
:107FD00070BC08BC18470000FCE8004054D00040CA
:107FE00030FA020030E9004010B5FFF7A9FF00F0B9
:107FF000BBFA00F011FA2348016C002902D000F00E
:10800000BBF837E0406C002802D000F079F831E08E
:108010001A4998480818426B002A02D000F0ECF880
:1080200028E0F72292008C18216900290BD0B94969
:108030000968002907D0606900281BD000F01CF9EE
:108040000020606116E00168002904D00021016071
:1080500000F0A2F90EE000F061F9AF480068CA49EB
:10806000884207D16068002804D12068002801D127
:1080700000F00AF810BC08BC1847000068CC0040AB
:10808000E8240300C8E6004000B583B01023F022C6
:108090009E210020E9F788FD00210020E9F722FE5B
:1080A0000020E9F713FE01210120E9F715FE002069
:1080B000E9F705FE80204002E9F773FD4D48E9F736
:1080C00015FEB248E9F757FEB148006802F076FDA8
:1080D0000200B0A1684602F067FF0A20E9F7A2FD9E
:1080E000C648E9F72CFB6846E9F782FB03B008BCF9
:1080F00018470000982F0300FC520040043503008D
:1081000000B581B08023F0229E210020E9F74CFDCC
:1081100000210020E9F7E6FD0120E9F7D7FD022163
:108120000220E9F7D9FD0020E9F7C9FD80204002CF
:10813000E9F737FD2F48E9F7D9FDB148807BC00743
:1081400002D5FC20800300E0AE48E9F714FE0120D0
:10815000EAF7FCFCE9F788FDAB48E9F7F0FAE9F744
:10816000D6FDEAF7FFFC0020EAF7F0FC01B008BCFE
:1081700018470000C4D0004000B581B08023F02231
:108180009E210020E9F710FD00210020E9F7AAFD5B
:108190000120E9F79BFD02210220E9F79DFD002067
:1081A000E9F78DFD80204002E9F7FBFC1148E9F773
:1081B0009DFD9348807BC00702D5FC20800300E032
:1081C0009048E9F7D8FD0120EAF7C0FCE9F74CFD3B
:1081D000CE48E9F7B4FAE9F79AFDEAF7C3FC0020C4
:1081E000EAF7B4FC01B008BC1847000000203F00CB
:1081F000020001004C16020000B581B08023F0227D
:108200009E210020E9F7D0FC00210020E9F76AFD5B
:108210000120E9F75BFD02210220E9F75DFD002066
:10822000E9F74DFD80204002E9F7BBFC7748E9F70C
:108230005DFD7348807BC00702D5FC20800300E011
:108240007048E9F798FD0120EAF780FCE9F70CFD9A
:10825000BF48E9F774FAE9F75AFDEAF783FC002012
:10826000EAF774FC01B008BC1847000044D0004095
:10827000583203005C04000030B581B08023F02246
:108280009E210020E9F790FC00210020E9F72AFD5B
:108290000120E9F71BFD02210120E9F71DFD002067
:1082A000E9F70DFD80204002E9F77BFC5748E9F72C
:1082B0001DFDFC208001E9F75EFD0120EAF746FC88
:1082C000E9F7D2FCA34D28009C30E9F738FAA24C1C
:1082D00020000830E9F78CFAA0A0E9F789FAE9F75D
:1082E000C3FCFC208003E9F746FD8C2080002818A1
:1082F000E9F725FA4348E9F73EFD99482018E9F7E0
:1083000077FAEAF72FFC0020EAF720FC01B030BC36
:1083100008BC18479853004028E8004070B582B068
:10832000904C206A002823D18F26760001200090EF
:108330003300EF22AE21EBF71BFD20684100081847
:10834000542801DBAF241CE01A21C943884213DA08
:10835000741EFC25AD0100233200AF21EF20EBF7A6
:108360001AF92B00220081214900EF20EBF713F9C5
:1083700002B070BC08BC1847812149000C1A0028C3
:10838000E7D4FC25AD03E6E728F50200003F200016
:10839000D0E7004025750000F0B581B03222C0461C
:1083A0001BA003C8EAF7A6FEB74CF72080002058B0
:1083B000002819D1002581277F001A26F64320685E
:1083C00041000818542801DBAF2214E0B0420FDA54
:1083D000FF221E32FC239B0139002800EBF7DBF85B
:1083E0006D1C241DF02DEADB01B0F0BC08BC184761
:1083F0003A1A0028EED4FC239B03EDE7DC3203009D
:10840000FCE80040003F3F001C3303004C16020014
:1084100000009F00EF001E0130B599B09B48E9F7BE
:10842000AAFC2023F0227A210020E9F7BDFB0021DD
:108430000020E9F757FC0020E9F748FC0121012062
:10844000E9F74AFC0020E9F73AFC80204002E9F70E
:10845000A8FB8F48E9F74AFC8B49F12080000A18F5
:10846000106855689222D20089180A68002A02D141
:108470008968002902D08749086B8D6BFE21890528
:1084800002F0ACFF01D2A44C0CE0A44902F0A6FF1C
:1084900001D2A34C06E0A34902F0A0FF01D2A24CF6
:1084A00000E0A24C02F0F6FF02000B00210068463B
:1084B00002F07AFDC820E9F7B5FB6846E9F798F9BC
:1084C0009B48E9F713FC0021A020E9F70BFC2800EA
:1084D00002F0E0FF0022974B04F0F4FB05F0F4FCFF
:1084E000020000D10122AB49684602F05DFD6846FA
:1084F000E9F77EF91021A020E9F7F4FBA6A0E9F73F
:1085000077F919B030BC08BC18470000AC33030041
:108510005D49F320800008589222D20089180A6829
:10852000002A02D18968002901D05A48406B70475F
:108530005549F420800008589222D20089180A6810
:10854000002A02D18968002901D05248806B704707
:1085500024340300982F0300000000400D000000A9
:10856000FC52000024D00040F0B599B0494C606C3A
:10857000002802D1206C002806D08848807BC007E4
:1085800002D5FC20800300E04048E9F7F4FB2023FB
:10859000F02246210020E9F707FB00210020E9F73F
:1085A000A1FB0020E9F792FB01210120E9F794FBF0
:1085B0000020E9F784FB80204002E9F7F2FA344812
:1085C000E9F794FBFFF7A4FF0500FFF7B1FF0700F1
:1085D000FE26B605206C00280BD09C4D37006F4856
:1085E000807BC00702D5FC20800300E02748E9F724
:1085F000C2FB2800310002F0F1FE01D2464C0CE033
:10860000464902F0EBFE01D223A406E0454902F000
:10861000E5FE01D222A400E023A402F03BFF020009
:108620000B002100684602F0BFFCFA20E9F7FAFAD5
:108630006846E9F7DDF83E48E9F758FB0021A0203D
:10864000E9F750FB380002F025FF0022394B04F017
:1086500039FB05F039FC002800D101200200C0469A
:1086600013A1684602F0A0FC6846E9F7C1F81021A2
:10867000A020E9F737FBC04610A0E9F760F819B071
:10868000F0BC08BC1847000068CC0040003F3F0029
:108690009C2A0200C8E60040252E32660000000039
:1086A000252E316600000000252E306600000000F7
:1086B000257525250000000000A07047B553762FD2
:1086C0006800B553762F6800B553762F6800B55310
:1086D000762F680000A07047B5537600B55376003A
:1086E000B5537600B553760000B583B02B480189A9
:1086F0009B480160012002909A4801900EA00090D2
:10870000994BFA22D200CA48EBF7DEFD0020C043A5
:1087100003B008BC18470000C43503000000204126
:10872000988601000000C842A0860100A8860100CA
:108730004C1602000000E03F7965617200796561C6
:1087400072007965617200E3EEE4000030B583B039
:108750009E4C002805D19F2080002018F7F7D9FFF4
:1087600014E07F4D9A4805F0AFFA28600B48817AF3
:10877000696001200290B9480190C04608A00090AD
:108780000C2301222000C430EBF79EFD03B030BC67
:1087900008BC1847B086010063707300FCE8004015
:1087A0006D6F6E7468006D6F6E7468006D6F6E74BF
:1087B0006800ECE5F1FFF60010B584B0002803D1A5
:1087C000A748F7F7A6FF3CE0814805F07DFA644929
:1087D0004860A44AD47A8C6002280CD0082801DBB7
:1087E000012300E00023C10F091849104900401A75
:1087F00043401E3319E00A68100000F0ABF9C821AD
:1088000049004843101A0DD05010800F8018801076
:108810008000101A08D1100000F0AAF9192148436D
:10882000101A01D01D2300E01C230120029097485C
:108830000190C04619A00090012221009448EBF756
:1088400043FD04B010BC08BC184700000050C347EB
:1088500030B583B05D4C002805D19F2080002018E2
:10886000F7F757FF15E08B4D594805F02DFA2860B2
:108870007C48017969600120029087480190C046D8
:1088800006A0009006230022A42040002018EBF749
:108890001BFD03B030BC08BC1847000064617900C0
:1088A0006461790064617900E4E5EDFC000000009A
:1088B00070B584B0002803D17848F7F72AFF4AE062
:1088C000274C434805F000FAE06000226068012868
:1088D00018DD431E72499D07AD0F05D00E68921931
:1088E0006D1E091D002DF9D19B080BD00D68521982
:1088F0004D6852198D685219CD6852195B1E10319E
:10890000002BF3D122611100A2688A18032812DB20
:10891000236898070FD1180000F038F96421484304
:10892000181A07D1180000F015F9C821490048436A
:10893000181A00D1521C22614A48017B6161012052
:10894000029058480190C04608A0009017230022CA
:108950005548EBF7B9FC04B070BC08BC18470000E0
:1089600008D100404D870100B80B0000686F757298
:1089700000686F757200686F757200F7E0F10000B3
:1089800030B583B0114C002805D19F2080002018FD
:10899000F7F7BFFE15E0454D0D4805F095F9286045
:1089A0003048417B69600120029041480190C046F7
:1089B00008A000903B230022FC2040002018EBF789
:1089C00083FC03B030BC08BC18470000982F03009C
:1089D00028E600406D696E757465006D696E75748A
:1089E00065006D696E75746500ECE8EDF3F2E0000A
:1089F00000B585B0002812D02E4805F065F90100B9
:108A00002D488161026803924268029202690192D4
:108A1000C2680092836842691E20E8F725FA104870
:108A2000F7F777FE05B008BC1847244870470000E8
:108A30009C34030000B581B02148C16A491C042957
:108A400000DB0021C1620A0021A1C0461DA0F3F78E
:108A5000E5FF002001B008BC18470000B9870100FD
:108A600014320300FCE800401548C06A012807D012
:108A70000AD3032801D005D306E0C04616A07047EC
:108A80001DA0704724A070472AA07047518801009C
:108A90009030030010D10040B1880100143203006F
:108AA0009C2F030081890100603103001CD100402C
:108AB000F189010028E6004008D10040CC340300D1
:108AC00028E800406D6F6465436F6E74726F6C00D0
:108AD000624C616E67000000D0F3F1F1EAE8E90052
:108AE000D0F3F1F1EAE8E900D0F3F1F1EAE8E900C6
:108AF000D0F3F1F1EAE8E900446575747363680046
:108B000044657574736368004465757473636800C5
:108B100044657574736368004672656E63680046E9
:108B200072656E6368004672656E636800467265C2
:108B30006E636800456E676C69736800456E676CAC
:108B400069736800456E676C69736800456E676C91
:108B5000697368007847C0460CC09FE5901CCCE064
:108B6000CC03A0E1A00F80E01EFF2FE11F85EB5199
:108B70007847C0460CC09FE5901CCCE0CC01A0E13A
:108B8000A00F80E01EFF2FE11F85EB517847C04604
:108B90000CC09FE5901CCCE0CC02A0E1A00F80E0CF
:108BA0001EFF2FE11F85EB5100A070475354414237
:108BB000494C0053544142494C0053544142494CA2
:108BC00000D1D2C0C1C8CB00B8480078052801D177
:108BD00001A0704706A070476578697400657869E0
:108BE00074006578697400E2FBF5EEE400000000B3
:108BF00063616E63656C0063616E63656C006361E5
:108C00006E63656C00EEF2ECE5EDE000A7480078DD
:108C1000032803D0062801D000207047C3487047BE
:108C2000A2480178032905D14068002808D0C04631
:108C300004A07047062901D0052901D107A070477B
:108C400000207047737461727400737461727400F1
:108C5000737461727400F1F2E0F0F2007265706595
:108C6000617400726570656174007265706561742D
:108C700000EFEEE2F2EEF0000020704710B58B4CF2
:108C800000206060AA49F62252008A58002A04D0C7
:108C90009F2212018958002901D1072100E00321F8
:108CA0002170A0606062A0616061E061B148EFF78F
:108CB0006BFE02F025FC206210BC08BC184710B502
:108CC0007A4CA068002801D0AB4800E0A948EFF733
:108CD0005BFE02F015FC206210BC08BC184700B512
:108CE00081B0FFF7CBFFF5F789FAF5F7B1F9F5F7A2
:108CF000D1F9FA208000F7F7D9FFF7F72FFD01200F
:108D000001B008BC1847F0B581B09C4EC42080006B
:108D10003018F4F730FE00285BD0644C60680028FF
:108D200009D101206060C32080003058A062F7F7AD
:108D30003FFDF7F7AFFE92483018F4F71CFE00280D
:108D400047D02078002870D0012806D0022800D112
:108D500087E0042800D187E03BE075488949415805
:108D6000E26891422DD38849415A062929DB874977
:108D70004718380080256D002900028852000280C3
:108D8000428852004280828852008280C28852000B
:108D9000C2800830491EF0D1F0F7F0FD398849084B
:108DA0003980798849087980B9884908B980F98873
:108DB0004908F98008376D1EF0D100280ED1062031
:108DC0002070F5F745F9F5F765F9F7F7F1FCF7F7D6
:108DD00061FE012001B0F0BC08BC1847E068FA2130
:108DE00089004018E06000F015FA00281BD1684D9A
:108DF000286868498842E4D3C3208000321810688C
:108E0000002104F0D5FFDAD01160F4F793FF0026BB
:108E10002E60FA20C000E0605F48FCF78BFEF5F79B
:108E2000EDF92670CDE70220CAE7414955480818F8
:108E30000268E3689A42C4D3534A895A0629C0DBC0
:108E40000021E16161622161012121700021016045
:108E5000FA20C000E0605048FCF76CFEF5F7CEF950
:108E6000AFE700F0A7F9ACE7C3208000305800213D
:108E700002F044FFA3D28B21C90502F0AFFA9ED2C3
:108E8000FA20C000E0600025414805604248FCF738
:108E900051FEF5F7B3F9257093E700B581B0D048DE
:108EA000F7F737FC012001B008BC1847D0E80040B4
:108EB00000B581B0F5F7A2F9B3488168491E894130
:108EC000C90F8160FFF7FBFEF7F7E4FDF7F770FCD1
:108ED000012001B008BC184730B581B0AA4C2078F9
:108EE000C01E02D0801E01281BD80025E561FFF7B7
:108EF000E6FE206AF4F764FFFA20C000E060244830
:108F00000560B8480560F4F715FF25702248FCF7A6
:108F100011FEF5F773F9F5F79BF8F5F7BBF8F7F7DE
:108F2000B9FD012001B030BC08BC1847CC350300A6
:108F3000A8530040012070470120704700B581B060
:108F400000F030F8012001B008BC184700B581B02E
:108F50008D480178052909D0032907D041680029E7
:108F600004D0806A9F490860F4F7E4FE012001B054
:108F700008BC1847B605000096020000F8970040AC
:108F80003C0F0000FC310000F8210000F409000053
:108F9000A48500403175000020FD000001207047CD
:108FA00000207047F0B599B01023F0223521002041
:108FB000E8F7FAFD00210020E8F794FE0120E8F729
:108FC00085FE01210120E8F787FE0020E8F777FE03
:108FD0008548E8F7E6FD8548E8F788FE0120E9F7CF
:108FE000B5FDE8F741FE8248E8F7C5FE814C200058
:108FF000E8F7A5FB80A52800E8F7FAFB7F4E3000D4
:10900000E8F7B9FE60480078072863D801A1095C39
:109010008F44C046827C8808828E9CAAFC27BF03AE
:1090200059488068002816D020003830E8F787FBC0
:1090300080204002E8F7B5FD3800E8F79CFEC04606
:1090400052A0E8F77CFB3000E8F795FE2000643082
:10905000E8F775FB13E08C2040002018E8F76FFB61
:1090600080204002E8F79DFD3800E8F784FEB42038
:1090700040002018E8F763FB3000E8F77CFE5A4810
:10908000E8F78FFD2800E8F7B3FBD42040001BE091
:109090009E20800018E0B320800015E0C7208000EB
:1090A00012E0FC208001E8F766FED72080000BE08C
:1090B000FC208003E8F75FFEE220800004E0FC2053
:1090C0008003E8F758FE4E482018E8F738FB2800E0
:1090D000E8F78EFB2C4E3078072848D080204002DD
:1090E000E8F75FFD2800E8F783FB46482018E8F71B
:1090F00026FB4548026845A1684601F055FF6846D1
:10910000E8F776FBA920C0002018E8F718FBC04656
:1091100024A5306A02F0BEF902000B00290068465F
:1091200001F042FF6846E8F763FBB120C000201859
:10913000E8F705FBF06902F0ADF902000B00290029
:10914000684601F031FF6846E8F752FB30482018C6
:10915000E8F7F5FA2348006802F09CF902000B00DA
:1091600012A1684601F020FF6846E8F741FB1E485F
:10917000E8F717FDE9F7F6FC0020E9F7E7FC19B07E
:10918000F0BC08BC18470000D0E8004043733133FE
:109190003700437331333700437331333700437340
:1091A00031333700252E31660D000000252E316643
:1091B0000000000010B5AB4C6069A16902F09EFD93
:1091C00001D8052007E0E069F4F7D8FDF5F732F89B
:1091D000F5F714F80420207010BC08BC18470000F4
:1091E00014320300049B0040010001004C160200F1
:1091F00000203F00FC3503000D000000003F3F0051
:10920000B404000024050000A485004025750D006D
:10921000BC050000F0B587B09248046A200002F057
:1092200039F90022AE4B03F0DBFA03F0ADFA050486
:109230002D14FC208005210002F0F6FF03F0CEFC87
:1092400000040014A749AA008F58002F00D500275A
:109250000397002102916C466580824E71623161F4
:109260007161B1610695059068464160017006988C
:109270000599884206DB0400694602200D5E6846B7
:10928000067807E0002007B0F0BC08BC1847601C57
:109290008880049F641E240424149248A10040582E
:1092A0000490002801D50020049003980499884276
:1092B0000EDA059884420BDB039102940020694684
:1092C0008880300001D1250001266846C580E0E78E
:1092D000002F13D0781A03F0A3FC4900490802F0CC
:1092E00095F80090380002F00BF90100009802F0A8
:1092F000B9FE7D4902F072F800D2049704988742C3
:1093000016DA059884421EDB300005D125000126BF
:109310000298002800D1039069460420085E0028C6
:10932000B5D0B6E7714902F0E9FC73D8481E71E088
:109330000694380069464D800E70049F874207DA14
:109340000020087004E00694684645800670049F7B
:10935000002F03D006980599884288DA69460420D0
:10936000085E002802D10698401C888002980128D7
:1093700000DA7CE70620085E012800DA77E7039828
:1093800002F0BEF8049002F085F804000D00584881
:109390000299890040185749405803F041FC03F0F6
:1093A0001DF902000B002000290002F0BFFC02F0B2
:1093B0002DF8514902F0A2FC00D958E7294E7062FD
:1093C00002980004001402F09BF8F0614B493161EF
:1093D00002F060F804000D0003F000F922002B00F9
:1093E00003F0FEF902000B000020454902F09EFC4C
:1093F00002F00CF83061434902F080FC01D8481EAD
:1094000030614148716A02F02DFE404901F0E6FFEB
:1094100088D208007061049A69460620095E6B468E
:109420000420185E00F020F8F069316A02F01AFE9C
:1094300002F030F802000B000020354903F0CCFAAE
:109440004900490801F0E2FFB061706A316902F039
:1094500055FC04D9F0682F49884200D207E7012063
:1094600011E70000D0E80040F0B581B000260025EB
:10947000814231DB0400684601801D4821048913C4
:109480004018406D02F03CF80700002102F036FC65
:1094900017D22800390003F0CFFC05002004001487
:1094A00002F02EF8390002F0BFFE310003F0C4FCD8
:1094B0000600641C69460020085E210409148842E5
:1094C000DBDA2800002104F073FC05D0300029000D
:1094D00002F0C8FD1049C86101B0F0BC08BC1847D3
:1094E0000000F83F540000400BD7233CA79BC43B2F
:1094F0000000004054200000000060400064164757
:1095000080CCE240010020423108AC3CA69B443BA9
:109510000000F03F31750000D0E8004000B581B098
:1095200001F038FB01F0C8FC01F03EFB01B008BCC3
:10953000184700B501F02EFB006801F035FB08BCB0
:10954000184710B5040001F025FB626A2168E06A43
:1095500001F0B2FC60682063207A34216054E06836
:10956000A0630020E06001F01FFB10BC08BC18479E
:1095700000A07047544300544300544300D1D7C562
:10958000D200000000A070476261636B00626163FB
:109590006B006261636B00EDE0E7E0E40000000057
:1095A00000A07047726964007269640072696400A7
:1095B000F0E8E400A648C068002801D001A0704788
:1095C00005A0704773746F700073746F70007374CC
:1095D0006F7000F1F2EEEF007374617274007374D7
:1095E00061727400737461727400F1F2E0F0F20061
:1095F0000020704796480021016041600121C16050
:109600009449C14A8A5882600020F522920088500D
:10961000704700B581B0FF204E30F7F747FBFFF7EA
:10962000E9FFF4F795FDF7F799F8012001B008BCC0
:109630001847F0B581B0864C606802F09FFFB349CF
:1096400002F010FDB249096802F0EEFD05000021AC
:1096500004F0AEFB27D0206802F090FF290002F052
:1096600089FE01F017FF06000F00280001F012FF2D
:1096700002F0B4FF02000B003000390002F056FB8C
:1096800001F0C4FE002102F039FB0CD2A16802F007
:1096900035FB08D8802080019E490860FA218900A6
:1096A0003220FBF757FD01B0F0BC08BC184710B5DD
:1096B000674CE06800280DD0F4F7DAFCFFF7B9FF3B
:1096C0006268100001F07AFA41000818101A01D1FE
:1096D000F7F76EF8012010BC08BC184700B581B040
:1096E000CD48F7F716F8012001B008BC184700B5BF
:1096F00081B0CA48F7F70DF8012001B008BC18473F
:1097000000B581B05248C168002904D00021C16071
:10971000F7F7C0F905E0F4F71BFDFFF76BFFF7F76C
:109720001DF8012001B008BC184701207047012036
:10973000704700B581B000F015F800F0B0F900F006
:1097400075F900F0E9F800F0EBF900F0A1F801205C
:1097500001B008BC18470120704701207047002065
:109760007047000030B581B0AD48E8F704FB002039
:10977000E8F7ACFA01210120E8F7AEFA0020E8F79B
:109780009EFAA848E8F7B2FAA748E8F70AFA1023C1
:10979000F02235210020E8F707FA00210020E8F741
:1097A000A1FA4620E8F73EFA2BA0E7F7C8FF80258C
:1097B000AD012B00EF2267210020E9F74EFF1023B7
:1097C000F02269210020E8F7EFF900210020E8F7F6
:1097D00089FAFA20E8F726FACF4C2000E7F7AFFF26
:1097E0002B00EF229B210020E9F737FF1023F02206
:1097F0009D210020E8F7D8F900210020E8F772FA4F
:10980000C820E8F70FFA20002830E7F798FF2B0070
:10981000EF22CF210020E9F720FF1023F022D121F1
:109820000020E8F7C1F900210020E8F75BFA3220B8
:10983000E8F7F8F90FA0E7F782FF2B00EF22FF21EE
:10984000091D0020E9F709FF01B030BC08BC18472A
:1098500054E9004068CC004054494D4552005449F9
:109860004D45520054494D455200D2C0C9CCC5D0D7
:10987000000000008120444F5345008120444F5395
:1098800045008120444F5345008120C4CEC7C0000D
:1098900000B585B06248E8F76EFA1023F022862101
:1098A00049000020E8F780F900210020E8F71AFAC3
:1098B0000020E8F70BFA01210120E8F70DFA00205B
:1098C000E8F7FDF980204002E8F76BF95548E8F722
:1098D0000DFAC820E8F7A6F99048E7F730FF0C48E2
:1098E000006801F0D7FD02000B00C046C5A1684624
:1098F00001F05AFB6846E7F77BFFB3A0E7F778FF74
:1099000005B008BC18470000640400000000404097
:10991000149B004098C0FF3FF0B585B0AB48E8F716
:109920002AFA2023F022AE210020E8F73DF9002199
:109930000020E8F7D7F90020E8F7C8F90121012055
:10994000E8F7CAF90020E8F7BAF980204002E8F702
:1099500028F99F48E8F7CAF99E4C6568002D1CD08D
:10996000206802F00BFE01F095FD06000F002800B4
:1099700002F004FE01F08EFD0022974B02F0D6F9B2
:1099800002000B003000390002F0D0F902000B0099
:109990009EA1684601F008FB05E090A069460278A8
:1099A0000A7042784A70C820E8F73CF96846E7F741
:1099B0001FFF1021B420E8F795F91A48E8F796F947
:1099C00081A0E7F715FF0021B420E8F78BF9C82044
:1099D0002168002913D0080003F08EFA02F0FEFD82
:1099E00002000B0000207E4902F0A0F900227D4B0E
:1099F00003F068F904F068FA002800D101200200A1
:109A000084A1684601F0D0FA6846E7F7F1FE05B098
:109A1000F0BC08BC184700001432030030FA020002
:109A200000203F004C1602000200010000B585B086
:109A30006648E8F7A0F92023F0227A210020E8F711
:109A4000B3F800210020E8F74DF90020E8F73EF9CF
:109A500001210120E8F740F90020E8F730F98020E3
:109A60004002E8F79EF85A48E8F740F9594802687A
:109A70005DA1684601F098FAC820E8F7D3F8684677
:109A8000E7F7B6FE1021B420E8F72CF95748E8F7BD
:109A90002DF957A0E7F7ACFE05B008BC184700B594
:109AA00085B04A48E8F767F92023F02246210020D4
:109AB000E8F77AF800210020E8F714F90020E8F729
:109AC00005F901210120E8F707F90020E8F7F7F888
:109AD00080204002E8F765F83D48E8F707F93D487F
:109AE000406801F06BF802003FA1684601F05CFAA3
:109AF000FA20E8F797F86846E7F77AFE1021B420D5
:109B0000E8F7F0F83948E8F7F1F83AA0E7F770FE1F
:109B100005B008BC18470000303C0300A83C030017
:109B200010B586B02948E8F726F92023F022E22173
:109B30000020E8F739F800210020E8F7D3F80020EA
:109B4000E8F7C4F801210120E8F7C6F80020E8F79B
:109B5000B6F880204002E8F724F81D48E8F7C6F878
:109B600025480068FE21890501F038FC02D2C04674
:109B70002AA40CE0214901F031FC01D229A406E01D
:109B80001F4901F02BFC01D220A400E027A401F022
:109B900081FC02000B002100684601F005FA6420F8
:109BA000E8F740F86846E7F723FE1021B420E8F70D
:109BB00099F80E48E8F79AF8FEF78CFDE7F7BFFD35
:109BC00006B010BC08BC184763707300003F3F002C
:109BD0009C2A020054E90040000008402D000000CB
:109BE000000069400000E03F257500004C160200AF
:109BF000636E7400730000003CD000400000204100
:109C00000000C842252E316620000000252E316656
:109C1000000000002575252500000000252E336674
:109C200000000000252E326600000000252E306660
:109C300000000000034800210160416001218160B3
:109C40007047000064E9004070402DE93C40A0E30B
:109C5000C04E84E394559FE5400CD5E5000050E3E9
:109C60001300000A0000A0E3040085E7400CC5E5EE
:109C70000F0000EA402B9FE50010A0E3541C82E592
:109C8000501C82E5E014A0E37C1A81E30000C1E5EA
:109C9000C80B9FE5042090E5011082E2041080E5E6
:109CA00044059FE5002090E5011082E2001080E568
:109CB0008D9BFFEBE004A0E3C00C80E31410D0E523
:109CC000010011E30300001A081090E50C2001E2E6
:109CD0000C0052E34900001A0000D0E5781C95E51D
:109CE000000051E3E2FFFF1A042095E75C1C95E5B4
:109CF000010052E11900002A042095E7000052E318
:109D00000600001A041095E7000051E31500001A40
:109D1000010050E30100000A020050E31100001AA4
:109D2000C4149FE5002091E5013082E2003081E516
:109D3000042095E7011082E2041085E70410C4E3D3
:109D4000013095E70200C3E7040095E7040050E303
:109D50000400003A010085E0CF98FFEB010000EA23
:109D60000300A0E3400CC5E5400CD5E5040050E33A
:109D70000000A00304008507400CC505040095E71A
:109D8000010050E3CAFFFF9A400CD5E5000050E304
:109D90003860A0E3C06E86E3C5FFFF0A041095E7B4
:109DA000010041E2040085E7060095E7042095E7FD
:109DB000011080E2750400EB060095E70010D0E585
:109DC000010051E30000D015020050131E00000AEC
:109DD000041095E7010051E3EFFFFF8AB4FFFFEAAB
:109DE0000120A0E3542C85E51400D0E50E0010E31B
:109DF0000200A013400CC5157040BDE81EFF2FE106
:109E00001410D0E5200011E3F6FFFF0A102084E2D1
:109E1000021095E7503C95E5030051E1EFFFFF2A62
:109E2000C4139FE5043091E501C083E204C081E5DD
:109E3000021095E7013081E2023085E7482C95E574
:109E40000110D2E70010C0E5E6FFFFEA0000A0E342
:109E5000400CC5E5041095E7040051E394FFFF3A78
:109E6000060085E08C98FFEB91FFFFEA70B50400D7
:109E700004250422616820680378022B1BD14378F3
:109E8000512B43D049D3532B09D006D3552B42D065
:109E90000FD3572B44D00CD33FE00C2240E0027A82
:109EA000437A0A2903D31202D2180C3238E0FF2277
:109EB00036E0172234E00378012B2FD143789B1E24
:109EC0003F2B2AD801A6F65CB744C046404040402C
:109ED0004054404444444A4A4E4E445444444E4EF6
:109EE0004E4E4E4E4E4E4E4E4E4E4E4E4E4E4E4E92
:109EF0004E4E4E4E4E4E4E4E4E4E4E4E4E4E4E4E82
:109F00004E4E4E4E4E4E4E4E4E4E5454082207E08C
:109F10008278521D04E0062202E00022022323720E
:109F20008A4208D100F0FEF9002801D1257205E02F
:109F30000120E06002E001D20220207270BC08BC67
:109F40001847000030B581B00100012903DBA44CA3
:109F5000606A884209D2C04614A394225200C046C7
:109F600019A1A048E7F764FB1BE000F013FE0025F1
:109F7000A561E06B002801D0616103E0E06800F0BA
:109F80006BF960610120206125602571A560E068A2
:109F900000789549087095484168491C416000F077
:109FA00003FE01B030BC08BC1847000053656E6466
:109FB0002073657175656E636520697320746F6FBA
:109FC000206C6F6E6700000055534252535F7365FB
:109FD0006E6453657175656E6365000010B5844CE1
:109FE0009A482018FFF7ADFAC72000012058002832
:109FF00006D000F008F80120206000209449086095
:10A0000010BC08BC184730B583B07948C521090198
:10A01000441861690A78012A2AD14B78092B39D072
:10A02000112B25D0022B23D0042B06D18B78002BAB
:10A0300003D1CB781E3B0A2B1AD30025ED430195A3
:10A04000009501A96846F3F7A9FB0098A8422FD014
:10A05000A0698049096881422AD3002828D00220BB
:10A0600061690870A169891E6069F3F719FB1FE037
:10A07000022A0FD04A78092A0CD0112A0AD0022AC3
:10A0800008D0042A14D18A78002A11D1C9781E393F
:10A090000A290DD26D49401800F0A0F92068022865
:10A0A00006D320682169884202D22068FFF74AFF60
:10A0B00003B030BC08BC184770B58F4C60680128ED
:10A0C0001CD98E4DA969814218D3012621680E70D2
:10A0D0006268921E2168286800F0EEFE28684178C8
:10A0E000052907D1C178222904D10079FF2801D19F
:10A0F000B648C6676068801EFFF724FF70BC08BCC6
:10A1000018473B4801684160002101607047012009
:10A110007B49086034488321017300214160052197
:10A12000017003210173704710B431494748081882
:10A130000A0008320260A64A8A18C2628322D2004C
:10A140008A1802618222D200426282620022026484
:10A150000A604A60002104696254491C836A99427A
:10A1600011D204696254491C836A99420BD2046972
:10A170006254491C836A994205D204696254491C9D
:10A18000836A9942E7D30021436A002B1FD00468F9
:10A190006254C46A6254491C436A994217D20468E3
:10A1A0006254C46A6254491C436A99420FD20468DB
:10A1B0006254C46A6254491C436A994207D20468D3
:10A1C0006254C46A6254491C436A9942DFD34260B4
:10A1D0000272C26042618261C26310BC70470000BB
:10A1E000ECC600401C3D030000C000E064E90040F4
:10A1F000B0BA004010B47748016808220A430260F0
:10A200003021C943744802680A4010231343036095
:10A21000C022D2430368134040241C430460036CF3
:10A2200019400164016C0A4002649B4800214160AE
:10A23000984A832313714160052101700321117134
:10A24000C72111600721416010BC7047380C000025
:10A250001CE60040589A0040F1B481B08F4D2B00AD
:10A26000002000293EDD019C0122114211D02078FE
:10A270006B461D80FF235840B54D2D5C6B406D46ED
:10A280006B70B44B185C6B461870684603880120ED
:10A29000641C4D086F4625D021786A4613801A0A3F
:10A2A0005140AB4A565C5E406B465E70A94B595CB0
:10A2B0006E463170617836887E806E463688360A02
:10A2C00071406E463688525C724000AEB61C7270A9
:10A2D000595C6A46917069464B88801C6D1EA41CAF
:10A2E000002DD9D1019A1354401C190A019A115416
:10A2F000401C02B0F0BC70475C9A0040F8C60040B9
:10A3000028C7004030B40200080051789378D47810
:10A310001579C91809194919517103211154401CA3
:10A3200030BC7047F2B481B003005C4D2A00881E37
:10A3300001283BDB1C00C10710D521786A46158037
:10A34000FF225140824D6D5C6A406D466A70814AC1
:10A35000515C6A46117069460A88641C45086F465C
:10A3600024D0207869460A80110A484078490E5C5A
:10A3700056406A465670774A105C6E463070607878
:10A3800036887E806E463688360A70406E4636883D
:10A39000095C714000AEB61C7170105C6946887033
:10A3A000684642886D1EA41C002DDAD10198181849
:10A3B000801E4178007809020843824201D10120C1
:10A3C00000E0002002B0F0BC70470000C8E600408A
:10A3D00028080000C4C01FE000C002E010B504005F
:10A3E000E06A007821690870E06A40782169487065
:10A3F000E06A4078022814D0042816D0092818D022
:10A4000011281AD051281CD052281ED0532820D0F1
:10A41000542822D0552824D0562826D0572828D072
:10A420002AE0200000F082FB26E0200000F0C0FAC5
:10A4300022E0200000F090F81EE0200000F018F963
:10A440001AE0200000F02CF816E0200000F050F98F
:10A4500012E0200000F0B4F90EE0200000F008FA4D
:10A460000AE0200000F039FA06E0200000F053FA7C
:10A4700002E0200000F078FAE06A4078512801D12B
:10A48000002002E0572802D101209849086010BC42
:10A4900008BC184708C000E000C000E0FFFF000053
:10A4A000F0B581B0C16A8A781602CA781643802254
:10A4B000D200964209DB01694A78802313434B702E
:10A4C000022102699170032110E00A791202497990
:10A4D0000A430092202A01D8002A09D101694A784A
:10A4E000802313434B70032103699970816122E03B
:10A4F0000025140007003000EBF734F8010038693C
:10A50000AC4A91421BD02022AB4B490159188423FD
:10A510005B00C9184019001D00F0CEFC2035761CE8
:10A52000641EE8D100984001010A3A6991703A69C5
:10A53000D070001DB86101B0F0BC08BC184741786C
:10A5400080220A4342700420396988700320F1E7B1
:10A55000483D0300483E0300F0B581B0C26A9178DF
:10A5600006290BD1D1780C0211790C4351790B02D9
:10A5700091791943D0231B01994209D301694A7883
:10A58000802313434B70022102699170032114E070
:10A59000D5792D02127A15438022D200954204DC2F
:10A5A000002D02D04E199E4209D901694A788023B4
:10A5B00013434B70032103699970816154E00026B5
:10A5C000002D4DDD0300009100988719380000F040
:10A5D000F5FA41000918791A9F4FBC4207D1904201
:10A5E0002CDA9E4F40003818F8277F0022E0BF1E6B
:10A5F000BC420CD1904221DA984F40003818994F54
:10A60000C05B47003818C70F3818401013E0BF1E52
:10A61000BC4206D1904211DA904F40003818924F58
:10A6200008E07F1EBC4209D1904207DA8B4F400000
:10A6300038188E4FC05B0004000C00E00020002999
:10A6400001D1002005E0012901D1000A01E0022921
:10A6500002D119698919C870761CAE42B4DB1800A2
:10A6600002699570ED1C856101B0F0BC08BC18470B
:10A6700010B412210269917013210269D170002176
:10A6800002691171C94A13681B0E0469637113686A
:10A690001B0C0469A37113681B0A0469E371126837
:10A6A00003691A72042203695A72026991720C22B8
:10A6B0000369DA72026911730B2203695A73026922
:10A6C000917301220369DA732C2203691A740269F7
:10A6D0005174642203699A740269D1744021026939
:10A6E00011751521816110BC7047000024C700401E
:10A6F00070B582B00400E06A81780D02C07805432D
:10A700008026F600B54217DA6D1C2800EBF746FFED
:10A71000002811D02800EBF76FFBE16A0A791306D5
:10A720004A7912041A438B791B021343C9791943DE
:10A7300000910099814209D32069417880220A431F
:10A74000427002202169887003202DE0E16A0A7AB4
:10A750001302497A0B43B34205DC002B03D0009966
:10A76000C918884208D22069417880220A43427081
:10A7700003202269907017E02069021D69462800B5
:10A78000EBF752FB21690B4A904208D148788022AE
:10A7900002434A70042021698870032004E0020A01
:10A7A0008A702269D070001DA06102B070BC08BC24
:10A7B0001847000005400080C4D50040DCAD0040D3
:10A7C00030B581B00400E16A88780002CA7810438D
:10A7D0008022D200904209DB2069417880220A431E
:10A7E0004270022021698870032030E0401C0B7900
:10A7F0001B064D792D041D438B791B022B43C97910
:10A8000019430091E16A0B7A1B024D7A2B43934264
:10A8100001DC002B08D12069417880220A43427074
:10A8200003202269907012E00A000A326946EBF7B1
:10A83000A5FCBD49884209D12069417880220A439C
:10A840004270042021698870032000E00220A0618A
:10A8500001B030BC08BC184733080000A8530040C2
:10A8600070E90040F4090000F4190000F411000040
:10A8700030B585B0040001A8002100220023002586
:10A880002EC0E56A1022A91C01A800F015FC0321C6
:10A89000684600F00BFB032229001231684600F0E5
:10A8A0000BFC0100002201A8EBF750F922690421FA
:10A8B000002808D1507880230343537020698170A9
:10A8C0000320A06105E0401E030A93702269D07046
:10A8D000A16105B030BC08BC184730B581B0040098
:10A8E000E16A88780002C978084302256902884233
:10A8F00009DB2069417880220A4342702069857013
:10A900000320A06103E0401CEBF7C2F8A56101B091
:10A9100030BC08BC184730B585B0040001A8002140
:10A920000022002300252EC0E56A1022A91C01A8E0
:10A9300000F0C2FB0321684600F0B8FA03222900A8
:10A940001231684600F0B8FB010001A8EBF74EF8A1
:10A95000401E010A226991702169C8700420A0611B
:10A9600005B030BC08BC184710B584B0040001A87D
:10A9700085A10CC90CC0684685A10A6802606946B9
:10A9800001A8EBF733F8002808D12069417880222C
:10A990000A43427003202269907002E078490860FF
:10A9A0000220A06104B010BC08BC184758E4004065
:10A9B000F0B581B0C26AD1785479620003699A70A7
:10A9C00003278761220000D1A9E005000806000ED8
:10A9D0001E38092800D98FE001A2125C520097446A
:10A9E0000F0426043D04540473042869427880232C
:10A9F0001343437002202A699070AF61FF2487E0FF
:10AA00006048C068A9690090286940186946C978FB
:10AA10000170694689784170694649788170694654
:10AA20000978C170A869801CA8611F2162E055489F
:10AA30008069A9690090286940186946C978017041
:10AA40006946897841706946497881706946097814
:10AA5000C170A869801CA86121214BE04948006AA7
:10AA6000A9690090286940186946C978017069464B
:10AA70008978417069464978817069460978C17062
:10AA8000A869801CA861232134E03E48C069AE69F2
:10AA900000F000FD37A20CCA01F0A2FE00F0B6FCE7
:10AAA0000090286980196946C978017069468978DB
:10AAB000417069464978817069460978C170A86912
:10AAC000801CA861252115E02E48006AA969009024
:10AAD000286940186946C9780170694689784170CB
:10AAE00069464978817069460978C170A869801CF7
:10AAF000A8612721641E0AE0A86900226B461A801B
:10AB00002A691018002202706A4612784270641E88
:10AB1000A869801CA861491C200600D056E701B036
:10AB2000F0BC08BC184700000540008030B4C26A81
:10AB3000D1785279114B1B68002B00D00823114C9F
:10AB4000A46A641EA441E443E40F24011C43036986
:10AB5000DC700369DC78CC40DC700169CB780F24B1
:10AB60000425AA1AD4401C40CC70856130BC7047C3
:10AB7000000000008DEDB5A0F7C6B03EF8D0004053
:10AB8000E4D90040C8E600406578656375746500E7
:10AB9000737973007847C04600C00FE1C0C08CE3F2
:10ABA0000CF021E11EFF2FE17847C04600C00FE105
:10ABB000C0C0CCE30CF021E11EFF2FE17847C04676
:10ABC00008109FE590118CE0AC00B0E11EFF2FE172
:10ABD000ABAAAAAA10B57D4C6068002806D1C04671
:10ABE00089A3332282A17A48E6F722FD606810BC6F
:10ABF00008BC18478BA070478EA070470020704794
:10AC0000002070470020714948608860C860086172
:10AC1000FC2292030A604861704700B581B0F5F7E5
:10AC20009DFD012001B008BC1847012070470000BD
:10AC300010B5664CE068002807D16548030034333E
:10AC40006422C0467FA1E6F7F3FC2069F5F761FDB9
:10AC50000120E16800F028F90120606110BC08BC07
:10AC60001847000010B5594CE068002807D1584833
:10AC7000030034337022C04677A1E6F7D9FC20697F
:10AC8000F5F747FD0020E16800F00EF90120606152
:10AC900010BC08BC184701207047012070470120F4
:10ACA0007047000010B5494CA068002806D1C04686
:10ACB00075A39C226DA14648E6F7BAFC2068E7F729
:10ACC0005AF8EA23F02235210020E6F76DFF002133
:10ACD0000020E7F707F80120E6F7F8FF012101203F
:10ACE000E6F7FAFF0020E6F7EAFF3A48E6F759FFF1
:10ACF0003948E6F7FBFF0A20E6F794FFA068E6F77D
:10AD00001EFD012010BC08BC18470120704701201F
:10AD1000704700207047000030B581B02B4C0025F3
:10AD2000656120606160A260E3602C48006820617A
:10AD30002B48F5F7EEFC00F004F801B030BC08BC7D
:10AD40001847F0B581B027480090244C264F0025C5
:10AD50001E4E1EE0386900280AD0F7F75FFD214833
:10AD600000681F2802D32148F7F7CCF8E7F786FEE2
:10AD7000F5F70DFE206B002805D0A06B002802D04F
:10AD8000A563F5F714FEF4F709FB002801D000983D
:10AD9000C56070690028DDD001B0F0BC08BC184760
:10ADA00030B581B0094C0025656120606160A2600A
:10ADB000E3600A4801680A48814200D02161F5F742
:10ADC000A8FC01B030BC08BC1847000018E90040DE
:10ADD000483F0300020001004C16020028E8004032
:10ADE000DC3F030010E60040FCE80040A03F030009
:10ADF0005945534E4F4D6F64655F4E616D654F6EA3
:10AE00005570646174650000704D6F64654E616DCE
:10AE100065206D757374206E6F74206265204E55C9
:10AE20004C4C000079657300796573007965730097
:10AE3000E4E000006E6F006E6F006E6F00EDE5F2F3
:10AE4000000000005945534E4F4D6F64655F4F6ED3
:10AE50004C656674000000005945534E4F4D6F64B9
:10AE6000655F4F6E52696768740000005945534E24
:10AE70004F4D6F64655F73686F774D6F64655363A3
:10AE80007265656E00000000704D6F6465517565F8
:10AE90007374696F6E206D757374206E6F742062A9
:10AEA00065204E554C4C0000084700007847C046CE
:10AEB0000020B0E3720300EA7847C046030011E3C4
:10AEC0000400000A012052E20130D1240130C024E4
:10AED000F9FFFF8A1EFF2FE1030010E31200001AA2
:10AEE000102052E20500003A30002DE93810B1E898
:10AEF000102052E23810A0E8FBFFFF2A3000BDE826
:10AF0000823EB0E10810B1280810A0280430914416
:10AF100004308044822FB0E1B220D1200130D144EE
:10AF2000B220C0200130C0441EFF2FE1042052E2B5
:10AF30001000003A010010E30600001A043091E40A
:10AF4000042052E2B230C0E06338A0E1B230C0E089
:10AF5000F9FFFF2A070000EA043091E4042052E2DE
:10AF60000130C0E46334A0E1B230C0E06338A0E156
:10AF70000130C0E4F7FFFF2A04208232012052E2B0
:10AF80000130D1240130C024FBFFFF8A1EFF2FE1D6
:10AF900010402DE90040A0E1420500EB0400A0E1D3
:10AFA0001040BDE81EFF2FE10CB418B583B00400BB
:10AFB00006A8029000200A000090019402AB01A9AB
:10AFC000084878441E3003F0ABFA019A0021117052
:10AFD000002801D40198001B04B0019910BC03B0F3
:10AFE0000847C046434200007847C046003021E091
:10AFF000030013E31100001A002FB0E10500000A5E
:10B000000120D0E40130D1E4010052E303005221D9
:10B01000F8FFFF0A0E0000EA3CC09FE5002090E523
:10B02000003091E5030052E10C3042000230C301D0
:10B030008C0313010420B0050430B105F8FFFF0AAA
:10B040000120D0E40130D1E4010052E30300522199
:10B05000FAFFFF0A030052E01EFF2FE10101010188
:10B060007847C046013080E2001FB0E10300000ACB
:10B070000110D0E4000051E3FAFFFF1A0A0000EAD1
:10B08000002090E528C09FE50C1052E00210D1E1AD
:10B090008C0311E10420B005FAFFFF0A0110D0E48F
:10B0A000000051E30110D014FCFFFF1A030050E030
:10B0B0001EFF2FE1010101017847C04601402DE943
:10B0C000040052E30D00003A030011E31800001AD7
:10B0D0007CE09FE5003091E503C010E20700001A14
:10B0E000042052E2AEC3432003C0CC210C001E2139
:10B0F000043080040430B105F8FFFF0A042092E216
:10B10000020012E10800000A0130D1E4012052E2FD
:10B110000130C0E4030013110130D114FAFFFF1A0B
:10B120000210B0E10020A0E32E0B001B0140BDE89F
:10B130001EFF2FE10130D1E4012052E20130C0E4D2
:10B14000010053E3030011E3F9FFFF8ADFFFFF2A49
:10B15000F2FFFFEA8080808000C09FE51CFF2FE1A6
:10B1600031F2010000C09FE51CFF2FE1DD0002006D
:10B1700000C09FE51CFF2FE1A1F9000000C09FE582
:10B180001CFF2FE135F201000100A0E3F1FFFFEB0E
:10B19000000050E30000000AF1FFFFEB0000A0E117
:10B1A0000000A0E30000A0E1F0FFFFEBF2FFFFEBE7
:10B1B000231000EBFDFFFFEA7847C046802411E230
:10B1C00000106142402032E00700000A04402DE9EF
:10B1D00000006022040000EB8220B0E10010614218
:10B1E000000060220440BDE81EFF2FE1010050E195
:10B1F000020051231800003A0030A0E3200851E17A
:10B200000118A09110308392200451E10114A09103
:10B2100008308392200251E10112A0910430839200
:10B22000200151E10111A09102308392A00051E16F
:10B230008110A09101308392010050E0A110A0E1A3
:10B24000001061E20130D3E24A0000DA010090E030
:10B250000100403020C063E28CF18FE0010011E179
:10B26000FF0F000A010050E10010A0310000A033E0
:10B270000010A0231EFF2FE18000B1E0010040304C
:10B280008000B1E0010040308000B1E001004030BA
:10B290008000B1E0010040308000B1E001004030AA
:10B2A0008000B1E0010040308000B1E0010040309A
:10B2B0008000B1E0010040308000B1E0010040308A
:10B2C0008000B1E0010040308000B1E0010040307A
:10B2D0008000B1E0010040308000B1E0010040306A
:10B2E0008000B1E0010040308000B1E0010040305A
:10B2F0008000B1E0010040308000B1E0010040304A
:10B300008000B1E0010040308000B1E00100403039
:10B310008000B1E0010040308000B1E00100403029
:10B320008000B1E0010040308000B1E00100403019
:10B330008000B1E0010040308000B1E00100403009
:10B340008000B1E0010040308000B1E001004030F9
:10B350008000B1E0010040308000B1E001004030E9
:10B360003013A0E1110320E00000A0E002C0A0E340
:10B370001C0380E11EFF2FE1013093E201009030B9
:10B38000010040300010A0E10300A3E01EFF2FE108
:10B390007847C0460330D0E50220D0E50110D0E563
:10B3A0000000D0E5032482E1010480E1020880E18D
:10B3B0001EFF2FE17847C04600C0A0E1010011E365
:10B3C00001C0C1142CC4A011B0C0C1E12CC8A0E1BF
:10B3D00002C0C115B2C0C1011EFF2FE17847C046AF
:10B3E00040C7A0E380007CE181007C911EFF2F819B
:10B3F00001C080E10C007CE10100002A010050E165
:10B400001EFF2FE1000051111EFF2FE17847C046BB
:10B41000802401E2023051E0E01543E2400951E3AB
:10B42000060000BAFF0651E31400002A812182E1E0
:10B430008011B0E18014D1E2A00EA2E01EFF2FE146
:10B44000413AA0E1093063E2210053E30900002AF8
:10B450008115A0E1A01A81E18005B0E101108113FE
:10B46000800481E320C063E2101CB0E18014D1E2CB
:10B470003003A2E01EFF2FE10200B0E11EFF2FE12A
:10B480000000E0E3200673E1200CA051800B825104
:10B490001EFF2FE17847C046001080E0211CB0E17C
:10B4A000FF0051130400000AC011A0E1800EA0E1CA
:10B4B0007014C1E3E01581E21EFF2FE1010011E1EC
:10B4C0000900001A801400E20004B0E10500000A3F
:10B4D000E01581E2000090E0401941E2FCFFFF5AD4
:10B4E000A01581E0800AA0E11EFF2FE18014B0E1E9
:10B4F000701880038014E0130000B0E31EFF2FE1FA
:10B500007847C046000050E39D10A0E3401F8143F0
:10B51000000070421EFF2F01400B50E30008A031D5
:10B5200010104132400750E30004A03108104132AE
:10B53000400550E30002A03104104132400450E3C2
:10B540000001A03102104132800450E38000A0319C
:10B550000110413200CCB0E12004A0E180C4DCE263
:10B56000810BA0E01EFF2FE100C09FE51CFF2FE133
:10B5700051F4010000C09FE51CFF2FE169F20100BA
:10B5800000C09FE51CFF2FE175F5010078482DE90B
:10B590000350A0E10240A0E18034C1E30020C0E3F9
:10B5A000400953E30800002A00C0A0E300C08DE575
:10B5B000000053E30100001A000052E30C00000AEF
:10B5C0000D20A0E1751000EB090000EAFD60E0E34A
:10B5D00070B4E0E3C06FC6E3FFB6CBE3232A86E096
:10B5E000C035A0E30B1001E0FE3683E300208DE5BB
:10B5F000031081E10420A0E10530A0E1780400EB14
:10B6000000E09DE581C0A0E1ACCAB0E10C308EE065
:10B610000700000A000053E3050000DAFFC0A0E3C2
:10B6200070CE8CE30C0053E1000000BA320000EA57
:10B630002B0000EA370000EA78482DE90350A0E12A
:10B640000240A0E18034C1E30020C0E3400953E39D
:10B650000800002A00C0A0E300C08DE5000053E30D
:10B660000100001A000052E30C00000A0D20A0E1C6
:10B670004A1000EB090000EAFD60E0E370B4E0E38B
:10B68000C06FC6E3FFB6CBE3232A86E0C035A0E354
:10B690000B1001E0FE3683E300208DE5031081E10D
:10B6A0000420A0E10530A0E1A00100EB00E09DE551
:10B6B00081C0A0E1ACCAB0E10C308EE00700000A06
:10B6C000000053E3050000DAFFC0A0E370CE8CE376
:10B6D0000C0053E1000000BA070000EA000000EA95
:10B6E0000C0000EA7448BDE870C4E0E3FFC6CCE398
:10B6F00001C00CE0031A8CE11EFF2FE17448BDE885
:10B700000C3AA0E183C0A0E1800401E2AC1080E12A
:10B710000000A0E31EFF2FE10040C0E38054D1E30E
:10B720000100001A000054E30100000A0E20A0E10D
:10B73000391000EB7448BDE81EFF2FE1F84C2DE9ED
:10B7400000A0A0E101B0A0E10370A0E1000052E37D
:10B750008F00000A8014DBE30100001A000050E3B0
:10B760008B00000A8B30A0E10110A0E3C31A91E026
:10B770000100001A0B06B0E18500000AC015A0E325
:10B780000000A0E3FF1681E3000052E31300005A1B
:10B79000004062E208629FE50F6086E0816F86E20A
:10B7A0000850A0E30020A0E30130A0E1000054E332
:10B7B000000055134100000A010014E30300000AD1
:10B7C000030096E8060400EB0020A0E10130A0E1B0
:10B7D000A440A0E1086086E2015045E2F2FFFFEAE2
:10B7E0005B0000DAB8519FE50F5085E06D5F85E2A0
:10B7F0000860A0E30240A0E1010014E30100000A98
:10B800000C0095E8F60300EBC440A0E1085085E287
:10B81000016046E2000054E3010000DA000056E354
:10B82000F4FFFF1A0020A0E10130A0E10A00A0E12E
:10B830000B10A0E154FFFFEB01B0A0E100A0A0E1DC
:10B840008014DBE30100001A000050E34000000A0E
:10B850008B20A0E10110A0E3C21A91E00100001AC0
:10B860000B06B0E13A00000A000054E3380000DAA9
:10B870000A00A0E10B10A0E1D12F8FE20C0092E8AA
:10B8800041FFFFEB0020C0E38034D1E30100001A48
:10B89000000052E32C00000A81C0A0E10130A0E3C7
:10B8A000CC3A93E00100001A0126B0E12600000A1C
:10B8B000014044E2000054E3EEFFFFCA220000EA28
:10B8C0000A00A0E10B10A0E15AFFFFEB01B0A0E1DC
:10B8D00000A0A0E18014DBE30100001A000050E3A7
:10B8E0001B00000A8B20A0E10110A0E3C21A91E026
:10B8F0000100001A0B06B0E11500000A000054E335
:10B900001300000A0A00A0E10B10A0E1AE2F8FE2A5
:10B910000C0092E81CFFFFEB0020C0E38034D1E371
:10B920000100001A000052E30700000A81C0A0E1F4
:10B930000130A0E3CC3A93E00100001A0126B0E107
:10B940000100000A014054E2EFFFFF1A00A0A0E14D
:10B9500001B0A0E10000CAE38014DBE30100001A9B
:10B96000000050E30500000A8B20A0E10110A0E3D5
:10B97000C21A91E00600001A0B06B0E10400001A9A
:10B980000000A0E1000057E30000971501108013AC
:10B99000001087150A00A0E10B10A0E1F44CBDE8EF
:10B9A0001EFF2FE17C860100F14D2DE90380B0E1FF
:10B9B00014D04DE20000A0130000881514409DE54E
:10B9C0000150A0E102B0A0E114008DE2E5FEFFEB22
:10B9D000C011A0E10800C0E301A001E2010050E3B2
:10B9E0002600001A14109DE50200A0E300008DE57A
:10B9F00004308DE20520A0E10400A0E1DCFEFFEBB5
:10BA00000040B0E10000A0030010A0031700000AEE
:10BA100008009DE5820400EB020054E3130000BA25
:10BA20000C608DE2017044E20020A0E10130A0E151
:10BA30009C119FE50000A0E3690300EB0040A0E13A
:10BA4000040096E40150A0E1750400EB0020A0E1A1
:10BA50000130A0E10400A0E10510A0E1990400EB91
:10BA60000020A0E10130A0E1017057E2EFFFFF1AD2
:10BA700004C09DE50830A0E10B208CE03F0000EA07
:10BA8000020050E33F00001A14109DE500008DE510
:10BA900004308DE20520A0E10400A0E1B7FEFFEB39
:10BAA0000040B0E10000A0030010A0031400000A51
:10BAB00008009DE55A0400EB020054E3100000BAB0
:10BAC0000C608DE2017044E24034A0E30020A0E36A
:10BAD0006C3783E3420300EB0040A0E1040096E4EE
:10BAE0000150A0E14E0400EB0020A0E10130A0E1F4
:10BAF0000400A0E10510A0E1720400EB017057E220
:10BB0000F0FFFF1A04C09DE58130A0E1A3EAB0E197
:10BB10000E308CE01000000A000053E30E0000DA43
:10BB2000FFC0A0E370CE8CE30C0053E1050000BA27
:10BB30000C3AA0E183C0A0E1800401E2AC1080E1F6
:10BB40000000A0E30B0000EA70C4E0E3FFC6CCE312
:10BB500001C00CE0031A8CE1060000EA0020C0E3FB
:10BB60008034D1E30100001A000052E30100000A12
:10BB70000C20A0E1280F00EB0830A0E10B20A0E191
:10BB8000EDFEFFEB090000EA030050E37014A00390
:10BB90000000A003FF1681030400000A040050E324
:10BBA0000000E0038014C0030000A0130010A013E5
:10BBB00018D08DE200005AE3F04DBDE88014211248
:10BBC0001EFF2FE13CBF737FDD4F1575436FAC64E3
:10BBD0002806C80A65CDCD410030A0E30020A0E3CF
:10BBE0000010A0E36FFFFFEA7847C0460020B0E3F3
:10BBF0007C0800EA020000E0521C1378002BFBD105
:10BC00000B781370002B02D0521C491CF8E77047C8
:10BC100010B404E0002C0ED0401C491C521E002A17
:10BC200009D00B7804789C42F4D002D20020C043A3
:10BC300002E0012000E0002010BC704770B50D78D4
:10BC4000002D11D112E0491C0E78964207D0401CFD
:10BC5000290001F069FF002808D0010023005B1CC7
:10BC60001A78002AEFD101E00C00F1E770BC08BCA3
:10BC7000184700007847C046022CB0E1222482E138
:10BC8000222882E100402DE90230A0E102E0A0E19B
:10BC900002C0A0E1101051E20C50A028FCFFFF8A66
:10BCA00081CEB0E10C00A02804208044811FB0E1C7
:10BCB000B220C0200120C0440040BDE81EFF2FE19B
:10BCC0007847C04680C9A0E381007CE183007C9175
:10BCD0001EFF2F8103C081E18CC090E10CC092E176
:10BCE0000200002A010053E1000052011EFF2FE173
:10BCF00003005111020050011EFF2FE17847C0469A
:10BD000040C7A0E380007CE181007C911EFF2F8171
:10BD100001C080E10C007CE10100002A000051E13B
:10BD20001EFF2FE1010050111EFF2FE17847C04692
:10BD300070402DE9036021E0806406E2FF40A0E34B
:10BD4000704E84E321CA14E0235A141004003C11FD
:10BD500004003511A600000A05C04CE001C04CE209
:10BD6000C0E4E0E301450EE0204B84E10005A0E1E2
:10BD700003350EE0223B83E10225B0E10210A0E38F
:10BD80001F00000A02E050E00340D4E0403483E3A7
:10BD90000400002A01C04CE28EE0B0E10440A4E0BF
:10BDA00002E09EE00340B4E08EE0B0E10440A4E095
:10BDB00002005EE10350D4E002E04E200540A021E5
:10BDC0000110B1E0F7FFFF3A800EA0E38EE0B0E192
:10BDD0000440A4E002005EE10350D4E002E04E2003
:10BDE0000540A0210000B0E0F7FFFF3A8EE0B0E18F
:10BDF0000440A4E002E05EE00350D4E00E001E0127
:10BE0000300000EA034054E0403483E30200002A9B
:10BE100001C04CE28000B0E18440A3E0003063E266
:10BE2000000010E11100000A401E81E3000090E0D4
:10BE30008440B3E0034044300110A1E0000090E0F2
:10BE40008440B3E0034044300110A1E0000090E0E2
:10BE50008440B3E0034044300110A1E0000090E0D2
:10BE60008440B3E0034044300110B1E0F2FFFF3AF8
:10BE7000844093E0034044300110A1E0844093E00B
:10BE8000034044300110A1E0844093E0034044307B
:10BE90000110B1E0F8FFFF3A800EA0E3844093E088
:10BEA000034044300000A0E0844093E0034044306D
:10BEB0000000A0E0844093E0034044300000B0E084
:10BEC000F5FFFF3A844093E08044A0230040A03374
:10BED00040448413810A80E1A115A0E140CE9CE298
:10BEE0000C0000DA040074E10000B0E20C1AB1E0CA
:10BEF000400971E3061081E10100004A7040BDE88D
:10BF00001EFF2FE1FF1686E3701481E30000A0E31B
:10BF10007040BDE81EFF2FE1401981E301C07CE2C3
:10BF200020505CE2080000AA20506CE2040014E1FA
:10BF3000A440A0E101408413104594E1300CA0E13D
:10BF4000110580E1311CA0E1080000EA34005CE347
:10BF50000B0000CA20C065E2804094E13045A0E1BA
:10BF6000014084133105A0E1114C94E10010A0E3DD
:10BF70008044D4E20000B0E20610B1E07040BDE8B9
:10BF80001EFF2FE10000A0E30610A0E17040BDE815
:10BF90001EFF2FE10C001CE10700001A050015E14F
:10BFA0000C00001A01C04CE28000B0E10110A1E0D9
:10BFB000400911E3FAFFFF0A01C08CE201C08CE2E4
:10BFC0008220B0E10330A3E0400913E3FAFFFF0A47
:10BFD00002C04CE261FFFFEA015085E28000B0E15F
:10BFE0000110A1E0400911E3FAFFFF0A00C065E279
:10BFF0005AFFFFEA235A04E004003CE10400351133
:10C000000B00000A81E090E183E09211E0FFFF1A4B
:10C0100081E090E10000A0E30610A0E1041A811184
:10C020007040BDE81EFF2F1183C092E10010E003B5
:10C030001EFF2FE180E9A0E30000A0E381007EE184
:10C0400083007E9181007E010010E0230200002A1F
:10C0500083007EE10610A001041A86117040BDE83D
:10C060001EFF2FE17847C046FF30A0E3A0CB13E0CE
:10C07000A12B131003003C11030032112D00000A04
:10C0800002C04CE08024A0E3013020E0023003E055
:10C09000011482E1000482E12021A0E12111A0E14C
:10C0A000400FA0E3012052E001C04C3282208130D9
:10C0B000822071E0022081300000A0E0822071E047
:10C0C000022081300000A0E0822071E00220813057
:10C0D0000000A0E0822071E0022081300000B0E08A
:10C0E000F2FFFF3A7FC09CE2070000DAA000B0E157
:10C0F0008C0BB0E080087053030080E11EFF2F51CD
:10C10000FF00A043800B83411EFF2FE102C07CE2B1
:10C11000400780E319005CE3040000CA20106CE2D1
:10C12000102192E18014D2E2300CA3E01EFF2FE137
:10C130000300A0E11EFF2FE14027A0E3800072E191
:10C14000810072310B00003A800072E10400003A75
:10C15000810072E10000E023800411E380042042AA
:10C160001EFF2FE1810072E10000E01301002000BA
:10C17000800400021EFF2FE180C0B0E181C0B01139
:10C180000700001A80C0B0E1010020E0800400E256
:10C19000830B80111EFF2F1181C0B0E10000E0036E
:10C1A0001EFF2FE1A0CB13E01500001AA1CB13E076
:10C1B000013020E0803403E20900001A0004A0E10D
:10C1C00000C0A0E38000B0E101C04C52FCFFFF5A68
:10C1D0000114A0E18110B0E101C08C52FCFFFF5AB4
:10C1E000ACFFFFEA00C06CE20004A0E18000B0E117
:10C1F00001C04C52FCFFFF5A0114A0E1801481E3FE
:10C20000A4FFFFEA013020E0803403E20114A0E142
:10C210008110B0E101C08C52FCFFFF5A0004A0E184
:10C22000800480E39BFFFFEA7847C046FF20A0E33D
:10C23000A0CB12E0A13B121002003C11020033110E
:10C240001500000A012020E003C08CE08034A0E348
:10C25000011483E1000483E1913080E0802402E254
:10C26000001090E0000080307FC0DCE2350000BAB2
:10C27000A330A0E1003C93E12004A0E18014D3E2CC
:10C280008C0BB0E080087053000082E11EFF2F513C
:10C29000FF00A043800B82411EFF2FE1A13B02E083
:10C2A00002003CE1020033111A00000A8020B0E1D4
:10C2B0008120B0110200001A010020E0800400E299
:10C2C0001EFF2FE1012020E0802402E20C001CE18F
:10C2D0000900001A030013E12300000A03C0A0E1D3
:10C2E0000004B0E18000B0E101C04C52FCFFFF5AF5
:10C2F0000114A0E1801481E3D6FFFFEA0114B0E14C
:10C300008110B0E101C04C52FCFFFF5A0004A0E1D3
:10C31000800480E3CFFFFFEA8030B0E18130B011CC
:10C320000000E0034037A0E3810073E10100A08139
:10C33000800073911EFF2F81010020E0800400E245
:10C34000820B80E11EFF2FE108C07CE220005CE34D
:10C35000050000CA20106CE2A330B0E1103193E177
:10C360008014D3E2300CA2E01EFF2FE10200A0E116
:10C370001EFF2FE17847C046010030E180142142C2
:10C38000B002004A000051E180C420828004218272
:10C390000C10A0814037A0E3800073E1810053318D
:10C3A0002B00002AA0CBA0E1A13BDCE00800003A72
:10C3B0008024A0E3011482E11800008A800471E067
:10C3C0000600003AA004B0E1A010B0218C0BA0E060
:10C3D0001EFF2FE1010050E01EFF2F018004B0E19D
:10C3E0000120A0E30120825200009050FCFFFF5A80
:10C3F000000080E0A004A0E16C34A0E1023C53E026
:10C40000E30080801EFF2F81800880E343CCA0E101
:10C41000833FA0E101C06CE2300C83E11EFF2FE1FD
:10C42000180053E31EFF2FC13123A0E1121371E066
:10C4300001208233800472E00000803000C0CCE232
:10C44000802BB0E1A004A0E18014D2E28C0BA0E02C
:10C450001EFF2FE1800073E10E00002A8120B0E171
:10C460000900000AA0CBA0E1A13B4CE0020053E38D
:10C47000040000BA8114A0E18024A0E3170053E374
:10C48000E8FFFFDA1EFF2FE1A20040E0000070E1AC
:10C490000000A0031EFF2FE1810073E10000E023F4
:10C4A0001EFF2FE17847C046000051E10130823085
:10C4B0000300503180FAFF2A020080E0030013E3FA
:10C4C0000400000A012052E20110732501106025CA
:10C4D000F9FFFF8A1EFF2FE1030010E31200001A8C
:10C4E000102052E20500003A30002DE9321033E905
:10C4F000102052E2321020E9FBFFFF2A3000BDE895
:10C50000102082E2042052E204103325041020257A
:10C51000FBFFFF8A04208232012052E201107325C2
:10C5200001106025FBFFFF8A1EFF2FE1042052E26D
:10C53000F7FFFF3A010010E30600001A041033E58C
:10C54000042052E2B41060E16118A0E1B210C0E131
:10C55000F9FFFF2AEEFFFFEA041033E5042052E260
:10C56000041060E56114A0E1B110C0E16118A0E120
:10C570000310C0E5F7FFFF2AE5FFFFEA7847C04652
:10C58000000050E31EFF2F019D10A0E3400B50E37D
:10C590000008A03110104132400750E30004A031E0
:10C5A00008104132400550E30002A031041041322E
:10C5B000400450E30001A03102104132800450E3F6
:10C5C0008000A0310110413200CCB0E12004A0E194
:10C5D00080C4DCE2810BA0E01EFF2FE17847C0465B
:10C5E000FF30A0E3703E83E321CAB0E103207C105A
:10C5F0004400009A10402DE90C1AC1E1401981E372
:10C60000FDC08CE2C0CF8CE2ACC0B0E10100003ACA
:10C61000000090E00110B1E00111A0E1201F81E1D4
:10C620000001A0E1C049A0E30030A0E38024A0E322
:10C6300040E9A0E3901851E20700004AAEE0B0E103
:10C640001D00002A041051E00E4094E0000090E02C
:10C650000110B1E00E1051E0F7FFFF5AAEE0B0E17B
:10C660000A00002A041091E00E4054E0000090E01F
:10C670000110B1E00E1051E0EFFFFF5AAEE0B0E163
:10C68000F7FFFF3A010000EAA220B0E11700000A1C
:10C69000030090E00410B1E0023053E00E40D4E01B
:10C6A000000090E00110B1E0020050E00E10D1E077
:10C6B000F4FFFF4AA220B0E10A00000A030050E0A4
:10C6C0000410D1E0023093E00E40B4E0000090E0AE
:10C6D0000110B1E0020050E00E10D1E0E9FFFF4A86
:10C6E000A220B0E1F4FFFF1A013093E20E40B4E063
:10C6F0000CCAA0E1A300B0E1840F90E1A4108CE08B
:10C700001040BDE81EFF2FE1812090E10800002AC3
:10C7100003003C111EFF2F0110402DE9000090E0A6
:10C720000110B1E0400911E301C04C02FAFFFF0A19
:10C73000B2FFFFEA400971E31EFF2F8181C090E143
:10C740008014E0130000A0E11EFF2FE17847C046EF
:10C7500080C9A0E381007CE183007C911EFF2F81D2
:10C7600001C083E18CC090E10CC092E10200002A7C
:10C77000030051E1020050011EFF2FE1010053119F
:10C78000000052011EFF2FE17847C04681C0A0E1A2
:10C79000ACCAA0E1FEC04CE2C0CF5CE20D0000DA02
:10C7A00020C07CE2C12FA0E1050000DA8115A0E1E4
:10C7B000A01A81E1800481E3300C82E0020020E0D5
:10C7C0001EFF2FE1E1008CE2C00F90E20220E01199
:10C7D000800422121EFF2FE10000A0E31EFF2FE1C4
:10C7E0007847C04670402DE9FF40A0E3704E84E3D7
:10C7F000036021E0806406E221CA14E0235A141089
:10C8000004003C11040035112400000A05C08CE02E
:10C81000843AC3E1403983E38115A0E1801481E3C8
:10C82000A05A81E180E5A0E10210A0E19E0282E031
:10C83000000050E30000A0E39521A0E00010A0E379
:10C84000932EA1E001208213010090E00010A0E3EC
:10C850000110A1E09305A1E040CE4CE20156B0E109
:10C860000200002A8220B0E10000B0E00110B1E037
:10C8700001C0BCE23D0000DAA050B0E18024D2E269
:10C880000000B0E20C1AB1E0401941E2061081E16B
:10C89000041A86410000A0437040BDE81EFF2FE14E
:10C8A000235A04E004003CE1040035112300000A8F
:10C8B00081E090E183E092110300001A0610A0E1EC
:10C8C0000000A0E37040BDE81EFF2FE10C001CE15A
:10C8D00005C08CE01200001A050015E1F6FFFF0A02
:10C8E0000116B0E10010A0010000A00314504502A1
:10C8F000201A91E10006A0E105C0A0E10300004A72
:10C9000001C04CE28000B0E10110B1E0FBFFFF5A32
:10C9100000E0A0E10150A0E1843AC3E1403983E3A3
:10C92000C0FFFFEA01C04CE28220B0E10330A3E087
:10C93000400913E3FAFFFF0A01C08CE2B5FFFFEAEA
:10C9400081E090E183E092110010E0038059A0E3C0
:10C95000830075E10310A08181007591D8FFFF8AE3
:10C96000041A86E10000A0E37040BDE81EFF2FE13D
:10C9700001C07CE220505CE2080000AA20506CE27A
:10C98000020012E1A220A0E101208213102592E111
:10C99000300CA0E1110580E1311CA0E1080000EAA3
:10C9A00035005CE3C4FFFFCA20C065E2802092E14D
:10C9B0003025A0E1012082133105A0E1112C92E184
:10C9C0000010A0E38024D2E20000B0E20610B1E043
:10C9D0007040BDE81EFF2FE17847C04610402DE9AA
:10C9E00003C031E080342342BA00004A024050E0E4
:10C9F00003E0D1E00400002A80E42EE2040050E0CD
:10CA00000E10D1E0042092E00E30B3E080C9A0E324
:10CA100081007CE18340DC308044A0E35600002AA2
:10CA200021CAA0E123EA4CE036005EE3500000CAD0
:10CA300001005EE3290000CA0CCAA0E1833584E14D
:10CA4000A23A83E18225A0110225A001A330A00112
:10CA5000811584E1A01A81E1800572E00310D1E024
:10CA60001600004A0010A0010000A00300E0A0137F
:10CA700020E0A003010011013D00000A0300004A6C
:10CA800001E08EE2000090E00110B1E0FBFFFF5AF0
:10CA9000ECCFA0E18ECA5CE001E0DCE3ECC0A0E1F9
:10CAA0000600008A80E97EE2AEEAA0E180C40CE2E2
:10CAB000300EA0E1710E20E0311EA0E1010020E067
:10CAC000A005B0E1810A80E18014C1E3A040B0215B
:10CAD0000000B0E2A115ACE01040BDE81EFF2FE160
:10CAE000833584E1A335A0E1811584E1A115A0E19E
:10CAF00020005EE3080000DA20E05EE20220B011D0
:10CB0000734EA0E1334E24E001408413004074E2F0
:10CB1000330ED0E00010C1E2080000EA724EA0E13E
:10CB2000322EA0E1024024E0732E22E0333EA0E149
:10CB3000032022E0004074E20200D0E00310C1E0D4
:10CB4000400911E30500001A01C04CE28C2AB0E153
:10CB50000200000A8440B0E10000B0E00110A1E052
:10CB60004019C1E3A030B0E18034D4E20000B0E26B
:10CB70000C1AA1E01040BDE81EFF2FE181007CE10E
:10CB80001100002A8034C3E383E092E10A00000A26
:10CB90008CC0A0E181005CE10500008A21CAA0E10F
:10CBA00001E04CE234005EE3CEFFFFDA1040BDE866
:10CBB0001EFF2FE1020050E00310D1E081E090E180
:10CBC0000010A0031040BDE81EFF2FE183007C0190
:10CBD0000010E0231040BDE81EFF2FE17847C0465B
:10CBE0008010A0E1211CA0E17E1051E220C071C2A2
:10CBF000C02FA0E1040000DA0004A0E1800480E37B
:10CC0000300C82E0020020E01EFF2FE1000051E323
:10CC10000000A0D30200E0C1800420C21EFF2FE16B
:10CC20007847C0460010B0E11EFF2F0100006042AF
:10CC3000C214A0434214A053400B50E30008A0319B
:10CC400040174132400750E30004A03180184132C0
:10CC5000400550E30002A03140184132400450E347
:10CC60000001A03180194132800450E38000A031DE
:10CC700040194132C01941E2A01581E0800AA0E1CB
:10CC80001EFF2FE17847C0460730D0E50620D0E5EB
:10CC900005C0D0E50410D0E5032482E10330D0E5DF
:10CCA0000C1481E101C0D0E5021881E10220D0E539
:10CCB0000000D0E5032482E10C0480E1020880E159
:10CCC0001EFF2FE17847C04610402DE903C031E038
:10CCD0008034234244FFFF4A024050E003E0D1E0A9
:10CCE0000300002A040050E00E10D1E0042092E07E
:10CCF0000E30B3E080C9A0E381007CE18340DC30EA
:10CD00008044A0E32B00002A21CAA0E123EA4CE0E2
:10CD100035005EE3370000CA833584E1A335A0E126
:10CD2000811584E1C115A0E120005EE3080000DA6E
:10CD300020E05EE20220B011734EA0E1334E24E009
:10CD400001408413330E90E00010B1E20800002A85
:10CD50000B0000EA724EA0E1322EA0E1024024E076
:10CD6000732E22E0332E22E0020090E0331EB1E069
:10CD70000300003AA110B0E16000B0E16440B0E10E
:10CD800001408423401981E2A020B0E18024D4E254
:10CD90000000B0E20C1AA1E01040BDE880C9A0E399
:10CDA00081007CE11EFF2F310000A0E3211AA0E1E9
:10CDB000011AA0E11EFF2FE181007CE10D00002A95
:10CDC00083E092E10B00000A81005CE10600008A2A
:10CDD00021CAA0E10430C3E101E04CE234005EE38B
:10CDE000CEFFFFDA1040BDE81EFF2FE18034C3E321
:10CDF000020090E00310B1E01040BDE81EFF2FE1FB
:10CE00007847C046000010E18010A0E1211CA0E19D
:10CE10007F1051520500004A1F1071E20004A0511A
:10CE2000800480533001A0510000E0431EFF2FE139
:10CE30000000A0E31EFF2FE17847C046010030E16B
:10CE4000801421424EFDFF4A01C050E00C004030EA
:10CE50000C108130FF20A0E3A0CB02E0A13B12E048
:10CE600002003C118024A0E31300000A03C04CE040
:10CE700018005CE31EFF2FC1011482E1A03BA0E17A
:10CE8000000482E1310C90E00200C031A000822158
:10CE900019C06CE2521CC1E1001C91E12004A0E128
:10CEA00002C0D1E0830BA0E04037A0E3800073E133
:10CEB0001EFF2F31420400E01EFF2FE1FF005CE364
:10CEC0001EFF2F018114B0E10C001C11A104800091
:10CED0001EFF2F01170053E3E7FFFFDA1EFF2FE1CC
:10CEE0007847C04690030CE091C22CE0920081E0AC
:10CEF0000C1081E01EFF2FE17847C0460010B0E122
:10CF00001EFF2F014214A0E3400B50E30008A031A4
:10CF100040174132400750E30004A03180184132ED
:10CF2000400550E30002A03140184132400450E374
:10CF30000001A03180194132800450E38000A0310B
:10CF400040194132C01941E2A01581E0800AA0E1F8
:10CF50001EFF2FE1F04D2DE930D04DE20150A0E150
:10CF600050109DE50260A0E10040A0E1000051E307
:10CF700050209D150000A0130370A0E10000821551
:10CF800000A0C6E380B4D7E30100001A00005AE312
:10CF90000F00000AC015A0E30000A0E3FF1681E324
:10CFA0000420A0E10530A0E1AB0300EB0800000A7B
:10CFB000801481E3A80300EB0800001A8710A0E1A9
:10CFC0000120A0E3C12A92E00400001A0706B0E1A4
:10CFD0000200001A0000A0E3C015A0E3D70000EA99
:10CFE0008500A0E10110A0E3C01A91E00800000A4A
:10CFF0000020C4E38034D5E30100001A000052E3AE
:10D000000300000A8700A0E10110A0E3C01A91E02C
:10D01000CE00001A8520A0E10110A0E3C21A91E021
:10D020000300001A0506B0E10400A0110510A011CC
:10D03000A002001A8710A0E10120A0E3C12A92E01B
:10D040000300001A0706B0E10600A0110710A011A6
:10D050009802001A01C0A0E38700A0E1C01A9CE07A
:10D060006C00000A0600A0E10710A0E10130A0E179
:10D07000002090E00330B3E00300001A000052E308
:10D080000D00A001C00080081700000A33E0A0E3F3
:10D0900040EE8EE3A32A4EE0350052E3050000BACD
:10D0A0008034A0E30000A0E3031001E00DE0A0E164
:10D0B00003008EE80C0000EA200052E3202042C268
:10D0C0003102A0C11012A0C1000000CA0100001A64
:10D0D0000000A0E3020000EA000052E33002A0C119
:10D0E0001002A0C10D20A0E1030082E80730A0E1FA
:10D0F0000620A0E1000053E3060000AA0000A0E320
:10D100008014A0E3020050E00310C1E008E08DE2CB
:10D1100003008EE8010000EA08A08DE20C008AE816
:10D1200003009DE8000051E3030000AA0020A0E3F3
:10D130008034A0E3000052E00110C3E008E08DE27B
:10D14000000C9EE801005BE10100001A00005AE1BA
:10D150000000000A00C0A0E30C009DE80310A0E15D
:10D16000020092E00110B1E00200001A000050E35A
:10D170000C009D081200000A34E0A0E340EE8EE3AC
:10D18000A10A4EE0350050E38014A0A30020A0A324
:10D19000013003A00A0000AA200050E3200040C292
:10D1A0003310A0C11130A0C1000000CA0100001A54
:10D1B0000020A0E3020000EA000050E33210A0C10A
:10D1C0001120A0C100005CE31200000A03009DE8EA
:10D1D000000051E3030000AA00A0A0E380B4A0E394
:10D1E00000005AE00110CBE0000053E3030000AA66
:10D1F00000A0A0E380B4A0E302205AE00330CBE01B
:10D20000030051E10200001A020050E100C0A00337
:10D210000000000A01C0A0E38510A0E10120A0E306
:10D22000C12A92E00700001A0506B0E10500001AC5
:10D23000A54FB0E11600001AA76FB0E10000A0E30F
:10D240003D00000A340000EA8710A0E10120A0E3BD
:10D25000C12A92E01600001A0706B0E11400001A75
:10D260008014C5E30000C4E3400951E31C00002A18
:10D2700000208DE5000051E30100001A000050E39A
:10D280001B00000A0D20A0E10510A0E1430900EBFE
:10D29000170000EAA76FB0E10100001A00005CE38C
:10D2A000220000EA00005CE30000A0E31A00000A8C
:10D2B000070000EA00005CE30040A003A54FA011B6
:10D2C000A76FB0E11800001A000054E30000A0E3CB
:10D2D0001100000A30D08DE2F04DBDE88014A0E3CB
:10D2E0001EFF2FE1FD20E0E3C02FC2E3210A82E010
:10D2F00000008DE500109DE5A76FB0E10300001A66
:10D30000000051E30000A0E30B0000CA020000EAA5
:10D31000000051E30000A0E3070000DA30D08DE206
:10D32000F04DBDE80010A0E31EFF2FE1000054E324
:10D330000000A0E3F014A0130000001A7014A0E392
:10D3400030D08DE2F04DBDE8FF1681E31EFF2FE1E6
:10D3500007B0A0E10B10A0E10A009AE00110B1E0D3
:10D360000100001A000050E31200000A3320A0E37D
:10D37000402E82E3A10A42E0350050E38034A0A3AE
:10D3800000A0A0A303B00BA00A0000AA200050E355
:10D39000200040C23B10A0C111B0A0C1000000CAD3
:10D3A0000100001A00A0A0E3020000EA000050E320
:10D3B0003A20A0C112A0A0C1A50FB0E11F00000A31
:10D3C0000710A0E10600A0E1000051E3060000AA5A
:10D3D0000020A0E38034A0E3000052E00110C3E08D
:10D3E0000DC0A0E103008CE8010000EA0DE0A0E11F
:10D3F00003008EE80B10A0E10A00A0E1000051E359
:10D40000030000AA0020A0E38034A0E3000052E063
:10D410000110C3E00C009DE8010053E10100001A77
:10D42000000052E10500000A0000A0E130D08DE2CA
:10D43000F04DBDE80000E0E38014C0E31EFF2FE1E3
:10D440008034C5E30020C4E3400953E30C00002A04
:10D450000000A0E300008DE5000053E30100001A86
:10D46000000052E31000000A0D20A0E10400A0E13A
:10D470000510A0E1C90800EB0040A0E10150A0E1C7
:10D48000090000EAFD00E0E37014E0E3C00FC0E330
:10D49000FF16C1E3230A80E0C035A0E3015005E098
:10D4A000FE3683E300008DE5035085E1A50FB0E172
:10D4B0000020A0032E00000A0A00A0E10B10A0E14A
:10D4C0000130A0E1002090E08054C5E30330B3E0D8
:10D4D0000100001A000052E31200000A34C0A0E369
:10D4E00040CE8CE3A32A4CE0350052E38034A0A365
:10D4F0000000A0A3031001A00A0000AA200052E32C
:10D50000202042C23102A0C11012A0C1000000CAF6
:10D510000100001A0000A0E3020000EA000052E34C
:10D520003002A0C11002A0C100005BE3030000AA0A
:10D530000020A0E38034A0E30AA052E00BB0C3E0D7
:10D54000000051E3030000AA0020A0E38034A0E320
:10D55000000052E00110C3E001005BE10300001A8B
:10D5600000005AE10000A00308008D050100000A38
:10D570000120A0E308208DE500209DE5010052E395
:10D580002C00001AAE2F8FE20C0092E80400A0E1FC
:10D590000510A0E16DFCFFEB2600002AC015A0E3FA
:10D5A0000000A0E3FF1681E310208DE2030082E873
:10D5B0008530A0E1A32AB0E10080A0E3011082E25F
:10D5C0001000000A000051E30E0000DAFF20A0E383
:10D5D000702E82E3020051E1050000BA021AA0E1B8
:10D5E0008120A0E1800405E2A25080E10040A0E398
:10D5F0002F0000EA7024E0E3FF26C2E3052002E0EA
:10D60000015A82E12A0000EA00A0C4E380B4D5E315
:10D610000100001A00005AE32500000A0120A0E3DF
:10D620000400A0E10510A0E17B0800EB0040A0E1B0
:10D630000150A0E11E0000EA4014A0E30000A0E3B6
:10D64000501881E30420A0E10530A0E164FCFFEB69
:10D650000130A0E10020A0E1C015A0E30000A0E39C
:10D66000FE1681E397FDFFEB47FCFFEB208040E2D5
:10D670000800A0E16AFDFFEB0130A0E10020A0E17D
:10D68000C015A0E30000A0E3F91681E354FCFFEB12
:10D690000130A0E10020A0E1C015A0E30000A0E35C
:10D6A000FE1681E387FDFFEB10208DE2030082E888
:10D6B0008882A0E110C08DE20C009CE80400A0E18B
:10D6C0000510A0E1C4FCFFEB10E08DE20C009EE829
:10D6D00000A0A0E101B0A0E10400A0E10510A0E1DC
:10D6E00078FDFFEB0020A0E10130A0E10A00A0E1FD
:10D6F0000B10A0E18DF9FFEB18C08DE203008CE860
:10D7000018E08DE20C009EE835FCFFEB20C08DE2B6
:10D710000040A0E1000C8CE80150A0E1E80F8FE28E
:10D72000030090E80420A0E10530A0E12CFCFFEB11
:10D730000020A0E10130A0E1E30F8FE2030090E8B8
:10D7400060FDFFEB0420A0E10530A0E124FCFFEB2D
:10D750000020A0E10130A0E1DE0F8FE2030090E89D
:10D7600058FDFFEB0420A0E10530A0E11CFCFFEB1D
:10D770000020A0E10130A0E1D80F8FE2030090E883
:10D7800050FDFFEB0420A0E10530A0E114FCFFEB0D
:10D790000020A0E10130A0E1D20F8FE2030090E869
:10D7A00048FDFFEB0420A0E10530A0E10CFCFFEBFD
:10D7B0000020A0E10130A0E1CC0F8FE2030090E84F
:10D7C00040FDFFEB0420A0E10530A0E104FCFFEBED
:10D7D0000020A0E10130A0E1C60F8FE2030090E835
:10D7E00038FDFFEB28208DE210C08DE2030082E8B7
:10D7F0000C009CE8C015A0E30000A0E3FF1681E345
:10D8000075FCFFEB8130A0E1A3CAB0E101308CE2EE
:10D810001300000A000053E3110000DAFFC0A0E388
:10D8200070CE8CE30C0053E1070000BA0C3AA0E183
:10D8300083C0A0E1800401E2ACB080E100A0A0E3DD
:10D84000110000EACD3B7F669EA0E63F70C4E0E396
:10D85000FFC6CCE301C00CE003BA8CE100A0A0E15C
:10D86000090000EA0020C0E38034D1E30200001A7E
:10D87000000052E300A0A0030200000A0120A0E380
:10D88000E50700EB00A0A0E101B0A0E128C08DE217
:10D890000C009CE80400A0E10510A0E1D0FBFFEB28
:10D8A00020E08DE20C009EE84BFCFFEB0A20A0E19B
:10D8B0000B30A0E103FDFFEB0020A0E10130A0E16F
:10D8C00018C08DE203009CE8C5FBFFEB20C08DE291
:10D8D0000C009CE8F8E19FE50FE08EE07DEF8EE222
:10D8E00008E08EE004E08DE5F6FCFFEB00A0A0E18F
:10D8F00000009DE501B0A0E1C9FCFFEB04E09DE55F
:10D900000C009EE8EFFCFFEB0040A0E10150A0E11D
:10D910007A0F8FE2030090E80A20A0E10B30A0E12B
:10D92000AFFBFFEB0420A0E10530A0E1E5FCFFEB3D
:10D930000620A0E10730A0E1A9FBFFEBC034A0E383
:10D940000020A0E3E03883E380FBFFEB5600003AC1
:10D950000120A0E38034C3E3D9F8FFEB4800009A2C
:10D96000A12FB0E10020A0E37F34831240374302AF
:10D97000D4FCFFEB84FBFFEB0080A0E10620A0E1DC
:10D980000730A0E10A00A0E10B10A0E194FBFFEB3F
:10D9900001B0A0E104109DE500A0A0E1082091E500
:10D9A0000C3091E5100091E5141091E5C5FCFFEBFA
:10D9B0000620A0E10730A0E189FBFFEB512F8FE2A9
:10D9C0000C0092E886FBFFEB0A20A0E10B30A0E1FF
:10D9D000BCFCFFEB00A0A0E101B0A0E10620A0E1AB
:10D9E0000730A0E10400A0E10510A0E17CFBFFEB03
:10D9F0000040A0E10150A0E10800A0E188FCFFEB9D
:10DA00000020A0E10130A0E10400A0E10510A0E1A8
:10DA1000F1FBFFEB0020A0E10130A0E1E4008FE288
:10DA2000030090E86EFBFFEB0A20A0E10B30A0E1C1
:10DA3000A4FCFFEB50E09DE5C035A0E300005EE3F1
:10DA400000808E150080A01300808DE50020A0E3EB
:10DA5000FF3683E3BF0700EB0020C0E38034D1E34F
:10DA60000100001A000052E30F00000A81C0A0E18B
:10DA70000130A0E3CC3A93E00400001A0126B0E1A3
:10DA80000200001A7014A0E30000A0E3FF1681E377
:10DA900008309DE5000053E30600000A30D08DE217
:10DAA000F04DBDE8801421E21EFF2FE10000A0E34D
:10DAB0000010A0E3F5FFFFEA30D08DE2F04DBDE8A5
:10DAC0001EFF2FE1F7DE29BFD8F8C23FF4B3FECC2A
:10DAD0001A99C33F9465010062CB68D96F46C73F6E
:10DAE000C6C912DAC471CC3F4AE98A942449D23FAC
:10DAF000F75F97999999D93FBC5555555555E53FCD
:10DB0000FE822B654715F73FEF39FAFE422EE63FBE
:10DB100000502DE900C0A0E300C08DE50CFDFFEB37
:10DB20000440BDE81EFF2FE17847C0460020D0E545
:10DB3000FF1001E2010052E3020031E10120F08513
:10DB4000FBFFFF8A0000A0131EFF2FE110B40300AB
:10DB500000E05B1C1C78002CFBD1002A07D00C785D
:10DB6000002C04D01C70491C5B1C521EF5E70021E0
:10DB7000197010BC70470000FCB587B0002B02D0B4
:10DB8000089C002323600390050000E06D1C2878AA
:10DB90000300093B052BF9D32028F7D02D2801D00D
:10DBA0002B2803D16B4618706D1C02E02B206B46AE
:10DBB00018700191002A03D4012A01D0252A03DB21
:10DBC000080055D0039852E0002A0ADD102A16D129
:10DBD0002878302813D168782021014378290ED184
:10DBE0000AE02878302801D00A2208E0687820214D
:10DBF0000143782902D11022AD1C00E008220695CD
:10DC000000E06D1C28783028FBD02E497944B431CF
:10DC10000B0028336E46002473700595029204941D
:10DC2000284E7E449E3609E069464A7804946D1C6D
:10DC3000871A02983F0644433F0EE41929780800EA
:10DC400041381A2800D22031029A3000283002F0E0
:10DC500051F90028E8D1069A029938002F00049D56
:10DC6000BA4207D10198002802D0039801990860B0
:10DC7000002022E0059A735CBA1AD21A002A11D445
:10DC800005DC201A03D3E3F7DBFCA8420AD0C04628
:10DC9000C0460898002802D0089901200860002496
:10DCA000E44305E0684601782D2901D16042040073
:10DCB0000198002800D00760200009B0F0BC08BC23
:10DCC0001847C046C467010080B5FFE700230A2259
:10DCD0000021FFF751FF0ABC184700007847C046F3
:10DCE00001402DE9013020E0030013E30E00001A8B
:10DCF000030010E30400000A0130D1E40130C0E465
:10DD0000000033E3F9FFFF1A0C0000EA34C09FE57E
:10DD1000002091E50C3052E00230D3E18C0313E196
:10DD2000042080040420B105F9FFFF0A0130D1E48A
:10DD30000130C0E4000033E30130D114FBFFFF1ACF
:10DD40000140BDE81EFF2FE10101010130B40200D6
:10DD500006E0A54209D05B1C1C78002CF9D1521CAE
:10DD60001578002D01D00B00F6E730BC101A704773
:10DD7000C04602000906090E002000E0521C13787C
:10DD80008B4200D11000002BF8D1704730B4020054
:10DD900000E0521C1378002B07D00D0002E0A342D4
:10DDA000F7D06D1C2C78002CF9D130BC101A7047BC
:10DDB0007847C04601C080E10C007CE11EFF2F01C6
:10DDC000010050E11EFF2F1100C080E040077CE3FE
:10DDD0000C005C911EFF2FE17847C046022CB0E199
:10DDE000222482E1222882E1010080E0033010E257
:10DDF0000400000A031051E01100003A833FB0E133
:10DE000001206045B22060210230A0E100402DE9F0
:10DE100002C0A0E102E0A0E1101051E20C50202964
:10DE2000FCFFFF8A811EB0E10C0020290420204560
:10DE30000111B0E1B2206021012060450040BDE841
:10DE40001EFF2FE1031091E001206015020011E395
:10DE5000012060151EFF2FE17847C046020050E107
:10DE60001EFF2F1103C081E18CC090E11EFF2F0126
:10DE7000030051E11EFF2F1180C9A0E381007CE166
:10DE80000C003C311EFF2FE17847C04620C4A0E1C2
:10DE90000000C2E501C0C2E52CC4A0E102C0C2E599
:10DEA0002CC4A0E103C0C2E521C4A0E10410C2E576
:10DEB00005C0C2E52CC4A0E106C0C2E52CC4A0E1A7
:10DEC00007C0C2E51EFF2FE17847C046011091E070
:10DED000A00AA0E1010580E10800002AA11AA0E142
:10DEE000401E41E2011091E2800480E3030000BA89
:10DEF0001F1071E23001A0510000E0431EFF2FE12E
:10DF00000000A0E31EFF2FE17847C04600502DE936
:10DF10008120A0E10130A0E3C23A93E00800001A9A
:10DF20000100001A01C6B0E10A00001AA12FB0E1F9
:10DF30000800000A0440BDE80000A0E30010A0E3D0
:10DF40001EFF2FE10020A0E3C035A0E300208DE5F7
:10DF5000FF3683E37F0600EB0440BDE81EFF2FE1A0
:10DF60007847C04680C411E200007012010011E140
:10DF70000010F1420020A0132020A0030010B001E7
:10DF80001EFF2F01400B51E30118A03110208232F7
:10DF9000400751E30114A03108208232400551E3CB
:10DFA0000112A03104208232400451E30111A0315A
:10DFB00002208232800451E38110A031012082329C
:10DFC000200052E30400002A202062E2301281E1A6
:10DFD000202062E21002B0E101108113BD2062E254
:10DFE000822B8CE1010CB0E18004D0E22104B2E08C
:10DFF0001EFF2FE1F04D2DE90060A0E10170A0E1CE
:10E000008700A0E10110A0E310D04DE20280A0E162
:10E01000C01A91E00700001A0100001A0726B0E1BB
:10E020000100001AA70FB0E12600001A0600A0E1C7
:10E030000710A0E1160100EA8014C7E30000C6E360
:10E04000400951E30B00002A0020A0E300208DE5E9
:10E05000000051E30100001A000050E30F00000A25
:10E060000D20A0E10710A0E1CC0500EB0060A0E1CD
:10E070000170A0E1090000EA7054E0E3FF56C5E337
:10E08000FD20E0E3055007E0C02FC2E3C075A0E328
:10E09000210A82E0FE7687E300008DE5077085E1C6
:10E0A0000000C6E38014D7E30300001A000050E329
:10E0B000F014A003FF168103F500000A0710A0E189
:10E0C000A10FB0E10500000A0000A0E110D08DE230
:10E0D000F04DBDE80000E0E38014C0E31EFF2FE137
:10E0E0000600A0E1000051E3030000AA0020A0E325
:10E0F0008034A0E3000052E00110C3E0C52F8FE29E
:10E100000C0092E8000053E3030000AA0040A0E3E3
:10E110008054A0E3022054E00330C5E0030051E145
:10E12000250000CA010000BA020050E12200002AC6
:10E130008710A0E1A12AB0E1011082E21000000ADC
:10E14000000051E30E0000DAFF20A0E3702E82E30E
:10E15000020051E1050000BA021AA0E18120A0E10D
:10E16000800407E2A27080E10060A0E30F0000EAF3
:10E170007024E0E3FF26C2E3072002E0017A82E197
:10E180000A0000EA0040C6E38054D7E30100001A09
:10E19000000054E30500000A0120A0E30600A0E10E
:10E1A0000710A0E19C0500EB0060A0E10170A0E178
:10E1B00000109DE501C041E200C08DE5B014A0E370
:10E1C0000000A0E3FF1681E30620A0E10730A0E1F4
:10E1D000BCFAFFEB0150A0E10040A0E1C015A0E3B4
:10E1E0000000A0E3FF1681E30620A0E10730A0E1D4
:10E1F000B4FAFFEB0020A0E10130A0E10400A0E1AF
:10E200000510A0E1C9F6FFEB0060A0E10170A0E1FC
:10E210000620A0E10730A0E171F9FFEB00A0A0E12A
:10E2200001B0A0E19D0F8FE2030090E80A20A0E179
:10E230000B30A0E16AF9FFEB9A2F8FE20C0092E815
:10E24000A0FAFFEB0A20A0E10B30A0E164F9FFEB9C
:10E25000962F8FE20C0092E89AFAFFEB0A20A0E1D9
:10E260000B30A0E15EF9FFEB922F8FE20C0092E8F9
:10E2700094FAFFEB0A20A0E10B30A0E158F9FFEB84
:10E280008E2F8FE20C0092E88EFAFFEB0A20A0E1BD
:10E290000B30A0E152F9FFEB8A2F8FE20C0092E8DD
:10E2A00088FAFFEB0A20A0E10B30A0E14CF9FFEB6C
:10E2B000862F8FE20C0092E882FAFFEB0A20A0E1A1
:10E2C0000B30A0E146F9FFEB0020A0E10130A0E116
:10E2D0000400A0E10510A0E1BFF9FFEB0620A0E1DA
:10E2E0000730A0E13EF9FFEB0060A0E100009DE5F2
:10E2F0000170A0E14AFAFFEB00A0A0E101B0A0E1AB
:10E30000000058E31400001A720F8FE2030090E837
:10E310000A20A0E10B30A0E131F9FFEB0620A0E1DB
:10E320000730A0E1ACF9FFEB0420A0E10530A0E14B
:10E3300064FAFFEB0150A0E1A0119FE50040A0E1CD
:10E34000C004A0E30A20A0E10B30A0E124F9FFEB18
:10E350000420A0E10530A0E14C0000EA2F0000DA23
:10E360007C119FE50000A0E30420A0E10530A0E1BE
:10E370001BF9FFEB08008DE50C108DE5590F8FE2BE
:10E38000030090E80420A0E10530A0E114F9FFEBC0
:10E3900003008DE8550F8FE2030090E80A20A0E10A
:10E3A0000B30A0E10EF9FFEB522F8FE20C0092E848
:10E3B0000040A0E10150A0E10600A0E10710A0E1AB
:10E3C00007F9FFEB0020A0E10130A0E10400A0E18B
:10E3D0000510A0E180F9FFEB00209DE504309DE5EC
:10E3E00038FAFFEB08209DE50C309DE535FAFFEB90
:10E3F0000170A0E104119FE50060A0E10000A0E32E
:10E400000A20A0E10B30A0E1F5F8FFEB0620A0E127
:10E410000730A0E11D0000EACD3B7F669EA0E63FED
:10E42000DC109FE56004A0E30420A0E10530A0E13A
:10E43000EBF8FFEB03008DE8C8008FE2030090E8E3
:10E440000420A0E10530A0E1E5F8FFEB0040A0E1E9
:10E450000150A0E1B4008FE2030090E80620A0E1A3
:10E460000730A0E1DEF8FFEB0020A0E10130A0E1E1
:10E470000400A0E10510A0E157F9FFEB00209DE5A5
:10E4800004309DE50FFAFFEB0A20A0E10B30A0E17C
:10E490000CFAFFEB10D08DE2F04DBDE81EFF2FE12E
:10E4A000F7DE29BFD8F8C23FF4B3FECC1A99C33FB8
:10E4B00062CB68D96F46C73FC6C912DAC471CC3F78
:10E4C0004AE98A942449D23FF75F97999999D93FAD
:10E4D000BC5555555555E53F9EBC9AF71C7D7F3E72
:10E4E000422EE63F7BCBDB3FABA6320EE526553E08
:10E4F0007CC4BC7FDE27743E0EE526157BCBDB3F5C
:10E500001344D33F4715F73F44DF5DF80BAE543E4D
:10E51000FE822B654715F73F0020A0E3B4FEFFEA1B
:10E52000F0B5A1B0269C049102A93B254C550027CB
:10E530000D970190140000930BE00498019A00F0ED
:10E5400070FE0490002800D1A3E00D98641C401CCC
:10E550000D902178002909D02529EED10797089739
:10E5600009970A970B970C97002104E00D9892E009
:10E57000080001210143641C20782028F8D02328BA
:10E580000DD02B2804D02D2805D030280AD086E0C5
:10E5900008000221EEE70A0004211143EBE708001E
:10E5A0000821E7E70A001021F7E7474B0F9709E03A
:10E5B0000F98984205DA85002D186D00A81830389C
:10E5C0000F90641C2278100030380A28F0D320788D
:10E5D0002E2803D00020C0430E9028E0641C207831
:10E5E0002A280AD10098009A0068641C106002680A
:10E5F000009B001D18600E9219E02D2802D12D22DB
:10E60000641C00E00022304D0E970BE0002A08D178
:10E610000E98A84205DA860036187600F0183038D1
:10E620000E90641C2378180030380A28EED302AD0F
:10E630002987267825A03100FFF776FA002801D037
:10E64000641C00E000263A202E543A21685C6828B9
:10E6500004D12078682809D1622005E06C2805D112
:10E6600020786C2802D171206854641C009A12A88A
:10E6700006902378019802A900F06AF8641C00282B
:10E6800007D1019812AA02A900F0B8F9002800D415
:10E690005FE70020C04321B0F0BC08BC18472A281F
:10E6A00000D082E70098026802601068009B121D8B
:10E6B0001A600F90002804D54242080004210F92EE
:10E6C0000143641C83E70000CBCCCC0C686A6C74FB
:10E6D0007A4C00000B0062281ED068280DD06A28F2
:10E6E00003D06C2827D0712825D11A680720D21DA5
:10E6F00082431A6003CA1A6070471968002A1960B9
:10E70000086804D0091D0004196000141AE0091DEE
:10E7100000041960000C19E01968002A19600868E3
:10E7200004D0091D0006196000160BE0091D000643
:10E730001960000E0AE01968002A1960086803D001
:10E74000091D1960C1177047091D19600021704724
:10E7500070B50C0025691E0011003000253800D16D
:10E7600012E12038022863D9133840D00B3816D074
:10E77000401E1ED0401E02285AD9001F19D0401F2B
:10E7800000D17EE0401E32D0401E00D1C9E0C01E44
:10E7900000D1D7E0801E2AD0C01E28D0FAE06069E0
:10E7A000421C62610A680A601368121D0A602B54D9
:10E7B000FAE03A23E05C0122FFF78CFF03C4083C37
:10E7C000002904DA60692D22411C61610DE0208F6F
:10E7D000810704D560692B22411C616105E0C007F7
:10E7E00021D560692022411C61612A541BE03A2036
:10E7F000205C0022FFF76EFF03C4083C3821605CF8
:10E80000020710D503CC083C002901D100280AD00A
:10E8100020203043782806D1606930212954401CDB
:10E82000421C62612E54606931002818E06085E066
:10E8300008680722C01D904308600CC808600CC41B
:10E84000083C03CC083CC80F04D060692D22411C51
:10E8500061610DE0208F810704D560692B22411C86
:10E86000616105E0C00704D560692022411C616137
:10E870002A54606931002818E060200000F000FA96
:10E8800092E03B20225C002A04D00024E443C046EE
:10E8900047A062E03A20225C622A08D0682A23D08E
:10E8A0006A2A12D06C2A2ED0712A0ED02BE00A6868
:10E8B0000A601068121D0A60002803D10024E44396
:10E8C00041A04AE0E16A01706EE0086808600268F1
:10E8D000001D0860002A03D10024E4433AA03CE074
:10E8E000E06AC11703C25FE00A680A601068121D7F
:10E8F0000A60002804D10024E443C04632A02CE082
:10E90000E16A018050E00A680A601068121D0A601E
:10E91000002803D10024E4432BA01EE0E16A01603B
:10E9200042E0086808600268001D08600020C043DB
:10E930000021104003C4083CE5607821200000F06D
:10E94000E9F831E0086808600568001D0860E560C6
:10E95000002D06D10024E44321A001F083FB201AFE
:10E9600023E0266B002E03D52800FCF779FB09E095
:10E9700032000021280001F0BDFA002801D0401B20
:10E9800000E03000A0610FE060692522411C616158
:10E990002A5409E061692522481C60616A543100EB
:10E9A00002D0411C61612E54002070BC08BC184785
:10E9B0007072696E74665F733A20256E20646973A5
:10E9C000616C6C6F776564007072696E74663A2072
:10E9D00062616420256E20617267756D656E7400DA
:10E9E0007072696E74665F733A2062616420257389
:10E9F00020617267756D656E74000000FEB50600DB
:10EA00000D00686B69691700411A286A081AA9691C
:10EA1000411A686A081AE969411AA86A081A019035
:10EA20003821685C410710D420206946087001989D
:10EA300000280ADD019C01236A462900300000F00D
:10EA4000D2FB002860D1641EF5D16B693A00290021
:10EA5000300000F0C8FB002856D130276846077008
:10EA60002C6A002C09DD01236A462900300000F0E1
:10EA7000BAFB002848D1641EF5D1AB69EA682900C9
:10EA8000300000F0B0FB00283ED1684607706C6A89
:10EA9000002C09DD01236A462900300000F0A3FBA9
:10EAA000002831D1641EF5D1E868A969EB694218E4
:10EAB0002900300000F097FB002825D16846077038
:10EAC000AC6A002C09DD01236A462900300000F001
:10EAD0008AFB002818D1641EF5D13821685C4107F3
:10EAE00010D5202069460870019800280ADD019C95
:10EAF00001236A462900300000F075FB002803D18D
:10EB0000641EF5D1002001E00020C04303B0F0BC3A
:10EB100008BC1847F2B586B0040025696F2901D1F9
:10EB2000082706E020220A43782A01D00A2700E0BD
:10EB3000102703CC04AA03C26B461A7E3C26083C6D
:10EB4000642A03D06A46137E692B09D1002907DAAB
:10EB500004A803C800220023121A8B4104A80CC089
:10EB600004AA03CA002922D1002820D1206B002842
:10EB70001DD1082F51D13821605C01074DD53B26AE
:10EB8000302049E000290ED53821625C142313405F
:10EB9000102B08D1616B62698A1A216A511A081A0E
:10EBA000002800DD206207B0F0BC08BC18470294C2
:10EBB000009504A830C83A0020002900FB1701F096
:10EBC000E5F930321006761E000E01963A2803DB76
:10EBD0006846017E5139521800982900825520005C
:10EBE0003A00FB1701F0D2F904000D0001D1002C0E
:10EBF00005D00298C168009880198142DBD3029C3D
:10EC0000009D082F09D13821605C010705D5A85D5A
:10EC1000302802D0761E3020A8553C21881B216B5D
:10EC2000AA19A061E2608842ACDA081AC2492062DF
:10EC3000208F01402187B6E7F8B5C04F00260400B9
:10EC40000D00009214E0C10707D532003B00200000
:10EC50002900FDF7C5FD04000D00009832004110A9
:10EC60000091300039003B00FDF7BAFD06000F00AF
:10EC700000980028E7D120002900F4BC08BC184700
:10EC80000200F3B591B003CA04AB03C3119806AEFA
:10EC9000006B002801D5062007E008D112A80178F2
:10ECA00020220A43672A02D1012011990863119892
:10ECB00003C84C006215521C11D10A030FD01199E0
:10ECC0000320886112AA107861381A2802D2C0463F
:10ECD0009CA100E09CA1119B0322D86810E0621562
:10ECE000521C10D10A030ED111990320886112AA77
:10ECF000107861381A281AD394A111980322C06899
:10ED0000FCF7DAF802E102AC03C402AD0CCD87A433
:10ED100030CC1D401440802300225B039D420FD263
:10ED20000192002D06D1002C04D10D001CE0C0463C
:10ED300087A1E2E701AA00F031FD04000D000CE01C
:10ED400074482C0D744D0019019002AA03CA73A2D5
:10ED50000CCA02400B4014001D43019871494843FE
:10ED60007149FCF729FA0200119830C0119B6FA479
:10ED700003CB30CC04400D4004D1002C02D16A46B4
:10ED80001081B7E004A830C807206D006D08811A13
:10ED900001920091080005DD020020002900FFF724
:10EDA0004BFF0AE0634942420020FFF745FF0200A3
:10EDB0000B0020002900FCF7B9FF12AA13782024C9
:10EDC0006A461C431470662C02D1019A0A3200E094
:10EDD0000622119B1C6BA218142A00DD142230237A
:10EDE0006C46237606AD6C1C02E0029A04A803C8A8
:10EDF000002A3CDD04AB03C3029204A803C8083414
:10EE0000FFF762F803900600042530000A21E2F7BC
:10EE100017FC0F0030000A21E2F712FC0600303721
:10EE2000601E077030000A21E2F70AFC0F00300074
:10EE30000A21E2F705FC0600A41E303727706D1E7C
:10EE4000E3D102980834083802900028CDDD0398F9
:10EE5000FEF752F802000B0004A803C8FDF7BCFD42
:10EE6000374B0022FDF7BCFC04AA03C2C5E706A885
:10EE7000411C06AB621A5E1C04E00198521E401E43
:10EE80000190761C30783028F7D0684601786629E2
:10EE900002D10198401C04E0652901D1012000E065
:10EEA000002011990B6B19188A4200DA511E0029B3
:10EEB0001DD4914204DA705C352801DB392000E072
:10EEC00030200B00721ED41801E0491E641E257804
:10EED0005B1E8542F9D0392802D1F05C401CF05409
:10EEE000002B04D501981600401C491C019068466F
:10EEF00001810198694600040014009008200B5E0F
:10EF0000119812AC2178320000F024F813B0F0BC54
:10EF100008BC184702FCFFFF0000E03FFFFFFFFFB7
:10EF2000FFFF0F8097750000A0860100FFFFFFFF25
:10EF3000FFFFFF7F0000F03FEFFF000000002440D4
:10EF400084D797416E616E004E414E00494E460097
:10EF5000696E6600F8B584B006001500376B1C00BA
:10EF6000002C02DC0124C046ADA56846017069464C
:10EF70000A7820201043662803D1088D401C08859C
:10EF80001CE0672800D0ACE028200A5E0323DB43A6
:10EF90009A4200DA92E0BA4200DB8FE0088D382214
:10EFA000401C0885B05C010702D4BC4200DA27008F
:10EFB0006A462820115E7F1A00D500276B46B1698A
:10EFC000F06828229A5E4018002A2BDC491C302267
:10EFD0000270002F03DC3822B05C020703D5F26810
:10EFE0002E205054491CB161694628200A5E5342C4
:10EFF0009F4201DA784208856A462820105E414225
:10F000003F187162A74200DA3C00F368B06924043B
:10F010002414F461220029001818FBF74DFF381B57
:10F02000B062C8E028229A5E944219DA22002900D0
:10F03000FBF742FFB0696B460119B1612822985E67
:10F04000001B7062002F03DC3822B05C020705D57C
:10F05000F2682E205054F069401CF061B762AAE0BB
:10F060006A462821525E2900FBF726FF69462820C0
:10F07000085EB1696A46138D0918E41A002F03DC93
:10F080003823F25C130703D5F3682E225A54491C27
:10F09000B161210409148F4200DA3C00B3692918D8
:10F0A000F06822041214C018FBF706FFB0692404AC
:10F0B00024140019391BB06171627CE0BC4204DA8F
:10F0C0003822B05C020700D427007F1E00D500273D
:10F0D00068460178672901D1652000E0452069462E
:10F0E0000870B069F368421CB26129781954691C30
:10F0F000002F03DC3823F05C030719D5F568501C9A
:10F10000B0612E23AB54002F12DD641E22041214B2
:10F11000974200DA3C00F368220412141818FBF737
:10F12000CBFEB069240424140019391BB06171624C
:10F13000F068B1696A46137840186C46037028215C
:10F14000615E002903D42B214170871C05E02D222C
:10F150004270871C48426946088569462820085E37
:10F16000002401AD05E00A21FCF726F82970641C93
:10F170006D1C000400140028F5DC012C08DC684636
:10F18000017820220A43652A02D1302038707F1C82
:10F19000002C01A908D1302038707F1C06E0641EC5
:10F1A000085D303038707F1C002CF8DCF068B169E5
:10F1B0004118791AF1613820315C14220A40102A72
:10F1C0000DD17069B1694118706A0818F169411868
:10F1D000B06A0818716B884201DA081A306205B00B
:10F1E000F0BC08BC1847F8B50024002B14D0070069
:10F1F0000E0014001D002178B06800F013F8B06014
:10F20000002807D0F06A641C401CF0626D1EF2D129
:10F21000002401E00024E4432000F2BC08BC1847AD
:10F220003000104738470268531C03601170704764
:10F230000120704780B500F03DFF09BC1847000071
:10F240007847C04600502DE90000A0E12630A0E339
:10F25000803B83E30310A0E11800A0E3563412EFD3
:10F26000FBFFFFEA1EFF2FE1F5B592B019981E00D3
:10F27000C4000023221802932D2A00DD2D223360C2
:10F2800000247460080001E0401C0124017830294A
:10F29000FAD00025310006783700303F0A2F00D31E
:10F2A000A7E0954207DB0C68641C0C600678302EE2
:10F2B00005D0012303E0303E06AC66556D1C401CB2
:10F2C0000124E8E7020004E00868521C401E0860C0
:10F2D000012410783028F7D01378180030380A2825
:10F2E00000D391E01998854207DA303B06AC6355AC
:10F2F00008686D1C401E086003E0302B01D001201F
:10F300000090521C0124E7E706A8401E415D002939
:10F310000AD120686D1E401C2060002DF4DC03D152
:10F3200000206946087601250398002852D0002065
:10F330000490280009210927FBF73EFF7F1A3800B7
:10F340000921FBF739FF002901D001200290009428
:10F35000029C0595049D0598854264DA06A9485DDE
:10F36000092102903800FBF727FF00290AD00098F6
:10F37000A10040180268029993009B185B0059187D
:10F38000016004E002980099641CA20088507F1C70
:10F390006D1CE0E72B260023002209E02B48824267
:10F3A00004DA93009A1852005218303A6D1C012367
:10F3B0002978080030380A28F0D301952D2E01D184
:10F3C000504202000098016889180160002B01D1A9
:10F3D000049801901399002906D00398002801D0C1
:10F3E000019800E012980860029814B0F0BC08BCC4
:10F3F00018471992009302782E2A00D1401C002D44
:10F4000000D15FE7020067E719980192009A039420
:10F41000002A06D006AB5B1E1A5C06AB5B1E521CB4
:10F420001A540C0079E701980294017820220A43CB
:10F43000652ACFD1019804900198451C2E782B2E77
:10F4400001D02D2EA6D16D1CA5E7C04600E1F50523
:10F45000F1B481B000680E000700002200E07F1CBC
:10F460003B781C00093C052CF9D3202BF7D02D2B21
:10F4700001D1082201E02B2B00D17F1C3B782025F5
:10F4800020241D4300966E2D25D17A782023134326
:10F49000612B03D1BA7814436E2C02D007000020F0
:10F4A00044E0FF1C39000A780420282A3ED1491C78
:10F4B0000A7813001C00613C1A2CF8D31C00413C54
:10F4C0001A2CF4D3303B0A2BF1D35F2AEFD0292A30
:10F4D0002CD14F1C2AE0692D2CD17B7820251D438F
:10F4E0006E2D04D1BB7820251D43662D02D0070068
:10F4F00000201BE0FF1C39780320104320220A4320
:10F50000692A13D1797820220A436E2A0ED1B9785C
:10F5100020220A43692A09D1F97820220A43742A51
:10F5200004D139790C43792C00D17F1D31001DD0D5
:10F5300037601BE0302B17D178780443782C13D137
:10F54000B81C01782E2900D1401C007801006139D7
:10F55000052906D901004139052902D930380A2880
:10F5600002D2BF1C022000E00120104301990F606D
:10F57000F6BC7047F5B58FB016980022C400201A6B
:10F580000292232800DD23201A6000245C600026FC
:10F5900001E0491C01260A78302AFAD073A20092B1
:10F5A0000D001F001690297870A0162200F0A2FC12
:10F5B000002800D1A7E01699A14203DA3868401C60
:10F5C000386007E0009AC0466EA1801A095C04AB5F
:10F5D0001955641C6D1C0126E5E738686D1C401E3A
:10F5E0003860012628783028F7D029785FA41622C1
:10F5F000200000F07FFC002800D18DE01699009AD1
:10F6000091420BDB5FA1001B0A5C009904AB5A54CA
:10F610000098401C00903868401E38606D1C012620
:10F62000E3E704A8401E415D00290AD120686D1E51
:10F63000401C2060002DF4DC03D1002069460874D2
:10F640000125206881002160039800284CD000200B
:10F650000D90280007210726FBF7AEFD761A300033
:10F660000721FBF7A9FD002901D001200290029F8C
:10F6700000950D9D0098854264DA04A9485D072134
:10F6800002903000FBF798FD002907D0B800201841
:10F6900001680A0102995118016003E002987F1C79
:10F6A000B9006050761C6D1CE4E72B240025002671
:10F6B00009E02D4DAE4204DAB700BE197600B61847
:10F6C000303E5B1C01251A781700303F0A2FF0D31B
:10F6D00001932D2C01D171420E0000990A689219F4
:10F6E0000A60002D00D101901099002906D00398DE
:10F6F000002801D0019800E00F980860029811B02E
:10F70000F0BC08BC1847009428782E2800D16D1C46
:10F71000200000D069E765E716980195009D3C0040
:10F720000396A84286DA04A90A5C072A05DD04AA22
:10F73000531E195C521E491C115405002068401CC0
:10F74000206077E7019800940297017820220A430D
:10F75000702AC9D10198431C1C782B2C01D02D2C68
:10F76000A3D15B1CA2E7000000E1F5053031323384
:10F7700034353637383961626364656641424344E3
:10F7800045460000000102030405060708090A0BAC
:10F790000C0D0E0F0A0B0C0D0E0F00007847C04623
:10F7A00010402DE90240A0E1020000EB002084E5BA
:10F7B0001040BDE81EFF2FE1FFC0A0E370CE8CE338
:10F7C000212A1CE00C0032112CC1A0118C20421007
:10F7D000021A41101EFF2F110C0032E181C090115E
:10F7E0000B00000A80C401E2012042E28000B0E187
:10F7F0000110A1E0400911E3FAFFFF0A0C1081E1BA
:10F80000FC2F42E20D2042E2FC1581E2D01881E299
:10F810001EFF2FE10020A0E31EFF2FE1020012E1F6
:10F820001E00004AFFC0A0E370CE8CE3213A1CE02A
:10F830000C0033110800000A023093E00C0053E181
:10F84000021A81301EFF2F31801401E20C1A81E16F
:10F850000000B0E30000A0E11EFF2FE10C0033E147
:10F86000813090111EFF2F01020012E11EFF2F01B7
:10F87000803401E2000090E00110A1E0012052E29A
:10F880000100000A400911E3F9FFFF0A031081E1BA
:10F89000013082E2020012E1E7FFFF1A1EFF2FE1B2
:10F8A000002072E2FFC0A0E370CE8CE3213A1CE09E
:10F8B0000C0033112000000A03C052E0021A41304C
:10F8C0001EFF2F3101208CE2031AC1E1401981E3B0
:10F8D00080C401E2350052E31B0000CA10002DE98C
:10F8E0000C1021E0203052E2050000AA203062E234
:10F8F0001043B0E13002A0E1110380E13112A0E138
:10F90000060000EA000070E13043A0E101408413EA
:10F910003103A0E1203063E2114394E10010B0E331
:10F920008024D4E20000B0E20C10B1E0040014E145
:10F930001000BDE80000A0E11EFF2FE10C0033E144
:10F9400081C09011E1FFFF1A1EFF2FE10C10A0E112
:10F950000000B0E3BEFFFFEAFC4D2DE90040A0E14E
:10F960000150A0E18500A0E10110A0E30260A0E148
:10F970000370A0E1C01A91E01500000A0020C4E362
:10F980008034D5E30100001A000052E31000000AA1
:10F990008700A0E10110A0E3C01A91E00C00000A6A
:10F9A0000020C6E38034D7E30100001A000052E3D0
:10F9B0000700000A0510A0E1000051E3700000AA52
:10F9C0000020A0E38034A0E3040052E00110C3E073
:10F9D0006B0000EA8510A0E10120A0E3C12A92E0BB
:10F9E0000100001A0506B0E12B01001A8710A0E102
:10F9F0000120A0E3C12A92E00100001A0706B0E14D
:10FA00003B00001A0020C6E38034D7E30800001A48
:10FA1000000052E30600001A8510A0E10120A0E3D7
:10FA2000C12A92E03200001A0506B0E13000001A47
:10FA30000A0000EA0120A0E3C12A92E00C00001AAB
:10FA40000706B0E10A00001A8510A0E10120A0E33A
:10FA5000C12A92E02600001A0506B0E12400001A2F
:10FA60000000A0E1FC4DBDE80000E0E38014C0E32D
:10FA70001EFF2FE10000C4E38014D5E32000001A2C
:10FA8000000050E31E00001A28309DE58720A0E109
:10FA9000A22AB0E1021083E02600001A0000C6E3AB
:10FAA0008014D7E30100001A000050E30400000AAC
:10FAB0000320A0E10710A0E157FFFFEB0060A0E1E9
:10FAC0000170A0E10000C6E38014D7E30100001A32
:10FAD000000050E30500000A8720A0E10110A0E328
:10FAE000C21A91E00200001A0706B0E10000001AF5
:10FAF0000000A0E10600A0E10710A0E1FC4DBDE878
:10FB00001EFF2FE18510A0E10120A0E3C12A92E0B1
:10FB10001900001A0506B0E11700001A0620A0E13E
:10FB20000730A0E10400A0E10510A0E108D08DE2BB
:10FB3000F04DBDE82AF3FFEA000051E3D6FFFFDAFB
:10FB4000FF20A0E3702E82E3020051E1050000BA1D
:10FB5000021AA0E18120A0E1800407E2A27080E106
:10FB60000060A0E3D6FFFFEA7024E0E3FF26C2E3D3
:10FB7000072002E0017A82E1D1FFFFEA801407E268
:10FB8000D80000EA20339FE5000053E380B4A0B31F
:10FB90000330CBB0030051E1801407B2160000BA65
:10FBA00008139FE50000A0E3000051E38034A0B3F8
:10FBB0000110C3B00530A0E10420A0E1000053E330
:10FBC000020000AA80B4A0E3022050E00330CBE0A2
:10FBD000030051E1090000CA010000BA020050E12F
:10FBE0000600002A7014A0E3FF1681E38120A0E143
:10FBF000800407E20000A0E1A21080E1B90000EA61
:10FC0000AB0F8FE2030090E80420A0E10530A0E1F3
:10FC1000F3F2FFEBC035A0E3FE3683E383C0A0E13F
:10FC200080E401E2AC308EE10020A0E325F4FFEB9C
:10FC3000D5F2FFEB0080A0E1F9F3FFEB01B0A0E10A
:10FC400074129FE500A0A0E1F804A0E30A20A0E15F
:10FC50000B30A0E1E2F2FFEB0020A0E10130A0E1D7
:10FC60000400A0E10510A0E15BF3FFEB0040A0E180
:10FC70000150A0E1910F8FE2030090E80A20A0E17B
:10FC80000B30A0E1D6F2FFEB0020A0E10130A0E1B3
:10FC90000400A0E10510A0E14FF3FFEB0150A0E14B
:10FCA000C035A0E38014C5E30020A0E3C93683E398
:10FCB0000040A0E1A5F2FFEB0640A0310750A031C3
:10FCC0004800003A0420A0E10530A0E10510A0E1C1
:10FCD000C3F2FFEB00A0A0E101B0A0E1790F8FE239
:10FCE000030090E80A20A0E10B30A0E1BCF2FFEB9A
:10FCF000762F8FE20C0092E8F2F3FFEB0A20A0E1EE
:10FD00000B30A0E1B6F2FFEB0DC0A0E103008CE8E0
:10FD1000700F8FE2030090E80A20A0E10B30A0E111
:10FD2000AFF2FFEB6D2F8FE20C0092E8E5F3FFEBF3
:10FD30000A20A0E10B30A0E1A9F2FFEB0130A0E125
:10FD40000020A0E1C015A0E30000A0E3FE1681E3BF
:10FD5000DCF3FFEB0420A0E10530A0E1A0F2FFEB13
:10FD60000040A0E10150A0E103009DE80420A0E1D3
:10FD70000530A0E1D3F3FFEB0130A0E10020A0E1CA
:10FD8000C015A0E30000A0E3FF1681E3CDF3FFEB75
:10FD900000A0A0E101B0A0E103009DE80420A0E1E3
:10FDA0000530A0E10CF3FFEB0130A0E10020A0E161
:10FDB000C015A0E30000A0E3FF1681E3C1F3FFEB51
:10FDC0000020A0E10130A0E10A00A0E10B10A0E1B9
:10FDD000D6EFFFEB0620A0E10730A0E180F2FFEBB9
:10FDE0000040A0E10150A0E128009DE58510A0E1C0
:10FDF000082080E0A13AB0E1031082E01000000A80
:10FE0000000051E30E0000DAFF20A0E3702E82E331
:10FE1000020051E1050000BA021AA0E18120A0E130
:10FE2000800405E2A25080E10040A0E30E0000EA59
:10FE30007024E0E3FF26C2E3052002E0015A82E1DC
:10FE4000090000EA0060C4E38074D5E30100001AF1
:10FE5000000056E30400000A0400A0E10510A0E140
:10FE60006DFEFFEB0040A0E10150A0E10000C4E303
:10FE70008014D5E30100001A000050E30500000AD9
:10FE80008520A0E10110A0E3C21A91E00200001A4F
:10FE90000506B0E10000001A0000A0E10400A0E1A6
:10FEA0000510A0E1FC4DBDE81EFF2FE100C89CC07D
:10FEB00000C89C40FE822B654715F73F422EE63F67
:10FEC000F2E4D5BCE7E84B3E112E5781A03F503FEE
:10FED0005843128C8F71BC3F4BE8A541B752013F8C
:10FEE0000BBDF3DAE8708C3FFC4DBDE80000A0E3E9
:10FEF0001EFF2FE17847C046FF1001E2030010E328
:10FF00000500000A012052E21C00003A0130D0E452
:10FF1000030031E1F8FFFF1A160000EA082052E260
:10FF20000E00003A042082E210002DE9011481E164
:10FF3000011881E14CC09FE5043090E4042052E2B6
:10FF400001302320AC4343200340C4210C00142182
:10FF5000F8FFFF0A1000BDE8FF1001E2040050E2C4
:10FF6000082092E20130D0E4012052E20300312166
:10FF7000FBFFFF8A0100A013010050E21EFF2FE1EA
:10FF80000000B0E31EFF2FE1808080807847C046EC
:10FF900001C093E10C00001A00502DE90210A0E10D
:10FFA00091ECFFEB0120A0E10010A0E30030A0E302
:10FFB0000050BDE81EFF2FE10130A0E10020A0E1CC
:10FFC0000010A0E30000A0E31EFF2FE1020050E1BB
:10FFD00003C0D1E0F7FFFF3A03C092E13A00000A04
:10FFE00030002DE900C0A0E3022092E00330B3E02E
:10FFF0000300002A030051E10200500101C08C22DD
:020000040002F8
:10000000F8FFFF2A6330B0E16220A0E18054A0E352
:1000100020405CE23544A0210050A023355CA03193
:100020000040A033010000EAA330B0E16220A0E16B
:10003000020050E103C0D1E0020040200C10A021DA
:100040000440B4E00550B5E0F6FFFF3A0020A0E11F
:100050000130A0E10400A0E10510A0E13000BDE8FE
:100060001EFF2FE180B5002801D1C04608A0074936
:100070000B68002B04D02222002100F019F801E0C7
:1000800000F026F80ABC22201847000088E900404A
:10009000636F6E73747261696E742068616E646CF4
:1000A00065723A20626164206D65737361676500F3
:1000B000184700007847C0460070B0E10700B0E183
:1000C0005FFCFFEBFDFFFFEA0EF0B0E11EFF2FE14A
:1000D00080B50120FFF7B4F809BC184710B50949ED
:1000E00079442031084C7C441E3405E00A68081D20
:1000F000891800F00BF80100A142F7D110BC08BC30
:100100001847C0467CFFFDFF88FFFDFF084770B41D
:100110000123002413E00168001D194202D04D465E
:100120006D1E49190C60091D121F042AFAD20D0018
:10013000960701D50C80AD1C1A4000D02C700268C7
:10014000001D002AE7D170BC7047FFFF443A5C55A0
:10015000736572735C43686972696B616C6F5C4153
:10016000524D5F70726F6A5C53505244325F355C1F
:10017000626C7565746F6F74682E63004C494E4BEA
:10018000204F4E004C494E4B204F4E004C494E4B99
:10019000204F4E00D1E2FFE7FC20E2EAEB00000036
:1001A0004C494E4B204F4646004C494E4B204F4643
:1001B00046004C494E4B204F464600D1E2FFE7FC3B
:1001C00020E2FBEA00000000526563656976656421
:1001D0003A0042656B6F6D6D656E3A0052656365FE
:1001E000697665643A00CFF0E8EDFFF2EE3A000080
:1001F0005472616E736D69747465643A0041627320
:10020000656E64756E673A005472616E736D6974E1
:100210007465643A00CFE5F0E5E4E0EDEE3A000005
:100220004D6F64756C65206E616D653A0D004D6FA4
:1002300064756C65206E616D653A0D004D6F647577
:100240006C65206E616D653A0D00C8ECFF20ECEE28
:10025000E4F3EBFF3A0D00004F4E3A2061637469FE
:100260007665004F4E3A20616374697665004F4EA3
:100270003A2061637469766500C2CACB3A20E0EA2D
:10028000F2E8E2EDEE0000004F4E3A206D616E752F
:10029000616C6C79004F4E3A206D616E75616C6CCB
:1002A00079004F4E3A206D616E75616C6C7900C2B9
:1002B000CACB3A20E2F0F3F7EDF3FE006D0F000039
:1002C0001E3F00007D0F0000990F0000B50F0000D9
:1002D000E90F00000B100000331000004510000073
:1002E00057100000791000008B1000008F100000E4
:1002F0009F100000A7100000A310000023100000B2
:100300004D454E553A204C494E4B004D454E553AC1
:10031000204C494E4B004D454E553A204C494E4BD2
:1003200000CCC5CDDE3A20D1C2DFC7DC0000000022
:1003300000000000000000000000000000000000BD
:1003400000000000000000000000000000000000AD
:1003500001000000A91100000000000000000000E2
:10036000000000000000000000000000000000008D
:10037000000000000000000000000000D911000093
:10038000000000000000000000000000000000006D
:10039000000000000000000000000000000000005D
:1003A0000000000000000000963007772C610EEE80
:1003B000BA51099919C46D078FF46A7035A563E9BC
:1003C000A395649E3288DB0EA4B8DC791EE9D5E0E3
:1003D00088D9D2972B4CB609BD7CB17E072DB8E7E2
:1003E000911DBF906410B71DF220B06A4871B9F337
:1003F000DE41BE847DD4DA1AEBE4DD6D51B5D4F470
:10040000C785D38356986C13C0A86B647AF962FDD4
:10041000ECC9658A4F5C0114D96C0663633D0FFA21
:10042000F50D088DC8206E3B5E10694CE44160D527
:10043000727167A2D1E4033C47D4044BFD850DD211
:100440006BB50AA5FAA8B5356C98B242D6C9BBDB24
:1004500040F9BCACE36CD832755CDF45CF0DD6DC1F
:10046000593DD1ABAC30D9263A00DE518051D7C8C6
:100470001661D0BFB5F4B42123C4B3569995BACF51
:100480000FA5BDB89EB802280888055FB2D90CC672
:1004900024E90BB1877C6F2F114C6858AB1D61C1EB
:1004A0003D2D66B69041DC760671DB01BC20D2980A
:1004B0002A10D5EF8985B1711FB5B606A5E4BF9F97
:1004C00033D4B8E8A2C9077834F9000F8EA809968A
:1004D00018980EE1BB0D6A7F2D3D6D08976C6491F5
:1004E000015C63E6F4516B6B62616C1CD83065850E
:1004F0004E0062F2ED95066C7BA5011BC1F40882EB
:1005000057C40FF5C6D9B06550E9B712EAB8BE8B2B
:100510007C88B9FCDF1DDD62492DDA15F37CD38CB4
:10052000654CD4FB5861B24DCE51B53A7400BCA3B2
:10053000E230BBD441A5DF4AD795D83D6DC4D1A4E4
:10054000FBF4D6D36AE96943FCD96E34468867ADBB
:10055000D0B860DA732D0444E51D03335F4C0AAA5A
:10056000C97C0DDD3C710550AA41022710100BBE5D
:1005700086200CC925B56857B3856F2009D466B9A4
:100580009FE461CE0EF9DE5E98C9D9292298D0B0D9
:10059000B4A8D7C7173DB359810DB42E3B5CBDB786
:1005A000AD6CBAC02083B8EDB6B3BF9A0CE2B60307
:1005B0009AD2B1743947D5EAAF77D29D1526DB04BC
:1005C0008316DC73120B63E3843B64943E6A6D0D07
:1005D000A85A6A7A0BCF0EE49DFF099327AE000A52
:1005E000B19E077D44930FF0D2A3088768F2011EE5
:1005F000FEC206695D5762F7CB67658071366C197C
:10060000E7066B6E761BD4FEE02BD3895A7ADA109C
:10061000CC4ADD676FDFB9F9F9EFBE8E43BEB7177D
:10062000D58EB060E8A3D6D67E93D1A1C4C2D83807
:1006300052F2DF4FF167BBD16757BCA6DD06B53F6D
:100640004B36B248DA2B0DD84C1B0AAFF64A0336AC
:10065000607A0441C3EF60DF55DF67A8EF8E6E312B
:1006600079BE69468CB361CB1A8366BCA0D26F2574
:1006700036E2685295770CCC03470BBBB9160222C1
:100680002F260555BE3BBAC5280BBDB2925AB42BD6
:10069000046AB35CA7FFD7C231CFD0B58B9ED92CEB
:1006A0001DAEDE5BB0C2649B26F263EC9CA36A7550
:1006B0000A936D02A906099C3F360EEB8567077207
:1006C00013570005824ABF95147AB8E2AE2BB17B6E
:1006D000381BB60C9B8ED2920DBED5E5B7EFDC7CF5
:1006E00021DFDB0BD4D2D38642E2D4F1F8B3DD684C
:1006F0006E83DA1FCD16BE815B26B9F6E177B06F47
:100700007747B718E65A0888706A0FFFCA3B066633
:100710005C0B0111FF9E658F69AE62F8D3FF6B61C0
:1007200045CF6C1678E20AA0EED20DD75483044E62
:10073000C2B30339612667A7F71660D04D476949F0
:10074000DB776E3E4A6AD1AEDC5AD6D9660BDF4003
:10075000F03BD83753AEBCA9C59EBBDE7FCFB247B6
:10076000E9FFB5301CF2BDBD8AC2BACA3093B3539B
:10077000A6A3B4240536D0BA9306D7CD2957DE54A4
:10078000BF67D9232E7A66B3B84A61C4021B685D7D
:10079000942B6F2A37BE0BB4A18E0CC31BDF055AF6
:1007A0008DEF022D443A5C55736572735C43686942
:1007B00072696B616C6F5C41524D5F70726F6A5C05
:1007C00053505244325F355C646973706C61792EAA
:1007D000630000005741524D55500D00414E5741A6
:1007E000524D0D005741524D55500D00CFD0CEC344
:1007F000D0C5C20D00000000494E2050524F475254
:100800004553530D0D00455246554C4C554E470D22
:100810000D00494E2050524F47524553530D0D0085
:10082000C2DBCFCECBCDDFC5D2D1DF0D0D000000B6
:10083000506C6561736520776169742E2E2E0042BD
:10084000697474652077617274656E2E2E2E005067
:100850006C6561736520776169742E2E2E00CFEE72
:10086000E6E0EBF3E9F1F2E020E6E4E8F2E52E2E33
:100870002E00000009000000000000000003FECF71
:10088000093E00000000003E0013000420F4E00FC9
:100890003E04200420F4E00F3E0420000FE030B0BE
:1008A000611843FCFF18423066203C19FC008601A9
:1008B00002818661FC180007C001307E0CC30281F2
:1008C00000C3007E15003C3C63C6C186C1C6C33C64
:1008D000C600680038006400C2033E0009C00F78FB
:1008E0003C0C4002800706803870E01F0BC000807F
:1008F00006E0018006C0000F000100010001E00FCA
:1009000000010001000105008000400F000100010E
:10091000000100010001000100010300C00900E026
:10092000001FF0000E0011F01FFC7FFEFF06C00646
:10093000C0FEFFFC7FF01F0D600030001800FCFFC0
:10094000FEFFFEFF1318C01CF01EF806FE06DF8631
:10095000CFFEC7FCC3F8C01118301C701EF086C152
:10096000C6C1FEFFFC7F783E13001C001FE0197813
:1009700018FEFFFEFFFEFF0018001811E031FE71A7
:10098000DEF0C6C0C6C1C6FF867F001F11F01FFC87
:100990007FFCFF86C186C19EFF1C7F183E110600AA
:1009A000060006F886FFE6FFFE077E000E001138FF
:1009B0003C7C7EFEFF86C186C1FEFF7C7E383C11FA
:1009C000F830FC71FEF306C306C3FE7FFC7FF01F08
:1009D00005183018300718300018F0000F00038099
:1009E00004800440082010201010200FC00CC00C00
:1009F000C00CC00CC00CC00CC00C0F10202010206C
:100A00001040088004800400030F18000C0006004A
:100A100006CE06038C0078001DC00F703018608C65
:100A20004FC498649026902288229EE49F64900C84
:100A300098180CF0071700C00038000FC00C380CD5
:100A4000060C380CC00C000F003800C011FEFF86E9
:100A5000C186C186C186C186C1CC63303E15E00F18
:100A600018300C6006C006C006C006C00C60183006
:100A7000200813FEFF06C006C006C006C006C00C54
:100A8000601830E00F11FEFF86C186C186C186C1A5
:100A900086C186C106C011FEFF86018601860186D9
:100AA0000186018601060015E00F18300C6006C0B3
:100AB00006C006C006C30C63183320FF11FEFF807A
:100AC0000180018001800180018001FEFF0702801A
:100AD000FEFF02800D007000C000C000C000C0FE1C
:100AE0007F11FEFF00068001E00118060618006075
:100AF00000800FFEFF00C000C000C000C000C000AA
:100B0000C013FEFF3800C003001C00E0001CC0033F
:100B10003800FEFF0FFEFF1C0060008003000C0089
:100B200070FEFF15E00F18300C6006C006C006C04E
:100B300006C00C601830E00F11FEFF060306030626
:100B400003060306038C01780015E00F18300C60D3
:100B500006C006C006D006D00C601878E08F13FEE1
:100B6000FF060306030603060306038C0570380020
:100B7000C0137818CC6086E086C186C106C106C362
:100B80000C62183C130600060006000600FEFF0675
:100B90000006000600060011FE3F006000C000C015
:100BA00000C000C00060FE3F1706003800C0010012
:100BB00006003800C000380006C001380006001FDB
:100BC0000E0070008003001C00F0000FF0000E000B
:100BD000F000000F00F0001C800370000E001702F0
:100BE00080044018302008C0060001C00620081804
:100BF00030044002801706000800300040008001E9
:100C000000FE800140003000080006001106E006EA
:100C1000D006CC06C286C166C016C00EC007FCFF57
:100C200004800480090E00F001001E00E00704802B
:100C30000480FCFF0B400038000600380040001321
:100C400000800080008000800080008000800080A4
:100C500000800702000400080011807840C460C6CC
:100C600060C660C660C6C07F00C00FFEFFC0606087
:100C7000C060C060C0C060803F0F803FC06060C087
:100C800060C060C060C0C0600F003FC06060C060F6
:100C9000C060C0C060FEFF0F803FC06660C660C617
:100CA00060C6C0C680670B60006000FCFF6600661F
:100CB000000FC04F60D86098609860986098E07F9F
:100CC0000FFEFFC000600060006000E000C0FF0396
:100CD000E6FF09008000800080F67F0FFEFF000421
:100CE0000003800C40102060008003FEFF17E0FF2F
:100CF000C000600060006000C0FFC00060006000D5
:100D00006000C0FF0FE0FFC000600060006000E016
:100D100000C0FF0F803FC06060C060C060C0C060A6
:100D2000803F0FE0FF60186018601860186018C0FE
:100D30000F0FC00F60186018601860186018E0FF8F
:100D400009E0FFC000600060000DC06360C660C6BF
:100D500060C460CCC0780B60006000FCFF60C060C5
:100D6000000FE07F00E000C000C000C00060E0FFB6
:100D70000FE0000003001C00E0001C0003E000176F
:100D8000E000000F00F000180007E0000007001866
:100D900000F0000FE0000F2080C060001B00040086
:100DA0001BC0602080112000C080008700780018E0
:100DB0000007C00020000D60E060D060CC60C26021
:100DC000C1E0C00B000C001EFCF30600060003FE91
:100DD000FF0B06000600FCF3001E000C0F0C0006C3
:100DE0000006000E000C000C00060009FEFF028049
:100DF0000280FEFF190600060006000600FEFFC680
:100E000000C600C6C0C6C0C0C08061003F0FFEFF64
:100E100006000600060006000600060005000000A9
:100E2000C00DE0FF600068006400620060000B001D
:100E30000000C00000000000C00B00C0000000C0A7
:100E4000000000C00F600060006000FEFF600060F6
:100E50000060000F608060806080FEFF60806080C6
:100E6000608011C006E00FDC76C6C6C6C006C00CA6
:100E700060301821FC00868102618619FC07C07E63
:100E800030C30C8102C3007E0000007E00C30081DD
:100E900000C3007E1F00C000C0FE7F0600060006E3
:100EA000000600FEFF80C180C180C180C180C100FA
:100EB00063003E090004001B803140401BFEFF80A0
:100EC00001800180018001FEFF80C180C180C1805E
:100ED000C180C10063003E11FEFF00038000E001FD
:100EE00018060418026000801706000600060006B7
:100EF00000FEFFC600C600C600C600800100FF114C
:100F0000FEFF00C000C000C000C000C000C0FEFF67
:100F1000110C00FEFFCC006C006C006000E0008053
:100F2000FF053C0002000520001E00093C000200F5
:100F30003C0002000920001E0020001E00090007DE
:100F4000800F800F00070D0004000400040004005F
:100F50000400041D00040004000400040004000454
:100F60000004000400040004000400040004000461
:100F700009FEFF02800280FEFF1502000200FE0053
:100F800002000200FE003E00C0003E00FE001D0008
:100F9000C000C0E07F6000600060006000E0FF0013
:100FA000C600C600C600C600C400780940408031B3
:100FB000001B000419E0FF0006000600060006E022
:100FC000FF00C600C600C600C600C400780FE0FFE0
:100FD00000040802840D421020600080110C00FE05
:100FE000FFCC006C0060006000E000C0FF0FE0FF7D
:100FF00000C000C000C000C000C0E0FF011502003A
:101000001CC060C080C3003C000C800360001C005A
:1010100002000FE000060F087008800C780607E059
:10102000000D007000C000C000C000E0FE3F0FB027
:1010300037E01C601860186018E01CB0370FFEFF26
:1010400006000600060006000600070003FEE10F8A
:10105000380FE618C6308661064304E60C3C11FEE4
:10106000FF86C186C186C186C186C186C106C017FA
:10107000E00F18300440C2873298129012902288F4
:1010800004401830E00F17F01F98318C6186C1863C
:10109000C186C106C006C00C60183020080F0004CD
:1010A000001B80314044001B803140400FC000C015
:1010B00000C000C000C000C000C00F09000C000C40
:1010C000000C000C17E00F18300440E29F2282222F
:1010D00082228EC29104401830E00F050000FEFF0E
:1010E000091C00220022001C000F00C300C300C323
:1010F000F0FF00C300C300C303FEFF03E6FF0DE0E3
:10110000FF60006000600060007C0011E0FFE0FF15
:10111000001000100010E00FE01F0010117800FC1C
:1011200000FE01FEFF06000600FEFF0600030003AE
:101130000F803FCC6660C660C660C6CCC680671BA9
:10114000FEFF3C00F0008003001E0078FEFF000060
:10115000E031183618361836F03311001FC06660BB
:10116000C660C660C660C0404080200F40408031ED
:10117000001B40448031001B0004050000E6FF1303
:101180007818CC6086E086C186C106C106C30C62B1
:10119000183C0DC06360C660C660C460CCC07807F0
:1011A0000C00E0FF0C001700C00038000FC00C3826
:1011B0000C060C380CC00C000F003800C011FEFFEC
:1011C00086C186C186C186C186C10663003E11FE06
:1011D000FF86C186C186C186C186C1CC63303E0F01
:1011E000FEFF0600060006000600060006001900C5
:1011F000C000F8FEC706C006C006C006C006C0068E
:10120000C0FEFF00C000C011FEFF86C186C186C1BE
:1012100086C186C186C106C01B02800440083030EA
:101220000C40028001FEFF80014002300C083004B7
:101230004002801318300C6006C086C186C186C18A
:10124000CCC17863003E0FFEFF0070001E8003F0EB
:10125000001C00FEFF0FFEFF0070011E8103F10065
:101260001C00FEFF11FEFF00038000E001180604D1
:1012700018026000801500C000C0FE7F0600060056
:101280000600060006000600FEFF13FEFF3800C041
:1012900003001C00E0001CC0033800FEFF11FEFF2D
:1012A000800180018001800180018001FEFF15E046
:1012B0000F18300C6006C006C006C006C00C6018CF
:1012C00030E00F11FEFF06000600060006000600D3
:1012D0000600FEFF11FEFF060306030603060306D3
:1012E000038C01780015E00F18300C6006C006C0B2
:1012F00006C006C00C601830200813060006000661
:10130000000600FEFF0600060006000600150200AB
:101310001CC060C080C3003C000C800360001C0047
:1013200002001B8003600C3018183018301830FE93
:10133000FF1830183018303018600C800317028006
:10134000044018302008C0060001C00620081830EC
:101350000440028015FEFF00C000C000C000C000B5
:10136000C000C0FEFF00C000C013FE010003000665
:1013700000060006000600060003FEFF17FEFF0041
:10138000C000C000C000C0FEFF00C000C000C00020
:10139000C0FEFF1BFEFF00C000C000C000C0FEFF7B
:1013A00000C000C000C000C0FEFF00C000C01506A5
:1013B0000006000600FEFF80C180C180C180C10020
:1013C00063003C13FEFF80C180C180C180C1006307
:1013D000003E0000FEFF0FFEFF80C180C180C18083
:1013E000C10063003E17200818300C6006C006C01C
:1013F00086C186C186C18C619831F01F17FEFF80BF
:10140000018001F00F1C300EE006C006C00EE01C8B
:1014100070E00F1370C08C3906050603060306033F
:1014200006030603FEFF11807840CC60C660C660EC
:10143000C660E6C07F00C00FF01FDC6066C066C0FB
:1014400066C0C660833F0FE0FF60C660C660C660CE
:10145000C660C6C0790DE0FF6000600060006000FB
:1014600060001300C000F0E0CF60C060C060C060EA
:10147000C0E0FF00C00F803FC06660C660C660C6A7
:10148000C0C680671720804040803000090006E019
:10149000FF000600098030404020800FC06060409F
:1014A00060C060C660C660E6C0790FE0FF00600003
:1014B00038000E8003C000E0FF0FE0FF0660083830
:1014C000080E8C03C600E0FF0FE0FF00040002805E
:1014D0000D4010206000801300C000C0E07F60005D
:1014E0006000600060006000E0FF13E0FFE001804A
:1014F0000F007C00C0007C800FE001E0FF0FE0FFE8
:1015000000060006000600060006E0FF0F803FC050
:101510006060C060C060C0C060803F0FE0FF6000DE
:101520006000600060006000E0FF0FE0FF60186096
:1015300018601860186018C00F0F803FC06060C04E
:1015400060C060C060C0C0600F600060006000E00C
:10155000FF600060006000112000E0808087007C58
:10156000001C8007E000200017801FC03040204092
:10157000204030E0FF4030402040204030801F0FAE
:101580002080C060001B0004001BC060208013E0AE
:10159000FF00C000C000C000C000C0E0FF00C000ED
:1015A000C00FE007000E000C000C000C000CE0FF68
:1015B00017E0FF00C000C000C000C0E0FF00C00096
:1015C000C000C000C0E0FF1BE0FF00C000C000C0C2
:1015D00000C0E0FF00C000C000C000C0E0FF00C0CD
:1015E00000C01360006000E0FF00C600C600C60037
:1015F000C600C4007813E0FF00C600C600C600C6DF
:1016000000C400780000E0FF0FE0FF00C600C60045
:10161000C600C600C40078118020404060C060C68B
:1016200060C660C6C066001F15E0FF0006000680A9
:101630003FC06060C060C060C0C060803F0FC083BA
:101640006066601C600C600C600CE0FF1100000024
:101650000000000000000000000000000007FECFB6
:10166000FECFFECF133E003E003E00000000000013
:10167000003E003E003E001B000660C660FEE0FF2C
:10168000F83FFEC77EFEE6FFF83FFE077E066606D1
:1016900060001538607CE0FEC0CEC1FEFFFEFF0694
:1016A000E706FE0E7E0C3C1F38807CC0FEE0C67054
:1016B000C63CFE1E7C0FB83BE07DF0FE78C61CC623
:1016C0000EFE067C02381F001C007E007FBCF3FC6F
:1016D000E1FEC3C6C7E6CF7EDE7EFC1CF000F8004C
:1016E000FF009F0007073E003E003E0011C007F0CC
:1016F0001FF83F3C781C700EE006C006C01106C003
:1017000006C00EE01C703C78F83FF01FC007174081
:10171000004000C004C00EF80F38033803C00FC0EB
:101720000EC00440001B8001800180018001800107
:10173000F83FF83FF83F800180018001800180017F
:101740000900B800F8007800381700030003000310
:101750000003000300030003000300030003000371
:101760000900E000E000E000E013008000E000F885
:10177000007FC01FF007FC013C000C0019E00FF8CF
:101780003FFC7F1EF00EE006C006C00EE01EF0FC1F
:101790007FF83FE00F1708C00CC00CC00CC0FEFF64
:1017A000FEFFFEFF00C000C000C000C0150CE00E30
:1017B000F006F806FC06CE06C78EC3FEC1FCC07854
:1017C000C0130CE08EE186C186C186C1CEE3FEFF68
:1017D0007C7F383C19000C000F800FC00DF00C7896
:1017E0000C3C0CFEFFFEFFFEFF000C000C13FEC1C4
:1017F000FEC1FEC186C186C386E3067F067F063C26
:1018000017E00FF83FFC7F3CF38EC186C186C1868E
:10181000E38E7F0C7F001E17060006C006F006FC54
:10182000063F860FE603F6003E001E000E0017007E
:101830003C387E7CFFFEE3C6C1C6C1CEC3FEE77E58
:101840007F3C7E003C17F000FC61FCE38EC306C3C6
:1018500006C306E39E79FC7FF83FE00F09703870FD
:1018600038703870380970B870F8707870381500B2
:1018700001000180038003C006C006600C600C708C
:101880001C3018156006600660066006600660067B
:101890006006600660066006153018701C600C60FB
:1018A0000CC006C0068003800300010001171C0065
:1018B0001E001E0006CC06CE06CF8603CE01FE001B
:1018C0007C0038001DC00FF03FF87F3C708CEFE6C5
:1018D000DFE29F3298129C16CFFEDFFC1FF81F003C
:1018E000101F00C000F000FC807FE00FFC0F7E0C9A
:1018F0001E0CFE0CFC0FE01F807F00FC00F000C0FF
:1019000017FEFFFEFFFEFF86C186C186C1CEC3FE65
:10191000E77CFF387E003C1BC007F01FF83F3C7897
:101920001C700EE006C006C006C006C006C00EE071
:101930000C6019FEFFFEFFFEFF06C006C006C006D3
:10194000E00EE01C70FC7FF83FE00F17FEFFFEFF8B
:10195000FEFF86C186C186C186C186C186C106C01A
:1019600000C017FEFFFEFFFEFF0603060306030688
:101970000306030603060306001BC007F01FF83F1B
:101980003C781C700EE006E006C306C306C306FFE3
:101990000EFF0C7F17FEFFFEFFFEFF80018001801F
:1019A0000180018001FEFFFEFFFEFF1706C006C09A
:1019B00006C006C0FEFFFEFFFEFF06C006C006C052
:1019C00006C01300C006C006C006C006C006E0FE82
:1019D000FFFE7FFE1F1BFEFFFEFFFEFF8003E007F2
:1019E000F00F781E3C3C1E780EF006E002C000802E
:1019F00017FEFFFEFFFEFF00C000C000C000C000D9
:101A0000C000C000C000C01BFEFFFEFFFEFFFE00C6
:101A1000FC07E01F001EC01FF807FE00FEFFFEFFD0
:101A2000FEFF19FEFFFEFFFEFF7E00F801E003C08F
:101A30000F003F00FCFEFFFEFFFEFF1BE00FF83F24
:101A4000FC7F1C700EE006C006C006C00EE01C70D5
:101A5000FC7FF83FE00F17FEFFFEFFFEFF060306C8
:101A600003060386038E03FE01FC0178001DE00FD0
:101A7000F83FFC7F1C700EE006C006C006C00EE0FA
:101A80001CF0FC7FF8FFE0EF00C019FEFFFEFFFE38
:101A9000FF06030603060F8E1FFE3DFC7878F0005C
:101AA000E000C0177860FCE0FEE0CEC186C186C3CE
:101AB00086C306E70E7F0C7E003C1B060006000670
:101AC0000006000600FEFFFEFFFEFF060006000601
:101AD000000600060017FE1FFE7FFE7F00E000C02C
:101AE00000C000C000E0FE7FFE7FFE1F1F02001E40
:101AF000007E00FC03F00F807F00FE00F800FC80F9
:101B00007FF00FFC037E001E0002001F0E00FE0788
:101B1000FEFFC0FF00FCC0FFF01FF001F03FE0FF40
:101B200000FCC0FFFEFFFE030E001F028006C00E79
:101B3000E03EF87C3CF01EE00FC007E00FF01E7C9A
:101B40007C1EF80EE006C002801F02000E001E0080
:101B50007E00F801E0FF80FFC0FFE001F0007800A8
:101B60001E000E00060002001B00E006F006F8064C
:101B7000FC06DE06CFC6C7E6C1F6C07EC03EC01E6C
:101B8000C00EC011FEFFFEFFFEFF06C006C006C06D
:101B900006C006C0170C001C007C00F801E00380A2
:101BA0000F003F007C00F000E000801106C006C07E
:101BB00006C006C006C0FEFFFEFFFEFF19000400BF
:101BC00007C007E003F8003E003E00F800E003C055
:101BD00007000700041F00C000C000C000C000C014
:101BE00000C000C000C000C000C000C000C000C0F5
:101BF00000C000C00902000600060004001B0038F7
:101C0000607E70FE30E730C330C330C33063F07F96
:101C1000E0FFE0FF00C000C017F0FFF0FFF0FF00A2
:101C2000E600C300C300C300E700FF007E003C19CC
:101C3000801FC03FE07FE07070E030C030C030C037
:101C400030C030C070E0606017003C007E00FF00D4
:101C5000E700C300C300C300E7F0FFF0FFF0FF1789
:101C6000801FC03FE07FF0E630E630C630C670C669
:101C7000F0C7E0E7806715000300030003E0FFF012
:101C8000FFF0FF300330033003300317C007E04F8D
:101C9000F0DF70DC30D830D830D870CCF0FFF07F77
:101CA000F03F17F0FFF0FFF0FF0006000300030015
:101CB00003000300FF00FF00FE0D000300033003DC
:101CC00030FF30FF30FF0F004000C300C330C3308F
:101CD000FF307F303F19F0FFF0FFF0FF0018003CAD
:101CE000003E007F00F700E300C1008000800B1081
:101CF000001000F0FFF0FFF0FF1BF0FFF0FFF0FF1F
:101D0000F0003000F0FFF0FFE0FFF0003000F0FFE7
:101D1000F0FFE0FF17F0FFF0FFF0FFE00070003091
:101D20000030007000F0FFE0FFC0FF19801FC03FCF
:101D3000E07FF0F070E030C030C070E0F0F0E07FA5
:101D4000C03F801F17F0FFF0FFF0FF601C3018301D
:101D5000183018701CF01FE00FC00717C007E00F05
:101D6000F01F701C301830183018700CF0FFF0FFA6
:101D7000F0FF15F0FFF0FFF0FFE0007000300030E2
:101D800000F000F000F00015C061E0E3F0C330C7E0
:101D900030C730C630EE30FE307C003813C000C093
:101DA00000F07FF0FFF0FFC0C0C0C0C0C0C0C017CF
:101DB000F03FF07FF0FF00E000C000C000E00070E6
:101DC000F0FFF0FFF0FF1B1000F000F003F00F80B9
:101DD0007F00FE00F000FC007FE00FF003F0001039
:101DE000001F7000F00FF0FFC0FF00F880FFE01F41
:101DF000E001E01FC0FF00FC00FFF0FFF007300033
:101E00001B108030C070E0F0F8E03F801F000F80B2
:101E10003FE079F0F070E030C0108017100070C023
:101E2000F0C1E0E780FF007E801FC007F001700076
:101E300010001930C030E030F030F830DC30CE30F7
:101E4000C7B0C3F0C1F0C070C030C01180018001C4
:101E5000FC7FFEFF7EFE06C006C006C007FEFFFE3A
:101E6000FFFEFF1106C006C006C07EFEFEFFFC7F1F
:101E700080018001150003800380018001800380C0
:101E800003000300038003800113F8FFF8FF0880BC
:101E90000880088008800880F8FFF8FF1D180018E7
:101EA0000018001800F8FFF8FFF8FF980398C19891
:101EB000C198E380FF007F003E190E000F00030071
:101EC00007003FF0FCFFC0FFF0017E001F0007008D
:101ED00001000900E000E000E000E017E0FFE0FFA3
:101EE000E0FF64006600670063006100600060005E
:101EF00060001500E000E000E000E00000000000ED
:101F0000E000E000E000E01B00C000C000C00000F6
:101F1000000000C000C000C00000000000C000C001
:101F200000C017C000C000C000C000FEFFFEFFFEE2
:101F3000FFC000C000C000C00017C030C030C030BB
:101F4000C030FEFFFEFFFEFFC030C030C030C030EA
:101F50001BC006E00FF83FFC7FDC76CEE6C6E6C687
:101F6000C6C6C6C6C6C6C00EE00C601F7C80FEE0BA
:101F70008278FE1E7C7FC0FFF0823CFE0E7C020059
:101F8000007C00FE008200FE007C1F00C000C0F844
:101F9000FFF8FFF87F18001800F8FFF8FFF8FF00BF
:101FA000C300E700FF007E003C0F0004000E001F8E
:101FB000803BC071C06040401DF8FFF8FFF8FF0093
:101FC000030003F8FFF8FFF8FF00C300C300E700B9
:101FD0007F007E003C19F8FFF8FFF8FF0003810343
:101FE000C107E01EF03C787838F018C000801B185C
:101FF0000018001800F8FFF8FFF8FF180398019880
:1020000001800180FF80FF00FF19F8FFF8FFF8FF53
:1020100000C000C000C000C000C000C0F8FFF8FF52
:10202000F8FF1B04000400FFFFFFFFFFFFC401E4F3
:1020300000640064006000E0FFE0FFC0FF093C00B6
:102040003F003F0039000927003F003F000F001507
:102050003E003F003F003900000000003E003F000E
:102060003F0039001527003F003F001F000000001F
:102070000027003F003F001F0011000F000F801FCE
:10208000801F801F801F000F000F1700020002003A
:102090000200020002000200020002000200020030
:1020A000021B000200020002000200020002000205
:1020B00000020002000200020002000213F8FFF812
:1020C000FF08800880088008800880F8FFF8FF1B60
:1020D00002000200FE00FE00FE000200FE00FE0004
:1020E0007E007C00FE00FE00FE001F00C000E0E05D
:1020F000FFE07FE01F6000E0FFE0FFE0FF00C600C0
:10210000C600EE00FE007C00380F4040C060C07189
:10211000803B001F000E00041DE0FFE0FFE0FF0019
:10212000060006E0FFE0FFE0FF00C600C600EE008C
:10213000FE007C003817E0FFE0FFE0FF0406060722
:10214000871FC33FE179E0F060C000801B040004FA
:1021500000FFFFFFFFFFFFC401E4006400600060B8
:1021600000E0FFE0FFC0FF15E0FFE0FFE0FF00C080
:1021700000C000C000C0E0FFE0FFE0FF011F08005A
:1021800038C078C0F8C1E1E781FF017E013E011F40
:102190008107E003F0007800180008001B2000E031
:1021A00000E303C70F0E3F0CFC0CF00EFC073FC30F
:1021B0000FE003E00020001300C018C018C018C0D2
:1021C00018C018E0F8FFF87FF83F190810D81BF87E
:1021D0001FF00F700E300C300C700EF00FF81FD87F
:1021E0001B081017F8FFF8FFF8FF18001800180078
:1021F000180018001F001F001F00077FF87FF87FDE
:10220000F8153807FC0FFE1FE61CC638C63186716C
:1022100086FF06FF00C617F8FFF8FFF9FF19C3197C
:10222000C318C318C318C319C319C001C021F00FC4
:10223000FC3FFE7F1E78E7E7F7EF73CE33CC33CC5D
:1022400033CC37EC07E01E78FE7FFC3FF00F1B809D
:102250000FE03FF07F707338E338E318C318C318FA
:10226000C318C318C038E03060190004000E001F06
:10227000803BC071C064404E001F803BC071C06095
:1022800040401B800180018001800180018001802D
:1022900001800180018001801F801F801F170003C3
:1022A0000003000300030003000300030003000316
:1022B0000003000319F001F8030C06060CFA0BFAF0
:1022C0000BCA09FA0B360E0C06F803F0011718C0FA
:1022D00019C019C019C0F8FFF8FFF8FF19C019C0DC
:1022E00019C018C00D1C003E00220022003E001C38
:1022F000001BC030C030C030C030C030F837F837B5
:10230000F837C030C030C030C030C0301718C018E7
:10231000C018C018C0F8FFF8FFF8FF18C018C018A0
:10232000C018C00F6000600060006300E3FFE3FFBF
:10233000E3FF19E0FFE0FFE0FF6000600060006085
:1023400000600060007C007C007C0015F0FFF0FF66
:10235000F0FF001C00180018001CF01FF01FF01FF9
:10236000153C007E00FE00FE00FEFFFEFF020002A4
:1023700000FEFFFEFF09000E000E000E000E17000B
:102380001E807F807FC0EDD0CCD0CCD0CCC0CDD053
:10239000CF90CF104F1DFEFFFEFFFC01E00F007F2E
:1023A000FEFFFEFF0000C0CFE0DFE0DFE0DFE0DFA8
:1023B000C0CF17001FC07FC07FE0E660E660C66048
:1023C000C660C660C060E06060194040C060C07117
:1023D000803B001F404EC064C071803B001F000E58
:1023E000000413000060006000600060006300E310
:1023F000FFE3FFE3FF17E060F0E1F8E198C318C3E3
:1024000018C718C618E638FE307C003815C061C001
:10241000E3E0C760C660C660CE60CC60FC607C0054
:1024200038136000600066006600E6FFE0FFE6FF2C
:10243000060006001F008000F000FC807FE00FFC1B
:102440000F7E0C1E0CFE0CFC0FE01F807F00FC00BA
:10245000F0008017FEFFFEFFFEFF86C186C186C129
:1024600086C186E3867F067F001E17FEFFFEFFFE05
:10247000FF86C186C186C1CEC3FEE77CFF387E00E1
:102480003C17FEFFFEFFFEFF0600060006000600EA
:1024900006000600060006001F00C000C000F00095
:1024A000FEFEFFFEDFFEC106C006C006C0FEFFFE48
:1024B000FFFEFF00C000C017FEFFFEFFFEFF86C14B
:1024C00086C186C186C186C186C106C000C01F06FE
:1024D000800EE03EF87CFEF81FE007FEFFFEFFFEE8
:1024E000FFE007F81F7CFE1EF80EE00680170CE0E8
:1024F0000EE086C186C186C186C186C3CEE3FE7F5B
:102500007C7F383E19FEFFFEFFFEFF007C003F800F
:102510000FE003F8017C00FEFFFEFFFEFF19FEFF47
:10252000FEFFFEFF007C023F820FE203FA017C0007
:10253000FEFFFEFFFEFF19FEFFFEFFFEFF8001C053
:1025400003E007780F7C3E1E7C0EF006E000801949
:1025500000C000C000E0FEFFFE7FFE1F0600060078
:102560000600FEFFFEFFFEFF1BFEFFFEFFFEFFFE5E
:1025700000FC07E01F001EC01FF807FE00FEFFFE64
:10258000FFFEFF17FEFFFEFFFEFF800180018001BE
:1025900080018001FEFFFEFFFEFF1BE00FF83FFC05
:1025A0007F1C700EE006C006C006C00EE01C70FC6A
:1025B0007FF83FE00F17FEFFFEFFFEFF060006005C
:1025C000060006000600FEFFFEFFFEFF17FEFFFEF0
:1025D000FFFEFF06030603060386038E03FE01FCCF
:1025E0000178001BC007F01FF83F3C781C700EE01C
:1025F00006C006C006C006C006C00EE00C601F067E
:102600000006000600060006000600FEFFFEFFFEB4
:10261000FF0600060006000600060006001F020076
:102620000EC03EC0FCC0F0E3C0FF007F003F800F43
:10263000E003F8017C001E000E0002001FC007E04E
:102640000FF01F383838381830FEFFFEFFFEFF1835
:102650003038383838F01FE00FC0071F028006C03E
:102660000EE03EF87C3CF01EE00FC007E00FF01ECD
:102670007C7C1EF80EE006C002801BFEFFFEFFFE03
:10268000FF00C000C000C000C000C0FEFFFEFFFE93
:10269000FF00C000C017FE01FE03FE070007000692
:1026A000000600070003FEFFFEFFFEFF1BFEFFFE0D
:1026B000FFFEFF00C000C0FEFFFEFFFEFF00C000E7
:1026C000C0FEFFFEFFFEFF1FFEFFFEFFFEFF00C07D
:1026D00000C0FEFFFEFFFEFF00C000C0FEFFFEFFC9
:1026E000FEFF00C000C01906000600FEFFFEFFFE50
:1026F000FF80C180C180C180E3807F007F003E19E0
:10270000FEFFFEFFFEFF80C180C180E3807F007F6F
:10271000001EFEFFFEFFFEFF17FEFFFEFFFEFF8016
:10272000C180C180C180C180E3807F007F001E190D
:102730000C600EE006C086C186C186C18EE18EE1C6
:102740009C79FC3FF81FE00F1FFEFFFEFFFEFF809D
:1027500001F00FFC3FFC7F1EF006C006C006C01E45
:10276000F0FC7FF83FE00F1B008000C078E0FCF138
:10277000FC798E3D860F060706030603FEFFFEFF6B
:10278000FEFF1B0038607E70FE30E730C330C33080
:10279000C33063F07FE0FFE0FF00C000C019801F7E
:1027A000C07FE07FF0E670C330C330C330C330E792
:1027B000307F307E003C17F0FFF0FFF0FF30C63076
:1027C000C630C630C630CFF0FFF0FDE07917F0FF1D
:1027D000F0FFF0FF300030003000300030003000FB
:1027E000300030001B00C000E000FCF0FFF0DFF024
:1027F000C330C030C0F0FFF0FFF0FF00C000C017D2
:10280000801FC03FE07FF0E630E630C630C670C6BD
:10281000F0C7E0E780671F008030C0F0F0F0FBC039
:102820003F001FF0FFF0FFF0FF001FC03FF0FBF084
:10283000F030C0008015606070E030C330C330C33A
:1028400030C330E7F0FFF07FE03C17F0FFF0FFF01F
:10285000FF003C001E000F8007C003F0FFF0FFF0F8
:10286000FF17F0FFF0FFF0FF003C101E100F900765
:10287000C003F0FFF0FFF0FF17F0FFF0FFF0FF00E4
:10288000060007C01FE03FF07970F030C0008019EB
:1028900000C000E000F8F07FF03FF00F30003000A3
:1028A0003000F0FFF0FFF0FF19F0FFF0FFF0FFF055
:1028B00007800F003C003C800FF007F0FFF0FFF0B6
:1028C000FF17F0FFF0FFF0FF00060006000600060D
:1028D0000006F0FFF0FFF0FF19801FC03FE07FF01F
:1028E000F070E030C030C070E0F0F0E07FC03F80BA
:1028F0001F17F0FFF0FFF0FF300030003000300015
:102900003000F0FFF0FFF0FF17F0FFF0FFF0FF6086
:102910001C301830183018701CF01FE00FC0071959
:10292000801FC03FE07FE07070E030C030C030C03A
:1029300030C030C070E060601B30003000300030CC
:10294000003000F0FFF0FFF0FF30003000300030CA
:1029500000300019100070C0F0C1F0C3C0FF007F4C
:10296000003E800FE003F001700010001BC007F074
:102970001FF01F301C3018F0FFF0FFF0FF30183050
:1029800018F01FF01FC0071B108030C070E0F0F07F
:10299000E07F801F000F803FE079F0F070E030C0F2
:1029A000108019F0FFF0FFF0FF00C000C000C00071
:1029B000C0F0FFF0FFF0FF00C000C017F003F00709
:1029C000F00F000E000C000C000C000EF0FFF0FFEA
:1029D000F0FF1BF0FFF0FFF0FF00C000C0F0FFF0C1
:1029E000FFF0FF00C000C0F0FFF0FFF0FF1FF0FF9E
:1029F000F0FFF0FF00C000C0F0FFF0FFF0FF00C0EC
:102A000000C0F0FFF0FFF0FF00C000C01730003042
:102A100000F0FFF0FFF0FF00C600C600E600FE0079
:102A20007C003C19F0FFF0FFF0FF00C600C600E696
:102A300000FE007C0038F0FFF0FFF0FF15F0FFF023
:102A4000FFF0FF00C600C600C600C600FE007C0006
:102A50003C17606070E030C030C630C630C630E62B
:102A600070F6E07FE03F801F1DF0FFF0FFF0FF00F9
:102A700006801FE07FF0FF70E030C030C070E0F0F3
:102A8000FFE07F801F170080E0E1E0FBF0FF303FB8
:102A9000300E30063006F0FFF0FFF0FF210000009E
:102AA0000000000000000000000000000000000026
:102AB000000000000000000000000000001DFE0FEC
:102AC000007EFEFF1F7EFEFF7F7EFEFF7F7EFEFFFD
:102AD0007F7EFEFF3F7EFE0F007E49FE000000FE6F
:102AE000070000FE070000FE070000FE070000FED2
:102AF000070000FE000000000000000000000000D1
:102B000000000000000000FE000000FE070000FEC4
:102B1000070000FE070000FE070000FE070000FEA1
:102B200000000065001E7800001E7860001E787EA0
:102B3000001EF87F001EFF7F00FEFF7F80FFFF1F4B
:102B4000F8FFFF01FEFF7F00FEFF7800FE1F780008
:102B5000FE1E78000E1E7860001E787E001EF87F34
:102B6000001EFF7F00FEFF7F80FFFF1FF8FFFF01B9
:102B7000FEFF7F00FEFF7800FE1F7800FE1E78003B
:102B80000E1E7800001E78005D0000C000C00FC05F
:102B900003E03FC007F07FE00FF8FFE01FFCFFE01D
:102BA0003FFCFFC13FFEF8813FFEF0017F7EE00366
:102BB0007EFFFFFFFFFFFFFFFFFFFFFFFF7EC0075E
:102BC0007EFEC0077EFCC1073FFC838F3FFC83FF76
:102BD0003FF883FF1FF001FF0FE001FF0F8001FEB0
:102BE000070000F8017DE00F0000F83F0000FC7FC7
:102BF0000000FEFF00001EF000000EE000000EE0EE
:102C000000401EF00070FEFF007CFC7F007FF83F5C
:102C1000C07FE00FF01F0000FC070000FF0100C0B4
:102C20007F0000F01F0000FC070000FF0100C07FD4
:102C30000000F01FF007FC07FC1FFE01FE3F7E00B6
:102C4000FF7F1E000F78060007700000077000006D
:102C50000F780000FF7F0000FE3F0000FC1F000017
:102C6000F007810000F0010000FC070000FE0F00EB
:102C700000FE1FC003FF1FE08FFF3FF09FFF3FF8E4
:102C8000FF0F3FF8FF077EF8FF037CFCFF037C7C0F
:102C9000FE037C3CF8077C3CF00F7C3CF81F7C3C3E
:102CA000F83F7E7CFC7F7EFCFFFF3FF83FFF3FF854
:102CB0003FFE3FF81FFC1FF00FF80FE00FF00FC0B2
:102CC00003FC0F0000FE1F0000FE3F0000FE3F005F
:102CD000007C7F00001C7E0000001E0000000C0035
:102CE0000000041DFC010000FC0F0000FC0F0000B0
:102CF000FC0F0000FC0F0000FC0F0000FC010000B6
:102D00003100F00F0000FC7F0000FFFF01C0FFFF5B
:102D100007E0FFFF0FF0FFFF1FF8FFFF3FFC0FE092
:102D20007FFC01007F3C0000781C00006004000074
:102D30004031040000401C0000603C000078FC01B1
:102D4000007FFC0FE07FFCFFFF3FF0FFFF1FE0FF75
:102D5000FF0FC0FFFF0700FFFF0100FC7F0000F036
:102D60000F00410080000000E0100000E03800008B
:102D7000C0390000C07D0000C03F0000FC1F000003
:102D8000FC070000FC070000BC0F0000803F0000B3
:102D9000C07D0000C0390000E0380000E0100000F5
:102DA0008000006500C00F0000C00F0000C00F00D1
:102DB00000C00F0000C00F0000C00F0000C00F00D7
:102DC00000C00F0000C00F0080FFFF0780FFFF075B
:102DD00080FFFF0780FFFF0780FFFF0780FFFF07DF
:102DE00080FFFF0700C00F0000C00F0000C00F00F1
:102DF00000C00F0000C00F0000C00F0000C00F0097
:102E000000C00F0000C00F00210000000000000003
:102E10003F0000003F0000003F0000003F000000B6
:102E2000FF000000FF000000FF3100C00F0000C0E5
:102E30000F0000C00F0000C00F0000C00F0000C056
:102E40000F0000C00F0000C00F0000C00F0000C046
:102E50000F0000C00F0000C00F001D000000FC00AC
:102E60000000FC000000FC000000FC000000FC0072
:102E70000000FC000000FC39000000600000007C45
:102E80000000807F0000F87F0000FF7F00E0FF1F50
:102E900000FCFF03C0FF7F00F8FF0F00FCFF0100F4
:102EA000FC1F0000FC0300007C0000000C00000080
:102EB0005D00F83F0000FFFF01C0FFFF07E0FFFFDC
:102EC0000FF0FFFF1FF8FFFF3FF8FFFF3FF807C0BD
:102ED0003FFC01007FFC00007EFC00007EFC000047
:102EE0007EFC00007EFC00007EFC01007FF807C035
:102EF0003FF8FFFF3FF8FFFF3FF0FFFF1FE0FFFF3E
:102F00000FC0FFFF0700FFFF0100F83F0041007EF8
:102F10000000003E0000003F0000003F0000801F56
:102F20000000801F0000C00F0000E0070000E00369
:102F30000000F8FFFF7FFCFFFF7FFCFFFF7FFCFF2F
:102F4000FF7FFCFFFF7FFCFFFF7FFCFFFF7F5D003B
:102F5000000060000E0078800F007EE00F007FF020
:102F60000F807FF00FC07FF80FC07FF80FE07FFC6D
:102F700003F07FFC01F87FFC00FC7EFC007C7EFC03
:102F8000003E7EFC003F7EFC811F7EFCC30F7EFC6A
:102F9000FF077EF8FF077EF8FF037EF0FF017EE06B
:102FA000FF007EC07F007E801F007E5D0000C000AD
:102FB0000006E0038007E007E007E00FF00FE01FE6
:102FC000F00FE03FF80FE03FF80F803FFC03007F79
:102FD000FC81037EFCC0037EFCC0037EFCE0037E1C
:102FE000FCF1037EFCFF077FF8FF8F3FF8FFFF3FF8
:102FF000F07FFF3FE03FFE1FC01FFE1F800FFC0F52
:103000000000F8070000F001650000F8010000FC76
:10301000010000FE010000FF010080FF0100E0FF51
:103020000100F0F70100F8F30100FCF10100FEF0EF
:1030300001807FF001C01FF001E00FF001F007F008
:1030400001F8FFFF7FFCFFFF7FFCFFFF7FFCFFFF1E
:103050007FFCFFFF7FFCFFFF7FFCFFFF7F0000F096
:10306000010000F0010000F0010000F0015D00002F
:10307000C0000000E60300E0EF0700FEEF0FF0FFE6
:10308000EF1FFCFFEF3FFCFFEF3FFCFF8F7FFCFFDC
:10309000077FFCEF037EFCE0037EFCF0037EFCF088
:1030A000037EFCF0037EFCF0077FFCF08F3FFCF01A
:1030B000FF3FFCE0FF3FFCE0FF1FFCC0FF0FFC8078
:1030C000FF070000FF030000FC005D00F83F000068
:1030D000FFFF0180FFFF07E0FFFF0FE0FFFF1FF092
:1030E000FFFF1FF8FFFF3FF8071F3FFC811F7FFC1A
:1030F000810F7EFCC00F7EFCC00F7EFCC00F7EFCEB
:10310000C00F7EFCC11F7EFCC71F7FF887FF3FF802
:1031100087FF3FF087FF3FE007FF1FC007FE0F005C
:1031200003FC070000F0015DFC000000FC00000053
:10313000FC000000FC000000FC000078FC00807F28
:10314000FC00F07FFC00FC7FFC00FF7FFC80FF7F29
:10315000FCE0FF7FFCF0FF03FCF83F00FCFC0700F5
:10316000FCFE0100FC7F0000FC3F0000FC0F0000A3
:10317000FC070000FC030000FC0000007C000000D5
:103180003C0000005D0000F0018007FC07E01FFE2E
:103190000FF03FFF1FF03FFF1FF8FFFF3FF8FFFF5B
:1031A0003FFCFF0F7FFCF8037C7CF001783CE001E2
:1031B000783CE001783CE001787CF00178FCF80391
:1031C0007CFCFF077EF8FFFF3FF8FFFF3FF03FFF6B
:1031D0001FF03FFF1FE01FFE0F8007FC070000F8F5
:1031E000015D001F0000C07F8001E0FFC007F0FF0D
:1031F000C10FF8FFC31FF8FFC33FF8FFC33FFCF147
:10320000C77FFCF0077FFCE0077EFCE0077EFCE068
:10321000077EFCE0077EFCE0037EFCE1033FF8F163
:10322000C13FF8FFFF3FF0FFFF1FF0FFFF0FE0FF80
:10323000FF0FC0FFFF0300FFFF0100F83F001D006C
:103240007E003F007E003F007E003F007E003F008A
:103250007E003F007E003F007E003F21007E003F59
:10326000007E003F007E003F007E003F007E00FFAA
:10327000007E00FF007E00FF000000006100C00F24
:103280000000C00F0000C00F0000E01F0000E01FA2
:103290000000E01F0000F03F0000F03F0000F03EA3
:1032A0000000F87C0000F87C0000FCFC00007CF8CA
:1032B00000007CF800007EF801003EF001003EF0C6
:1032C00001003FF003003FF003001FE003801FE018
:1032D00007801FE007800FC007C00FC00F6500FC0C
:1032E000F00300FCF00300FCF00300FCF00300FC22
:1032F000F00300FCF00300FCF00300FCF00300FC12
:10330000F00300FCF00300FCF00300FCF00300FC01
:10331000F00300FCF00300FCF00300FCF00300FCF1
:10332000F00300FCF00300FCF00300FCF00300FCE1
:10333000F00300FCF00300FCF00300FCF00300FCD1
:10334000F00361C00FC00F800FC007801FE007802F
:103350001FE007001FE003003FF003003FF0030001
:103360003EF001003EF001007EF801007CF8000014
:103370007CF80000FC7C0000F87C0000F87C000079
:10338000F03C0000F03F0000F03F0000E01F0000B4
:10339000E01F0000E01F0000C00F0000C00F000091
:1033A000C00F0065000E0000800F0000C00F00007D
:1033B000E00F0000F00F0000F00F0000F80F000019
:1033C000F8070000FC01787EFC017E7EFC007F7E19
:1033D000FC007F7EFC807F7EFCC07F7EFCC07F7E09
:1033E000FCE00F00FCF10700F8F90300F8FF010012
:1033F000F8FF0100F0FF0000F07F0000E07F000018
:10340000C03F0000000F00008100C03F0000F8FF37
:103410000000FEFF0300FFFF07803FE00FC0070032
:103420001FE0831F3EF0E07F3CF0F8FF7878FCFF60
:1034300078387EF071383EE0713C1FE0E11C0FE00F
:10344000E11C0FE0E01C0FF0E01C0F78E01C1EFEFA
:10345000E01CFCFFE11CFEFFE11CFFFFE138FFFF69
:10346000E138FFC371780FC070F000E078F00178A8
:1034700078E0077E3CC0FF3F3E80FF1F1E00FF0735
:103480000E00FC0106000000027D0000004000006C
:1034900000780000007E0000807F0000F07F0000C8
:1034A000FC7F0000FF7F00E0FF0F00F8FF0300FE3D
:1034B000FF00C0FFFF00F0FFFF00FCFFFC00FC1F4F
:1034C000FC00FC07FC00FC00FC00FC07FC00FC1FEF
:1034D000FC00FCFFFC00F0FFFF0080FFFF0000FE8F
:1034E000FF0000F8FF0300C0FF0F0000FF7F000097
:1034F000FC7F0000E07F0000807F0000007E000075
:1035000000700000004075FCFFFF7FFCFFFF7FFCA8
:10351000FFFF7FFCFFFF7FFCFFFF7FFCFFFF7FFCC7
:10352000FFFF7FFCC00F7EFCC00F7EFCC00F7EFC47
:10353000C00F7EFCC00F7EFCC00F7EFCC00F7EFC67
:10354000C00F7EFCC00F7EFCC00F7EFCC00F7EFC57
:10355000C00F7EFCE10F7EFCF11F7FFCFF1F7FF898
:10356000FFFF3FF8FFFE3FF0FFFE3FE07FFC1FC084
:103570003FFC0F800FF8070000E0037D00F01F0004
:1035800000FC7F0000FFFF0180FFFF03C0FFFF077B
:10359000E0FFFF0FE0FFFF1FF01FF01FF807C03F25
:1035A000F803803FF801003FF801007FFC00007E37
:1035B000FC00007EFC00007EFC00007EFC00007E23
:1035C000FC00007EFC00007EFC00007FFC01007F10
:1035D000F803803FF803C03FF80FF03FF01FF81FDB
:1035E000F01FF81FE01FF00FC01FF007800FF0035F
:1035F000000FE0000008200075FCFFFF7FFCFFFFCC
:103600007FFCFFFF7FFCFFFF7FFCFFFF7FFCFFFFD6
:103610007FFCFFFF7FFC00007EFC00007EFC0000C2
:103620007EFC00007EFC00007EFC00007EFC0000B2
:103630007EFC00007EFC00007EFC00007EFC0100A1
:103640007EFC01007FF803003FF807803FF81FE091
:103650003FF0FFFF1FF0FFFF1FE0FFFF0FC0FFFF66
:103660000780FFFF0300FEFF0000F01F006DFCFF5E
:10367000FF7FFCFFFF7FFCFFFF7FFCFFFF7FFCFF66
:10368000FF7FFCFFFF7FFCFFFF7FFCC00F7EFCC0C5
:103690000F7EFCC00F7EFCC00F7EFCC00F7EFCC006
:1036A0000F7EFCC00F7EFCC00F7EFCC00F7EFCC0F6
:1036B0000F7EFCC00F7EFCC00F7EFCC00F7EFCC0E6
:1036C0000F7EFCC00F7EFCC00F7EFCC00F7EFCC0D6
:1036D0000F7EFC00007E0000007E61FCFFFF7FFC8F
:1036E000FFFF7FFCFFFF7FFCFFFF7FFCFFFF7FFCF6
:1036F000FFFF7FFCFFFF7FFCE00700FCE00700FC12
:10370000E00700FCE00700FCE00700FCE00700FC2D
:10371000E00700FCE00700FCE00700FCE00700FC1D
:10372000E00700FCE00700FCE00700FCE00700FC0D
:10373000E00700FC000000FC0000008100E00F003A
:1037400000FC7F0000FFFF0180FFFF03C0FFFF07B9
:10375000E0FFFF0FE0FFFF0FF01FF81FF007E01F73
:10376000F803C03FF803803FF801003FFC01003F31
:10377000FC00007EFC00007EFC00007EFC00007E61
:10378000FC00007EFC003F7EFC003F7EFC003F7E94
:10379000FC013F7EFC013F7EF8033F3FF8073F3FBF
:1037A000F80F3F3FF01FFF1FF01FFF1FE01FFF1F1D
:1037B000C01FFF0F800FFF07000FFF076DFCFFFF0B
:1037C0007FFCFFFF7FFCFFFF7FFCFFFF7FFCFFFF15
:1037D0007FFCFFFF7FFCFFFF7F00E0070000E007AA
:1037E0000000E0070000E0070000E0070000E0073D
:1037F0000000E0070000E0070000E0070000E0072D
:103800000000E0070000E0070000E00700FCFFFF09
:103810007FFCFFFF7FFCFFFF7FFCFFFF7FFCFFFFC4
:103820007FFCFFFF7FFCFFFF7F1DFCFFFF7FFCFF96
:10383000FF7FFCFFFF7FFCFFFF7FFCFFFF7FFCFFA4
:10384000FF7FFCFFFF7F590000E0010000E0070060
:1038500000E00F0000F01F0000F03F0000F03F000C
:1038600000F03F0000807F0000007F0000007E002D
:1038700000007E0000007E0000007E0000007F004F
:1038800000807FFCFFFF3FFCFFFF3FFCFFFF3FFC92
:10389000FFFF1FFCFFFF0FFCFFFF07FCFFFF01798D
:1038A000FCFFFF7FFCFFFF7FFCFFFF7FFCFFFF7F34
:1038B000FCFFFF7FFCFFFF7FFCFFFF7F00E03F007E
:1038C00000F01F0000F00F0000F8070000FC0300EC
:1038D00000FE030000FF070080FF1F00C0FF3F0045
:1038E000E0FF7F00F0DFFF01F88FFF03F807FF071D
:1038F000FC03FC1FFC01F83FFC00F07F7C00C07F54
:103900007C00807F3C00007F1C00007C0C00007865
:10391000040000700000004065FCFFFF7FFCFFFF1B
:103920007FFCFFFF7FFCFFFF7FFCFFFF7FFCFFFFB3
:103930007FFCFFFF7F0000007E0000007E00000093
:103940007E0000007E0000007E0000007E0000007F
:103950007E0000007E0000007E0000007E0000006F
:103960007E0000007E0000007E0000007E0000005F
:103970007E0000007E0000007E0000007E7DFCFFD7
:10398000FF7FFCFFFF7FFCFFFF7FFCFFFF7FFCFF53
:10399000FF7FFCFFFF7FFC000000FC0F0000FCFF2E
:1039A0000000FCFF0F00FCFFFF0080FFFF0F00F88E
:1039B000FF7F0080FF7F0000F87F0000007F000095
:1039C000F87F0080FF7F00F8FF7F80FFFF0FFCFF84
:1039D000FF00FCFF0F00FCFF0000FC0F0000FC00DC
:1039E0000000FCFFFF7FFCFFFF7FFCFFFF7FFCFF71
:1039F000FF7FFCFFFF7FFCFFFF7F6DFCFFFF7FFC75
:103A0000FFFF7FFCFFFF7FFCFFFF7FFCFFFF7FFCD2
:103A1000FFFF7FFCFFFF7FFC3F0000F0FF0000E0A6
:103A2000FF0100C0FF030000FF0F0000FE1F0000A9
:103A3000F87F0000F0FF0000E0FF010080FF0700BA
:103A400000FF0F0000FC3F0000F87FFCFFFF7FFC41
:103A5000FFFF7FFCFFFF7FFCFFFF7FFCFFFF7FFC82
:103A6000FFFF7FFCFFFF7F7D00F01F0000FEFF00D7
:103A700000FFFF0180FFFF03C0FFFF07E0FFFF0F14
:103A8000F01FF01FF007C01FF803803FF801803FD0
:103A9000F801003FFC01007FFC00007EFC00007E7E
:103AA000FC00007EFC00007EFC00007EFC00007E2E
:103AB000FC00007EFC01007FF801003FF801803F20
:103AC000F803803FF007C01FF01FF01FE0FFFF0F5B
:103AD000C0FFFF0780FFFF0300FFFF0100FEFF00A4
:103AE00000F01F006DFCFFFF7FFCFFFF7FFCFFFF6E
:103AF0007FFCFFFF7FFCFFFF7FFCFFFF7FFCFFFFE2
:103B00007FFCC00F00FCC00F00FCC00F00FCC00F0A
:103B100000FCC00F00FCC00F00FCC00F00FCC00F79
:103B200000FCC00F00FCC00F00FCC00F00FCE10F48
:103B300000FCF30F00F8FF0700F8FF0700F8FF0391
:103B400000F0FF0300E0FF0100C0FF0000003F00A5
:103B5000008100F01F0000FEFF0000FFFF01C0FF1A
:103B6000FF07C0FFFF07E0FFFF0FF01FF01FF00788
:103B7000C01FF803803FF803003FF801003FFC013D
:103B8000007FFC00007EFC00007EFC00407EFC000C
:103B9000F07EFC00F07EFC00E07EFC00E07FFC019B
:103BA000E07FF801C03FF801C03FF803C03FF007D5
:103BB000E03FF01FF87FE0FFFF7FE0FFFFFFC0FF67
:103BC000FFFB00FFFFF100FE7FF000F01FF00000A0
:103BD00000207DFCFFFF7FFCFFFF7FFCFFFF7FFCE1
:103BE000FFFF7FFCFFFF7FFCFFFF7FFCFFFF7FFCF1
:103BF000E00700FCE00700FCE00700FCE00700FC39
:103C0000E00700FCE00700FCE00F00FCE01F00FC08
:103C1000E03F00FCE07F00FCE0FF00FCE0FF01FC77
:103C2000F1FF07FCF1FB0FF8FFFB1FF8FFF17FF836
:103C3000FFE17FF0FFC07FF0FF007FC07F007E804C
:103C40001F007C0000007000000060000000407554
:103C500000006000800FE001C03FE007E07FF00F50
:103C6000F07FF01FF0FFF01FF8FFF03FF8FFE13F9B
:103C7000F8F1813FFCF1017FFCE0037FFCE0037E73
:103C8000FCE0037EFCE0037EFCC0037EFCC0037E00
:103C9000FCC0077EFCC0077EFCC1077EF8C1077F21
:103CA000F8870F7FF88F8F3FF08FFF3FF00FFF3FB8
:103CB000E00FFF1FC00FFE1F800FFE0F000EFC075E
:103CC0000000F0016DFC000000FC000000FC0000A2
:103CD00000FC000000FC000000FC000000FC0000F4
:103CE00000FC000000FC000000FC000000FCFFFFE6
:103CF0007FFCFFFF7FFCFFFF7FFCFFFF7FFCFFFFE0
:103D00007FFCFFFF7FFCFFFF7FFC000000FC00004A
:103D100000FC000000FC000000FC000000FC0000B3
:103D200000FC000000FC000000FC000000FC0000A3
:103D3000006DFCFFFF00FCFFFF03FCFFFF07FCFF23
:103D4000FF0FFCFFFF1FFCFFFF3FFCFFFF3F0000DA
:103D5000C03F0000807F0000007F0000007E000068
:103D6000007E0000007E0000007E0000007E00005B
:103D7000007E0000007E0000007F0000007F000049
:103D8000C03FFCFFFF3FFCFFFF3FFCFFFF1FFCFFAE
:103D9000FF1FFCFFFF0FFCFFFF03FCFFFF007D0484
:103DA0000000003C000000FC010000FC0F0000FCD3
:103DB0003F0000FCFF0100FCFF0F00FCFF3F00E0A4
:103DC000FFFF0100FFFF0F00F8FF7F00C0FF7F0033
:103DD00000FE7F0000F07F0000807F0000007C007C
:103DE00000807F0000F07F0000FE7F00C0FF7F00AA
:103DF000F8FF7F00FFFF0FE0FFFF01FCFF3F00FC2B
:103E0000FF0F00FCFF0100FC3F0000FC0F0000FC66
:103E10000100003C000000040000007DFC010000E7
:103E2000FC1F0000FCFF0300FCFF7F00FCFFFF07FE
:103E3000F0FFFF7F00FEFF7F00C0FF7F0000F87FE4
:103E400000C0FF7F00FEFF7FF0FFFF7FFCFFFF074A
:103E5000FCFF3F00FCFF0300FC1F0000FCFF030011
:103E6000FCFF3F00FCFFFF07F0FFFF7F00FEFF7F2E
:103E700000C0FF7F0000F87F00C0FF7F00FEFF7FD3
:103E8000F0FFFF7FFCFFFF07FCFF7F00FCFF03004C
:103E9000FC3F0000FC0100007D0000004004000029
:103EA000701C0000783C00007C7C00007EFC0080E0
:103EB0007FFC03C07FFC07E07FFC0FF83FF83FFC6E
:103EC0001FF07FFE0FE0FFFF0380FFFF0100FFFFF9
:103ED0000000FE7F0000FC1F0000FE7F0000FFFFCF
:103EE0000080FFFF01E0FFFF03F07FFE0FF83FFCC3
:103EF0001FFC0FF83FFC07E07FFC03C07FFC008045
:103F00007F7C00007E3C00007C1C000078040000E8
:103F100070000000407D040000001C0000003C0018
:103F200000007C000000FC010000FC030000FC0716
:103F30000000FC1F0000F83F0000E07F0000C0FF11
:103F4000010000FF030000FEFF7F00F8FF7F00F08C
:103F5000FF7F00C0FF7F00F0FF7F00F8FF7F00FEC3
:103F6000FF7F00FF0300C0FF0100E07F0000F83F7B
:103F70000000FC1F0000FC070000FC030000FC0127
:103F800000007C0000003C0000001C000000040059
:103F90000000750000007E0000007FFC00807FFCB8
:103FA00000C07FFC00E07FFC00F07FFC00F87FFC9D
:103FB00000FC7FFC00FE7FFC00FF7FFC80FF7FFC9D
:103FC000C0FF7EFCE07F7EFCF03F7EFCF81F7EFCA5
:103FD000FC0F7EFCFE077EFCFF037EFCFF017EFCE7
:103FE000FF007EFC7F007EFC3F007EFC1F007EFC0D
:103FF0000F007EFC07007EFC03007EFC01007EFCBF
:1040000000007E0000007E25FCFFFF7FFCFFFF7F9D
:10401000FCFFFF7FFCFFFF7FFCFFFF7F3C00007881
:104020003C0000783C0000783C000078390C00002F
:10403000007C000000FC030000FC3F0000FCFF01CE
:1040400000F0FF0F0080FF7F0000FCFF0700E0FF93
:104050003F0000FF7F0000F07F0000807F00000035
:104060007C00000060253C0000783C0000783C00AB
:1040700000783C000078FCFFFF7FFCFFFF7FFCFF27
:10408000FF7FFCFFFF7FFCFFFF7F59000001000066
:10409000C0010000E0010000F8010000FE01008006
:1040A000FF0100C0FF0100F0FF0000FC3F0000FC2A
:1040B000070000FC010000FC010000FC070000FC00
:1040C0003F0000F0FF0000E0FF010080FF01000062
:1040D000FE010000F8010000E0010000C001000046
:1040E000000100510000007000000070000000702E
:1040F0000000007000000070000000700000007000
:1041000000000070000000700000007000000070EF
:1041100000000070000000700000007000000070DF
:1041200000000070000000700000007000000070CF
:104130000000007029040000000C0000001C0000BA
:10414000003C0000007C000000FC000000FC0000BF
:1041500000F8000000E0000000800000005D0000AA
:10416000000F0000C31F00C0C33F00E0E33F00F0AA
:10417000E77F00F8E77F00F8F77F00FC737F00FC23
:10418000707E00FC707E00FC307E00FC303E00FC47
:10419000383E00FC391F00FCFF0F00FCFF1F00F839
:1041A000FF7F00F8FF7F00F8FF7F00F0FF7F00C077
:1041B000FF7F000000700000004065FCFFFF7FFCF7
:1041C000FFFF7FFCFFFF7FFCFFFF7FFCFFFF7FFC0B
:1041D000FFFF7FFCFFFF7F00F0830F00F0011F0057
:1041E000F8013F00F8003E00FC007E00FC007E006D
:1041F000FC007E00FC007E00FC017F00FC017F00D3
:10420000FC837F00F8FF3F00F8FF3F00F0FF1F0036
:10421000F0FF1F00E0FF0F00C0FF030000FE005D85
:104220000000FE000080FF0300E0FF0F00E0FF0F32
:1042300000F0FF1F00F8FF3F00F8FF3F00F8833F4A
:1042400000FC017F00FC007E00FC007E00FC007E84
:1042500000FC007E00FC007E00FC017F00FC837FF0
:1042600000F8E73F00F8E73F00F0E71F00F0E70F36
:1042700000E0C3070080C3030000C200650000FE29
:104280000000C0FF0300E0FF0F00F0FF1F00F0FF81
:104290001F00F8FF3F00F8FF3F00FC837F00FC0198
:1042A0007F00FC017F00FC007E00FC007E00FC0023
:1042B0007E00FC007E00F8003E00F8013F00F001A7
:1042C0001F00F0830FFCFFFF7FFCFFFF7FFCFFFF61
:1042D0007FFCFFFF7FFCFFFF7FFCFFFF7FFCFFFFFA
:1042E0007F5D0000FE000080FF0300C0FF0F00E0C4
:1042F000FF1F00F0FF1F00F8FF3F00F8FF3F00FC2A
:10430000BB3F00FC397F00FC387E00FC387E00FC9F
:10431000387E00FC387E00FC387E00FC397E00F8D8
:104320003B7F00F8BF3F00F8BF3F00F0BF3F00E019
:10433000BF1F00E03F0F00803F0700003E01490023
:10434000FC000000FC000000FC000000FC0000E09D
:10435000FFFF7FF0FFFF7FF8FFFF7FF8FFFF7FFC8D
:10436000FFFF7FFCFFFF7FFCFFFF7FFCFC0000FCEA
:10437000FC0000FCFC0000FCFC0000FCFC0000F861
:10438000000000F80000006100801F0000E07F1CBA
:1043900000F0FF3C00F0FF3C00F8FF7D00F8FF79E3
:1043A00000FCFFFB00FCF0FB007CE0F3003CC0F3F2
:1043B000003CC0F3003CC0F3003CC0F30038C0F147
:1043C0000038C0F10070E0F000E070F800FCFFFF82
:1043D00000FCFF7F00FCFF7F00FCFF7F00FCFF3F35
:1043E00000FCFF1F00FCFF0F61FCFFFF7FFCFFFFD5
:1043F0007FFCFFFF7FFCFFFF7FFCFFFF7FFCFFFFD9
:104400007FFCFFFF7F00C0070000E0010000F0011B
:104410000000F8000000F8000000FC000000FC00B4
:104420000000FC000000FC010000FC010000FCFF9B
:104430007F00FCFF7F00F8FF7F00F8FF7F00F0FFA8
:104440007F00E0FF7F00C0FF7F1D7CFCFF7F7CFCC6
:10445000FF7F7CFCFF7F7CFCFF7F7CFCFF7F7CFC84
:10446000FF7F7CFCFF7F31000000780000007800B7
:10447000000078000000780000007C3CFFFF7F3CDB
:10448000FFFF7F3CFFFF7F3CFFFF3F3CFFFF3F3CC8
:10449000FFFF1F3CFFFF0F5DFCFFFF7FFCFFFF7F67
:1044A000FCFFFF7FFCFFFF7FFCFFFF7FFCFFFF7F28
:1044B000FCFFFF7F0000FC0000007E0000003F00CA
:1044C00000803F0000C0FF0000E0FF0100F0FF0798
:1044D00000F8FF0F00FCF93F00FCE07F007CC07F8C
:1044E000003C007F001C007E001C0078000C007067
:1044F000000400401DFCFFFF7FFCFFFF7FFCFFFF6F
:104500007FFCFFFF7FFCFFFF7FFCFFFF7FFCFFFFC7
:104510007F6D00FCFF7F00FCFF7F00FCFF7F00FC45
:10452000FF7F00FCFF7F00F0030000F8010000F8AF
:10453000000000FC000000FC000000FC010000FC8A
:10454000FF7F00F8FF7F00F8FF7F00E0FF7F008023
:10455000FF7F00E0030000F0010000F8000000FC15
:10456000000000FC000000FC010000FCFF7F00FCDC
:10457000FF7F00F8FF7F00F0FF7F00C0FF7F61003A
:10458000FCFF7F00FCFF7F00FCFF7F00FCFF7F0043
:10459000FCFF7F00FCFF7F00FCFF7F00E0070000C6
:1045A000F0010000F8010000F8000000F800000031
:1045B000FC000000FC000000FC000000FC0100000A
:1045C000FC030000FCFF7F00FCFF7F00F8FF7F0082
:1045D000F8FF7F00F0FF7F00E0FF7F00C0FF7F69F2
:1045E0000000FE000080FF0300C0FF0700E0FF0F97
:1045F00000F0FF1F00F0FF1F00F8FF3F00F8833FAF
:1046000000F8013F00FC017F00FC007E00FC007E02
:1046100000FC007E00FC007E00FC007E00FC007EB2
:1046200000FC017F00F8013F00F8833F00F8FF3FE6
:1046300000F0FF1F00F0FF1F00E0FF0F00C0FF07AA
:104640000080FF030000FE006100FCFFFF00FCFF94
:10465000FF00FCFFFF00FCFFFF00FCFFFF00FCFF72
:10466000FF00FCFFFF00F0F0000078E0010038C020
:1046700001003CC003003CC003003CC003003CC040
:1046800003003CC003007CE00300FCF00300FCFFDF
:104690000300F8FF0100F8FF0100F0FF0000F0FF49
:1046A0000000E07F0000801F006100801F0000E02C
:1046B0003F0000F0FF0000F0FF0000F8FF0100F8ED
:1046C000FF0100FCFF0300FCF003007CE003003C62
:1046D000C003003CC003003CC003003CC003003CDE
:1046E000C0010038E0010078E00100F0F00000FCBB
:1046F000FFFF00FCFFFF00FCFFFF00FCFFFF00FCD2
:10470000FFFF00FCFFFF00FCFFFF4500FCFF7F00F8
:10471000FCFF7F00FCFF7F00FCFF7F00FCFF7F00B1
:10472000FCFF7F00FCFF7F00F0030000F8000000AA
:10473000F80000007C0000007C0000007C0000000D
:104740007C0000007C0000007C000000080000618C
:104750000000000400C0030C00E00F1C00F00F1E5E
:1047600000F81F3E00F81F3E00F83F3E00FC3F7C73
:10477000007C3E7C003C3C78003C7C78003C7C78B3
:10478000003C7C78003C7878003C7878007C787835
:1047900000FCF87C00F8F87F00F8F03F00F8F03FEC
:1047A0000070F01F0060E01F0040E00F0000800775
:1047B0003D00FC000000FC000000FC0000C0FFFF0A
:1047C0000FE0FFFF3FE0FFFF3FF0FFFF7FF0FFFF45
:1047D0007FF0FFFF7FF8FFFF7F00FC007E00FC0002
:1047E0007E00FC007E00FC003E00FC003F6100FCFF
:1047F000FF0700FCFF0F00FCFF1F00FCFF3F00FC59
:10480000FF3F00FCFF7F00FCFF7F0000807F000077
:10481000007F0000007E0000007E0000007E00009F
:10482000007E0000003E0000003F0000001F00006E
:10483000800F00FCFF7F00FCFF7F00FCFF7F00FC7F
:10484000FF7F00FCFF7F00FCFF7F00FCFF7F650017
:104850000C0000003C000000FC000000FC03000015
:10486000FC0F0000FC3F0000FCFF0100F0FF070010
:1048700080FF1F0000FE7F0000F87F0000C07F0067
:1048800000007E0000C07F0000F87F0000FE7F0077
:1048900080FF1F00F0FF0700FCFF0100FC7F00000D
:1048A000FC1F0000FC030000FC0000003C000000B6
:1048B0000C00007D003C000000FC010000FC0F002B
:1048C00000FC7F0000FCFF0300FCFF1F00C0FF7F17
:1048D0000000FE7F0000E07F0000007F0000E07F1E
:1048E0000000FE7F00C0FF1F00FCFF0700FCFF0070
:1048F00000FC0F0000FCFF0000FCFF0700C0FF1FD2
:104900000000FC7F0000E07F0000007F0000E07FEF
:104910000000FE7F00C0FF7F00FCFF1F00FCFF03C4
:1049200000FC7F0000FC0F0000FC0100003C0000C8
:10493000650000004000040060001C0078003C009E
:104940007C007C007E00FC007F00FC837F00FCE795
:104950007F00FCFF3F00F8FF0F00E0FF0700C0FFF3
:10496000010000FF0000C0FF0300F0FF0700F8FF98
:104970001F00FCFF3F00FCE37F00FC817F00FC0088
:104980007F007C007E003C007C000C00780004006E
:1049900060000000406500040000001C0000007C76
:1049A00000E000FC00E000FC03E000FC0FE000FC85
:1049B0003FE000F07FF000C0FFF90000FFFF0000C3
:1049C000FC7F0000F07F0000C07F0000F03F00008F
:1049D000FC0F0000FF0700C0FF0100F07F0000FC9B
:1049E0003F0000FC0F0000FC030000FC0000007C06
:1049F0000000001C0000000400005D0000007E00BC
:104A0000FC007F00FC807F00FC807F00FCC07F00FA
:104A1000FCE07F00FCE07F00FCF07F00FCF87F0002
:104A2000FCF87E00FC7C7E00FC7C7E00FC3E7E0070
:104A3000FC3F7E00FC1F7E00FC0F7E00FC0F7E0012
:104A4000FC077E00FC037E00FC037E00FC017E0070
:104A5000FC007E0000007E4500800700008007000B
:104A60000080070000C00F0000E01F00C0FFFF0F24
:104A7000E0FFFF1FF0FFFF3FF0FFFC3FF8FFF87F74
:104A8000F83FF07FF800007C78000078780000782C
:104A900078000078780000787800007815F8FFFF3B
:104AA000FFF8FFFFFFF8FFFFFFF8FFFFFFF8FFFF32
:104AB000FF4578000078780000787800007878006A
:104AC000007878000078F800007CF83FF07FF87FED
:104AD000FC7FF0FFFC3FF0FFFF3FE0FFFF1FC0FF48
:104AE000FF0F00E01F0000C00F00008007000080E3
:104AF0000700008007006500E0010000F0000000F2
:104B0000F00000007800000078000000780000004D
:104B100078000000780000007800000078000000B5
:104B2000F8000000F0000000F0000000F0000000BD
:104B3000F0010000E0010000E0010000E0010000E1
:104B4000E0010000E0010000E0010000E0010000E1
:104B5000F0000000F000000078000061E0FFFF01BD
:104B600020000001200000012000000120000001C1
:104B700020000001200000012000000120000001B1
:104B800020000001200000012000000120000001A1
:104B90002000000120000001200000012000000191
:104BA0002000000120000001200000012000000181
:104BB0002000000120000001E0FFFF0179FC00005F
:104BC00000FC000000FC000000FC000000FC0000F5
:104BD00000FC000000FC000000FC000000FCFFFFE7
:104BE0007FFCFFFF7FFCFFFF7FFCFFFF7FFCFFFFE1
:104BF0007FFCC00F00FCE00F00FCE00700FCE007BA
:104C000000FCF00300FCF00338FCF0037EFCF00332
:104C10007E00F0037E00F0037E00F0077F00E08F4F
:104C20003F00E0FF3F00C0FF1F0080FF0F0000FFBC
:104C3000070000FC014DF0010000F80100003C00FD
:104C400000001C0000001C0000003C000000F801F7
:104C50000000F03F807F80FFFF7F00F0FF7F00C0FB
:104C6000FF3F00FC0300C0FF0000F83F0000FC0F06
:104C70000000FC0100007C0000001C00000004009B
:104C80000000150000808F000080CF000080FF0032
:104C900000807F0000803F3100E0FF7F00E0FF7F69
:104CA00000E4FF7F00E7FF7F80E7FF7FC0E70300AE
:104CB000C0E30300C0E10300C0E0030040E00300E4
:104CC00000E0030000E00300350000C0470000C022
:104CD000E70000C07F0000C03F0000C01F000000D0
:104CE0000000000000000000000000C0470000C0FD
:104CF000E70000C07F0000C03F0000C01F7500003B
:104D0000007C0000007C0000007C0000007C0000B3
:104D1000007C000000000000000000000000000017
:104D20000000000000000000000000000000000083
:104D3000007C0000007C0000007C0000007C000083
:104D4000007C0000000000000000000000000000E7
:104D50000000000000000000000000000000000053
:104D6000007C0000007C0000007C0000007C000053
:104D7000007C45800F0000800F0000800F00008045
:104D80000F0000800F0000800F0000FFFFFF3FFFBB
:104D9000FFFF3FFFFFFF3FFFFFFF3FFFFFFF3F80A2
:104DA0000F0000800F0000800F0000800F000080C7
:104DB0000F0000800F00004D800FC007800FC0075C
:104DC000800FC007800FC007800FC007800FC0078B
:104DD000800FC007FCFFFFFFFCFFFFFFFCFFFFFF92
:104DE000FCFFFFFFFCFFFFFF800FC007800FC00725
:104DF000800FC007800FC007800FC007800FC0075B
:104E0000800FC007690060180000701C0000701C53
:104E10000000F01F0000FEFF0000FFFF0180FFFF09
:104E200003C0FFFF07E0FFFF0FF0FFFF1FF07FFC55
:104E30001FF877DC3FF8739C3FF8711C3FFC711C36
:104E40007FFC701C7EFC701C7EFC701C7EFC701C49
:104E50007EFC701C7EFC701C7EFC701C7EFC710C49
:104E60007EF831003FF803003F3800803F7DF01F9F
:104E70000000FC7F0000FC7F00001EF000000EE040
:104E800000001EF00078FC7F007FFC7FE07FF01FB9
:104E9000FC0F00C0FF0000F81F0000FF0300F03F00
:104EA000F80FFE07FC3FFE00FE3F0E000F780000EB
:104EB000077000000F780000FE3F0000FE3F00007A
:104EC000F80F000000000000F80F0000FE3F000097
:104ED000FE3F00000F780000077000000F78000010
:104EE000FE3F0000FE3F0000F80F790000003F0089
:104EF00000003F0000003FFEFFFF3FFEFFFF1FFEE0
:104F0000FFFF1FFEFFFF077E0000007E0000007E07
:104F10000000007E0000007E0000007E000000FE19
:104F2000FFFF3FFEFFFF3FFEFFFF3FFEFFFF3F0093
:104F3000E0073F00E0073F00E0073F00E0073F00D9
:104F4000E0073F00E0073F00E0073F00E0073F00C9
:104F5000E08F3F00C0FF1F0080FF1F0000FF070021
:104F600000FC011D0000180000007E0000C0FF03CF
:104F700000F0FF0F00F8E31F0078001F0008001882
:104F80006DFEFFFF3FFEFFFF3FFEFFFF3FFEFFFF07
:104F90003F00F0030000F0030000F0030000F00306
:104FA0000000F0030000F00300FEFFFF3FFEFFFFE4
:104FB0003FFEFFFF3FFEFFFF3F00F0033F00F00317
:104FC0003F00F0033F00F0033F00F0033F00F00319
:104FD0003F00F0033F00F0033F00F0873F00E0FF99
:104FE0001F00C0FF0F0080FF070000FE013DE0FF33
:104FF000FF3FE0FFFF3FE0FFFF3FE0FFFF3F00001C
:105000000F0004000F0007C01F0003F87F0001FF1E
:10501000FD0180FFF80FC03FF03FE007C03FE00117
:10502000003FE0010038E001002059E0030000E00B
:10503000030000E0030000E0030000E0030000E0E4
:10504000030000E0FFFF3FE0FFFF3FE0FFFF3FE026
:10505000FFFF3FE0830F00E0830700E0C30700E0AD
:10506000C30700E0C30700E0C3070000C00F000053
:10507000C01F000080FF3F0080FF3F0000FF3F0097
:1050800000FC3F41FCFFFF07FCFFFF07FCFFFF07A1
:10509000FCFFFF070000C0070000C0070000C0FFC2
:1050A0000000C0FF0000C0FF0000C0FF0000C007FC
:1050B0000000C007FCFFFF07FCFFFF07FCFFFF0726
:1050C000FCFFFF073D3000000030000000FCFFFF48
:1050D00007FCFFFF07FCFFFF07FCFFFF073078001E
:1050E00000301E0000301E00E0301F00E0303F00A6
:1050F000E000FFFFFF00FEFFFF00FEFFFF00F8FFE4
:105100007F11E01F0000F81F00001C1F0000081F97
:105110000000117C0800007C1C0000FC0F0000FC5B
:105120000300002DE01F0000F81F00001C1F0000FE
:10513000081F000000000000000000000000000048
:10514000E01F0000F81F00001C1F0000081F0000E7
:105150002D7C0800007C1C0000FC0F0000FC0300FC
:10516000000000000000000000000000007C0800BB
:10517000007C1C0000FC0F0000FC0300002100E08C
:10518000010000F8070000FC0F0000FC0F0000FC0D
:105190000F0000FC0F0000F8070000E001004100D4
:1051A000800F0000800F0000800F0000800F0000C3
:1051B000800F0000800F0000800F0000800F0000B3
:1051C000800F0000800F0000800F0000800F0000A3
:1051D000800F0000800F0000800F0000800F007122
:1051E00000800F0000800F0000800F0000800F0083
:1051F00000800F0000800F0000800F0000800F0073
:1052000000800F0000800F0000800F0000800F0062
:1052100000800F0000800F0000800F0000800F0052
:1052200000800F0000800F0000800F0000800F0042
:1052300000800F0000800F0000800F0000800F0032
:1052400000800F0000800F0000800F0000800F0022
:105250003DE0FFFF072000000420000004200000C4
:1052600004200000042000000420000004200000AE
:10527000042000000420000004200000042000009E
:10528000042000000420000004E0FFFF07551C007C
:1052900000001C0000001C000000FCFF0000FCFFE0
:1052A00000001C0000001C0000001C0000000000AA
:1052B0000000FCFF0000FCFF00007C000000FC037D
:1052C0000000E03F000000FE000000FC0000E03FA6
:1052D0000000FC0700007C000000FCFF0000FCFF59
:1052E0000000690000C0070000C0070000C0070000
:1052F000FFFF0700FFFF0700FFFF0300FFFF0100A4
:105300001F0000001F0000001F0000001F00000021
:105310001F000000FFFF0700FFFF0700FFFF07005F
:10532000FFFF07000007070000070700000707004E
:105330000007070000070700008F070000FF0700B5
:1053400000FE030000FE030000F8001D000800023C
:105350000078C00300F8F10300F0FF0100C07F00F7
:1053600000001F0000000C005900FFFF0700FFFFB6
:105370000700FFFF0700FFFF0700800F0000800FFE
:105380000000800F0000800F0000FFFF0700FFFFFC
:105390000700FFFF0700FFFF0700800F0700800FD7
:1053A0000700800F0700800F0700800F0700809F15
:1053B000070080FF070000FF030000FF030000FC60
:1053C000003100FFFF0700FFFF0700FFFF0700FF9E
:1053D000FF07200007003C800F001EF8FF000EFEB4
:1053E000FD07063FF8070207E007000780070000F7
:1053F00000043D3000000030000000FCFFFF07FC0F
:10540000FFFF07FCFFFF07FCFFFF073078000030BD
:105410001E0000301E0000301F0000303F00000062
:10542000FFFF0700FEFF0700FEFF0700F8FF073140
:1054300000FFFF0700FFFF0700FFFF0700FFFF0758
:105440000000C0FF0000C0FF0000C0FF0000C0FF60
:1054500000FFFF0700FFFF0700FFFF0700FFFF0738
:105460000145C0000000C0030000C01F0000C07F55
:10547000007C83FF017C07FE077C0EF81F7F0CE099
:10548000FF3F0C00FF1F0C00FE070EC0FF0007F8D7
:105490003F0003FF0700C0FF0100C03F0000C0073E
:1054A0000000C00100003D000C0000007C00E00096
:1054B000FC03E018FC0FE038F07FF07000FFFF60A5
:1054C00000F87F6000C03F6000F81F7000FF0338E5
:1054D000F07F0018FC1F0000FC0300007C000000AF
:1054E0000C0000350000C0030000C00F0000C03FEA
:1054F0000000C03F0000007E0000007C0000007C37
:105500000000007C0000007EC0FFFF3FC0FFFF3FA7
:10551000C0FFFF1FC0FFFF03450018600000DCEF65
:105520000000FEFF0100FEFF0100FCFF0000787894
:1055300000003CF000001CE000001CE000001CE04B
:1055400000003CF0000078780000FCFF0000FEFF47
:105550000100FEFF0100DCEF000018600039F0FFE1
:10556000FF07F0FFFF07F0FFFF07F0FFFF07F0FF67
:10557000FF07F0000000F0000000F0000000F00065
:105580000000FF000000FF000000FF000000FF001F
:105590000000FF00000011FE3FF87FFE3FF87FFE95
:1055A0003FF87FFE3FF87F4900F0010000F8030656
:1055B000F0FC070EF8FD0F1EFCFF0F3EFE8F1F3E96
:1055C000FE0F3F7C9E0F3E780E1F7E700E3F7C705C
:1055D0001E7EF8703E7CF8793CFCF87F3CF8FF3F7B
:1055E00038F8FF3F30F0DF1F00E08F0F00C00700EA
:1055F0004D00FFFF7F00FFFF7F00FFFF7F38FFFFB1
:105600007F38FFFF7F380F1E78380F1E78000F1E7F
:1056100078000F1E78000F1E78000F1E78380F1EBE
:1056200078380F1E78380F1E78380F1E78000F1E3E
:1056300078000F1E78000F0078000000786D0000E1
:105640007F0000C0FF0100E0FF0300F0C107007809
:10565000000F001C001C000C0018000E3E380086D5
:10566000FF3000C6FF3100C3C16100E30063006387
:105670000063006300630063006300E3806300C3B2
:10568000C16100C6C13000064130000E0038000C78
:105690000018001C001C0078000F00F0C10700E09B
:1056A000FF0300C0FF0100007F005900007F0000E1
:1056B000E0FF0300F0FF0700F8FF0F00FCFF1F00F2
:1056C0007C9E3F003E1E3E001E1E3C000F1E7C00C6
:1056D0000F1E78000F1E78000F1E78000F1E780036
:1056E0000F0078001F007C001E003E003E003F00BF
:1056F0007EC01F007CC01F007CC00F0038800700E8
:1057000020800145000040000000F0010000F80387
:105710000000FE0F0000FF1F00809F3F00800F3E33
:1057200000800338008040200000F0010000F803F2
:105730000000FE0F0000FF1F00809F3F00800F3E13
:1057400000800338008000204900C0030000C0032F
:105750000000C0030000C0030000C0030000C0033D
:105760000000C0030000C0030000C0030000C0032D
:105770000000C0030000C0030000C0030000C0FF21
:105780000100C0FF0100C0FF0100C0FF0100C0FF19
:1057900001290000E0010000E0010000E00100003C
:1057A000E0010000E0010000E0010000E001000075
:1057B000E0010000E0010000E0016D00007F00005A
:1057C000C0FF0100E0FF0300F0C1070078000F00F8
:1057D0001C001C000C0018000E003800E6FF33000F
:1057E000E6FF3300E3FF63006318600063186000A6
:1057F00063386000E37C6000E3EF6100C3EF6300A7
:1058000086873300060032000E0038000C001800B6
:105810001C001C0078000F00F0C10700E0FF03002F
:10582000C0FF0100007F0031380000003800000098
:105830003800000038FFFF7F00FFFF7F00FFFF7F81
:1058400000FFFF7F00FFFF7F3800000038000000EE
:1058500038000000380000002D0078000000FC0037
:105860000000FE010000CF03000087030000870353
:10587000000087030000CF030000FE010000FC00D1
:1058800000007800004D00800778008007780080D5
:10589000077800800778008007780080077800800C
:1058A000077800FEFF7900FEFF7900FEFF7900FE19
:1058B000FF7900FEFF79008007780080077800807C
:1058C00007780080077800800778008007780080DC
:1058D00007781500FFFF7F00FFFF7F00FFFF7F00BD
:1058E000FFFF7F00FFFF7F1500C7FF7F00C7FF7F1F
:1058F00000C7FF7F00C7FF7F00C7FF7F3500C0FFE5
:105900007F00C0FF7F00C0FF7F00C0FF7F00C0FF9F
:105910007F00C0030000C0030000C0030000FC03C0
:105920000000FC030000FC030000FC030000FC037B
:10593000004500FCFFFF00FCFFFF00FCFFFF00FC38
:10594000FFFF00FCFFFF0000E0010000C0030000BB
:10595000800700008007000080070000C0030000EF
:10596000E00100FCFF0700FCFF0700FCFF0700FC54
:10597000FF0700FCFF0751001F0000C07F0000E090
:10598000FF0000E0FF0000F0FF0100F0FF0100F069
:10599000FF0100F0FFFFFFF0FFFFFFF0FFFFFFF050
:1059A000FFFFFF700000007000000070000000F0BA
:1059B000FFFFFFF0FFFFFFF0FFFFFFF0FFFFFF70B3
:1059C000000000700000001500C0030000C00300CC
:1059D00000C0030000C0030000C00300490000F83D
:1059E000030000FE0F0000FF1F000EFF3F008EFFB0
:1059F0003F008EEF3E00CEE77C00C0E37800C0E3BE
:105A00007800C0E37800C0E37800CEE778008EE746
:105A10007C008EFF3C000EFF3C0000FF3C0000FCC1
:105A2000180000F0087100FFFF7F00FFFF7F00FFFC
:105A3000FF7F00FFFF7F00FE030000F80F0000F073
:105A40001F0000C07F000000FF010000FC070000F5
:105A5000F80F0000E03F00FFFF7F00FFFF7F00FF27
:105A6000FF7F00FFFF7F0000000000C00F3C00E050
:105A70003F3C00F07F3C00F8FF3C0078F03C0038F1
:105A8000E03C0078F03C00F8FF3C00F07F3C00E098
:105A90003F3C00800F00350000F8030000FE0F00BF
:105AA00080FF3F0080FF3F00C0E77C00C0E378003C
:105AB000C0E37800C0E37800C0077C00C00F3F005F
:105AC000800F3F0000071E00000406350080002004
:105AD0000080073C00801F3F0000FF1F0000FC0704
:105AE0000000F0010080C0200080073C00801F3FC4
:105AF0000000FF1F0000FC070000F0010000C000D4
:105B00001D000000E0000000E0000000E080F3FF66
:105B1000FF80F3FFFF80F3FF7F80F3FF3F4500002E
:105B2000C00100F8C00700FEC31F00FFC73F00FF11
:105B3000073F801F0F7E800F0E7C800F0E7C800F32
:105B40000E7C800F1E7C800F1C7C801F1C7E007FC3
:105B50003C3E007EF83F007CF81F0070F01F000004
:105B6000C0073D00001F0000803F0800C07F1800F4
:105B7000C07F3C00E0797C00E0F87800E0F0700045
:105B8000E0F07000E0F07100E0E07900E0E17F001B
:105B9000C0C33F00C0C31F0080010F0000010025EB
:105BA000000700000007000000E7FF7F00E0FF7F24
:105BB00000E0FF7F00E0FF7F00070000000700001B
:105BC000000700007D000000400000007800000099
:105BD0007E0000807F0000F07F0000FC7F0000FF5F
:105BE0007F00E0FF0F00F8FF0300FEFF00C0FFFF93
:105BF00000F0FFFF00FCFFFC00FC1FFC00FC07FCAA
:105C000000FC00FC00FC07FC00FC1FFC00FCFFFC8F
:105C100000F0FFFF0080FFFF0000FEFF0000F8FF24
:105C20000300C0FF0F0000FF7F0000FC7F0000E0CA
:105C30007F0000807F0000007E00000070000000F8
:105C40004075FCFFFF7FFCFFFF7FFCFFFF7FFCFF39
:105C5000FF7FFCFFFF7FFCFFFF7FFCFFFF7FFCC09F
:105C60000F7EFCC00F7EFCC00F7EFCC00F7EFCC010
:105C70000F7EFCC00F7EFCC00F7EFCC00F7EFCC000
:105C80000F7EFCC00F7EFCC00F7EFCC00F7EFCC0F0
:105C90000F7EFCC01F7FFCC01F7FFC80FF3FFC808D
:105CA000FF3FFC80FF3FFC00FF1F0000FE0F0000D5
:105CB000FC070000F00175FCFFFF7FFCFFFF7FFC8D
:105CC000FFFF7FFCFFFF7FFCFFFF7FFCFFFF7FFCF0
:105CD000FFFF7FFCC00F7EFCC00F7EFCC00F7EFC70
:105CE000C00F7EFCC00F7EFCC00F7EFCC00F7EFC90
:105CF000C00F7EFCC00F7EFCC00F7EFCC00F7EFC80
:105D0000C00F7EFCE10F7EFCF11F7FFCFF1F7FF8C0
:105D1000FFFF3FF8FFFE3FF0FFFE3FE07FFC1FC0AC
:105D20003FFC0F800FF8070000E00361FCFFFF7FDE
:105D3000FCFFFF7FFCFFFF7FFCFFFF7FFCFFFF7F7F
:105D4000FCFFFF7FFCFFFF7FFC000000FC00000069
:105D5000FC000000FC000000FC000000FC00000053
:105D6000FC000000FC000000FC000000FC00000043
:105D7000FC000000FC000000FC000000FC00000033
:105D8000FC000000FC000000FC000000810000009E
:105D90007E0000007E0000007E0000007F0000E02A
:105DA0007F0000FF7FFCFFFF7FFCFFFF7FFCFFFF0A
:105DB0007FFCFFFF7FFCFFFF7EFCFF1F7EFCFF00E0
:105DC0007EFC00007EFC00007EFC00007EFC0000EB
:105DD0007EFC00007EFC00007EFC00007EFC0000DB
:105DE0007EFC00007EFCFFFF7FFCFFFF7FFCFFFFCF
:105DF0007FFCFFFF7FFCFFFF7FFCFFFF7FFCFFFFBF
:105E00007F0000007E0000007E0000007E6DFCFF31
:105E1000FF7FFCFFFF7FFCFFFF7FFCFFFF7FFCFF9E
:105E2000FF7FFCFFFF7FFCFFFF7FFCC00F7EFCC0FD
:105E30000F7EFCC00F7EFCC00F7EFCC00F7EFCC03E
:105E40000F7EFCC00F7EFCC00F7EFCC00F7EFCC02E
:105E50000F7EFCC00F7EFCC00F7EFCC00F7EFCC01E
:105E60000F7EFCC00F7EFCC00F7EFCC00F7EFCC00E
:105E70000F7EFC00007E0000007E7D3C0000403C68
:105E80000000783C00007E7C00807FFC00E07FF812
:105E900007F87FF03FFE1FE07FFF0380FFFF000059
:105EA000FC3F0000F00F0000E0030000C00300FC16
:105EB000FFFF7FFCFFFF7FFCFFFF7FFCFFFF7FFCFE
:105EC000FFFF7F00C0030000E0030000F00F0000B0
:105ED000FC3F0080FFFF00E07FFF03F03FFE1FF864
:105EE00007F87FFC00F07F7C00807F3C00007E3C58
:105EF0000000783C00004071000080000006800334
:105F00008007C007C007C00FE00FC01FF00FE03FC1
:105F1000F00FE03FF80FC03FF807807FFC03007FE1
:105F2000FC01007FFC00007EFCC0037EFCC0037E01
:105F3000FCC0037EFCC0037EFCC0037EFCE0037E4D
:105F4000FCE1077FFCF3077FF8FF8F3FF8FFFF3F7F
:105F5000F87FFF3FF03FFF1FE01FFE1FE01FFE0F17
:105F60008007FC070000F0016DFCFFFF7FFCFFFFD6
:105F70007FFCFFFF7FFCFFFF7FFCFFFF7FFCFFFF3D
:105F80007FFCFFFF7F0000F83F0000FE1F0000FFC6
:105F90000F0080FF0300E0FF0100F0FF0000F83F6A
:105FA0000000FE1F0000FF0F0080FF0300E0FF0164
:105FB00000F0FF0000F83F0000FCFFFF7FFCFFFF48
:105FC0007FFCFFFF7FFCFFFF7FFCFFFF7FFCFFFFED
:105FD0007FFCFFFF7F6DFCFFFF7FFCFFFF7FFCFF6F
:105FE000FF7FFCFFFF7FFCFFFF7FFCFFFF7FFCFFCD
:105FF000FF7F0000F83F0000FE1F0000FF0F07803A
:10600000FF0307E0FF0107F0FF0007F83F0007FE6E
:106010001F0007FF0F0087FF0300E0FF0100F0FFF4
:106020000000F83F0000FCFFFF7FFCFFFF7FFCFF4C
:10603000FF7FFCFFFF7FFCFFFF7FFCFFFF7FFCFF7C
:10604000FF7F69FCFFFF7FFCFFFF7FFCFFFF7FFC02
:10605000FFFF7FFCFFFF7FFCFFFF7FFCFFFF7F0058
:10606000C0030000C0030000C0030000E007000000
:10607000F80F0000FC3F0000FF7F00C07FFF01E041
:106080007FFF03F03FFE0FF80FFC3FF803F87FFCA3
:1060900000F07F7C00C07F3C00007F3C00007E3C25
:1060A0000000783C0000603C000040750000007E6D
:1060B0000000007E0000007E0000007E0000007FE7
:1060C000FCFFFF7FFCFFFF7FFCFFFF7FFCFFFF3F2C
:1060D000FCFFFF3FFCFFFF1FFCFFFF07FC00000071
:1060E000FC000000FC000000FC000000FC000000C0
:1060F000FC000000FC000000FC000000FC000000B0
:10610000FC000000FCFFFF7FFCFFFF7FFCFFFF7F28
:10611000FCFFFF7FFCFFFF7FFCFFFF7FFCFFFF7F9B
:106120007DFCFFFF7FFCFFFF7FFCFFFF7FFCFFFF8D
:106130007FFCFFFF7FFCFFFF7FFC000000FC0F00E7
:1061400000FCFF0000FCFF0F00FCFFFF0080FFFFD2
:106150000F00F8FF7F0080FF7F0000F87F00000045
:106160007F0000F87F0080FF7F00F8FF7F80FFFF47
:106170000FFCFFFF00FCFF0F00FCFF0000FC0F0006
:1061800000FC000000FCFFFF7FFCFFFF7FFCFFFF27
:106190007FFCFFFF7FFCFFFF7FFCFFFF7F6DFCFFAD
:1061A000FF7FFCFFFF7FFCFFFF7FFCFFFF7FFCFF0B
:1061B000FF7FFCFFFF7FFCFFFF7F00E0070000E0A8
:1061C000070000E0070000E0070000E0070000E033
:1061D000070000E0070000E0070000E0070000E023
:1061E000070000E0070000E0070000E00700FCFFF8
:1061F000FF7FFCFFFF7FFCFFFF7FFCFFFF7FFCFFBB
:10620000FF7FFCFFFF7FFCFFFF7F7D00F01F000092
:10621000FEFF0000FFFF0180FFFF03C0FFFF07E05C
:10622000FFFF0FF01FF01FF007C01FF803803FF8BB
:1062300001803FF801003FFC01007FFC00007EFC74
:1062400000007EFC00007EFC00007EFC00007EFC66
:1062500000007EFC00007EFC01007FF801003FF89A
:1062600001803FF803803FF007C01FF01FF01FE0E0
:10627000FFFF0FC0FFFF0780FFFF0300FFFF0100CC
:10628000FEFF0000F01F006DFCFFFF7FFCFFFF7FA3
:10629000FCFFFF7FFCFFFF7FFCFFFF7FFCFFFF7F1A
:1062A000FCFFFF7FFC000000FC000000FC00000081
:1062B000FC000000FC000000FC000000FC000000EE
:1062C000FC000000FC000000FC000000FC000000DE
:1062D000FC000000FC000000FCFFFF7FFCFFFF7FD4
:1062E000FCFFFF7FFCFFFF7FFCFFFF7FFCFFFF7FCA
:1062F000FCFFFF7F6DFCFFFF7FFCFFFF7FFCFFFFCC
:106300007FFCFFFF7FFCFFFF7FFCFFFF7FFCFFFFA9
:106310007FFCC00F00FCC00F00FCC00F00FCC00FD2
:1063200000FCC00F00FCC00F00FCC00F00FCC00F41
:1063300000FCC00F00FCC00F00FCC00F00FCE10F10
:1063400000FCF30F00F8FF0700F8FF0700F8FF0359
:1063500000F0FF0300E0FF0100C0FF0000003F006D
:10636000007D00F01F0000FC7F0000FFFF0180FFA8
:10637000FF03C0FFFF07E0FFFF0FE0FFFF1FF01F5D
:10638000F01FF807C03FF803803FF801003FF80115
:10639000007FFC00007EFC00007EFC00007EFC0014
:1063A000007EFC00007EFC00007EFC00007EFC0005
:1063B000007FFC01007FF803803FF803C03FF80F27
:1063C000F03FF01FF81FF01FF81FE01FF00FC01F75
:1063D000F007800FF003000FE000000820006DFCC4
:1063E000000000FC000000FC000000FC000000FCBD
:1063F000000000FC000000FC000000FC000000FCAD
:10640000000000FC000000FCFFFF7FFCFFFF7FFCA2
:10641000FFFF7FFCFFFF7FFCFFFF7FFCFFFF7FFC98
:10642000FFFF7FFC000000FC000000FC000000FCFF
:10643000000000FC000000FC000000FC000000FC6C
:10644000000000FC000000FC0000007904000000D7
:106450001C0000003C000000FC000000FC010000EB
:10646000FC07007EFC0F007EFC3F007EF07F007E7C
:10647000E0FF017EC0FF037F00FF8F7F00FEFF3F34
:1064800000F8FF3F00F0FF1F00C0FF0F0080FF0774
:1064900000E0FF0100F87F0000FE3F0080FF0F00DA
:1064A000E0FF0300F8FF0000FC7F0000FC1F00007D
:1064B000FC070000FC0100007C0000003C00000024
:1064C0000C0000008100E00F0000FC7F0000FEFFD8
:1064D0000000FFFF0180FFFF0380FFFF03C03FF8C4
:1064E00007C01FF007C00FE007E007C00FE007C0BC
:1064F0000FE007C00FE007C00FFCFFFF7FFCFFFFAE
:106500007FFCFFFF7FFCFFFF7FFCFFFF7FFCFFFFA7
:106510007FE007C00FE007C00FE007C00FE007C033
:106520000FC00FE007C01FF007C03FF80780FFFF54
:106530000380FFFF0300FFFF0100FEFF0000FC7F60
:106540000000E00F007D00000040040000701C000F
:1065500000783C00007C7C00007EFC00807FFC0317
:10656000C07FFC07E07FFC0FF83FF83FFC1FF07F87
:10657000FE0FE0FFFF0380FFFF0100FFFF0000FEB2
:106580007F0000FC1F0000FE7F0000FFFF0080FF77
:10659000FF01E0FFFF03F07FFE0FF83FFC1FFC0F41
:1065A000F83FFC07E07FFC03C07FFC00807F7C009D
:1065B000007E3C00007C1C0000780400007000009D
:1065C00000407DFCFFFF7FFCFFFF7FFCFFFF7FFCA7
:1065D000FFFF7FFCFFFF7FFCFFFF7FFCFFFF7F00D3
:1065E00000007E0000007E0000007E0000007E00B3
:1065F00000007E0000007E0000007E0000007E00A3
:1066000000007E0000007E0000007E0000007E0092
:1066100000007E0000007EFCFFFF7FFCFFFF7FFC90
:10662000FFFF7FFCFFFF7FFCFFFF7FFCFFFF7FFC86
:10663000FFFF7F0000007E0000007E0000007E69FA
:10664000FC7F0000FCFF0100FCFF0300FCFF0700D3
:10665000FCFF0F00FCFF0F00FCFF0F0000E01F001D
:1066600000C01F0000801F0000801F0000801F006E
:1066700000801F0000801F0000801F0000801F009E
:1066800000800F0000C00F0000C00F00FCFFFF7F64
:10669000FCFFFF7FFCFFFF7FFCFFFF7FFCFFFF7F16
:1066A000FCFFFF7FFCFFFF7F7DFCFFFF7FFCFFFF08
:1066B0007FFCFFFF7FFCFFFF7FFCFFFF7F000000F0
:1066C0007E0000007E0000007E0000007E000000D2
:1066D0007E0000007E0000007E0000007EFCFFFFC8
:1066E0007FFCFFFF7FFCFFFF7FFCFFFF7FFCFFFFC6
:1066F0007F0000007E0000007E0000007E000000A1
:106700007E0000007E0000007E0000007E00000091
:106710007EFCFFFF7FFCFFFF7FFCFFFF7FFCFFFF96
:106720007FFCFFFF7F81FCFFFF7FFCFFFF7FFCFF03
:10673000FF7FFCFFFF7FFCFFFF7F0000007E00006B
:10674000007E0000007E0000007E0000007E000051
:10675000007E0000007E0000007EFCFFFF7FFCFF4B
:10676000FF7FFCFFFF7FFCFFFF7FFCFFFF7F000040
:10677000007E0000007E0000007E0000007E000021
:10678000007E0000007E0000007E0000007EFCFF16
:10679000FF7FFCFFFF7FFCFFFF7FFCFFFF7FFCFF15
:1067A000FF7F0000007E817C0000007C0000007CF8
:1067B0000000007C0000007C0000007C0000007CE9
:1067C0000000007C000000FCFFFF7FFCFFFF7FFC5F
:1067D000FFFF7FFCFFFF7FFCFFFF7FFCFFFF7F00D1
:1067E000C0077C00C0077C00C0077C00C0077C009D
:1067F000C0077C00C0077C00C0077C00C0077C008D
:10680000C0077C00C0077C00C00F7E00C01F7F0057
:1068100080FF3F0080FF3F0000FF3F0000FF1F00A0
:1068200000FC0F0000F00381FCFFFF7FFCFFFF7FF7
:10683000FCFFFF7FFCFFFF7FFCFFFF7FFCFFFF7F74
:1068400000C0077C00C0077C00C0077C00C0077C3C
:1068500000C0077C00C0077C00C0077C00C0077C2C
:1068600000C0077C00C0077C00C00F7E00C01F7FF7
:106870000080FF3F0080FF3F0000FF3F0000FF1F40
:106880000000FC0F0000F00300000000000000000A
:1068900000000000FCFFFF7FFCFFFF7FFCFFFF7F8D
:1068A000FCFFFF7FFCFFFF7F69FCFFFF7FFCFFFF1A
:1068B0007FFCFFFF7FFCFFFF7FFCFFFF7FFCFFFFF4
:1068C0007F00C00F7E00C00F7E00C00F7E00C00F93
:1068D0007E00C00F7E00C00F7E00C00F7E00C00F84
:1068E0007E00C00F7E00C00F7E00C00F7E00C00F74
:1068F0007E00C01F7F00801F7F0080FF3F0080FF61
:106900003F0000FF1F0000FE0F0000FC070000F02A
:10691000037D000C6000000FE001800FF003C01F3A
:10692000F007E01FF00FF01FF81FF01FF81FF80F1F
:10693000E03FF807C03FF803803FFC01007FFC0107
:10694000007FFCE0077EFCE0077EFCE0077EFCE0C9
:10695000077EFCE0077EFCE0077EFCE0077EFCE1B2
:10696000077FF8E1073FF8E3873FF8E3C73FF0EF21
:10697000E71FF0FFFF1FE0FFFF0FC0FFFF0780FFD3
:10698000FF0300FFFF0100FC7F0000E01F0081FC0F
:10699000FFFF7FFCFFFF7FFCFFFF7FFCFFFF7FFC13
:1069A000FFFF7F00C00F0000C00F0000C00F0000FD
:1069B000C00F0000F87F0000FFFF0180FFFF07E02D
:1069C000FFFF0FF0FFFF1FF00FF03FF803C03FF88D
:1069D00001003FFC01007FFC00007EFC00007EFC0B
:1069E00000007EFC00007EFC00007EFC01007FF8C1
:1069F00001003FF803803FF00FF01FF0FFFF1FE0A2
:106A0000FFFF0F80FFFF0300FFFF0100F83F007D45
:106A1000000000400000006000000070801F007C4B
:106A2000C07F007EF0FF007FF0FFC07FF8FFE17FB6
:106A3000F8FFF17FF8FFFB1FFCF1FB0FFCF1FF07F4
:106A4000FCE0FF01FCE0FF00FCE07F00FCE03F0019
:106A5000FCE01F00FCE00F00FCE00700FCE007008A
:106A6000FCE00700FCE00700FCE00700FCE007009A
:106A7000FCFFFF7FFCFFFF7FFCFFFF7FFCFFFF7F32
:106A8000FCFFFF7FFCFFFF7FFCFFFF7F5D0000003E
:106A90000F0000C31F00C0C33F00E0E33F00F0E76A
:106AA0007F00F8E77F00F8F77F00FC737F00FC7041
:106AB0007E00FC707E00FC307E00FC303E00FC3826
:106AC0003E00FC391F00FCFF0F00FCFF1F00F8FF19
:106AD0007F00F8FF7F00F8FF7F00F0FF7F00C0FF1E
:106AE0007F00000070000000406900F83F0000FFD8
:106AF000FF01C0FFFF07E0FFFF0FF0FFFF1FF08F58
:106B0000FF1FF8C7FF3FF8E3C73FF8F1013FFCF96B
:106B1000017FFCF8007EFCFC007EFCFC007EFCFC9F
:106B2000007EFCFC007EFCFC007EFCFC017FFCFC8B
:106B3000013FFCF8C73FFCF8FF3FFEF0FF1F7EF06F
:106B4000FF1F7EE0FF0F3EC0FF070E80FF03000027
:106B5000FE006500FCFF7F00FCFF7F00FCFF7F0064
:106B6000FCFF7F00FCFF7F00FCFF7F00FCFF7F003D
:106B70003C3C78003C3C78003C3C78003C3C780055
:106B80003C3C78003C3C78003C3C78003C3C780045
:106B90003C3C78007C7E7800FC7F7C00FCFF7F0022
:106BA000FCFF7F00F8FF3F00F8F73F00F0E33F00F5
:106BB000E0C11F000080074500FCFF7F00FCFF7F55
:106BC00000FCFF7F00FCFF7F00FCFF7F00FCFF7FDD
:106BD00000FCFF7F00FC000000FC000000FC000047
:106BE00000FC000000FC000000FC000000FC0000B5
:106BF00000FC000000FC000000FC00007900000028
:106C0000FE000000FE000000FE000000FE0000800C
:106C1000FF0000E0FF0000FEFF00FCFF7F00FCFF24
:106C20007F00FCFF7F00FCFF7E00FC7F7E00FC0FEE
:106C30007E00FC007E00FC007E00FC007E00FC006C
:106C40007E00FC007E00FC007E00FC007E00FCFF5D
:106C50007F00FCFF7F00FCFF7F00FCFFFF00FCFFCC
:106C6000FF00FCFFFF00FCFFFF000000FE00000033
:106C7000FE000000FE5D0000FE000080FF0300C07B
:106C8000FF0F00E0FF1F00F0FF1F00F8FF3F00F8BC
:106C9000FF3F00FCBB3F00FC397F00FC387E00FC5E
:106CA000387E00FC387E00FC387E00FC387E00FC1C
:106CB000397E00F83B7F00F8BF3F00F8BF3F00F08F
:106CC000BF3F00E0BF1F00E03F0F00803F07000014
:106CD0003E018100000040003C0070003C00780054
:106CE0003C007E007C807F00FCC17F00F8E37F00D9
:106CF000F8F71F00F0FF0700C0FF010000FF0000D1
:106D0000003C0000003C0000FCFF7F00FCFF7F0017
:106D1000FCFF7F00FCFF7F00FCFF7F00FCFF7F008B
:106D2000003C0000003C0000007F0000C0FF0100AC
:106D3000F0FF0700F8F71F00F8E37F00FCC17F00B9
:106D40007C807F003C007E003C0078003C007000AE
:106D500000004055000000020080000E00E0001E10
:106D600000F0001F00F0013F00F8013F00F8017E35
:106D700000FC007C007C0078003C3C78003C3C78C7
:106D8000003C3C78003C3C78007C7E7C00FCFF7F33
:106D900000F8FF3F00F8F73F00F0F73F00F0E31F77
:106DA00000C0C10F000080076100FCFF7F00FCFFF6
:106DB0007F00FCFF7F00FCFF7F00FCFF7F00FCFFEB
:106DC0007F00FCFF7F0000C03F0000E01F0000F0DC
:106DD0000F0000F8030000FE010000FF0000803FEC
:106DE0000000E01F0000F00F0000F8070000FCFFAB
:106DF0007F00FCFF7F00FCFF7F00FCFF7F00FCFFAB
:106E00007F00FCFF7F00FCFF7F6100FCFF7F00FC38
:106E1000FF7F00FCFF7F00FCFF7F00FCFF7F0CFC7E
:106E2000FF7F3CFCFF7F7C00C03F7800E01FF0004C
:106E3000F00FE000F803E000FE01E000FF00E0805A
:106E40003F00E0E01F00F0F00F0078F807007CFC46
:106E5000FF7F3CFCFF7F0CFCFF7F00FCFF7F00FC02
:106E6000FF7F00FCFF7F00FCFF7F5900FCFF7F00DD
:106E7000FCFF7F00FCFF7F00FCFF7F00FCFF7F002A
:106E8000FCFF7F00FCFF7F0000780000007800001E
:106E900000FC000000FE0100C0FF0700F0FF0F0033
:106EA000F8EF3F00F8C77F00FCC37F00FC807F0045
:106EB0003C007F003C007C003C0078003C0060000F
:106EC000000040710000007E0000007E0000007E97
:106ED0000000007E0000007E00FCFF7F00FCFF7FC2
:106EE00000FCFF7F00FCFF7F00FCFF3F00FCFF1F5A
:106EF00000FCFF0F00FC000000FC000000FC000094
:106F000000FC000000FC000000FC000000FC000091
:106F100000FC000000FC000000FCFF7F00FCFF7F85
:106F200000FCFF7F00FCFF7F00FCFF7F00FCFF7F79
:106F300000FCFF7F7500FCFF7F00FCFF7F00FCFF73
:106F40007F00FCFF7F00FCFF7F00FCFF7F00FC0355
:106F50000000FC1F0000FC7F0000E0FF010080FF3C
:106F60000F0000FC3F0000F07F0000C07F00000029
:106F70007E0000C07F0000F07F0000FC3F0080FF2B
:106F80000F00E0FF0100F87F0000FC1F0000FC0381
:106F90000000FCFF7F00FCFF7F00FCFF7F00FCFF88
:106FA0007F00FCFF7F00FCFF7F6100FCFF7F00FC97
:106FB000FF7F00FCFF7F00FCFF7F00FCFF7F00FCE9
:106FC000FF7F00FCFF7F0000FC000000FC000000D1
:106FD000FC000000FC000000FC000000FC000000C1
:106FE000FC000000FC000000FC000000FC0000FCB5
:106FF000FF7F00FCFF7F00FCFF7F00FCFF7F00FCA9
:10700000FF7F00FCFF7F00FCFF7F690000FE0000A7
:1070100080FF0300C0FF0700E0FF0F00F0FF1F002C
:10702000F0FF1F00F8FF3F00F8833F00F8013F002A
:10703000FC017F00FC007E00FC007E00FC007E0066
:10704000FC007E00FC007E00FC007E00FC017F0056
:10705000F8013F00F8833F00F8FF3F00F0FF1F00FA
:10706000F0FF1F00E0FF0F00C0FF070080FF0300DC
:1070700000FE006100FCFF7F00FCFF7F00FCFF7F43
:1070800000FCFF7F00FCFF7F00FCFF7F00FCFF7F18
:1070900000FC000000FC000000FC000000FC000000
:1070A00000FC000000FC000000FC000000FC0000F0
:1070B00000FC000000FC000000FCFF7F00FCFF7FE4
:1070C00000FCFF7F00FCFF7F00FCFF7F00FCFF7FD8
:1070D00000FCFF7F6500FCFFFF00FCFFFF00FCFFE2
:1070E000FF00FCFFFF00FCFFFF00FCFFFF00FCFFB8
:1070F000FF00F0830F00F0011F00F8013F00F800CF
:107100003E00FC007E00FC007E00FC007E00FC00D7
:107110007E00FC017F00FC017F00FC837F00F8FF04
:107120003F00F8FF3F00F0FF1F00F0FF1F00E0FFEF
:107130000F0080FF030000FE005D0000FE000080E5
:10714000FF0300E0FF0F00E0FF0F00F0FF1F00F85B
:10715000FF3F00F8FF3F00F8833F00FC017F00FC89
:10716000007E00FC007E00FC007E00FC007E00FC37
:10717000007E00FC017F00FC837F00F8E73F00F801
:10718000E73F00F0E71F00F0E70F00E0C3070080D3
:10719000C3030000C2005D00FC000000FC00000012
:1071A000FC000000FC000000FC000000FC000000EF
:1071B000FC000000FC000000FCFF7F00FCFF7F00E3
:1071C000FCFF7F00FCFF7F00FCFF7F00FCFF7F00D7
:1071D000FCFF7F00FC000000FC000000FC00000041
:1071E000FC000000FC000000FC000000FC000000AF
:1071F000FC00006500040000001C0000007C00E0B2
:1072000000FC00E000FC03E000FC0FE000FC3FE0BD
:1072100000F07FF000C0FFF90000FFFF0000FC7FDE
:107220000000F07F0000C07F0000F03F0000FC0F76
:107230000000FF0700C0FF0100F07F0000FC3F00DE
:1072400000FC0F0000FC030000FC0000007C0000BC
:10725000001C000000040000810000FE0000C0FFD0
:107260000700E0FF0F00F0FF1F00F8FF3F00F8FFEE
:107270007F00FC837F00FC017F00FC007E00FC009F
:107280007E00F8003E00F8013F00F0831FFCFFFF86
:10729000FFFCFFFFFFFCFFFFFFFCFFFFFFFCFFFF0A
:1072A000FFFCFFFFFF00F0831F00F8013F00F80024
:1072B0003E00FC007E00FC007E00FC017F00FC83A1
:1072C0007F00FCFF7F00F8FF3F00F0FF1F00E0FFA2
:1072D0000F00C0FF070000FE006500000040000432
:1072E0000060001C0078003C007C007C007E00FCFC
:1072F000007F00FC837F00FCE77F00FCFF3F00F87D
:10730000FF0F00E0FF0700C0FF010000FF0000C00A
:10731000FF0300F0FF0700F8FF1F00FCFF3F00FC29
:10732000E37F00FC817F00FC007F007C007E003C4E
:10733000007C000C00780004006000000040690040
:10734000FCFF7F00FCFF7F00FCFF7F00FCFF7F0055
:10735000FCFF7F00FCFF7F00FCFF7F0000007E0041
:1073600000007E0000007E0000007E0000007E0025
:1073700000007E0000007E0000007E0000007E0015
:10738000FCFF7F00FCFF7F00FCFF7F00FCFFFF0095
:10739000FCFFFF00FCFFFF00FCFFFF000000FE0001
:1073A0000000FE000000FE5900FC030000FC0F007E
:1073B00000FC1F0000FC3F0000FC3F0000FC3F0001
:1073C00000FC7F0000007E0000007C0000007800D0
:1073D000000078000000780000007800000038000D
:1073E0000000380000FCFF7F00FCFF7F00FCFF7FF7
:1073F00000FCFF7F00FCFF7F00FCFF7F00FCFF7FA5
:107400007900FCFF7F00FCFF7F00FCFF7F00FCFF9A
:107410007F00FCFF7F00FCFF7F0000007E0000007B
:107420007E0000007E0000007E0000007E00000064
:107430007E00FCFF7F00FCFF7F00FCFF7F00FCFF65
:107440007F00FCFF7F00FCFF7F0000007E0000004B
:107450007E0000007E0000007E0000007E00000034
:107460007E00FCFF7F00FCFF7F00FCFF7F00FCFF35
:107470007F00FCFF7F00FCFF7F8100FCFF7F00FCA2
:10748000FF7F00FCFF7F00FCFF7F00FCFF7F00FC14
:10749000FF7F0000007E0000007E0000007E0000F4
:1074A000007E0000007E0000007E00FCFF7F00FCEC
:1074B000FF7F00FCFF7F00FCFF7F00FCFF7F00FCE4
:1074C000FF7F0000007E0000007E0000007E0000C4
:1074D000007E0000007E0000007E00FCFF7F00FCBC
:1074E000FF7F00FCFF7F00FCFFFF00FCFFFF00FCB4
:1074F000FFFF000000FE000000FE7500FC00000021
:10750000FC000000FC000000FC000000FC0000008B
:10751000FC000000FC000000FCFF7F00FCFF7F007F
:10752000FCFF7F00FCFF7F00FCFF7F00FCFF7F0073
:10753000007878000078780000787800007878008B
:10754000007878000078780000787800007878007B
:107550000078780000F87C0000F87F0000F87F00D9
:1075600000F03F0000F03F0000E01F0000800781B6
:1075700000FCFF7F00FCFF7F00FCFF7F00FCFF7F23
:1075800000FCFF7F00FCFF7F000078780000787827
:10759000000078780000787800007878000078782B
:1075A0000000787800007878000078780000F87C97
:1075B0000000F87F0000F83F0000F03F0000F03FBF
:1075C0000000E01F00008007000000000000000035
:1075D000000000000000000000FCFF7F00FCFF7FB7
:1075E00000FCFF7F00FCFF7F00FCFF7F00FCFF7FB3
:1075F0005D00FCFF7F00FCFF7F00FCFF7F00FCFFC5
:107600007F00FCFF7F00FCFF7F000078780000789F
:1076100078000078780000787800007878000078AA
:10762000780000787800007878000078780000789A
:10763000780000F87C0000F87F0000F03F0000F0C8
:107640003F0000F03F0000E01F000080075D0000E9
:107650008000000082030080830F00E0C31F00F061
:10766000C71F00F8C73F00F8C73F00F8877F00FC3E
:10767000037F00FC3D7E00FC3C7E00FC3C7E00FC69
:107680003C7E00FC3C7E00FC3C7F00FCBD7F00F8A3
:10769000FF3F00F8FF3F00F0FF1F00F0FF1F00E07A
:1076A000FF0F0080FF030000FE008100FCFF7F0051
:1076B000FCFF7F00FCFF7F00FCFF7F00FCFF7F00E2
:1076C000FCFF7F0000FC000000FC000000FC00004C
:1076D00000FC000000FC000000FF0300C0FF0700EA
:1076E000E0FF1F00F0FF1F00F8FF3F00F8FF3F0022
:1076F000F8837F00FC017F00FC007E00FC007E0020
:10770000FC007E00FC007E00FC007E00FC017F008F
:10771000F8833F00F8FF3F00F0FF3F00F0FF1F003D
:10772000E0FF0F0080FF070000FE0069000000403E
:107730000000006000C0077000F00F7800F81F7CA8
:1077400000F83F7E00F83F7F00FCBF7F00FCFF7F1A
:10775000007CFC3F003CF81F003CF807003CF803AD
:10776000003CF801003CF800003C7800003C780048
:10777000003C7800003C780000FCFF7F00FCFF7FAD
:1077800000FCFF7F00FCFF7F00FCFF7F00FCFF7F11
:1077900000FCFF7F424DB8040000000000003600EE
:1077A0000000280000001800000010000000010088
:1077B00018000000000082040000120B0000120BF1
:1077C00000000000000000000000000000000000B9
:1077D00000000000FFFF00FFFF00FFFF00FFFF00B1
:1077E000FFFF00FFFF00FFFF00FFFF00FFFF00FFA4
:1077F000FF00FFFF00FFFF00FFFF00FFFF00FFFF94
:1078000000FFFF00FFFF00FFFF00FFFF0000000080
:10781000000000000000000000000000FFFF00006A
:107820000000000000000000000000000000000058
:107830000000000000000000000000000000000048
:107840000000000000000000000000000000000038
:107850000000FFFF0000000000000000000000002A
:1078600000000000FFFF000000000000000000001A
:107870000000000000000000000000000000000008
:1078800000000000000000000000000000000000F8
:1078900000000000000000000000FFFF00000000EA
:1078A000000000000000000000000000FFFF0000DA
:1078B00000000000000000000000000000000000C8
:1078C00000000000000000000000000000000000B8
:1078D00000000000000000000000000000000000A8
:1078E0000000FFFF0000000000000000000000009A
:1078F00000000000FFFF000000000000000000008A
:107900000000000000000000000000000000000077
:107910000000000000000000000000000000000067
:1079200000000000000000000000FFFF00FFFF005B
:10793000FFFF00000000000000000000FFFF00004B
:107940000000000000000000000000000000000037
:107950000000000000000000000000000000000027
:107960000000000000000000000000000000000017
:107970000000000000000000FFFF00000000000009
:1079800000000000FFFF00000000000000000000F9
:1079900000000000000000000000000000000000E7
:1079A00000000000000000000000000000000000D7
:1079B00000000000000000000000000000000000C7
:1079C000FFFF00000000000000000000FFFF0000BB
:1079D00000000000000000000000000000000000A7
:1079E0000000000000000000000000000000000097
:1079F0000000000000000000000000000000000087
:107A00000000000000000000FFFF00000000000078
:107A100000000000FFFF0000000000000000000068
:107A20000000000000000000000000000000000056
:107A30000000000000000000000000000000000046
:107A40000000000000000000000000000000000036
:107A5000FFFF00000000000000000000FFFF00002A
:107A60000000000000000000000000000000000016
:107A70000000000000000000000000000000000006
:107A800000000000000000000000000000000000F6
:107A90000000000000000000FFFF000000000000E8
:107AA00000000000FFFF00000000000000000000D8
:107AB00000000000000000000000000000000000C6
:107AC00000000000000000000000000000000000B6
:107AD00000000000000000000000000000000000A6
:107AE000FFFF00000000000000000000FFFF00009A
:107AF0000000000000000000000000000000000086
:107B00000000000000000000000000000000000075
:107B10000000000000000000000000000000000065
:107B20000000FFFF00FFFF00FFFF0000000000005B
:107B300000000000FFFF0000000000000000000047
:107B40000000000000000000000000000000000035
:107B50000000000000000000000000000000000025
:107B600000000000000000000000FFFF0000000017
:107B7000000000000000000000000000FFFF000007
:107B800000000000000000000000000000000000F5
:107B900000000000000000000000000000000000E5
:107BA00000000000000000000000000000000000D5
:107BB0000000FFFF000000000000000000000000C7
:107BC00000000000FFFF00000000000000000000B7
:107BD00000000000000000000000000000000000A5
:107BE0000000000000000000000000000000000095
:107BF00000000000000000000000FFFF0000000087
:107C0000000000000000000000000000FFFF00FF77
:107C1000FF00FFFF00FFFF00FFFF00FFFF00FFFF6F
:107C200000FFFF00FFFF00FFFF00FFFF00FFFF005E
:107C3000FFFF00FFFF00FFFF00FFFF00FFFF00FF4F
:107C4000FF00FFFF0000000000000000424DB804EC
:107C500000000000000036000000280000001800AE
:107C60000000100000000100180000000000820465
:107C70000000120B0000120B0000000000000000CA
:107C8000000000000000000000000000FFFF00FFF7
:107C9000FF00FFFF00FFFF00FFFF00FFFF00FFFFEF
:107CA00000FFFF00FFFF00FFFF00FFFF00FFFF00DE
:107CB000FFFF00FFFF00FFFF00FFFF00FFFF00FFCF
:107CC000FF00FFFF000000000000000000000000B7
:107CD00000000000FFFF00000000000000000000A6
:107CE0000000000000000000000000000000000094
:107CF0000000000000000000000000000000000084
:107D000000000000000000000000FFFF0000000075
:107D1000000000000000000000000000FFFF000065
:107D20000000808000808000808000000000000053
:107D30000000000000000000000000000000000043
:107D40000000000000000000000000000000000033
:107D50000000FFFF00000000000000000000000025
:107D600000000000FFFF0000000080800080800015
:107D70008080000000000000000000000000000003
:107D800000000000000000000000000000000000F3
:107D900000000000000000000000FFFF00000000E5
:107DA000000000000000000000000000FFFF0000D5
:107DB00000008080008080008080000000000000C3
:107DC00000000000000000000000000000000000B3
:107DD00000000000000000000000000000000000A3
:107DE0000000FFFF00FFFF00FFFF00000000000099
:107DF00000000000FFFF0000000080800080800085
:107E00008080000000000000000000000000000072
:107E10000000000000000000000000000000000062
:107E20000000000000000000000000000000000052
:107E3000FFFF00000000000000000000FFFF000046
:107E40000000808000808000808000000000000032
:107E50000000000000000000000000000000000022
:107E60000000000000000000000000000000000012
:107E70000000000000000000FFFF00000000000004
:107E800000000000FFFF00000000808000808000F4
:107E900080800000000000000000000000000000E2
:107EA00000000000000000000000000000000000D2
:107EB00000000000000000000000000000000000C2
:107EC000FFFF00000000000000000000FFFF0000B6
:107ED00000008080008080008080000000000000A2
:107EE0000000000000000000000000000000000092
:107EF0000000000000000000000000000000000082
:107F00000000000000000000FFFF00000000000073
:107F100000000000FFFF0000000080800080800063
:107F20008080000000000000000000000000000051
:107F30000000000000000000000000000000000041
:107F40000000000000000000000000000000000031
:107F5000FFFF00000000000000000000FFFF000025
:107F60000000808000808000808000000000000011
:107F70000000000000000000000000000000000001
:107F800000000000000000000000000000000000F1
:107F90000000000000000000FFFF000000000000E3
:107FA00000000000FFFF00000000808000808000D3
:107FB00080800000000000000000000000000000C1
:107FC00000000000000000000000000000000000B1
:107FD00000000000000000000000FFFF00FFFF00A5
:107FE000FFFF00000000000000000000FFFF000095
:107FF0000000808000808000808000000000000081
:108000000000000000000000000000000000000070
:108010000000000000000000000000000000000060
:108020000000FFFF00000000000000000000000052
:1080300000000000FFFF0000000080800080800042
:108040008080000000000000000000000000000030
:108050000000000000000000000000000000000020
:1080600000000000000000000000FFFF0000000012
:10807000000000000000000000000000FFFF000002
:1080800000000000000000000000000000000000F0
:1080900000000000000000000000000000000000E0
:1080A00000000000000000000000000000000000D0
:1080B0000000FFFF000000000000000000000000C2
:1080C00000000000FFFF00FFFF00FFFF00FFFF00B8
:1080D000FFFF00FFFF00FFFF00FFFF00FFFF00FFAB
:1080E000FF00FFFF00FFFF00FFFF00FFFF00FFFF9B
:1080F00000FFFF00FFFF00FFFF00FFFF0000000088
:1081000000000000424DB8040000000000003600EE
:10811000000028000000180000001000000001000E
:1081200018000000000082040000120B0000120B77
:10813000000000000000000000000000000000003F
:1081400000000000FFFF00FFFF00FFFF00FFFF0037
:10815000FFFF00FFFF00FFFF00FFFF00FFFF00FF2A
:10816000FF00FFFF00FFFF00FFFF00FFFF00FFFF1A
:1081700000FFFF00FFFF00FFFF00FFFF0000000007
:10818000000000000000000000000000FFFF0000F1
:1081900000000000000000000000000000000000DF
:1081A00000000000000000000000000000000000CF
:1081B00000000000000000000000000000000000BF
:1081C0000000FFFF000000000000000000000000B1
:1081D00000000000FFFF00000000808000808000A1
:1081E000808000000000808000808000808000008F
:1081F000000000000000000000000000000000007F
:1082000000000000000000000000FFFF0000000070
:10821000000000000000000000000000FFFF000060
:10822000000080800080800080800000000080804E
:10823000008080008080000000000000000000003E
:10824000000000000000000000000000000000002E
:108250000000FFFF00000000000000000000000020
:1082600000000000FFFF0000000080800080800010
:1082700080800000000080800080800080800000FE
:1082800000000000000000000000000000000000EE
:1082900000000000000000000000FFFF00FFFF00E2
:1082A000FFFF00000000000000000000FFFF0000D2
:1082B00000008080008080008080000000008080BE
:1082C00000808000808000000000000000000000AE
:1082D000000000000000000000000000000000009E
:1082E0000000000000000000FFFF00000000000090
:1082F00000000000FFFF0000000080800080800080
:10830000808000000000808000808000808000006D
:10831000000000000000000000000000000000005D
:10832000000000000000000000000000000000004D
:10833000FFFF00000000000000000000FFFF000041
:10834000000080800080800080800000000080802D
:10835000008080008080000000000000000000001D
:10836000000000000000000000000000000000000D
:108370000000000000000000FFFF000000000000FF
:1083800000000000FFFF00000000808000808000EF
:1083900080800000000080800080800080800000DD
:1083A00000000000000000000000000000000000CD
:1083B00000000000000000000000000000000000BD
:1083C000FFFF00000000000000000000FFFF0000B1
:1083D000000080800080800080800000000080809D
:1083E000008080008080000000000000000000008D
:1083F000000000000000000000000000000000007D
:108400000000000000000000FFFF0000000000006E
:1084100000000000FFFF000000008080008080005E
:10842000808000000000808000808000808000004C
:10843000000000000000000000000000000000003C
:10844000000000000000000000000000000000002C
:10845000FFFF00000000000000000000FFFF000020
:10846000000080800080800080800000000080800C
:1084700000808000808000000000000000000000FC
:1084800000000000000000000000000000000000EC
:108490000000FFFF00FFFF00FFFF000000000000E2
:1084A00000000000FFFF00000000808000808000CE
:1084B00080800000000080800080800080800000BC
:1084C00000000000000000000000000000000000AC
:1084D00000000000000000000000FFFF000000009E
:1084E000000000000000000000000000FFFF00008E
:1084F000000080800080800080800000000080807C
:10850000008080008080000000000000000000006B
:10851000000000000000000000000000000000005B
:108520000000FFFF0000000000000000000000004D
:1085300000000000FFFF000000000000000000003D
:10854000000000000000000000000000000000002B
:10855000000000000000000000000000000000001B
:1085600000000000000000000000FFFF000000000D
:10857000000000000000000000000000FFFF00FFFE
:10858000FF00FFFF00FFFF00FFFF00FFFF00FFFFF6
:1085900000FFFF00FFFF00FFFF00FFFF00FFFF00E5
:1085A000FFFF00FFFF00FFFF00FFFF00FFFF00FFD6
:1085B000FF00FFFF0000000000000000424DB80473
:1085C0000000000000003600000028000000180035
:1085D00000001000000001001800000000008204EC
:1085E0000000120B0000120B000000000000000051
:1085F000000000000000000000000000FFFF00FF7E
:10860000FF00FFFF00FFFF00FFFF00FFFF00FFFF75
:1086100000FFFF00FFFF00FFFF00FFFF00FFFF0064
:10862000FFFF00FFFF00FFFF00FFFF00FFFF00FF55
:10863000FF00FFFF0000000000000000000000003D
:1086400000000000FFFF000000000000000000002C
:10865000000000000000000000000000000000001A
:10866000000000000000000000000000000000000A
:1086700000000000000000000000FFFF00000000FC
:10868000000000000000000000000000FFFF0000EC
:1086900000008080008080008080000000008080DA
:1086A00000808000808000000000808000808000CA
:1086B00080800000000000000000000000000000BA
:1086C0000000FFFF000000000000000000000000AC
:1086D00000000000FFFF000000008080008080009C
:1086E000808000000000808000808000808000008A
:1086F000000080800080800080800000000000007A
:1087000000000000000000000000FFFF000000006B
:10871000000000000000000000000000FFFF00005B
:108720000000808000808000808000000000808049
:108730000080800080800000000080800080800039
:108740008080000000000000000000000000000029
:108750000000FFFF00FFFF00FFFF0000000000001F
:1087600000000000FFFF000000008080008080000B
:1087700080800000000080800080800080800000F9
:1087800000008080008080008080000000000000E9
:1087900000000000000000000000000000000000D9
:1087A000FFFF00000000000000000000FFFF0000CD
:1087B00000008080008080008080000000008080B9
:1087C00000808000808000000000808000808000A9
:1087D0008080000000000000000000000000000099
:1087E0000000000000000000FFFF0000000000008B
:1087F00000000000FFFF000000008080008080007B
:108800008080000000008080008080008080000068
:108810000000808000808000808000000000000058
:108820000000000000000000000000000000000048
:10883000FFFF00000000000000000000FFFF00003C
:108840000000808000808000808000000000808028
:108850000080800080800000000080800080800018
:108860008080000000000000000000000000000008
:108870000000000000000000FFFF000000000000FA
:1088800000000000FFFF00000000808000808000EA
:1088900080800000000080800080800080800000D8
:1088A00000008080008080008080000000000000C8
:1088B00000000000000000000000000000000000B8
:1088C000FFFF00000000000000000000FFFF0000AC
:1088D0000000808000808000808000000000808098
:1088E0000080800080800000000080800080800088
:1088F0008080000000000000000000000000000078
:108900000000000000000000FFFF00000000000069
:1089100000000000FFFF0000000080800080800059
:108920008080000000008080008080008080000047
:108930000000808000808000808000000000000037
:1089400000000000000000000000FFFF00FFFF002B
:10895000FFFF00000000000000000000FFFF00001B
:108960000000808000808000808000000000808007
:1089700000808000808000000000808000808000F7
:1089800080800000000000000000000000000000E7
:108990000000FFFF000000000000000000000000D9
:1089A00000000000FFFF00000000808000808000C9
:1089B00080800000000080800080800080800000B7
:1089C00000008080008080008080000000000000A7
:1089D00000000000000000000000FFFF0000000099
:1089E000000000000000000000000000FFFF000089
:1089F0000000000000000000000000000000000077
:108A00000000000000000000000000000000000066
:108A10000000000000000000000000000000000056
:108A20000000FFFF00000000000000000000000048
:108A300000000000FFFF00FFFF00FFFF00FFFF003E
:108A4000FFFF00FFFF00FFFF00FFFF00FFFF00FF31
:108A5000FF00FFFF00FFFF00FFFF00FFFF00FFFF21
:108A600000FFFF00FFFF00FFFF00FFFF000000000E
:108A700000000000424DB804000000000000360075
:108A80000000280000001800000010000000010095
:108A900018000000000082040000120B0000120BFE
:108AA00000000000000000000000000000000000C6
:108AB00000000000FFFF00FFFF00FFFF00FFFF00BE
:108AC000FFFF00FFFF00FFFF00FFFF00FFFF00FFB1
:108AD000FF00FFFF00FFFF00FFFF00FFFF00FFFFA1
:108AE00000FFFF00FFFF00FFFF00FFFF000000008E
:108AF000000000000000000000000000FFFF000078
:108B00000000000000000000000000000000000065
:108B10000000000000000000000000000000000055
:108B20000000000000000000000000000000000045
:108B30000000FFFF00000000000000000000000037
:108B400000000000FFFF0000000080800080800027
:108B50008080000000008080008080008080000015
:108B60000000808000808000808000000000808005
:108B700000808000808000000000FFFF00000000F7
:108B8000000000000000000000000000FFFF0000E7
:108B900000008080008080008080000000008080D5
:108BA00000808000808000000000808000808000C5
:108BB00080800000000080800080800080800000B5
:108BC0000000FFFF000000000000000000000000A7
:108BD00000000000FFFF0000000080800080800097
:108BE0008080000000008080008080008080000085
:108BF0000000808000808000808000000000808075
:108C000000808000808000000000FFFF00FFFF0068
:108C1000FFFF00000000000000000000FFFF000058
:108C20000000808000808000808000000000808044
:108C30000080800080800000000080800080800034
:108C40008080000000008080008080008080000024
:108C50000000000000000000FFFF00000000000016
:108C600000000000FFFF0000000080800080800006
:108C700080800000000080800080800080800000F4
:108C800000008080008080008080000000008080E4
:108C900000808000808000000000000000000000D4
:108CA000FFFF00000000000000000000FFFF0000C8
:108CB00000008080008080008080000000008080B4
:108CC00000808000808000000000808000808000A4
:108CD0008080000000008080008080008080000094
:108CE0000000000000000000FFFF00000000000086
:108CF00000000000FFFF0000000080800080800076
:108D00008080000000008080008080008080000063
:108D10000000808000808000808000000000808053
:108D20000080800080800000000000000000000043
:108D3000FFFF00000000000000000000FFFF000037
:108D40000000808000808000808000000000808023
:108D50000080800080800000000080800080800013
:108D60008080000000008080008080008080000003
:108D70000000000000000000FFFF000000000000F5
:108D800000000000FFFF00000000808000808000E5
:108D900080800000000080800080800080800000D3
:108DA00000008080008080008080000000008080C3
:108DB00000808000808000000000000000000000B3
:108DC000FFFF00000000000000000000FFFF0000A7
:108DD0000000808000808000808000000000808093
:108DE0000080800080800000000080800080800083
:108DF0008080000000008080008080008080000073
:108E00000000FFFF00FFFF00FFFF00000000000068
:108E100000000000FFFF0000000080800080800054
:108E20008080000000008080008080008080000042
:108E30000000808000808000808000000000808032
:108E400000808000808000000000FFFF0000000024
:108E5000000000000000000000000000FFFF000014
:108E60000000808000808000808000000000808002
:108E700000808000808000000000808000808000F2
:108E800080800000000080800080800080800000E2
:108E90000000FFFF000000000000000000000000D4
:108EA00000000000FFFF00000000000000000000C4
:108EB00000000000000000000000000000000000B2
:108EC00000000000000000000000000000000000A2
:108ED00000000000000000000000FFFF0000000094
:108EE000000000000000000000000000FFFF00FF85
:108EF000FF00FFFF00FFFF00FFFF00FFFF00FFFF7D
:108F000000FFFF00FFFF00FFFF00FFFF00FFFF006B
:108F1000FFFF00FFFF00FFFF00FFFF00FFFF00FF5C
:108F2000FF00FFFF0000000000000000424D38037A
:108F300000000000000036000000280000001000C3
:108F400000001000000001001800000000000203F3
:108F50000000120B0000120B0000000000000000D7
:108F60000000000000000000000000000000000001
:108F70000000000000FF0000FF0000FF0000FF00F5
:108F800000FF0000FF0000FF0000000000000000E4
:108F900000000000000000000000000000000000D1
:108FA0000000FF00FF0000FF0000FF0000FF0000C6
:108FB000FF0000FF0000FF000000FF0000000000B5
:108FC000000000000000000000000000000000FFA2
:108FD00000FF0000FF0000FF0000FF000000FF0096
:108FE000FF0000FF0000FF0000FF000000FF000086
:108FF000000000000000000000000000FF00FF0073
:1090000000FF0000FF0000FF0000FF000000FF0065
:1090100000FF00FF0000FF0000FF0000FF00000055
:10902000FF0000000000000000000000FF00FF0043
:1090300000FF0000FF0000FF0000FF000000FF0035
:10904000FF000000FF00FF0000FF0000FF00000025
:10905000FF0000000000000000000000FF00FF0013
:1090600000FF0000FF000000FF00FF000000FF0005
:10907000FF0000FF000000FF00FF0000FF000000F5
:10908000FF0000000000000000000000FF00FF00E3
:1090900000FF0000FF0000FF000000FF0000FF00D5
:1090A000FF000000FF00FF0000FF0000FF000000C5
:1090B000FF0000000000000000000000FF00FF00B3
:1090C00000FF0000FF0000FF0000FF000000FF00A5
:1090D00000FF00FF0000FF0000FF0000FF00000095
:1090E000FF0000000000000000000000FF00FF0083
:1090F00000FF0000FF0000FF0000FF000000FF0075
:1091000000FF00FF0000FF0000FF0000FF00000064
:10911000FF0000000000000000000000FF00FF0052
:1091200000FF0000FF0000FF000000FF0000FF0044
:10913000FF000000FF00FF0000FF0000FF00000034
:10914000FF0000000000000000000000FF00FF0022
:1091500000FF0000FF000000FF00FF000000FF0014
:10916000FF0000FF000000FF00FF0000FF00000004
:10917000FF0000000000000000000000FF00FF00F2
:1091800000FF0000FF0000FF0000FF000000FF00E4
:10919000FF000000FF00FF0000FF0000FF000000D4
:1091A000FF0000000000000000000000FF00FF00C2
:1091B00000FF0000FF0000FF0000FF000000FF00B4
:1091C00000FF00FF0000FF0000FF0000FF000000A4
:1091D000FF0000000000000000000000000000FF91
:1091E00000FF0000FF0000FF0000FF000000FF0084
:1091F000FF0000FF0000FF0000FF000000FF000074
:10920000000000000000000000000000000000005E
:109210000000FF00FF0000FF0000FF0000FF000053
:10922000FF0000FF0000FF000000FF000000000042
:10923000000000000000000000000000000000002E
:109240000000000000FF0000FF0000FF0000FF0022
:1092500000FF0000FF0000FF000000000000000011
:1092600000000000424DB80400000000000036007D
:10927000000028000000180000001000000001009D
:1092800018000000000082040000120B0000120B06
:10929000000000000000000000000000000080004E
:1092A000008000008000008000008000008000003E
:1092B00080000000000080000080000080000000AE
:1092C000000000000000000000000000000080001E
:1092D000008000008000008000008000008000000E
:1092E000800000000000800000FF0000FF0000FF81
:1092F0000000FF0000FF0000800000000000800070
:1093000000FF0000800000000000000000000000DE
:10931000000000000000800000FF0000FF0000FFD0
:109320000000FF0000FF000080000000000080003F
:1093300000FF0000800000800000800000FF0000AF
:10934000800000000000800000FF0000800000009E
:10935000000000000000000000000000000080008D
:1093600000FF0000800000800000800000FF00007F
:10937000800000000000800000FF0000800000006E
:109380000000800000FF000080000000000080005E
:1093900000FF00008000000000000000000000004E
:1093A000000000000000800000FF000080000000BE
:1093B0000000800000FF000080000000000080002E
:1093C00000FF0000800000000000800000FF00009F
:1093D000800000000000800000FF0000800000000E
:1093E00000000000000000000000000000008000FD
:1093F00000800000800000000000800000FF0000EE
:10940000800000000000800000FF000080000000DD
:109410000000800000FF00008000000000008000CD
:1094200000FF0000800000000000000000000000BD
:10943000000000000000000000000000000000002C
:109440000000800000FF000080000000000080009D
:1094500000FF0000800000800000800000FF00008E
:10946000800000000000800000FF000080000080FD
:1094700000008000008000008000000000008000EC
:1094800000800000800000800000800000FF0000DD
:10949000800000000000800000FF000080000080CD
:1094A0000000FF0000FF00008000000000008000BE
:1094B00000FF0000FF0000FF0000FF0000FF0000B1
:1094C000800000000000800000FF0000FF0000FF9F
:1094D0000000FF0000FF000080000000000080008E
:1094E00000FF00008000008000008000008000007D
:1094F000800000000000800000FF0000800000806D
:109500000000800000FF00008000000000008000DC
:1095100000FF00008000008000008000008000004C
:10952000800000000000800000FF000080000000BC
:1095300000000000000000000000000000008000AB
:1095400000FF0000800000000000800000FF00001D
:10955000800000000000800000FF0000800000008C
:10956000000000000000000000000000000080007B
:1095700000FF00008000000000000000000000006C
:10958000000000000000800000FF000080000000DC
:109590000000800000FF000080000000000080004C
:1095A00000FF00008000000000000000000000003C
:1095B000000000000000800000FF000080000000AC
:1095C000000080000080000080000000000080009B
:1095D00000FF0000800000000000800000FF00008D
:1095E000800000000000800000FF000080000000FC
:1095F000000080000080000080000000000080006B
:1096000000FF0000800000000000800000FF00005C
:10961000800000000000800000FF000080000000CB
:109620000000800000FF00008000000000008000BB
:1096300000FF0000800000000000800000FF00002C
:10964000800000000000800000FF0000800000801B
:109650000000800000FF000080000000000080008B
:1096600000FF0000800000800000800000FF00007C
:10967000800000000000800000FF000080000080EB
:109680000000800000FF000080000000000080005B
:1096900000FF0000FF0000FF0000FF0000FF0000CF
:1096A000800000000000800000FF0000FF0000FFBD
:1096B0000000FF0000FF00008000000000008000AC
:1096C00000FF0000FF0000FF0000FF0000FF00009F
:1096D000800000000000800000800000800000800A
:1096E000000080000080000080000000000080007A
:1096F00000800000800000800000800000800000EA
:1097000080000000000080000080000080000080D9
:10971000000080000080000080000000424DB8047E
:1097200000000000000036000000280000001800C3
:10973000000010000000010018000000000082047A
:109740000000120B0000120B0000000000000000DF
:109750000000000000000080000080000080000089
:1097600000000080000080000080000000000080F9
:109770000000800000800000800000800000800069
:1097800000800000000000800000800000800000D9
:1097900000000080000080000080000000000080C9
:1097A0000000FF0000800000000000800000FF00BB
:1097B00000800000000000800000FF0000FF0000AB
:1097C000FF0000FF0000FF0000800000000000809C
:1097D0000000FF0000800000000000800000FF008B
:1097E00000800000000000800000FF0000800000FA
:1097F000000000800000FF000080000000000080EA
:109800000000FF0000800000800000800000800059
:1098100000800000000000800000FF0000800000C9
:10982000000000800000FF000080000000000080B9
:109830000000FF0000800000000000800000FF002A
:1098400000800000000000800000FF000080000099
:109850000000000000000000000000000000008088
:109860000000FF0000800000000000800000FF00FA
:1098700000800000000000800000FF000080000069
:10988000000000800000FF00008000000000008059
:109890000000FF0000800000000000000000000049
:1098A00000000000000000800000FF0000800000B9
:1098B000000000800000FF00008000000000008029
:1098C0000000FF0000800000000000800000FF009A
:1098D00000800000000000800000FF000080000009
:1098E00000000000000000000000000000000080F8
:1098F0000000FF0000800000000000800000FF006A
:1099000000800000000000800000FF0000800000D8
:10991000000000800000FF000080000000000080C8
:109920000000FF00008000000000000000000000B8
:1099300000000000000000800000FF000080000028
:10994000000000800000FF00008000000000008098
:109950000000FF0000800000000000800000FF0009
:1099600000800000000000800000FF000080000078
:1099700080000080000080000000000000000080E7
:109980000000FF0000800000000000800000FF00D9
:1099900000800000000000800000FF000080000048
:1099A000000000800000FF00008000000000008038
:1099B0000000FF0000FF0000FF0000FF000080002B
:1099C00000000000000000800000FF000080000098
:1099D000000000800000FF00008000000000008008
:1099E0000000FF0000800000800000800000FF00F9
:1099F00000800000000000800000FF0000800000E8
:109A00008000008000008000000000000000008056
:109A10000000FF0000800000800000800000FF00C8
:109A200000800000000000800000FF0000800000B7
:109A3000FF0000800000FF000080000000000080A8
:109A40000000FF0000800000000000000000000097
:109A500000000000000000800000FF000080000007
:109A6000FF0000800000FF00008000000000008078
:109A70000000FF0000800000FF0000800000FF00E9
:109A800000800000000000800000FF000080000057
:109A90000000000000000000000000000000008046
:109AA0000000FF0000800000FF0000800000FF00B9
:109AB00000800000000000800000FF0000FF0000A8
:109AC000800000FF0000FF00008000000000008018
:109AD0000000FF0000800000000000000000000007
:109AE00000000000000000800000FF0000FF0000F8
:109AF000800000FF0000FF000080000000000080E8
:109B00000000FF0000800000800000800000FF00D7
:109B100000800000000000800000FF0000800000C6
:109B200080000080000080000080000000000080B5
:109B30000000FF0000800000800000800000FF00A7
:109B400000800000000000800000FF000080000096
:109B5000000000800000FF00008000000000008086
:109B60000000FF0000FF0000FF0000FF0000FF00FA
:109B700000800000000000800000FF000080000066
:109B8000000000800000FF00008000000000008056
:109B900000008000008000000000008000008000C5
:109BA00000800000000000800000800000800000B5
:109BB0008000008000008000008000000000008025
:109BC0000000800000800000000000800000800095
:109BD00000800000424D3803000000000000360005
:109BE000000028000000100000001000000001002C
:109BF00018000000000002030000120B0000120B0E
:109C00000000000000000000000000000000000054
:109C10000000000000000000000000000000000044
:109C200000000000000000000080800080800080B4
:109C300080008080000000000000000000000000A4
:109C40000000000000000000000000000000000014
:109C5000000000000000808000FFFF00FFFF00FF09
:109C6000FF008080000000000000000000000000F5
:109C700000000000000000000000000000000000E4
:109C8000000000808000FFFF00FFFF00FFFF00FFDB
:109C9000FF008080000000000000000000000000C5
:109CA00000000000000000000000000000000000B4
:109CB000808000FFFF00FFFF00FFFF00FFFF00FFAD
:109CC000FF00808000000000000000000000000095
:109CD0000080800080800080800080800080800084
:109CE000FFFF00FFFF00FFFF00FFFF00FFFF00FF7F
:109CF000FF00808000000000000000000000000065
:109D000000808000FFFF00FFFF00FFFF00FFFF005B
:109D1000FFFF00FFFF00FFFF00FFFF00FFFF00FF4E
:109D2000FF00808000000000000000000000000034
:109D300000808000FFFF00FFFF00FFFF00FFFF002B
:109D4000FFFF00FFFF00FFFF00FFFF00FFFF00FF1E
:109D5000FF00808000000000000000000000000004
:109D600000808000FFFF00FFFF00FFFF00FFFF00FB
:109D7000FFFF00FFFF00FFFF00FFFF00FFFF00FFEE
:109D8000FF008080000000000000000000000000D4
:109D900000808000FFFF00FFFF00FFFF00FFFF00CB
:109DA000FFFF00FFFF00FFFF00FFFF00FFFF00FFBE
:109DB000FF008080000000000000000000000000A4
:109DC00000808000FFFF00FFFF00FFFF00FFFF009B
:109DD000FFFF00FFFF00FFFF00FFFF00FFFF00FF8E
:109DE000FF00808000000000000000000000000074
:109DF00000808000FFFF00FFFF00FFFF00FFFF006B
:109E0000FFFF00FFFF00FFFF00FFFF00FFFF00FF5D
:109E1000FF00808000000000000000000000000043
:109E20000080800080800080800080800080800032
:109E3000FFFF00FFFF00FFFF00FFFF00FFFF00FF2D
:109E4000FF00808000000000000000000000000013
:109E50000000000000000000000000000000000002
:109E6000808000FFFF00FFFF00FFFF00FFFF00FFFB
:109E7000FF008080000000000000000000000000E3
:109E800000000000000000000000000000000000D2
:109E9000000000808000FFFF00FFFF00FFFF00FFC9
:109EA000FF008080000000000000000000000000B3
:109EB00000000000000000000000000000000000A2
:109EC000000000000000808000FFFF00FFFF00FF97
:109ED000FF00808000000000000000000000000083
:109EE0000000000000000000000000000000000072
:109EF00000000000000000000080800080800080E2
:109F0000800080800000000000000000424D360309
:109F100000000000000036000000280000001000D3
:109F20000000100000000100180000000000000305
:109F30000000120B0000120B0000000000000000E7
:109F4000000000000000F2FF000000000000000020
:109F50000000000000000000000000000000000001
:109F600000000000000000000000000000F2FF0000
:109F7000000000F2FF0000000000000000000000F0
:109F800000000000000000000000000000000000D1
:109F900000F2FF00000000000000F2FF00000000DF
:109FA000000000000000F2FF0000000000000000C0
:109FB0000000000000000000000000000000F2FFB0
:109FC00000F2FF00000000000000000000F2FF00AF
:109FD000000000000000000000F2FF241CED000063
:109FE0000000000000000000000000F2FF00F2FF8F
:109FF00000F2FF000000241CED0000000000000043
:10A00000F2FF00000000F2FF000000000000241C2E
:10A01000ED00000000000000F2FF00F2FF00F2FF80
:10A0200000F2FF241CED00000000000000F2FF0021
:10A03000000000F2FF00000000000000000000F23D
:10A04000FF241CED00F2FF00F2FF00F2FF00F2FF20
:10A05000241CED00000000000000F2FF00000000E2
:10A06000000000000000F2FF00000000000000F20D
:10A07000FF00F2FF241CED00F2FF00F2FF241CEDB4
:10A0800000F2FF00000000000000000000F2FF00EE
:10A09000000000000000000000F2FF00000000F2DD
:10A0A000FF00F2FF00F2FF241CED241CED00F2FF84
:10A0B00000F2FF00000000000000000000000000AF
:10A0C000F2FF00000000F2FF00000000000000F2BC
:10A0D000FF00F2FF00F2FF241CED241CED00F2FF54
:10A0E00000F2FF00000000000000000000F2FF008E
:10A0F000000000F2FF00000000000000000000F27D
:10A10000FF00F2FF241CED00F2FF00F2FF241CED23
:10A1100000F2FF00000000000000F2FF000000005D
:10A12000000000000000F2FF00000000000000F24C
:10A13000FF241CED00F2FF00F2FF00F2FF00F2FF2F
:10A14000241CED00000000000000000000F2FF00F1
:10A15000000000000000000000F2FF000000241CCE
:10A16000ED00000000000000F2FF00F2FF00F2FF2F
:10A1700000F2FF241CED00000000000000000000C1
:10A18000F2FF00000000F2FF000000241CED0000C0
:10A190000000000000000000000000F2FF00F2FFDD
:10A1A00000F2FF000000241CED00000000F2FF00A0
:10A1B000000000F2FF0000000000000000000000AE
:10A1C0000000000000000000000000000000F2FF9E
:10A1D00000F2FF00000000000000F2FF000000009D
:10A1E000000000000000F2FF00000000000000007E
:10A1F000000000000000000000000000000000005F
:10A2000000F2FF00000000000000000000F2FF006C
:10A21000000000000000000000F2FF00000000004D
:10A22000000000000000000000000000000000002E
:10A23000000000000000000000000000000000001E
:10A24000F2FF0000424D380300000000000036001D
:10A2500000002800000010000000100000000100B5
:10A2600018000000000002030000120B0000120B97
:10A2700000000000000000000000000000000000DE
:10A2800000000000000000000000000000000000CE
:10A29000000000000000000000808000808000803E
:10A2A000800080800000000000000000FF0000FF30
:10A2B000000000000000000000000000000000009E
:10A2C000000000000000808000FFFF00FFFF00FF93
:10A2D000FF0080800000FF0000FF0000000000FF82
:10A2E0000000FF000000000000000000000000006F
:10A2F000000000808000FFFF00FFFF00FFFF00FF65
:10A30000FF0000FF0000FF00000000000000000050
:10A310000000FF0000FF000000000000000000003F
:10A32000808000FFFF00FFFF00FFFF00FFFF000035
:10A33000FF0000FF0000000000000000000000001F
:10A340000080800000FF0000FF008080008080000F
:10A35000FFFF00FFFF00FFFF00FFFF0000FF000006
:10A36000FF008080000000000000000000000000EE
:10A3700000808000FFFF0000FF0000FF00FFFF00E3
:10A38000FFFF00FFFF00FFFF0000FF0000FF00FFD6
:10A39000FF008080000000000000000000000000BE
:10A3A00000808000FFFF00FFFF0000FF0000FF00B3
:10A3B000FFFF00FFFF0000FF0000FF00FFFF00FFA6
:10A3C000FF0080800000000000000000000000008E
:10A3D00000808000FFFF00FFFF00FFFF0000FF0084
:10A3E00000FF0000FF0000FF00FFFF00FFFF00FF75
:10A3F000FF0080800000000000000000000000005E
:10A4000000808000FFFF00FFFF00FFFF00FFFF0054
:10A4100000FF0000FF00FFFF00FFFF00FFFF00FF45
:10A42000FF0080800000000000000000000000002D
:10A4300000808000FFFF00FFFF00FFFF0000FF0023
:10A4400000FF0000FF0000FF00FFFF00FFFF00FF14
:10A45000FF008080000000000000000000000000FD
:10A4600000808000FFFF00FFFF0000FF0000FF00F2
:10A47000FFFF00FFFF0000FF0000FF00FFFF00FFE5
:10A48000FF008080000000000000000000000000CD
:10A490000080800080800000FF0000FF00808000BE
:10A4A000FFFF00FFFF00FFFF0000FF0000FF00FFB5
:10A4B000FF0080800000000000000000000000009D
:10A4C0000000000000FF0000FF000000000000008E
:10A4D000808000FFFF00FFFF00FFFF0000FF000083
:10A4E000FF0080800000000000000000000000006D
:10A4F0000000FF0000FF000000000000000000005E
:10A50000000000808000FFFF00FFFF00FFFF000051
:10A51000FF0000FF0000000000000000000000FF3E
:10A520000000FF000000000000000000000000002C
:10A53000000000000000808000FFFF00FFFF00FF20
:10A54000FF0000FF0000FF0000000000FF0000FF10
:10A5500000000000000000000000000000000000FB
:10A56000000000000000000000808000808000806B
:10A57000800080800000FF0000FF00000900000054
:10A58000000000000003FFCF073F0000003F000F66
:10A59000000C60FCF00F6FFCF00F6F0C60000BF014
:10A5A000E118C2FFFF18C4387815FE00830183014B
:10A5B000FEF0000FF0000F7F80C180C1007F0F3ED2
:10A5C0003FC3E0C3C33E4E0038C0E70080033F00F6
:10A5D00007F00F0E7001800701800E70F00F0B3630
:10A5E0000008007F00080036000F0003000300038E
:10A5F000F87F00030003000305008000400F000106
:10A600000001000100010001000100010300C00978
:10A6100000E0001FF0000E000BFC3F07E003C00746
:10A62000E0FC3F070CC0FFFF00C00B06F003C803AF
:10A63000C687C17CC00B066003C0C3C0E3E03E3FD9
:10A640000BC00330030E03FFFF00030BFFE0C3C08A
:10A65000C3C0C3E1033F0BF83F8EE0C3C0C3E100BA
:10A660003F0B030003F0030FF3000F000B3C3EC34E
:10A67000E183C0C3E13E3E0BFC0087C303C3077107
:10A68000FC1F030707070060073F00010F0003805E
:10A6900004800440082010201010200FC00CC00CB3
:10A6A000C00CC00CC00CC00CC00C0F10202010201F
:10A6B00010400880048004000309070003CF8301D1
:10A6C0007E0013E01F1C60E28F11101110F11F02B9
:10A6D000100C10F00F0D00FCF00F0F0C0F0CF00F12
:10A6E00000FC0BFFFFC3C0C3C0C3E13E3F0DF81F1A
:10A6F0000E7003C003C003C006600DFFFF03C0035C
:10A70000C007E00E70F00F0BFFFFC3C0C3C0C3C093
:10A7100003C00BFFFFC300C300C300C3000DF81F3D
:10A720000E7003C003C303C3067F0DFFFFC000C04C
:10A7300000C000C000FFFF0703C0FFFF03C0090007
:10A74000C003C003C0FF7F0BFFFFC001300E0E30FF
:10A7500001C009FFFF00C000C000C00FFFFF1F00C5
:10A76000E001000EE0011F00FFFF0DFFFF0F00F8EA
:10A7700000800F00F8FFFF0FF81F0E7003C003C02A
:10A7800003C00E70F81F0BFFFF030303038701FCD8
:10A79000000FF81F0E7003C003C003C00E70F81F37
:10A7A0000DFFFF03030307870DFC7000800B7C6027
:10A7B000C7C083C183E3063E0B03000300FFFF0312
:10A7C0000003000DFF3F006000C000C00060FF3FBD
:10A7D0000B3F00C01F00E0C01F3F00131F00E01F21
:10A7E00000E0E01F1F00E01F00E0E01F1F000F015E
:10A7F000800660381CC003700E0E7001800B0F00C5
:10A80000700080FF70000F000B03F003CEC3C13354
:10A81000C00FC007FFFF01000100090E00F001009A
:10A820001E00E00704800480FCFF0B400038000697
:10A83000003800400013008000800080008000800D
:10A840000080008000800080070200040008000BE8
:10A85000003860CC60C66066C0FF0BFFFFC0C06000
:10A86000C0E0E0803F09803FE0E060C060C00B8056
:10A870003FE0E060C06060FFFF0B803FE06660C6C5
:10A8800060C6806707FFFF610061000B800FE0D8A2
:10A8900060906090E07F0BFFFFC00060006000C030
:10A8A000FF03E3FF0560C0E37F0BFFFF0006800DA1
:10A8B000C03020C003FFFF0FE0FF40006000C0FF7A
:10A8C00040006000C0FF0BE0FFC00060006000C0FF
:10A8D000FF0B803FE0E060C0E0E0803F0BE0FFC0A6
:10A8E000306030E038801F0B800FE038603060103F
:10A8F000E0FF07E0FFC000600009C0E360C260C481
:10A90000E07807FC7F60C060C00BE07F00C000C043
:10A910000060E0FF0BE000001F00E0001FE0000F00
:10A92000E00F00F0001FE000001F00E0E01F0B2020
:10A9300080C071000EC07120800BE001009E00609D
:10A94000001EE0010960E060DC60C3E0C009800037
:10A95000C0017E7F018003FFFF0901807E7FC0016F
:10A9600080000F0C00060006000E000C000C000614
:10A970000009FEFF02800280FEFF190600060006A5
:10A98000000600FEFFC600C600C6C0C6C0C0C0802C
:10A9900061003F0FFEFF06000600060006000600ED
:10A9A000060005000000C00DE0FF600068006400C4
:10A9B000620060000B000000C00000000000C00B3F
:10A9C00000C0000000C0000000C00F600060006018
:10A9D00000FEFF6000600060000F608060806080AB
:10A9E000FEFF60806080608011C006E00FDC76C6EC
:10A9F000C6C6C006C00C60301821FC00868102610A
:10AA00008619FC07C07E30C30C8102C3007E0000A3
:10AA1000007E00C3008100C3007E1F00C000C0FE96
:10AA20007F0600060006000600FEFF80C180C18090
:10AA3000C180C180C10063003E090004001B803159
:10AA400040401BFEFF8001800180018001FEFF80ED
:10AA5000C180C180C180C180C10063003E11FEFF82
:10AA600000038000E0011806041802600080170649
:10AA700000060006000600FEFFC600C600C600C6AF
:10AA800000800100FF11FEFF00C000C000C000C038
:10AA900000C000C0FEFF110C00FEFFCC006C006C7B
:10AAA000006000E00080FF053C0002000520001E61
:10AAB00000093C0002003C0002000920001E0020AA
:10AAC000001E00090007800F800F00070D00040022
:10AAD0000400040004000400041D00040004000439
:10AAE0000004000400040004000400040004000446
:10AAF00000040004000409FEFF02800280FEFF152E
:10AB000002000200FE0002000200FE003E00C00043
:10AB10003E00FE001D00C000C0E07F6000600060DD
:10AB2000006000E0FF00C600C600C600C600C4000A
:10AB3000780940408031001B000419E0FF00060046
:10AB40000600060006E0FF00C600C600C600C600FC
:10AB5000C400780FE0FF00040802840D421020605A
:10AB60000080110C00FEFFCC006C0060006000E073
:10AB700000C0FF0FE0FF00C000C000C000C000C068
:10AB8000E0FF011502001CC060C080C3003C000C47
:10AB9000800360001C0002000FE000060F08700830
:10ABA000800C780607E0000D007000C000C000C0F7
:10ABB00000E0FE3F0FB037E01C601860186018E03E
:10ABC0001CB0370FFEFF0600060006000600060058
:10ABD000070003FEE10F380FE618C6308661064312
:10ABE00004E60C3C11FEFF86C186C186C186C18683
:10ABF000C186C106C017E00F18300440C2873298E2
:10AC000012901290228804401830E00F17F01F981D
:10AC1000318C6186C186C186C106C006C00C601831
:10AC20003020080F0004001B80314044001B80319D
:10AC300040400FC000C000C000C000C000C000C045
:10AC40000F09000C000C000C000C17E00F1830046A
:10AC500040E29F22822282228EC29104401830E07C
:10AC60000F050000FEFF091C00220022001C000F3F
:10AC700000C300C300C3F0FF00C300C300C303FE52
:10AC8000FF03E6FF0DE0FF60006000600060007CF5
:10AC9000000BF0FF001000100010F01F117800FCF6
:10ACA00000FE01FEFF06000600FEFF060003000393
:10ACB0000F803FCC6660C660C660C6CCC680671B8E
:10ACC000FEFF3C00F0008003001E0078FEFF000045
:10ACD000E031183618361836F03311001FC06660A0
:10ACE000C660C660C660C0404080200F40408031D2
:10ACF000001B40448031001B0004050000E6FF13E8
:10AD00007818CC6086E086C186C106C106C30C6295
:10AD1000183C0DC06360C660C660C460CCC07807D4
:10AD20000C00E0FF0C000F00E0801FFC060306FC97
:10AD300006801F00E00BFFFF83C183C183C1007F3A
:10AD40000DFFFF83C183C183C1C7E17C3E0BFFFFC1
:10AD500003000300030003000F00C000F8FFC70357
:10AD6000C003C0FFFF00C00BFFFF83C183C183C1CD
:10AD700083C11703800770780C80030001FFFF0078
:10AD8000018003780C077003800B1C3807E083C137
:10AD9000C3E37C3F0DFFFF00380007E0001C00FF0D
:10ADA000FF0DFFFF00380007E0001C00FFFF0BFF56
:10ADB000FF0001F0060E3803C00D00C0FF7F030046
:10ADC00003000300FFFF0FFFFF3E00C00F00F0E095
:10ADD0000F1E00FFFF0DFFFF800180018001800139
:10ADE000FFFF0FF00F0E7003C003C003C00E70F022
:10ADF0000F0DFFFF0300030003000300FFFF0BFF25
:10AE0000FF030303030303FE000DF80F0E7003C0DE
:10AE100003C006601C180B03000300FFFF030003C0
:10AE2000000B0FC0F0E1001EE0011F000FE007184B
:10AE3000180C30FFFF0C301818E0070D03C01C3C45
:10AE4000E003E0071C3803C00FFFFF00C000C00094
:10AE5000C000C0FFFF00C00BFF0100070006000399
:10AE6000FFFF13FFFF00C000C000C0FFFF00C000D5
:10AE7000C000C0FFFF17FFFF00C000C000C0FFFF01
:10AE800000C000C000C0FFFF008000800F0300036F
:10AE900000FFFF80C180C180C1007F0FFFFF80C124
:10AEA00080C180C1007F0000FFFF0BFFFF80C180D9
:10AEB000C180C1007F0D0C3807E083C183C18E7152
:10AEC000F81F13FFFF8001F80F0E3003C003C0030B
:10AED000C00C70F00F0D7EE0C71D8303830183015A
:10AEE000FFFF0BC07C30C630C63063E0FF0BFC3F79
:10AEF00067E033C073E0C33F09F0FF30C630C6E0FF
:10AF00007D07F0FF300030000B00F0F0CF30C0F0D4
:10AF1000FF00C00BC03F706330C330E3C0330F305D
:10AF2000C0E03D0002F0FF0002E03D30C009C0700B
:10AF300030C030C6E07D0BF0FF00380007C000F0E5
:10AF4000FF0BF0FF03380407C300F0FF09F0FF0018
:10AF500002D03D30C00B00C0F0FF30003000F0FFE9
:10AF60000FF0FFF001003E00C0003EF001F0FF0BCB
:10AF7000F0FF000600060006F0FF0BC03F70E03057
:10AF8000C070E0C03F0BF0FF300030003000F0FF39
:10AF90000BF07F601030207030C01F0BC03F70E09E
:10AFA00030C030C0C0300B30003000F0FF30003017
:10AFB000000B7000809F00E0801FF0000FC03F304A
:10AFC000C030C0FFFF30C030E0C03F0B30C0C03CDD
:10AFD000000FE07010800DF0FF00C000C000C0F056
:10AFE000FF00C00BF007000E000C000CF0FF0BF090
:10AFF000FF00C0F0FF00C0F0FF0FF0FF00C0F0FF47
:10B0000000C0F0FF00C000C00B3000F0FF00C60021
:10B01000C6007C0FF0FF00C300C300C3007E000029
:10B02000F0FF0BF0FF00C300C300C3007E0BC03075
:10B0300030C030C670E6C03F0FF0FF0006C03F7062
:10B04000E030C070E0C03F09E0F3300E3006F0FFA2
:10B05000446973706C61795F73686F7753796D625F
:10B060006F6C000053796D626F6C206C656E2069A7
:10B070006E20666F6E74206D757374206265203E5D
:10B0800030000000446973706C61795F6F75747093
:10B0900075745F626D7000004269746D6170206C40
:10B0A000656E206D757374206265203E300000006F
:10B0B00000000000EF003F0170656374726F6D6502
:10B0C000747269630D0000006572736F6E616C0DC0
:10B0D000000000006164696174696F6E0D0000001A
:10B0E00073637265656E0000443A5C5573657273F4
:10B0F0005C43686972696B616C6F5C41524D5F7053
:10B10000726F6A5C53505244325F355C646973708D
:10B110006C6179322E630000443A5C55736572733A
:10B120005C43686972696B616C6F5C41524D5F7022
:10B13000726F6A5C53505244325F355C6564697467
:10B140002E63000079400000143F1400914000007D
:10B15000D5400000F140000045410000814300005F
:10B16000094400008144000015450000C545000069
:10B170000146000005460000154600001D4600007F
:10B180001946000005440000443A5C55736572732B
:10B190005C43686972696B616C6F5C41524D5F70B2
:10B1A000726F6A5C53505244325F355C66696C65FD
:10B1B0005F6C6973742E6300506C656173652077F2
:10B1C0006169742E2E2E0042697474652077617255
:10B1D00074656E2E2E2E00506C656173652077614C
:10B1E00069742E2E2E00CFEEE6E0EBF3E9F1F2E0EB
:10B1F00020E6E4E8F2E52E2E2E0000003E3E4E65ED
:10B2000078742070616765003E3E4E6578742070EA
:10B21000616765003E3E4E65787420706167650029
:10B220003E3ED1EBE5E4F3FEF9E0FF20F1F2F02E33
:10B23000000000003C3C50726576696F75732070A9
:10B24000616765003C3C50726576696F757320706C
:10B25000616765003C3C50726576696F757320705C
:10B26000616765003C3CCFF0E5E4FBE4F3F9E0FF07
:10B2700020F1F2F02E000000DD4E0000003F2B0018
:10B28000610C0100750C0100410C0100250C01004E
:10B29000494F00006F4F00006B4F0000734F0000DC
:10B2A000774F0000894F0000ED4F0000355000003F
:10B2B000435000003F500000674F000053656C652D
:10B2C0006374206974656D0053656C6563742069EF
:10B2D00074656D0053656C656374206974656D00F9
:10B2E000C2FBE1E5F0E8F2E520EFF3EDEAF2000061
:10B2F000000000000000000000000000000000004E
:10B300000000000000000000000000000900000034
:10B3100049500000B15000009751000097510000C3
:10B32000975100009751000097510000975100007D
:10B330009751000000000000AD50000015510000C2
:10B34000AB5100003D520000D1520000615300009B
:10B35000F153000079540000A154000000000000E7
:10B36000443A5C55736572735C43686972696B61DA
:10B370006C6F5C41524D5F70726F6A5C5350524407
:10B38000325F355C66696C6573797374656D2E63C5
:10B390000000000066696C6573797374656D5F7297
:10B3A0006561645F66696C657265636F726473740E
:10B3B00061626C650000000066696C657379737486
:10B3C000656D5F77726974655F66696C65726563E8
:10B3D0006F7264737461626C6500000066696C650D
:10B3E00073797374656D5F6765745F666972737492
:10B3F0005F66696C657265636F7264496E646578D7
:10B4000000000000696E76616C69642066696C6595
:10B41000207265636F7264006C656E20706172618A
:10B420006D65746572206D757374206E6F74206223
:10B4300065203000696E76616C69642066696C65B0
:10B44000000000006974656D734E756D203C2031FD
:10B450000000000066696C6573797374656D5F6FD9
:10B4600070656E5F6669727374000000496E69747E
:10B4700069616C697A6174696F6E2E2E2E0D0049B8
:10B480006E697469616C697A6174696F6E2E2E2EB3
:10B490000D00496E697469616C697A6174696F6ED7
:10B4A0002E2E2E0D00C8EDE8F6E8E0EBE8E7E0F61A
:10B4B000E8FF2E2E2E0D0000526567656E657261E5
:10B4C00074696E67206D656D6F72792E2E2E0D007A
:10B4D000526567656E65726174696E67206D656D32
:10B4E0006F72792E2E2E0D00526567656E65726142
:10B4F00074696E67206D656D6F72792E2E2E0D004A
:10B50000D0E5E3E5EDE5F0E0F6E8FF20EFE0ECFF65
:10B51000F2E82E2E2E0D000070726F677265737345
:10B52000200070726F6772657373200070726F67AE
:10B53000726573732000E2FBEFEEEBEDE5EDE8E5FD
:10B5400020000000436865636B696E67206D656D60
:10B550006F72792E2E2E0D00436865636B696E67DE
:10B56000206D656D6F72792E2E2E0D004368656318
:10B570006B696E67206D656D6F72792E2E2E0D00D2
:10B58000CFF0EEE2E5F0EAE020EFE0ECFFF2E82EAB
:10B590002E2E0D00436865636B696E672066696CCB
:10B5A00065732E2E2E0D00436865636B696E6720F0
:10B5B00066696C65732E2E2E0D00436865636B699A
:10B5C0006E672066696C65732E2E2E0D00CFF0EE2F
:10B5D000E2E5F0EAE020F4E0E9EBEEE22E2E2E0DBB
:10B5E0000000000044656C6574652062616420663B
:10B5F000696C65732E2E2E004162737065696368F5
:10B6000065726E207363686C656368742066696C2C
:10B6100065732E2E2E0044656C657465206261642E
:10B620002066696C65732E2E2E00D3E4E0EBE5ED09
:10B63000E8E520EFEBEEF5E8F520F4E0E9EBEEE2EB
:10B640002E2E2E0044656C6574696E6720626164FD
:10B650002066696C65732E2E2E00416273706569D9
:10B66000636865726E207363686C656368742066D6
:10B67000696C65732E2E2E0044656C6574696E6767
:10B68000206261642066696C65732E2E2E00D3E4FF
:10B69000E0EBE5EDE8E520EFEBEEF5E8F520F4E092
:10B6A000E9EBEEE22E2E2E00443A5C557365727380
:10B6B0005C43686972696B616C6F5C41524D5F708D
:10B6C000726F6A5C53505244325F355C66696C65D8
:10B6D00073797374656D322E630000004D656D6F74
:10B6E000727920666F726D617474696E672E2E2E8A
:10B6F00000446174656E7370656963686572206685
:10B700006F726D6174696572656E2E2E2E004D65C7
:10B710006D6F727920666F726D617474696E672ED9
:10B720002E2E00D4EEF0ECE0F2E8F0EEE2E0EDE8F0
:10B73000E520EFE0ECFFF2E82E2E2E0046696C6566
:10B740002073797374656D204641494C454421202E
:10B750004974206973207265636F6D6D656E6465F1
:10B760006420746F20726573746F72652066616304
:10B77000746F72792064656661756C7473210D4114
:10B780006C6C2066696C65732077696C6C206265EF
:10B79000206C6F7374210D0D436F6E6669726D2E90
:10B7A0002E2E0046696C652073797374656D204692
:10B7B00041494C45442120497420697320726563D6
:10B7C0006F6D6D656E64656420746F20726573744F
:10B7D0006F726520666163746F727920646566615B
:10B7E000756C7473210D416C6C2066696C657320F7
:10B7F00077696C6C206265206C6F7374210D0D434A
:10B800006F6E6669726D2E2E2E0046696C65207310
:10B81000797374656D204641494C45442120497433
:10B82000206973207265636F6D6D656E6465642059
:10B83000746F20726573746F726520666163746FD4
:10B8400072792064656661756C7473210D416C6C4E
:10B850002066696C65732077696C6C206265206C6A
:10B860006F7374210D0D436F6E6669726D2E2E2EEF
:10B8700000D1C1CEC920D4E0E9EBEEE2EEE920F13F
:10B88000E8F1F2E5ECFB2120D0E5EAEEECE5EDE4B1
:10B89000EEE2E0EDEE20E2EEF1F1F2E0EDEEE2E8D4
:10B8A000F2FC20E7E0E2EEE4F1EAE8E520F3F1F271
:10B8B000E0EDEEE2EAE8210DC2F1E520E4E0EDED95
:10B8C000FBE520E1F3E4F3F220F3E4E0EBE5EDFB4C
:10B8D000210D0DCFEEE4F2E2E5F0E4E8F2E52E2EE4
:10B8E0002E000000436C65616E696E67206D656DAA
:10B8F0006F72792E2E2E0D00446174656E73706523
:10B900006963686572207265696E6967756E672E16
:10B910002E2E0D00436C65616E696E67206D656D3E
:10B920006F72792E2E2E0D00CEF7E8F1F2EAE020AC
:10B93000EFE0ECFFF2E82E2E2E0D000066696C653C
:10B9400073797374656D5F63616C635F7370656356
:10B9500069616C5F66696C65735F6E756D62657257
:10B96000000000002564252500000000443A5C55D5
:10B97000736572735C43686972696B616C6F5C417B
:10B98000524D5F70726F6A5C53505244325F355C47
:10B990006765696765722E63000000005261646923
:10B9A0006174696F6E2073616665747920616C6182
:10B9B000726D210053747261686C756E6773736980
:10B9C000636865726865697420416C61726D2100FD
:10B9D000526164696174696F6E2073616665747920
:10B9E00020616C61726D2100D2F0E5E2EEE3E020AF
:10B9F000F0E0E4E8E0F6E8EEEDEDEEE920E1E5E781
:10BA0000EEEFE0F1EDEEF1F2E82100004F56455285
:10BA10004C4F41442100554245524C4144554E47FC
:10BA200021004F5645524C4F41442100CFC5D0C54F
:10BA3000C3D0D3C7CAC0210024505352463130313D
:10BA40002C2D323638363730302C2D3433303432DA
:10BA500030302C333835313632342C3936303030C2
:10BA60002C3439373236302C3932312C31322C34B7
:10BA70000000000024505352463130312C2D323614
:10BA800038363730302C2D343330343230302C339C
:10BA90003835313632342C39363030302C34393771
:10BAA0003236302C3932312C31322C320000000049
:10BAB00024505352463130312C2D323638363730FF
:10BAC000302C2D343330343230302C33383531365D
:10BAD00032342C39363030302C3439373236302C41
:10BAE0003932312C31322C310000000047505320C4
:10BAF0004F464600475053204F464600475053207C
:10BB00004F46460047505320C2DBCACB000000001E
:10BB10004E6F2047505320726563656976657200E9
:10BB20004E6F2047505320726563656976657200D9
:10BB30004E6F2047505320726563656976657200C9
:10BB4000CDE5F22047505320EFF0E8E5ECEDE8EAD0
:10BB5000E0000000475053204F4646004750532016
:10BB60004F464600475053204F464600475053200B
:10BB7000C2DBCACBDED7C5CD00000000436F6D6DC0
:10BB80006F6E20646174613A0D00436F6D6D6F6E6E
:10BB900020646174613A0D00436F6D6D6F6E2064B7
:10BBA0006174613A0D00CEE1F9E8E520E4E0EDEDE5
:10BBB000FBE50D004F4E3A20616C77617973004FC1
:10BBC0004E3A20616C77617973004F4E3A20616C78
:10BBD0007761797300C2CACB3A20E2F1E5E3E4E091
:10BBE000000000004F4E3A206D616E75616C6C79FB
:10BBF000004F4E3A206D616E75616C6C79004F4E4E
:10BC00003A206D616E75616C6C7900C2CACB3A20C6
:10BC1000E2F0F3F7EDF3FE004F4E3A2061637469F2
:10BC20007665004F4E3A20616374697665004F4E29
:10BC30003A2061637469766500C2CACB3A20E0EAB3
:10BC4000F2E8E2EDEE000000436F6C642073746173
:10BC5000727400436F6C6420737461727400436F7C
:10BC60006C6420737461727400D5EEEBEEE4EDFB4E
:10BC7000E920EFF3F1EA00005465737420636D640A
:10BC8000005465737420636D64005465737420639D
:10BC90006D6400D2E5F1F220EAEEECE0EDE40000A4
:10BCA0005761726D207374617274005761726D20F8
:10BCB0007374617274005761726D20737461727471
:10BCC00000D2B8EFEBFBE920EFF3F1EA000000004F
:10BCD000486F7420737461727400486F74207374B9
:10BCE00061727400486F7420737461727400C3EEE3
:10BCF000F0FFF7E8E920EFF3F1EA00005475726E07
:10BD0000204F4646005475726E204F4646005475CB
:10BD1000726E204F464600C2FBEAEBFEF7E8F2FCEB
:10BD2000000000004D454E553A20475053004D4508
:10BD30004E553A20475053004D454E553A204750F6
:10BD40005300CCC5CDDE3A20475053000000000020
:10BD500000000000000000000000000000000000E3
:10BD600000000000000000000000000000000000D3
:10BD700000000000060000004D8400005D8300000C
:10BD80006D8300007D8300008D830000E983000047
:10BD900000000000000000000000000000000000A3
:10BDA00017840000DB830000CF830000C383000002
:10BDB000B78300009D830000000000000000000029
:10BDC00000000000000000006D7A00001E3F00002F
:10BDD0009D7A0000B97A0000D57A00009D7B0000B2
:10BDE000BD7B0000E57B0000F77B0000077C0000C6
:10BDF000357C0000477C00004B7C00005B7C000031
:10BE0000637C00005F7C0000D57B00008181818124
:10BE100081818181828282828282838383838484FE
:10BE20008485858586868787888888898A8A8B8B9A
:10BE30008C8C8D8E8E8F8F909192929394949596F8
:10BE4000979898999A9B9C9D9E9E9FA0A1A2A3A41F
:10BE5000A5A6A7A8A9AAABACADAEAFB0B1B2B3B41A
:10BE6000B5B7B8B9BABBBCBDBEBFC1C2C3C4C5C6F5
:10BE7000C8C9CACBCCCDCED0D1D2D3D4D5D7D8D9BE
:10BE8000DADBDCDEDFE0E1E2E3E5E6E7E8E9EAEB86
:10BE9000EDEEEFF0F1F2F3F4F5F6F8F9FAFBFCFD54
:10BEA000FEFF000102030405060708090A0B0C0D3A
:10BEB0000E0F0F10111213141516161718191A1A3F
:10BEC0001B1C1D1D1E1F2020212222232424252669
:10BED0002627272829292A2A2B2B2C2C2D2D2E2EBC
:10BEE0002F2F303030313132323233333334343437
:10BEF00034353535353636363637373737373738E0
:10BF000038383838383838383838393939393939AB
:10BF1000393939393939393838383838383838389A
:10BF200038383837373737373737363636363635A5
:10BF300035353535343434343433333333323232C7
:10BF400032313131313030302F2F2F2F2E2E2E2DF8
:10BF50002D2D2D2C2C2C2B2B2B2A2A2A2A29292932
:10BF60002828282727272626262525252424242473
:10BF70002323232222222121212020201F1F1F1FB3
:10BF80001E1E1E1D1D1D1C1C1C1C1B1B1B1A1A1AF1
:10BF9000191919191818181817171716161616152B
:10BFA000151515141414141313131312121212115D
:10BFB00011111111101010100F0F0F0F0F0E0E0E88
:10BFC0000E0E0D0D0D0D0D0D0C0C0C0C0C0B0B0BAA
:10BFD0000B0B0B0A0A0A0A0A0A0A090909090909C4
:10BFE00009080808080808080707070707070707D8
:10BFF00007060606060606060606060505050505E5
:10C0000005050505050504040404040404040404EA
:10C0100004040404030303030303030303030303EC
:10C0200003030303030202020202020202020202EB
:10C0300002020202020202020202020202020101E2
:10C0400001010101010101010101010101010101E0
:10C0500001010101010101010101010101010101D0
:10C0600001010101010101010101010101010100C1
:10C0700000000000000000000000000000000000C0
:10C0800000000000000000000000000000000000B0
:10C0900000000000000000000000000000000000A0
:10C0A0000000000000000000000000000000000090
:10C0B0000000000000000000000000000000000080
:10C0C0000000000000000000000000000000000070
:10C0D0000000000000000000000000000000000060
:10C0E0000000000000000000000000000000000050
:10C0F0000000000000000000000000000000000040
:10C10000000000000000000000000000000000002F
:10C11000000000000000000000000000000000001F
:10C12000000000000000000000000000443A5C55E0
:10C13000736572735C43686972696B616C6F5C41B3
:10C14000524D5F70726F6A5C53505244325F355C7F
:10C150006964656E746966792E6300006964656E52
:10C16000746966795F77726974655F6964656E7416
:10C170006966795F696E695F737472696E670000E2
:10C18000496E647573747269616C3A2000496E641B
:10C190007573747269653A2000496E6475737472C0
:10C1A00069616C3A2000CFF0EEECFBF8EBE5EDEDC9
:10C1B000FBE93A20000000004D65646963696E6523
:10C1C0003A20004D6564697A696E3A20004D6564D5
:10C1D0006963696E653A2000CCE5E4E8F6E8EDF1C4
:10C1E000EAE8E93A200000004E75636C6561723A36
:10C1F00020004E756B6C6561723A20004E75636C61
:10C200006561723A2000DFE4E5F0EDFBE93A2000D9
:10C210004E4F524D3A20004E4F524D3A20004E4F55
:10C22000524D3A2000C5F1F2E5F1F2E2E5EDEDFB09
:10C23000E93A20004E657574726F6E3A20004E65C3
:10C240007574726F6E3A20004E657574726F6E3A37
:10C250002000CDE5E9F2F0EEEDEDFBE93A2000003B
:10C260000D4E6F7420696E20746865206C6962726F
:10C27000617279000D4E6F7420696E2074686520BC
:10C280006C696272617279000D4E6F7420696E2064
:10C29000746865206C696272617279000DCDE5F297
:10C2A00020E220E1E8E1EBE8EEF2E5EAE50000005B
:10C2B0004E6F74206964656E746966696564004ECA
:10C2C0006F74206964656E746966696564004E6F99
:10C2D00074206964656E74696669656400CDE8F709
:10C2E000E5E3EE20EDE520E8E4E5EDF2E8F4E8F63C
:10C2F000E8F0EEE2E0EDEE0044495341424C4544A3
:10C300000044495341424C45440044495341424C46
:10C31000454400C7C0C1CBCECAC8D0CEC2C0CDC074
:10C32000000000003B6964656E746966792E696E71
:10C33000690D5B6964656E74696679436F6E7472CA
:10C340006F6C5D0D4D494E454E455247593D32305B
:10C350000D4D4158454E455247593D333030300D13
:10C360006E7369676D615F73656172636870656143
:10C370006B733D31360D5343414C45494E53544147
:10C3800042494C4954593D32300D746573744E75B1
:10C390006C6C5065616B3D310D6E7369676D615FEB
:10C3A0007065616B636865636B5F6C6566743D3275
:10C3B000360D6E7369676D615F7065616B6368658B
:10C3C000636B5F72696768743D32340D6D736967C2
:10C3D0006D615F7065616B636865636B3D32300DE5
:10C3E0007468726573686F6C643D330D6964656E63
:10C3F0007469667953746172744465616454696DDB
:10C40000653D36300D6C69627261727946696C65A2
:10C410004E616D653D6D61696E0D00005B636F6D12
:10C420006D6F6E5D0D64774C69625665723D320DBD
:10C430004E55434C4E554D3D32390D5B6E5F315D6F
:10C440000D4E3D502D482D310D4C6E3D310D4C3172
:10C45000653D323233300D4C316E3D363535333437
:10C460000D4C31733D36353533340D5B6E5F325DC7
:10C470000D4E3D492D416D2D3234310D4C6E3D3305
:10C480000D4C31653D3132300D4C316E3D32363020
:10C49000300D4C31733D300D4C32653D36300D4C16
:10C4A000326E3D36353533340D4C32733D363535CD
:10C4B00033340D4C33653D32360D4C336E3D300D0B
:10C4C0004C33733D300D5B6E5F335D0D4E3D492D3A
:10C4D00042612D3133330D4C6E3D380D4C31653D8D
:10C4E0003435350D4C316E3D300D4C31733D300DD2
:10C4F0004C32653D3335360D4C326E3D333230367D
:10C50000310D4C32733D36353533340D4C33653D8A
:10C510003239320D4C336E3D31313638310D4C33BA
:10C52000733D300D4C34653D3135370D4C346E3D27
:10C53000300D4C34733D300D4C35653D3131380D87
:10C540004C356E3D353030300D4C35733D300D4C33
:10C5500036653D38310D4C366E3D36353533340D4C
:10C560004C36733D310D4C37653D35330D4C376ED0
:10C570003D300D4C37733D300D4C38653D33310D3A
:10C580004C386E3D300D4C38733D300D5B6E5F3472
:10C590005D0D4E3D492D43642D3130390D4C6E3DBE
:10C5A000320D4C31653D38380D4C316E3D363535E8
:10C5B00033340D4C31733D36353533340D4C3265E3
:10C5C0003D32320D4C326E3D34323539370D4C32FE
:10C5D000733D300D5B6E5F355D0D4E3D492D436FF4
:10C5E0002D35370D4C6E3D350D4C31653D363935A9
:10C5F0000D4C316E3D300D4C31733D300D4C32657C
:10C600003D3235320D4C326E3D300D4C32733D3083
:10C610000D4C33653D3132320D4C336E3D36353580
:10C6200033340D4C33733D36353533340D4C34656E
:10C630003D38350D4C346E3D300D4C34733D300D6E
:10C640004C35653D33330D4C356E3D300D4C3573F7
:10C650003D300D5B6E5F365D0D4E3D492D436F2DB8
:10C6600036300D4C6E3D350D4C31653D3133333335
:10C670000D4C316E3D35373539350D4C31733D3507
:10C68000373539350D4C32653D313137330D4C324C
:10C690006E3D36353533340D4C32733D36353533DA
:10C6A000340D4C33653D3931300D4C336E3D3235F0
:10C6B0003030300D4C33733D300D4C34653D3232EB
:10C6C000300D4C346E3D300D4C34733D300D4C35D7
:10C6D000653D37380D4C356E3D300D4C35733D3072
:10C6E0000D5B6E5F375D0D4E3D492D43732D31332C
:10C6F000340D4C6E3D380D4C31653D313336370DC0
:10C700004C316E3D300D4C31733D300D4C32653D3A
:10C71000313137300D4C326E3D300D4C32733D307F
:10C720000D4C33653D313034350D4C336E3D300D9D
:10C730004C33733D300D4C34653D3739340D4C343A
:10C740006E3D35303637390D4C34733D3533353524
:10C75000350D4C35653D3630310D4C356E3D363539
:10C760003533340D4C35733D36353533340D4C3659
:10C77000653D3437350D4C366E3D300D4C36733DCE
:10C78000300D4C37653D3338300D4C376E3D300D34
:10C790004C37733D300D4C38653D3139300D4C38D8
:10C7A0006E3D300D4C38733D300D5B6E5F385D0D66
:10C7B0004E3D492D43732D3133370D4C6E3D380DB1
:10C7C0004C31653D313332300D4C316E3D313530B9
:10C7D0000D4C31733D300D4C32653D3636320D4CCB
:10C7E000326E3D36353533340D4C32733D3635358A
:10C7F00033340D4C33653D3434320D4C336E3D30A3
:10C800000D4C33733D300D4C34653D3332300D4C9F
:10C81000346E3D313030300D4C34733D300D4C357D
:10C82000653D3230330D4C356E3D300D4C35733D2A
:10C83000300D4C36653D3138360D4C366E3D363751
:10C8400036320D4C36733D300D4C37653D37380D63
:10C850004C376E3D300D4C37733D300D4C38653DD7
:10C8600033320D4C386E3D300D4C38733D300D5B1E
:10C870006E5F395D0D4E3D492D45752D3135320DBB
:10C880004C6E3D31350D4C31653D313430380D4CF9
:10C89000316E3D313931370D4C31733D300D4C32F5
:10C8A000653D313130330D4C326E3D323535390D09
:10C8B0004C32733D300D4C33653D3936340D4C33BD
:10C8C0006E3D300D4C33733D300D4C34653D383783
:10C8D000300D4C346E3D300D4C34733D300D4C35C5
:10C8E000653D3737380D4C356E3D323337300D4CA2
:10C8F00035733D300D4C36653D3638300D4C366E57
:10C900003D300D4C36733D300D4C37653D35363678
:10C910000D4C376E3D300D4C37733D300D4C386546
:10C920003D3434340D4C386E3D300D4C38733D3051
:10C930000D4C39653D3334340D4C396E3D3137344F
:10C9400038370D4C39733D36353533340D4C313075
:10C95000653D3234350D4C31306E3D300D4C31304B
:10C96000733D300D4C3131653D3137300D4C313137
:10C970006E3D300D4C3131733D300D4C3132653DE3
:10C980003132320D4C31326E3D36353533340D4C4B
:10C990003132733D310D4C3133653D38370D4C31FB
:10C9A000336E3D300D4C3133733D300D4C313465B9
:10C9B0003D37380D4C31346E3D300D4C3134733DC4
:10C9C000300D4C3135653D34300D4C31356E3D32D6
:10C9D000393032390D4C3135733D300D5B6E5F317E
:10C9E000305D0D4E3D492D49722D3139320D4C6E61
:10C9F0003D360D4C31653D3838380D4C316E3D308B
:10CA00000D4C31733D300D4C32653D3630330D4C9D
:10CA1000326E3D300D4C32733D300D4C33653D343C
:10CA200036380D4C336E3D31393030300D4C337368
:10CA30003D36353533340D4C34653D3331300D4C96
:10CA4000346E3D36353533340D4C34733D3534302A
:10CA500032310D4C35653D3135350D4C356E3D313E
:10CA60003937320D4C35733D300D4C36653D36351A
:10CA70000D4C366E3D353630350D4C36733D300D30
:10CA80005B6E5F31315D0D4E3D492D4D6E2D353460
:10CA90000D4C6E3D340D4C31653D3833350D4C3108
:10CAA0006E3D36353533340D4C31733D36353533C7
:10CAB000340D4C32653D3539360D4C326E3D3530D6
:10CAC00037350D4C32733D300D4C33653D323032CD
:10CAD0000D4C336E3D300D4C33733D300D4C346591
:10CAE0003D37380D4C346E3D300D4C34733D300DB8
:10CAF0005B6E5F31325D0D4E3D492D4D6F2D3939E5
:10CB00000D4C6E3D380D4C31653D3933380D4C318F
:10CB10006E3D300D4C31733D300D4C32653D373438
:10CB2000330D4C326E3D34333338340D4C32733D5B
:10CB300036353533340D4C33653D3532300D4C339D
:10CB40006E3D300D4C33733D300D4C34653D343704
:10CB5000300D4C346E3D300D4C34733D300D4C3542
:10CB6000653D3333360D4C356E3D300D4C35733DE0
:10CB7000300D4C36653D3138390D4C366E3D300D3B
:10CB80004C36733D300D4C37653D3134300D4C37EC
:10CB90006E3D36353533340D4C37733D300D4C38E2
:10CBA000653D37360D4C386E3D300D4C38733D3099
:10CBB0000D5B6E5F31335D0D4E3D492D4E612D3263
:10CBC000320D4C6E3D370D4C31653D313830300DF6
:10CBD0004C316E3D300D4C31733D300D4C32653D66
:10CBE000313237340D4C326E3D31323331300D4CF1
:10CBF00032733D36353533340D4C33653D3130308D
:10CC0000360D4C336E3D313334380D4C33733D307B
:10CC10000D4C34653D3531310D4C346E3D36353576
:10CC200033340D4C34733D310D4C35653D33313269
:10CC30000D4C356E3D323037330D4C35733D300D74
:10CC40004C36653D3137370D4C366E3D300D4C3628
:10CC5000733D300D4C37653D37380D4C376E3D30E8
:10CC60000D4C37733D300D5B6E5F31345D0D4E3DC5
:10CC7000492D50752D3233380D4C6E3D340D4C31ED
:10CC8000653D3135300D4C316E3D36353533340D23
:10CC90004C31733D36353533340D4C32653D3936C4
:10CCA0000D4C326E3D300D4C32733D300D4C3365C2
:10CCB0003D34330D4C336E3D300D4C33733D300DF0
:10CCC0004C34653D300D4C346E3D300D4C34733D6D
:10CCD000300D5B6E5F31355D0D4E3D492D53652D39
:10CCE00037350D4C6E3D350D4C31653D3430310DD1
:10CCF0004C316E3D31303030300D4C31733D353676
:10CD00003731320D4C32653D3236390D4C326E3D85
:10CD100036303030300D4C32733D36353533340DCE
:10CD20004C33653D3139390D4C336E3D300D4C334C
:10CD3000733D300D4C34653D3133330D4C346E3D15
:10CD400036353533340D4C34733D300D4C35653D3F
:10CD500039370D4C356E3D300D4C35733D300D5B24
:10CD60006E5F31365D0D4E3D492D53722D39300DBC
:10CD70004C6E3D310D4C31653D300D4C316E3D30CA
:10CD80000D4C31733D300D5B6E5F31375D0D4E3DA7
:10CD90004D2D43722D35310D4C6E3D320D4C3165AC
:10CDA0003D3332300D4C316E3D36353533340D4C1C
:10CDB00031733D36353533340D4C32653D323132C9
:10CDC0000D4C326E3D300D4C32733D300D5B6E5F5D
:10CDD00031385D0D4E3D4D2D462D31380D4C6E3D9B
:10CDE000340D4C31653D3531310D4C316E3D3635AC
:10CDF0003533340D4C31733D36353533340D4C32CB
:10CE0000653D3331320D4C326E3D323136390D4C89
:10CE100032733D300D4C33653D3137370D4C336E39
:10CE20003D300D4C33733D300D4C34653D37380D7E
:10CE30004C346E3D300D4C34733D300D5B6E5F31C4
:10CE4000395D0D4E3D4D2D47612D36370D4C6E3DF4
:10CE5000390D4C31653D3838380D4C316E3D300D53
:10CE60004C31733D300D4C32653D3739340D4C3209
:10CE70006E3D300D4C32733D300D4C33653D3439D1
:10CE8000350D4C336E3D300D4C33733D300D4C340D
:10CE9000653D3339330D4C346E3D313130300D4CFE
:10CEA00034733D31373239360D4C35653D333030D2
:10CEB0000D4C356E3D3230300D4C35733D363535C9
:10CEC00033340D4C36653D3138360D4C366E3D34BD
:10CED000393738390D4C36733D300D4C37653D319F
:10CEE00034300D4C376E3D300D4C37733D300D4CAA
:10CEF00038653D39300D4C386E3D36353533340D9F
:10CF00004C38733D300D4C39653D37350D4C396E1D
:10CF10003D300D4C39733D300D5B6E5F32305D0D31
:10CF20004E3D4D2D492D3132330D4C6E3D330D4C60
:10CF300031653D3135390D4C316E3D363535333443
:10CF40000D4C31733D36353533340D4C32653D373C
:10CF5000380D4C326E3D300D4C32733D300D4C333C
:10CF6000653D32370D4C336E3D300D4C33733D30E3
:10CF70000D5B6E5F32315D0D4E3D4D2D492D3132D1
:10CF8000350D4C6E3D310D4C31653D32370D4C3118
:10CF90006E3D36353533340D4C31733D36353533D2
:10CFA000340D5B6E5F32325D0D4E3D4D2D492D319E
:10CFB00033310D4C6E3D360D4C31653D3633360DFB
:10CFC0004C316E3D313535310D4C31733D3235309C
:10CFD000300D4C32653D3336340D4C326E3D3635B6
:10CFE0003533340D4C32733D36353533340D4C33D7
:10CFF000653D3238340D4C336E3D373939330D4C85
:10D0000033733D300D4C34653D3135330D4C346E4A
:10D010003D373338360D4C34733D300D4C35653D5E
:10D0200038320D4C356E3D300D4C35733D300D4C66
:10D0300036653D33300D4C366E3D300D4C36733D0C
:10D04000300D5B6E5F32335D0D4E3D4D2D496E2DC3
:10D050003131310D4C6E3D360D4C31653D3234353C
:10D060000D4C316E3D35363338380D4C31733D360D
:10D07000353533340D4C32653D3137310D4C326E20
:10D080003D36353533340D4C32733D35393633301A
:10D090000D4C33653D3131300D4C336E3D300D4C10
:10D0A00033733D300D4C34653D37380D4C346E3D97
:10D0B000300D4C34733D300D4C35653D36300D4CE4
:10D0C000356E3D300D4C35733D300D4C36653D327F
:10D0D000360D4C366E3D300D4C36733D300D5B6E6B
:10D0E0005F32345D0D4E3D4D2D54632D39396D0D3C
:10D0F0004C6E3D330D4C31653D3134300D4C316E4D
:10D100003D36353533340D4C31733D36353533349A
:10D110000D4C32653D39300D4C326E3D300D4C3288
:10D12000733D300D4C33653D37380D4C336E3D301B
:10D130000D4C33733D300D5B6E5F32355D0D4E3DF2
:10D140004D2D546C2D3230310D4C6E3D360D4C3121
:10D15000653D3433380D4C316E3D300D4C31733DEF
:10D16000300D4C32653D3336330D4C326E3D300D53
:10D170004C32733D300D4C33653D3136370D4C33F9
:10D180006E3D33333831390D4C33733D36353533DD
:10D19000340D4C34653D3132380D4C346E3D300D1C
:10D1A0004C34733D300D4C35653D37370D4C356E85
:10D1B0003D36353533340D4C35733D3938320D4CF1
:10D1C00036653D34330D4C366E3D300D4C36733D77
:10D1D000300D5B6E5F32365D0D4E3D4D2D58652D29
:10D1E0003133330D4C6E3D320D4C31653D38320DCF
:10D1F0004C316E3D36353533340D4C31733D36355B
:10D200003533340D4C32653D33310D4C326E3D3586
:10D21000323232380D4C32733D3532320D5B6E5F37
:10D2200032375D0D4E3D4E2D4B2D34300D4C6E3D45
:10D23000320D4C31653D313436310D4C316E3D3659
:10D24000353533340D4C31733D36353533340D4C73
:10D2500032653D313134340D4C326E3D300D4C323F
:10D26000733D300D5B6E5F32385D0D4E3D4E2D527D
:10D27000612D3232360D4C6E3D31350D4C31653DF0
:10D28000323139320D4C316E3D3634300D4C317304
:10D290003D300D4C32653D313735380D4C326E3DE9
:10D2A000300D4C32733D300D4C33653D31333932E6
:10D2B0000D4C336E3D300D4C33733D300D4C3465A9
:10D2C0003D313236310D4C346E3D300D4C34733DB2
:10D2D000300D4C35653D313132300D4C356E3D30C1
:10D2E0000D4C35733D300D4C36653D3736340D4CA5
:10D2F000366E3D300D4C36733D300D4C37653D3646
:10D3000030390D4C376E3D33383239370D4C377369
:10D310003D36353533340D4C38653D3437360D4C9C
:10D32000386E3D300D4C38733D300D4C39653D3312
:10D3300035320D4C396E3D36353533340D4C39733D
:10D340003D310D4C3130653D3239350D4C31306E4B
:10D350003D34343235360D4C3130733D300D4C3167
:10D3600031653D3234320D4C31316E3D323136391A
:10D37000390D4C3131733D300D4C3132653D313812
:10D38000360D4C31326E3D32313434390D4C313240
:10D39000733D300D4C3133653D3134350D4C3133F7
:10D3A0006E3D300D4C3133733D300D4C3134653DA5
:10D3B00037370D4C31346E3D300D4C3134733D30C8
:10D3C0000D4C3135653D34370D4C31356E3D300DEA
:10D3D0004C3135733D300D5B6E5F32395D0D4E3D26
:10D3E0004E2D54682D3233320D4C6E3D31360D4C7E
:10D3F00031653D323631340D4C316E3D313533318E
:10D40000310D4C31733D31393532390D4C32653D7A
:10D41000323331360D4C326E3D300D4C32733D306F
:10D420000D4C33653D313538350D4C336E3D300D87
:10D430004C33733D300D4C34653D3937370D4C342A
:10D440006E3D300D4C34733D300D4C35653D3932F9
:10D45000310D4C356E3D32333833350D4C35733D1F
:10D46000300D4C36653D3836350D4C366E3D300D41
:10D470004C36733D300D4C37653D3733300D4C37EE
:10D480006E3D300D4C37733D300D4C38653D3538B1
:10D49000330D4C386E3D36353533340D4C38733DD5
:10D4A00036353533340D4C39653D3531300D4C3919
:10D4B0006E3D300D4C39733D300D4C3130653D3390
:10D4C00037380D4C31306E3D300D4C3130733D30BE
:10D4D0000D4C3131653D3333380D4C31316E3D32B9
:10D4E000393132390D4C3131733D310D4C313265AA
:10D4F0003D3239360D4C31326E3D300D4C31327388
:10D500003D300D4C3133653D3233370D4C31336E88
:10D510003D300D4C3133733D300D4C3134653D3170
:10D5200032380D4C31346E3D300D4C3134733D305A
:10D530000D4C3135653D37370D4C31356E3D300D75
:10D540004C3135733D300D4C3136653D36310D4C27
:10D5500031366E3D32383231390D4C3136733D3013
:10D560000D000000000000000000000000000000AE
:10D5700000000000000000000000000000000000AB
:10D58000000000000000000000000000000000009B
:10D59000000000000000000000000000000000008B
:10D5A000000000000000000000000000000000007B
:10D5B000000000000000000000000000000000006B
:10D5C000000000000000000000000000000000005B
:10D5D000000000000000000000000000000000004B
:10D5E000000000000000000000000000000000003B
:10D5F000000000000000000000000000000000002B
:10D60000000000000000000000000000000000001A
:10D61000000000000000000000000000000000000A
:10D6200000000000000000000000000000000000FA
:10D6300000000000000000000000000000000000EA
:10D6400000000000000000000000000000000000DA
:10D6500000000000000000006964656E746966796E
:10D66000000000006964656E74696679436F6E74CA
:10D67000726F6C006C69627261727946696C654E9A
:10D68000616D65004D494E454E45524759000000B9
:10D690004D4158454E455247590000005343414CB7
:10D6A00045494E53544142494C49545900000000E9
:10D6B000746573744E756C6C5065616B000000008E
:10D6C0006E7369676D615F7065616B636865636BDD
:10D6D0005F6C6566740000006E7369676D615F70F2
:10D6E00065616B636865636B5F726967687400008E
:10D6F0006D7369676D615F7065616B636865636BAE
:10D70000000000006E7369676D615F73656172632D
:10D71000687065616B7300007468726573686F6C24
:10D72000640000006964656E74696679537461729F
:10D73000744465616454696D650000006964656ED8
:10D74000746966795F77726974655F6964656E7420
:10D750006966795F696E695F696E7400496E7661AA
:10D760006C6964206964656E746966792E696E6996
:10D7700000000000636F6D6D6F6E000064774C6990
:10D7800062566572000000004E55434C4E554D00E8
:10D790006E5F2564000000004C25646500000000F9
:10D7A0004C25646E000000004C25647300000000EE
:10D7B0005572616E69756D00506C75746F6E697528
:10D7C0006D0000004E657074756E69756D00000027
:10D7D000416E6E6968696C6174696F6E2072616414
:10D7E000696174696F6E00004272656D7373747263
:10D7F00061686C756E6700004E657574726F6E209F
:10D80000636170747572652067616D6D612072610E
:10D81000797300004E657574726F6E206361707469
:10D82000757265004C6F77206275726E2D75702071
:10D830005075000048696768206275726E2D7570BA
:10D84000205075006964656E746966795F41707017
:10D850006C7946696C746572000000006E3E3D5341
:10D86000524348475348504E554D0000496D706F24
:10D870007274616E7420696E666F726D6174696F27
:10D880006E2121210D00496D706F7274616E7420DC
:10D89000696E666F726D6174696F6E2121210D0072
:10D8A000496D706F7274616E7420696E666F726D0F
:10D8B0006174696F6E2121210D00C2E0E6EDE0FF89
:10D8C00020E8EDF4EEF0ECE0F6E8FF2121210D0078
:10D8D000496E76616C6964204D43412053657474D0
:10D8E000696E67732E20506C6561736520636F6E7F
:10D8F00074616374206D616E7566616374757265C1
:10D900007220666F72207265706169722E0D0D0053
:10D91000496E76616C6964204D434120536574748F
:10D92000696E67732E20506C6561736520636F6E3E
:10D9300074616374206D616E756661637475726580
:10D940007220666F72207265706169722E0D0D0013
:10D95000496E76616C6964204D434120536574744F
:10D96000696E67732E20506C6561736520636F6EFE
:10D9700074616374206D616E756661637475726540
:10D980007220666F72207265706169722E0D0D00D3
:10D99000D0E0E7F0F3F8E5EDFB20EDE0F1F2F0EE9A
:10D9A000E9EAE820ECEDEEE3EEEAE0EDE0EBFCED99
:10D9B000EEE3EE20E0EDE0EBE8E7E0F2EEF0E02E63
:10D9C00020CFEEE6E0EBF3E9F1F2E02C20F1E2FF0C
:10D9D000E6E8F2E5F1FC20F120EFF0EEE8E7E2EE18
:10D9E000E4E8F2E5EBE5EC20E4EBFF20F0E5ECEE1B
:10D9F000EDF2E02E0D0D00004170706C6965642041
:10DA000064656661756C742073797374656D2073D9
:10DA1000657474696E67732E2056616C756573202A
:10DA200066726F6D20474D20636F756E746572204E
:10DA300061726520696E636F72726563742E0D0D7D
:10DA4000004170706C6965642064656661756C7412
:10DA50002073797374656D2073657474696E677370
:10DA60002E2056616C7565732066726F6D20474D70
:10DA700020636F756E7465722061726520696E63D4
:10DA80006F72726563742E0D0D004170706C696564
:10DA9000642064656661756C742073797374656D58
:10DAA0002073657474696E67732E2056616C75659A
:10DAB000732066726F6D20474D20636F756E7465BD
:10DAC000722061726520696E636F72726563742E75
:10DAD0000D0D00D3F1F2E0EDEEE2EBE5EDFB20F110
:10DAE000E8F1F2E5ECEDFBE520EDE0F1F2F0EEE936
:10DAF000EAE820EFEE20F3ECEEEBF7E0EDE8FE2EA7
:10DB000020C4E0EDEDFBE520C3CC20F1F7E5F2F712
:10DB1000E8EAE020E1F3E4F3F220EDE5EAEEF0F0EC
:10DB2000E5EAF2EDFBECE82E0D0D00004E6F2073E0
:10DB3000656C6563746564206E75636C69646520EB
:10DB40006C6962726172792066696C652E20446529
:10DB50006661756C74206D61696E2E6C69622075EA
:10DB60007365642E0D0D004E6F2073656C656374D4
:10DB70006564206E75636C696465206C69627261AE
:10DB800072792066696C652E2044656661756C74D7
:10DB9000206D61696E2E6C696220757365642E0D4F
:10DBA0000D004E6F2073656C6563746564206E753F
:10DBB000636C696465206C69627261727920666960
:10DBC0006C652E2044656661756C74206D61696EAC
:10DBD0002E6C696220757365642E0D0D00CDE5F223
:10DBE00020E2FBE1F0E0EDEDEEE3EE20F4E0E9EB26
:10DBF000E020E1E8E1EBE8EEF2E5EAE820EDF3EA27
:10DC0000EBE8E4EEE22E20C8F1EFEEEBFCE7F3E503
:10DC1000F2F1FF206D61696E2E6C696220EFEE20DB
:10DC2000F3ECEEEBF7E0EDE8FE2E0D0D000000004A
:10DC30004170706C6965642064656661756C742000
:10DC40006964656E74696669636174696F6E207377
:10DC5000657474696E67732E0D0D004170706C6988
:10DC600065642064656661756C74206964656E74B2
:10DC7000696669636174696F6E2073657474696E37
:10DC800067732E0D0D004170706C696564206465CA
:10DC90006661756C74206964656E74696669636138
:10DCA00074696F6E2073657474696E67732E0D0DE1
:10DCB00000D3F1F2E0EDEEE2EBE5EDFB20EDE0F17B
:10DCC000F2F0EEE9EAE820E8E4E5EDF2E8F4E8EA6B
:10DCD000E0F6E8E820EDF3EAEBE8E4EEE220EFEE30
:10DCE00020F3ECEEEBF7E0EDE8FE2E0D0D0000006A
:10DCF0004E6F20656E657267792E63616C20666970
:10DD00006C652E20446F73657261746520696E6363
:10DD10006F72726563742E2053746162696C697AE4
:10DD20006174696F6E20616E64206E75636C6964E6
:10DD300065206964656E74696669636174696F6E94
:10DD400020696D706F737369626C652E0D0D004EE6
:10DD50006F20656E657267792E63616C2066696CF1
:10DD6000652E20446F73657261746520696E636F00
:10DD700072726563742E2053746162696C697A6192
:10DD800074696F6E20616E64206E75636C69646582
:10DD9000206964656E74696669636174696F6E2079
:10DDA000696D706F737369626C652E0D0D004E6F37
:10DDB00020656E657267792E63616C2066696C659B
:10DDC0002E20446F73657261746520696E636F7293
:10DDD000726563742E2053746162696C697A617430
:10DDE000696F6E20616E64206E75636C6964652076
:10DDF0006964656E74696669636174696F6E2069D0
:10DE00006D706F737369626C652E0D0D00CDE5F258
:10DE100020F4E0E9EBE020656E657267792E6361BE
:10DE20006C2E20CCEEF9EDEEF1F2FC20E4EEE7FBF7
:10DE300020EDE5EAEEF0F0E5EAF2EDE0FF2E20D18C
:10DE4000F2E0E1E8EBE8E7E0F6E8FF20E820E8E4CC
:10DE5000E5EDF2E8F4E8EAE0F6E8FF20EDF3EAEBBE
:10DE6000E8E4EEE220EDE5E2EEE7ECEEE6EDFB2E97
:10DE70000D0D00004E6F207369676D612E63616C3C
:10DE80002066696C652E2053746162696C697A61E1
:10DE900074696F6E20616E64206E75636C69646571
:10DEA000206964656E74696669636174696F6E2068
:10DEB000696D706F737369626C652E0D0D004E6F26
:10DEC000207369676D612E63616C2066696C652ED5
:10DED0002053746162696C697A6174696F6E206144
:10DEE0006E64206E75636C696465206964656E7428
:10DEF000696669636174696F6E20696D706F7373B1
:10DF000069626C652E0D0D004E6F207369676D613F
:10DF10002E63616C2066696C652E205374616269A2
:10DF20006C697A6174696F6E20616E64206E7563CE
:10DF30006C696465206964656E746966696361749F
:10DF4000696F6E20696D706F737369626C652E0DF9
:10DF50000D00CDE5F220F4E0E9EBE0207369676D98
:10DF6000612E63616C2E20D1F2E0E1E8EBE8E7E09E
:10DF7000F6E8FF20E820E8E4E5EDF2E8F4E8EAE07E
:10DF8000F6E8FF20EDF3EAEBE8E4EEE220EDE5E26F
:10DF9000EEE7ECEEE6EDFB2E0D0D00004E6F20736C
:10DFA000797374656D2E62616B2066696C652E20D5
:10DFB000526573746F72696E672073797374656DDF
:10DFC0002E696E6920696D706F737369626C652E5E
:10DFD0000D0D004E6F2073797374656D2E62616B49
:10DFE0002066696C652E20526573746F72696E6766
:10DFF0002073797374656D2E696E6920696D706F19
:10E00000737369626C652E0D0D004E6F207379730A
:10E0100074656D2E62616B2066696C652E20526599
:10E0200073746F72696E672073797374656D2E698E
:10E030006E6920696D706F737369626C652E0D0D6A
:10E0400000CDE5F220F4E0E9EBE02073797374652C
:10E050006D2E62616B2E20C2EEF1F1F2E0EDEEE288
:10E06000EBE5EDE8E52073797374656D2E696E69F3
:10E0700020EDE5E2EEE7ECEEE6EDEE2E0D0D000014
:10E080004E6F7420656E6F756768206D656D6F7279
:10E090007920666F722073797374656D2066696C80
:10E0A00065732E20436F6D707574657220536F66B3
:10E0B00074776172652063616E206661696C656466
:10E0C0002E0D0D004E6F7420656E6F756768206DA4
:10E0D000656D6F727920666F722073797374656DE8
:10E0E0002066696C65732E20436F6D707574657260
:10E0F00020536F6674776172652063616E2066617C
:10E10000696C65642E0D0D004E6F7420656E6F7521
:10E110006768206D656D6F727920666F7220737904
:10E120007374656D2066696C65732E20436F6D7026
:10E130007574657220536F667477617265206361D0
:10E140006E206661696C65642E0D0D00CDE5F220D0
:10E15000EFE0ECFFF2E820EFEEE420F1E8F1F2E589
:10E16000ECEDFBE520F4E0E9EBFB2E20CAEEECEF52
:10E17000FCFEF2E5F0EDE0FF20EFF0EEE3F0E0EC86
:10E18000ECE020ECEEE6E5F220EDE520F0E0E1EE5B
:10E19000F2E0F2FC2E0D0D00BDB50000003C2800A1
:10E1A000C1B50000C5B50000C9B50000CDB500007F
:10E1B000E5B5000003B6000015B6000067B6000024
:10E1C00083B6000087B600008BB600009BB6000047
:10E1D000A3B600009FB60000FFB50000496E76614F
:10E1E0006C69642073797374656D2E696E690D00B6
:10E1F0004665686C657268616674207379737465CE
:10E200006D2E696E690D00496E76616C69642073CC
:10E21000797374656D2E696E690D00C8F1EFEEF0CB
:10E22000F7E5ED2073797374656D2E696E690D00E5
:10E23000526573746F72696E672066726F6D2062CB
:10E2400061636B75702E2E2E0045726E657565725A
:10E25000756E672E2E2E00526573746F72696E672D
:10E260002066726F6D206261636B75702E2E2E00BA
:10E27000C2EEF1F1F2E0EDEEE2EBE5EDE8E520E8EB
:10E28000E72062616B2E2E2E00000000496E766141
:10E290006C69642073797374656D2E62616B0D0017
:10E2A0004665686C6572686166742073797374651D
:10E2B0006D2E62616B0D00496E76616C696420732E
:10E2C000797374656D2E62616B0D00C8F1EFEEF02D
:10E2D000F7E5ED2073797374656D2E62616B0D0047
:10E2E000474D20616E64204E657574726F6E2069B3
:10E2F0006E636F727265637400474D20616E6420B7
:10E300004E657574726F6E20696E636F72726563AD
:10E310007400474D20616E64204E657574726F6E97
:10E3200020696E636F727265637400C3CC20E8204D
:10E33000EDE5E9F2F02EEDE5EAEEF0F0E5EAF2EDDA
:10E34000FB200000496E76616C69642073797374F8
:10E35000656D2E696E690D004665686C6572686151
:10E3600066742073797374656D2E696E690D00494A
:10E370006E76616C69642073797374656D2E696E55
:10E38000690D00C8F1EFEEF0F7E5ED2073797374D5
:10E39000656D2E696E690D004E6F206261636B754D
:10E3A000702066696C652E2E2E004E6F20626163B0
:10E3B0006B75702066696C652E2E2E004E6F206284
:10E3C00061636B75702066696C652E2E2E00CDE53D
:10E3D000F22062616B20F4E0E9EBE02E2E2E0000CB
:10E3E000496E76616C69642073797374656D2E690A
:10E3F0006E690D004665686C6572686166742073AD
:10E40000797374656D2E696E690D00496E76616C65
:10E4100069642073797374656D2E696E690D00C827
:10E42000F1EFEEF0F7E5ED2073797374656D2E6909
:10E430006E690D0053797374656D2064656661754E
:10E440006C742E2E2E0053797374656D206465668E
:10E4500061756C742E2E2E0053797374656D206473
:10E46000656661756C742E2E2E00D1E8F1F2E5EC34
:10E47000EDFBE520F3ECEEEBF7E0EDE8FF2E2E2EC2
:10E4800000000000496E76616C6964206964656E05
:10E49000746966792E696E690D004665686C6572EF
:10E4A00068616674206964656E746966792E696E48
:10E4B000690D00496E76616C6964206964656E74EB
:10E4C0006966792E696E690D00C8F1EFEEF0F7E527
:10E4D000ED206964656E746966792E696E690D0058
:10E4E000526573746F72696E672E2E2E0045726EC0
:10E4F00065756572756E672E2E2E00526573746F8A
:10E5000072696E672E2E2E00C2EEF1F1F2E0EDEE92
:10E51000E2EBE5EDE8E52E2E2E0000004E6F2065C3
:10E520006E657267792E63616C0D004665686C6577
:10E530006E20656E657267792E63616C0D004E6F9B
:10E5400020656E657267792E63616C0D00CDE5F212
:10E5500020656E657267792E63616C0D00000000A6
:10E560004964656E74696669636174696F6E20647D
:10E57000697361626C6564004964656E746966699B
:10E580007A696572756E67206765626C6F636B741C
:10E59000004964656E74696669636174696F6E20B1
:10E5A00064697361626C656400C8E4E5EDF2E8F4E7
:10E5B000E8EAE0F6E8FF20E7E0EFF0E5F9E5EDE076
:10E5C000000000004E6F20656E6F756768206D65F6
:10E5D0006D6F727920666F722073797374656D2028
:10E5E00066696C65730D004E6F20656E6F756768A8
:10E5F000206D656D6F727920666F72207379737408
:10E60000656D2066696C65730D004E6F20656E6FD9
:10E61000756768206D656D6F727920666F72207303
:10E62000797374656D2066696C65730D00CDE5F2D4
:10E6300020EFE0ECFFF2E820EFEEE420F1E8F1F269
:10E64000E5ECEDFBE520F4E0E9EBFB0D000000005C
:10E65000436F6D707574657220536F667477617265
:10E66000652063616E206661696C656400436F6D4F
:10E67000707574657220536F66747761726520637C
:10E68000616E206661696C656400436F6D707574BE
:10E69000657220536F6674776172652063616E20C6
:10E6A0006661696C656400CAEEECEFFCFEF2E5F0B1
:10E6B000EDE0FF20EFF0EEE3F0E0ECECE020ECEE3C
:10E6C000E6E5F220EDE520F0E0E1EEF2E0F2FC001C
:10E6D0004E6F2064726B2E63616C0D004665686C32
:10E6E000656E2064726B2E63616C0D004E6F20644A
:10E6F000726B2E63616C0D00CDE5F22064726B2E9F
:10E7000063616C0D00000000445220646973616213
:10E710006C6564004452206765626C6F636B7400C3
:10E7200044522064697361626C656400CCC420E764
:10E73000E0EFF0E5F9E5EDE0000000004E6F206548
:10E740006E6F756768206D656D6F727920666F7288
:10E750002073797374656D2066696C65730D004E66
:10E760006F20656E6F756768206D656D6F727920BB
:10E77000666F722073797374656D2066696C65735A
:10E780000D004E6F20656E6F756768206D656D6F4B
:10E79000727920666F722073797374656D20666973
:10E7A0006C65730D00CDE5F220EFE0ECFFF2E820A0
:10E7B000EFEEE420F1E8F1F2E5ECEDFBE520F4E02A
:10E7C000E9EBFB0D00000000436F6D70757465721E
:10E7D00020536F6674776172652063616E20666195
:10E7E000696C656400436F6D707574657220536F5A
:10E7F0006674776172652063616E206661696C651D
:10E800006400436F6D707574657220536F66747722
:10E810006172652063616E206661696C656400CA1F
:10E82000EEECEFFCFEF2E5F0EDE0FF20EFF0EEE3C2
:10E83000F0E0ECECE020ECEEE6E5F220EDE520F097
:10E84000E0E1EEF2E0F2FC004E6F207369676D616B
:10E850002E63616C0D004665686C656E2073696798
:10E860006D612E63616C0D004E6F207369676D6181
:10E870002E63616C0D00CDE5F2207369676D612E2A
:10E8800063616C0D000000004964656E746966691F
:10E89000636174696F6E2064697361626C656400A2
:10E8A0004964656E746966697A696572756E672018
:10E8B0006765626C6F636B74004964656E7469664A
:10E8C00069636174696F6E2064697361626C656409
:10E8D00000C8E4E5EDF2E8F4E8EAE0F6E8FF20E756
:10E8E000E0EFF0E5F9E5EDE0000000004E6F206597
:10E8F0006E6F756768206D656D6F727920666F72D7
:10E900002073797374656D2066696C65730D004EB4
:10E910006F20656E6F756768206D656D6F72792009
:10E92000666F722073797374656D2066696C6573A8
:10E930000D004E6F20656E6F756768206D656D6F99
:10E94000727920666F722073797374656D206669C1
:10E950006C65730D00CDE5F220EFE0ECFFF2E820EE
:10E96000EFEEE420F1E8F1F2E5ECEDFBE520F4E078
:10E97000E9EBFB0D00000000436F6D70757465726C
:10E9800020536F6674776172652063616E206661E3
:10E99000696C656400436F6D707574657220536FA8
:10E9A0006674776172652063616E206661696C656B
:10E9B0006400436F6D707574657220536F66747771
:10E9C0006172652063616E206661696C656400CA6E
:10E9D000EEECEFFCFEF2E5F0EDE0FF20EFF0EEE311
:10E9E000F0E0ECECE020ECEEE6E5F220EDE520F0E6
:10E9F000E0E1EEF2E0F2FC00496E76616C696420C1
:10EA00006C6962726172792066696C650D00466599
:10EA1000686C657268616674206269626C696F74A3
:10EA200068656B2066696C650D00496E76616C697E
:10EA300064206C6962726172792066696C650D0090
:10EA4000C8F1EFEEF0F7E5ED20F4E0E9EB20E1E8C6
:10EA5000E1EBE8EEF2E5EAE80D0000004C6F6164DE
:10EA6000696E672064656661756C742E2E2E004C8D
:10EA70006164656E2064656661756C742E2E2E006F
:10EA80004C6F6164696E672064656661756C742E95
:10EA90002E2E00C7E0E3F0F3E7EAE020EFEE20F3EC
:10EAA000ECEEEBF7E0EDE8FE2E2E2E00496E7661DF
:10EAB0006C6964206D61696E2E6C69620D0046653B
:10EAC000686C657268616674206D61696E2E6C6930
:10EAD000620D00496E76616C6964206D61696E2E0D
:10EAE0006C69620D00C8F1EFEEF0F7E5ED206D61A5
:10EAF000696E2E6C69620D00526573746F72696E77
:10EB0000672E2E2E0045726E65756572756E672EC6
:10EB10002E2E00526573746F72696E672E2E2E0052
:10EB2000C2EEF1F1F2E0EDEEE2EBE5EDE8E52E2EDE
:10EB30002E000000496E697469616C697A617469BC
:10EB40006F6E2E2E2E0D00496E697469616C697AA4
:10EB50006174696F6E2E2E2E0D00496E69746961A5
:10EB60006C697A6174696F6E2E2E2E0D00C8EDE807
:10EB7000F6E8E0EBE8E7E0F6E8FF2E2E2E0D0000C9
:10EB80004C6F6164696E672073797374656D20667C
:10EB9000696C65732E2E2E0D004C6F6164696E6773
:10EBA0002073797374656D2066696C65732E2E2EE3
:10EBB0000D004C6F6164696E672073797374656DC5
:10EBC0002066696C65732E2E2E0D00C7E0E3F0F30E
:10EBD000E7EAE020F1E8F1F2E5ECEDFBF520F4E006
:10EBE000E9EBEEE22E2E2E0D000000006661696C4E
:10EBF000656420746F20726573746F72652064653C
:10EC00006661756C742073797374656D2E696E69B5
:10EC100000000000496E697469616C697A61746909
:10EC20006F6E2E2E2E0D00496E697469616C6973CA
:10EC3000696572756E672E2E2E0D00496E697469B6
:10EC4000616C697A6174696F6E2E2E2E0D00C8EDAD
:10EC5000E8F6E8E0EBE8E7E0F6E8FF2E2E2E0D0000
:10EC60004C6F6164696E672073797374656D20669B
:10EC7000696C65732E2E2E0D0053797374656D20AB
:10EC800066696C6573206C6164656E2E2E2E0D00B6
:10EC90004C6F6164696E672073797374656D20666B
:10ECA000696C65732E2E2E0D00C7E0E3F0F3E7EAE2
:10ECB000E020F1E8F1F2E5ECEDFBF520F4E0E9EB22
:10ECC000EEE22E2E2E0D00006661696C65642074E4
:10ECD0006F20726573746F72652064656661756C10
:10ECE00074206964656E746966792E696E690000C6
:10ECF0004C6F6164696E672063616C6962726174F4
:10ED0000696F6E732E2E2E0D0045696368656E6403
:10ED10006174656E206C6164656E2E2E2E0D004C44
:10ED20006F6164696E672063616C696272617469A6
:10ED30006F6E732E2E2E0D00C7E0E3F0F3E7EAE0CE
:10ED400020EAE0EBE8E1F0EEE2EEEA2E2E2E0D00F6
:10ED50004C6F6164696E67206E75636C69646520D1
:10ED60006C6962726172792E2E2E0D004E756B6C7D
:10ED700069646269626C696F7468656B206C616458
:10ED8000656E2E2E2E0D004C6F6164696E67206ECD
:10ED900075636C696465206C6962726172792E2E8C
:10EDA0002E0D00C7E0E3F0F3E7EAE020E1E8E1EB55
:10EDB000E8EEF2E5EAE820EDF3EAEBE8E4EEE22E35
:10EDC0002E2E0D004C6F6164696E67206D61696E57
:10EDD0002E6C69622E2E2E0D006D61696E2E6C698F
:10EDE00062206C6164656E2E2E2E0D004C6F616486
:10EDF000696E67206D61696E2E6C69622E2E2E0D14
:10EE000000C7E0E3F0F3E7EAE0206D61696E2E6C85
:10EE100069622E2E2E0D00006661696C6564207497
:10EE20006F20726573746F72652064656661756CBE
:10EE300074206D61696E2E6C69620000443A5C5505
:10EE4000736572735C43686972696B616C6F5C4176
:10EE5000524D5F70726F6A5C53505244325F355C42
:10EE6000696E695F636F6E74726F6C2E6300000071
:10EE70003B73797374656D2E696E690D5B6D6F649C
:10EE800065436F6E74726F6C5D0D624C616E673DB1
:10EE9000300D6253797344656661756C743D310D54
:10EEA0005B706F776572436F6E74726F6C5D0D642B
:10EEB00077506F776572446F776E4465616454690B
:10EEC0006D653D3132300D66426174436F65663D5C
:10EED000312E300D5B626C7565746F6F7468436FB3
:10EEE0006E74726F6C5D0D636F6D6D5F73746174C2
:10EEF000653D36353533370D636F6D6D5F706F77F8
:10EF000065725F73746174653D36353533360D5BFC
:10EF1000475053436F6E74726F6C5D0D6770735F13
:10EF200073746174653D36353533380D5B676569DB
:10EF3000676572436F6E74726F6C5D0D66447243E9
:10EF40006F65663D342E350D66447253656C6643BD
:10EF500070733D302E30320D6644724465616454E6
:10EF6000696D653D35332E3937303030652D360DBE
:10EF70005B696E74657250726F63436F6E74726F0B
:10EF80006C5D0D7764486967684C696D69743D34E0
:10EF90003036300D77644C6F774C696D69743D3451
:10EFA000300D5B535052444D6F6465436F6E747205
:10EFB0006F6C5D0D6644525468726573686F6C6463
:10EFC0003D3130300D66616C73655F616C61726DEF
:10EFD0005F706572696F645F6F7065723D36303067
:10EFE0000D5B736F756E64436F6E74726F6C5D0D45
:10EFF00062536F756E643D310D000000676569678F
:10F000006572436F6E74726F6C00000066447243E9
:10F010006F65660066447253656C664370730000EA
:10F020006644724465616454696D6500696E766119
:10F030006C69642064656661756C7420737973749F
:10F04000656D2E696E690000696E76616C69642079
:10F0500064656661756C74206964656E746966794F
:10F060002E696E6900000000656E657267790000A8
:10F070007369676D610000006D6F6465436F6E7446
:10F08000726F6C00624C616E6700000062537973AE
:10F0900044656661756C7400706F776572436F6E5E
:10F0A00074726F6C000000006477506F7765724473
:10F0B0006F776E4465616454696D65006642617482
:10F0C000436F656600000000626C7565746F6F7455
:10F0D00068436F6E74726F6C00000000636F6D6D3B
:10F0E0005F73746174650000636F6D6D5F706F773F
:10F0F00065725F737461746500000000475053438C
:10F100006F6E74726F6C00006770735F73746174FC
:10F11000650000002E30313233343536373839004F
:10F12000443A5C55736572735C43686972696B61DC
:10F130006C6F5C41524D5F70726F6A5C5350524409
:10F14000325F355C696E74657250726F632E630056
:10F15000496E74657250726F635F72637644617456
:10F16000615F66697273745F446973706174636828
:10F17000657200004F4B00005243565F4552525F8C
:10F1800054494D454F5554005243565F4552525FC6
:10F1900042595445000000005243565F4552525FA9
:10F1A0004255465F4F564552464C4F5700000000AF
:10F1B0005243565F4552525F4352430000000000E5
:10F1C000457863657074696F6E20257520696E20BF
:10F1D0007265706C79206F6E20257500011328FF11
:10F1E000800024000000000000000000000000007B
:10F1F000000000000000000000000000000000000F
:10F2000000000000000000000D535053523D3078C4
:10F21000000000000D5231343D3078000D52313382
:10F220003D3078000D5231323D3078000D52313191
:10F230003D3078000D5231303D3078000D52393D6F
:10F24000307800000D52383D307800000D52373DC7
:10F25000307800000D52363D307800000D52353DBB
:10F26000307800000D52343D307800000D52333DAF
:10F27000307800000D52323D307800000D52313DA3
:10F28000307800000D52303D30780000554E444536
:10F2900046494E4520494E535452554354494F4ECA
:10F2A0000000000050524F4752414D204558434501
:10F2B0005054494F4E0000000D46554E4354494F9F
:10F2C0004E3A0D000D4C494E453A0D2564000000A4
:10F2D0000D4445534352495054494F4E3A0D000096
:10F2E0000D535441434B3A0D0000000025782C206B
:10F2F000000000000D54524D4255463A0D000000EA
:10F300000D5243564255463A0D00000052454C45B9
:10F3100041534520544845204B45590052454C45E2
:10F3200041534520544845204B45590052454C45D2
:10F3300041534520544845204B455900CED2CFD3A8
:10F34000D1D2C8D2C520CACDCECFCAD300000000CA
:10F3500000000000443A5C55736572735C43686951
:10F3600072696B616C6F5C41524D5F70726F6A5C69
:10F3700053505244325F355C4C4F475F6D6F64654C
:10F380002E630000446F7365207261746500446FE2
:10F390007365207261746500446F736520726174D7
:10F3A0006500CCEEF9EDEEF1F2FC20E4EEE7FB00B7
:10F3B000D5F40000143F0A00EDF40000F1F4000061
:10F3C0000DF5000025F5000067F5000081F500004F
:10F3D00093F50000A5F50000C3F50000E3F500007B
:10F3E000E7F50000F7F50000FFF50000FBF5000071
:10F3F00045F50000506F776572204F4E00506F77D3
:10F400006572204F4E00506F776572204F4E00C2DC
:10F41000EAEBFEF7E5EDE8E500000000443A5C5554
:10F42000736572735C43686972696B616C6F5C4190
:10F43000524D5F70726F6A5C53505244325F355C5C
:10F440006D61696E2E63000042617474657279208B
:10F450006C6F77210042617474657279206C6F77EC
:10F46000210042617474657279206C6F772100C14C
:10F47000E0F2E0F0E5E820F0E0E7F0FFE6E5EDFBA4
:10F48000210000004669726D5761726520766572D1
:10F490002E20342E38535542564552004669726D1F
:10F4A00057617265207665722E20342E385355428E
:10F4B000564552004669726D5761726520766572D5
:10F4C0002E20342E3853554256455200C2E5F0F1F5
:10F4D000E8FF20CFCE20342E3853554256455200F7
:10F4E00000000000446174653A2030382E31302E1F
:10F4F0003230323400446174653A2030382E313075
:10F500002E3230323400446174653A2030382E3166
:10F51000302E3230323400C4E0F2E03A2030382E5F
:10F5200031302E3230323400F1000100003F000053
:10F530000101010005010100097801000901010034
:10F54000550101005103010063030100CD030100D7
:10F5500073030100AD7E0100B17E010025010100B1
:10F5600021010100017F0100CD0101004D455353F0
:10F57000414745004D455353414745004D45535381
:10F5800041474500D1CECEC1D9C5CD2E00000000E7
:10F59000443A5C55736572735C43686972696B6168
:10F5A0006C6F5C41524D5F70726F6A5C5350524495
:10F5B000325F355C4D6573736167655F6D6F646560
:10F5C0002E6300004D6573736167654D6F6465431D
:10F5D0006F6E74726F6C20696E7465726E616C20F0
:10F5E0006572726F7221000059040100003C28000E
:10F5F0005D0401006104010065040100690401006B
:10F600007F040100D1040100F9040100210501007B
:10F61000490501007105010075050100850501001E
:10F620008D050100890501009D040100443A5C55E7
:10F63000736572735C43686972696B616C6F5C417E
:10F64000524D5F70726F6A5C53505244325F355C4A
:10F650006D6F6465732E6300506F776572204F463F
:10F660004600506F776572204F464600506F7765B1
:10F6700072204F464600C2FBEAEBFEF7E5EDE8E5F7
:10F680000000000052454C45415345205448452058
:10F690004B45590052454C4541534520544845205F
:10F6A0004B45590052454C4541534520544845204F
:10F6B0004B455900CED2CFD3D1D2C8D2C520CACD66
:10F6C000CECFCAD3000000005365636F6E64207014
:10F6D000726F636573736F722075706461746520F7
:10F6E00070726F6365647572650D000052756E20EF
:10F6F000666C617368657220617420626175642054
:10F70000726174652035373630300D0D0000000011
:10F710005443206D6F6465005443206D6F64650031
:10F720005443206D6F646500D0E5E6E8EC20D1D746
:10F73000C5D20000457869742045787065727420E0
:10F740004D6F646500457869742045787065727402
:10F75000204D6F6465004578697420457870657246
:10F7600074204D6F646500C2FBE9F2E820E8E720F1
:10F77000FDEAF1EFE5F0F2EDEEE3EE20F0E5E6E88C
:10F78000ECE00000457870657274206D6F64650D63
:10F79000456E7465722070617373776F7264004593
:10F7A0007870657274206D6F64650D456E74657256
:10F7B0002070617373776F7264004578706572743E
:10F7C000206D6F64650D456E746572207061737392
:10F7D000776F726400DDEAF1EFE5F0F2EDFBE9200E
:10F7E000F0E5E6E8EC0DC2E2E5E4E8F2E520EFE062
:10F7F000F0EEEBFC00000000457870657274206D3F
:10F800006F64652E20416363657373206772616E58
:10F810007465642E205072657373205350454354B1
:10F8200052206F72204D656E752E0045787065729E
:10F8300074206D6F64652E20416363657373206768
:10F8400072616E7465642E2050726573732053501C
:10F8500045435452206F72204D656E752E004578D9
:10F8600070657274206D6F64652E204163636573EB
:10F8700073206772616E7465642E205072657373B5
:10F8800020535045435452206F72204D656E752EA3
:10F8900000DDEAF1EFE5F0F2EDFBE920F0E5E6E866
:10F8A000EC2E20C4EEF1F2F3EF20EEF2EAF0FBF2E0
:10F8B0002E20CDE0E6ECE8F2E520D1CFC5CAD2D0CB
:10F8C00020E8EBE820ECE5EDFE2E000045787065C1
:10F8D0007274206D6F64652E2050617373776F7240
:10F8E000642070726F7465637465642E2050726555
:10F8F0007373204C4F47494E2E00457870657274E3
:10F90000206D6F64652E2050617373776F72642071
:10F9100070726F7465637465642E205072657373C2
:10F92000204C4F47494E2E00457870657274206D0B
:10F930006F64652E2050617373776F7264207072EC
:10F940006F7465637465642E205072657373204C08
:10F950004F47494E2E00DDEAF1EFE5F0F2EDFBE90D
:10F9600020F0E5E6E8EC2E20C7E0F9E8F9E5ED2027
:10F97000EFE0F0EEEBE5EC2E20CDE0E6ECE8F2E592
:10F9800020CFC0D0CECBDC2E000000004D454E5520
:10F990003A20455850455254004D454E553A204561
:10F9A0005850455254004D454E553A204558504503
:10F9B000525400CCC5CDDE3A20DDCAD1CFC5D0D25D
:10F9C0000000000000000000000000000000000037
:10F9D0000000000000000000000000000200000025
:10F9E0000D3001001F300100000000000000000089
:10F9F0000000000000000000000000000000000007
:10FA00000000000000000000093001003730010054
:10FA100000000000000000000000000000000000E6
:10FA200000000000000000000000000000000000D6
:10FA3000F12F010000283F0055300100593001002E
:10FA4000F52F0100053001005D3001006D3001002F
:10FA50007F30010091300100C330010043300100CC
:10FA6000DD300100473001004F3001004B30010014
:10FA7000ED2F0100443A5C55736572735C4368690D
:10FA800072696B616C6F5C41524D5F70726F6A5C42
:10FA900053505244325F355C53657475705F6D6FBF
:10FAA00064652E63000000004E75632E6C69623A37
:10FAB00020004E75632E6C69623A20004E75632EED
:10FAC0006C69623A2000C1E8E1EB2EEDF3EA3A20DE
:10FAD0000000000056657273696F6E3A200056652B
:10FAE0007273696F6E3A200056657273696F6E3A71
:10FAF0002000C2E5F0F1E8FF3A2000004E75636C8B
:10FB0000696465733A20004E75636C696465733A85
:10FB100020004E75636C696465733A2000CDF3EA8A
:10FB2000EBE8E4EEE23A20005468726573686F6CAB
:10FB3000643A20005468726573686F6C643A200000
:10FB40005468726573686F6C643A2000CFEEF0EE13
:10FB5000E33A20005363616C6520696E73746162DF
:10FB60002E3A20005363616C6520696E7374616284
:10FB70002E3A20005363616C6520696E7374616274
:10FB80002E3A2000CDE5F1F2E0E12EF8EAE0EBFBC1
:10FB90003A2000004D656D6F72793A20004D656D19
:10FBA0006F72793A20004D656D6F72793A2000CFFF
:10FBB000E0ECFFF2FC3A2000496E207573653A20B4
:10FBC00000496E207573653A2000496E2075736593
:10FBD0003A2000C7E0EDFFF2EE3A200046696C657E
:10FBE000733A200046696C65733A200046696C657B
:10FBF000733A2000D4E0E9EBEEE23A200000000086
:10FC0000537065637472613A200053706563747257
:10FC1000613A2000537065637472613A2000D1EF3D
:10FC2000E5EAF2F0EEE23A20000000004E75632EA5
:10FC30006C6962733A20004E75632E6C6962733A88
:10FC400020004E75632E6C6962733A2000C1E8E1B2
:10FC5000EB2EEDF3EAEB3A20000000004D43532079
:10FC600066696C65733A20004D43532066696C6584
:10FC7000733A20004D43532066696C65733A200047
:10FC80004D435320F4E0E9EBEEE23A20000000009F
:10FC90004C6F672066696C653A20004C6F67206680
:10FCA000696C653A20004C6F672066696C653A2084
:10FCB00000C6F3F0EDE0EB3A2000000052657772E9
:10FCC000697465733A200052657772697465733A96
:10FCD000200052657772697465733A2000CFE5F0B1
:10FCE000E5E7E0EFE8F1E5E93A20000043616C69FF
:10FCF00062726174696F6E0043616C6962726174F3
:10FD0000696F6E0043616C6962726174696F6E0045
:10FD1000CAE0EBE8E1F0EEE2EAE00000526164697B
:10FD20006174696F6E2073616665747920616C61BE
:10FD3000726D207468726573686F6C6400526164E0
:10FD4000696174696F6E2073616665747920616C96
:10FD500061726D207468726573686F6C64005261C3
:10FD600064696174696F6E2073616665747920617E
:10FD70006C61726D207468726573686F6C6400CF1B
:10FD8000EEF0EEE320F0E0E4E8E0F6E8EEEDEDEE94
:10FD9000E920E1E5E7EEEFE0F1EDEEF1F2E8000059
:10FDA000536166657479207468726573686F6C64FA
:10FDB00000536166657479205468726573686F6C6E
:10FDC0006400536166657479207468726573686F46
:10FDD0006C6400CFEEF0EEE320E1E5E7EEEFE0F15A
:10FDE000EDEEF1F2E800000054696D6520746F20BB
:10FDF0006964656E7469667920726164696F6E7595
:10FE0000636C696465730054696D6520746F206963
:10FE100064656E7469667920726164696F6E75637A
:10FE20006C696465730054696D6520746F20696442
:10FE3000656E7469667920726164696F6E75636C52
:10FE40006964657300C2F0E5ECFF20E8E4E5EDF2DB
:10FE5000E8F4E8EAE0F6E8E820F0E0E4E8EEEDF3C4
:10FE6000EAEBE8E4EEE200004964656E74696669F5
:10FE7000636174696F6E2074696D65004964656EB5
:10FE800074696669636174696F6E2074696D650079
:10FE90004964656E74696669636174696F6E207424
:10FEA000696D6500C2F0E5ECFF20E8E4E5EDF2E8FD
:10FEB000F4E8EAE0F6E8E800536C656570206D6FE1
:10FEC00064652074696D656F757400536C65657049
:10FED000206D6F64652074696D656F757400536C77
:10FEE000656570206D6F64652074696D656F7574EC
:10FEF00000D2E0E9ECE0F3F220E4E5E6F3F0EDFB1C
:10FF0000E900000054696D6520746F20656E7465AA
:10FF10007220736C656570206D6F64650054696D47
:10FF20006520746F20656E74657220736C656570F2
:10FF3000206D6F64650054696D6520746F20656E77
:10FF400074657220736C656570206D6F646500C2A6
:10FF5000F0E5ECFF20E4EE20EFE5F0E5F5EEE4E07F
:10FF600020E220E4E5E6F3F0EDFBE920F0E5E6E849
:10FF7000EC00000053637265656E20746573740055
:10FF800053637265656E20746573740053637265A4
:10FF9000656E207465737400D2E5F1F220FDEAF01D
:10FFA000E0EDE0005065616B20736561726368206D
:10FFB0007468726573686F6C64005065616B207360
:10FFC0006561726368207468726573686F6C640041
:10FFD0005065616B20736561726368207468726537
:10FFE00073686F6C6400CFEEF0EEE320EFEEE8F1A3
:10FFF000EAE020EFE8EAEEE2000000005363616C03
:020000040003F7
:100000006520696E73746162696C697479206661D8
:1000100063746F72005363616C6520696E73746101
:1000200062696C69747920666163746F72005363EE
:10003000616C6520696E73746162696C69747920A2
:10004000666163746F7200D4E0EAF2EEF020EDE5D1
:10005000F1F2E0E1E8EBFCEDEEF1F2E820F8EAE0A5
:10006000EBFB00004E75636C696465206C6962721D
:10007000617279004E75636C696465206C696272A7
:10008000617279004E75636C696465206C69627297
:1000900061727900C1E8E1EBE8EEF2E5EAE020ED1B
:1000A000F3EAEBE8E4EEE2005468726573686F6CA3
:1000B00064005468726573686F6C6400546872659C
:1000C00073686F6C6400CFEEF0EEE300496E7374FA
:1000D0006162696C69747900496E73746162696CFC
:1000E00069747900496E73746162696C697479002E
:1000F000CDE5F1F2E0E1E8EBFCEDEEF1F2FC000021
:10010000596F752061726520676F696E6720746F23
:100110002044454C45544520414C4C2053504543C8
:100120005452412046494C45532E20506C65617312
:100130006520636F6E6669726D2E2E2E00596F7585
:100140002061726520676F696E6720746F20444577
:100150004C45544520414C4C20535045435452414A
:100160002046494C45532E20506C656173652063D1
:100170006F6E6669726D2E2E2E00596F752061723A
:100180006520676F696E6720746F2044454C455445
:100190004520414C4C205350454354524120464940
:1001A0004C45532E20506C6561736520636F6E66FD
:1001B00069726D2E2E2E00C2FB20F1EEE1E8F0E018
:1001C000E5F2E5F1FC20D3C4C0CBC8D2DC20C2D11B
:1001D000C520D4C0C9CBDB20D1CFC5CAD2D0CEC2B6
:1001E0002E20CFEEE6E0EBF3E9F1F2E020EFEEE4D3
:1001F000F2E2E5F0E4E8F2E52E2E2E00596F7520CC
:1002000061726520676F696E6720746F2044454C8A
:1002100045544520414C4C204155544F4D41544983
:1002200043414C4C5920435245415445442053507E
:1002300045435452412046494C45532E20506C654D
:1002400061736520636F6E6669726D2E2E2E005984
:100250006F752061726520676F696E6720746F200B
:1002600044454C45544520414C4C204155544F4D3C
:1002700041544943414C4C59204352454154454413
:1002800020535045435452412046494C45532E205B
:10029000506C6561736520636F6E6669726D2E2E9A
:1002A0002E00596F752061726520676F696E672037
:1002B000746F2044454C45544520414C4C204155D9
:1002C000544F4D41544943414C4C592043524541B0
:1002D00054454420535045435452412046494C45CF
:1002E000532E20506C6561736520636F6E66697272
:1002F0006D2E2E2E00C2FB20F1EEE1E8F0E0E5F2DB
:10030000E5F1FC20D3C4C0CBC8D2DC20C2D1C520CB
:10031000C0C2D2CECCC0D2C8D7C5D1CAC820D1CED7
:10032000C7C4C0CDCDDBC520D4C0C9CBDB20D1CF65
:10033000C5CAD2D0CEC22E20CFEEE6E0EBF3E9F173
:10034000F2E020EFEEE4F2E2E5F0E4E8F2E52E2E52
:100350002E000000596F752061726520676F696E0D
:100360006720746F2044454C45544520414C4C2037
:100370004C4F472046494C45532E20506C656173C5
:100380006520636F6E6669726D2E2E2E00596F7533
:100390002061726520676F696E6720746F20444525
:1003A0004C45544520414C4C204C4F472046494C2D
:1003B00045532E20506C6561736520636F6E6669CE
:1003C000726D2E2E2E00596F752061726520676F39
:1003D000696E6720746F2044454C45544520414C5C
:1003E0004C204C4F472046494C45532E20506C65BD
:1003F00061736520636F6E6669726D2E2E2E00C26A
:10040000FB20F1EEE1E8F0E0E5F2E5F1FC20D3C4F9
:10041000C0CBC8D2DC20C2D1C520D4C0C9CBDB2020
:10042000C6D3D0CDC0CBCEC22E20CFEEE6E0EBF3CC
:10043000E9F1F2E020EFEEE4F2E2E5F0E4E8F2E5E3
:100440002E2E2E00596F752061726520676F696EC0
:100450006720746F2044454C45544520414C4C2046
:100460004D43532046494C45532E20506C656173D3
:100470006520636F6E6669726D2E2E2E00596F7542
:100480002061726520676F696E6720746F20444534
:100490004C45544520414C4C204D43532046494C3B
:1004A00045532E20506C6561736520636F6E6669DD
:1004B000726D2E2E2E00596F752061726520676F48
:1004C000696E6720746F2044454C45544520414C6B
:1004D0004C204D43532046494C45532E20506C65CB
:1004E00061736520636F6E6669726D2E2E2E00C279
:1004F000FB20F1EEE1E8F0E0E5F2E5F1FC20D3C409
:10050000C0CBC8D2DC20C2D1C520D4C0C9CBDB202F
:100510004D43532E20CFEEE6E0EBF3E9F1F2E0207D
:10052000EFEEE4F2E2E5F0E4E8F2E52E2E2E000034
:10053000596F752061726520676F696E6720746FEF
:100540002044454C45544520414C4C204E55432EAB
:100550004C49422046494C45532E20506C656173EE
:100560006520636F6E6669726D2E2E2E00596F7551
:100570002061726520676F696E6720746F20444543
:100580004C45544520414C4C204E55432E4C49423D
:100590002046494C45532E20506C6561736520639D
:1005A0006F6E6669726D2E2E2E00596F7520617206
:1005B0006520676F696E6720746F2044454C455411
:1005C0004520414C4C204E55432E4C494220464933
:1005D0004C45532E20506C6561736520636F6E66C9
:1005E00069726D2E2E2E00C2FB20F1EEE1E8F0E0E4
:1005F000E5F2E5F1FC20D3C4C0CBC8D2DC20C2D1E7
:10060000C520D4C0C9CBDB20C1C8C1CB2ECDD3CA35
:10061000CB2E20CFEEE6E0EBF3E9F1F2E020EFEEB7
:10062000E4F2E2E5F0E4E8F2E52E2E2E0000000010
:10063000596F752061726520676F696E6720746FEE
:100640002044454C45544520414C4C2046494C459E
:100650005320616E642053455420555020414C4C2A
:100660002053455454494E475320544F204641434C
:10067000544F52592044454641554C54532E205016
:100680006C6561736520636F6E6669726D20746F4F
:100690002070617373207468726F7567682073656A
:1006A0006375726974792070726F636564757265C1
:1006B0002E2E2E00596F752061726520676F696E4E
:1006C0006720746F2044454C45544520414C4C20D4
:1006D00046494C455320616E642053455420555083
:1006E00020414C4C2053455454494E475320544FBD
:1006F00020464143544F52592044454641554C549D
:10070000532E20506C6561736520636F6E6669724D
:100710006D20746F2070617373207468726F7567D9
:10072000682073656375726974792070726F636590
:10073000647572652E2E2E00596F752061726520CA
:10074000676F696E6720746F2044454C455445209F
:10075000414C4C2046494C455320616E6420534522
:100760005420555020414C4C2053455454494E4739
:100770005320544F20464143544F5259204445463C
:1007800041554C54532E20506C6561736520636F46
:100790006E6669726D20746F207061737320746867
:1007A000726F7567682073656375726974792070FC
:1007B000726F6365647572652E2E2E00C2FB20F188
:1007C000EEE1E8F0E0E5F2E5F1FC20D3C4C0CBC8EF
:1007D000D2DC20C2D1C520D4C0C9CBDB20E820D3D5
:1007E000D1D2C0CDCEC2C8D2DC20C7C0C2CEC4D107
:1007F000CAC8C520CDC0D1D2D0CEC9CAC82E20CF3C
:10080000EEE6E0EBF3E9F1F2E02C20EFEEE4F2E2C9
:10081000E5F0E4E8F2E52C20F7F2EEE1FB20EFE56D
:10082000F0E5E9F2E820EA20EFF0EEF6E5E4F3F097
:10083000E520E1E5E7EEEFE0F1EDEEF1F2E82E2E56
:100840002E00000053656375726974792070726FB1
:100850006365647572652E0D456E746572207061F6
:100860007373776F7264005365637572697479206E
:1008700070726F6365647572652E0D456E74657276
:100880002070617373776F7264005365637572696A
:1008900074792070726F6365647572652E0D456E94
:1008A0007465722070617373776F726400CFF0EEBD
:1008B000F6E5E4F3F0E020E1E5E7EEEFE0F1EDEE60
:1008C000F1F2E82E0DC2E2E5E4E8F2E520EFE0F017
:1008D000EEEBFC00596F752061726520676F696EE1
:1008E0006720746F2053455420414C4C205345548D
:1008F00054494E475320544F20464143544F525978
:100900002044454641554C54532E20506C6561732C
:100910006520636F6E6669726D2E2E2E00596F759D
:100920002061726520676F696E6720746F20534580
:100930005420414C4C2053455454494E4753205465
:100940004F20464143544F52592044454641554C4F
:1009500054532E20506C6561736520636F6E666919
:10096000726D2E2E2E00596F752061726520676F93
:10097000696E6720746F2053455420414C4C2053BE
:10098000455454494E475320544F20464143544FF9
:1009900052592044454641554C54532E20506C65C5
:1009A00061736520636F6E6669726D2E2E2E00C2B4
:1009B000FB20F1EEE1E8F0E0E5F2E5F1FC20D3D137
:1009C000D2C0CDCEC2C8D2DC20C7C0C2CEC4D1CA2C
:1009D000C8C520CDC0D1D2D0CEC9CAC82E20CFEE36
:1009E000E6E0EBF3E9F1F2E020EFEEE4F2E2E5F02D
:1009F000E4E8F2E52E2E2E00526573657420746FC4
:100A00002064656661756C7473005265736574204B
:100A1000746F2064656661756C74730052657365EC
:100A20007420746F2064656661756C747300CFEE1A
:100A30002DF3ECEEEBF7E0EDE8FE000044656C65AD
:100A4000746520737065637472610044656C6574CD
:100A50006520737065637472610044656C657465CC
:100A6000207370656374726100D3E4E0EBE8F2FC1C
:100A700020F1EFE5EAF2F0FB0000000044656C6550
:100A80007465206175746F7370656374726100447E
:100A9000656C657465206175746F737065637472DD
:100AA000610044656C657465206175746F73706571
:100AB0006374726100D3E4E0EBE8F2FC20E0E2F260
:100AC000EEF1EFE5EAF2F0FB0000000044656C6532
:100AD0007465206C6F670044656C657465206C6F8D
:100AE000670044656C657465206C6F6700D3E4E053
:100AF000EBE8F2FC20E6F3F0EDE0EB0044656C651A
:100B00007465206D637327730044656C657465209C
:100B10006D637327730044656C657465206D637342
:100B2000277300D3E4E0EBE8F2FC20E2F1E5206D6E
:100B30006373000044656C657465206E75632E6C8C
:100B40006962730044656C657465206E75632E6C14
:100B50006962730044656C657465206E75632E6C04
:100B600069627300D3E4E0EBE8F2FC20E1E8E1EB3A
:100B70002EEDF3EAEB000000506C656173652077A1
:100B80006169742E2E2E004269747465207761723B
:100B900074656E2E2E2E00506C6561736520776132
:100BA00069742E2E2E00CFEEE6E0EBF3E9F1F2E0D1
:100BB00020E6E4E8F2E52E2E2E0000004163636596
:100BC0007373206772616E7465640041636365735B
:100BD00073206772616E746564004163636573734B
:100BE000206772616E74656400C4EEF1F2F3EF2069
:100BF000EEF2EAF0FBF20000457870657274206D49
:100C00006F64650D456E7465722070617373776FE4
:100C1000726400457870657274206D6F64650D456F
:100C20006E7465722070617373776F7264004578BB
:100C300070657274206D6F64650D456E7465722009
:100C400070617373776F726400DDEAF1EFE5F0F2C3
:100C5000EDFBE920F0E5E6E8EC0DC2E2E5E4E8F2C0
:100C6000E520EFE0F0EEEBFC000000004D454E55B6
:100C70003A2056455253494F4E004D454E553A2065
:100C800056455253494F4E004D454E553A20564514
:100C90005253494F4E00CCC5CDDE3A20C2C5D0D10B
:100CA000C8DF00000000000000000000000000009D
:100CB0000000000000000000000000000200000032
:100CC00041330100D93301000000000000000000A2
:100CD0000000000000000000000000000000000014
:100CE00000000000000000003D3301001535010048
:100CF00000000000000000000000000000000000F4
:100D000000000000000000000000000000000000E3
:100D10004D454E553A204C494252415259004D459D
:100D20004E553A204C494252415259004D454E557C
:100D30003A204C49425241525900CCC5CDDE3A20AE
:100D4000C1C8C1CB2E000000000000000000000060
:100D50000000000000000000000000000000000093
:100D6000040000004D4A010025350100A1350100B5
:100D7000DF32010000000000000000000000000061
:100D800000000000000000000000000043360100E9
:100D9000473601004B3601003933010000000000E6
:100DA0000000000000000000000000000000000043
:100DB000000000004D454E553A204D454D4F5259CB
:100DC000004D454E553A204D454D4F5259004D4529
:100DD0004E553A204D454D4F525900CCC5CDDE3AC7
:100DE00020CFC0CCDFD2DC000000000000000000FB
:100DF00000000000000000000000000000000000F3
:100E000000000000060000004F360100C13601005E
:100E10005D370100D93701005D380100AD390100AF
:100E200000000000000000000000000000000000C2
:100E3000133A0100173A01001B3A01001F3A010062
:100E4000233A01000F3A01000000000000000000FA
:100E500000000000000000004D454E553A20474D6F
:100E6000004D454E553A20474D004D454E553A20D0
:100E7000474D00CCC5CDDE3A20C3CC0000000000B9
:100E80000000000000000000000000000000000062
:100E90000000000000000000000000000000000052
:100EA000000000000000000005000000ED47010008
:100EB000C94801002D490100C949010077320100EC
:100EC0000000000000000000000000000000000022
:100ED00000000000BB480100394A01003D4A010002
:100EE000414A0100DB320100000000000000000068
:100EF0000000000000000000000000004D454E55BD
:100F00003A205350454349464943004D454E553AD2
:100F1000205350454349464943004D454E553A20DC
:100F2000535045434946494300CCC5CDDE3A20D114
:100F3000CFC5D6C8D4C8CA00000000000000000019
:100F4000000000000000000000000000020000009F
:100F5000D54C0100814E010000000000000000009F
:100F60000000000000000000000000000000000081
:100F70000000000000000000FB4C0100AB4E01002F
:100F80000000000000000000000000000000000061
:100F90000000000000000000000000000000000051
:100FA0004D454E553A2042415454455259004D4505
:100FB0004E553A2042415454455259004D454E55E4
:100FC0003A204241545445525900CCC5CDDE3A2016
:100FD000C1C0D2C0D0C5DF0000000000000000008A
:100FE0000000000000000000000000000000000001
:100FF000010000006947010000000000000000003F
:1010000000000000000000000000000000000000E0
:10101000000000000000000000000000733201002A
:1010200000000000000000000000000000000000C0
:1010300000000000000000000000000000000000B0
:101040000000000053657269616C3A2000536572BC
:1010500069616C3A200053657269616C3A2000C77F
:10106000E0E22EEDEEEC2E3A200000004D616E75B0
:10107000666163742E3A20004D616E75666163741B
:101080002E3A20004D616E75666163742E3A200021
:10109000C2FBEFF3F1EA3A20000000004D43413A71
:1010A0002031303234206368616E6E656C730D00E0
:1010B0004D43413A2031303234206368616E6E65B1
:1010C0006C730D004D43413A203130323420636857
:1010D000616E6E656C730D00C0D6CF3A2031303230
:1010E0003420EAE0EDE0EBE00D000000474D206326
:1010F0006F756E7465722C205553422C20426C75AE
:1011000065746F6F74682C204750530D00474D2055
:10111000636F756E7465722C205553422C20426C9F
:101120007565746F6F74682C204750530D00474DE0
:1011300020636F756E7465722C205553422C2042CB
:101140006C7565746F6F74682C204750530D00D117
:10115000F7E5F2F7E8EA20C3CC2C205553422C20C7
:10116000426C7565746F6F74682C204750530D0086
:1011700047616D6D6120726164696174696F6E2091
:10118000646F736520726174650D0047616D6D61F8
:1011900020726164696174696F6E20646F73652089
:1011A000726174650D0047616D6D612072616469E3
:1011B0006174696F6E20646F736520726174650D70
:1011C00000CCEEF9EDEEF1F2FC20E4EEE7FB20E3DB
:1011D000E0ECECE020E8E7EBF3F72E0D0000000078
:1011E00052616E67653A20302E30332D3130303009
:1011F000303020B553762F680D0052616E67653A26
:1012000020302E30332D31303030303020B5537611
:101210002F680D0052616E67653A20302E30332DF5
:1012200031303030303020B553762F680D00C4E8AF
:10123000E0EFE0E7EEED3A20302E30332D31303064
:1012400030303020B553762F680D0000426173694D
:1012500063206572726F723A203230250D00426150
:10126000736963206572726F723A203230250D0007
:101270004261736963206572726F723A2032302561
:101280000D00CEF1EDEEE2EDE0FF20EFEEE3F0E554
:10129000F8EDEEF1F2FC3A203230250D00000000AE
:1012A000456E6572677920646570656E64656E630E
:1012B000653A203235250D00456E657267792064E8
:1012C0006570656E64656E63653A203235250D0084
:1012D000456E6572677920646570656E64656E63DE
:1012E000653A203235250D00DDEDE5F0E3E5F2E865
:1012F000F72EE7E0E2E8F1E8ECEEF1F2FC3A20321A
:1013000035250D004E6149206D6178206370733A78
:10131000203130303030300D004E6149206D617821
:1013200020206370733A203130303030300D004E61
:101330006149206D617820206370733A203130302C
:101340003030300D00CCE0EAF12EF1EA2EF1F7E575
:10135000F2E0204E61493A203130303030302063A5
:1013600070730D0053656E732E206F6E20437331C2
:1013700033373A20343030206370732A682FB553E6
:10138000760D0053656E732E206F6E2043733133DC
:10139000373A20343030206370732A682FB5537683
:1013A0000D0053656E732E206F6E204373313337FB
:1013B0003A20343030206370732A682FB553760D8D
:1013C00000D7F3E2F1F2E22E20EDE0204373313357
:1013D000373A20343030206370732A682FB5537643
:1013E0000D000000456E657267792072616E676559
:1013F0003A2032302D33303030206B65560D0045A9
:101400006E657267792072616E67653A2032302DA1
:1014100033303030206B65560D00456E657267794C
:101420002072616E67653A2032302D3330303020C3
:101430006B65560D00DDEDE5F0E3E5F22EE4E8E046
:10144000EFE0E7EEED3A2032302D33303030206BD4
:1014500065560D0046616C736520616C61726D208C
:10146000706572696F6420286D696E293A200046A4
:10147000616C736520616C61726D20706572696F5B
:10148000642C206D696E3A200046616C73652061A2
:101490006C61726D20706572696F642C206D696E6D
:1014A0003A2000CFE5F0E8EEE420EBEEE6ED2EF298
:1014B000F0E5E2EEE32C20ECE8ED3A20000000003D
:1014C000474D20636F756E7465720D00474D206344
:1014D0006F756E7465720D00474D20636F756E7485
:1014E00065720D00D1F7E5F2F7E8EA20C3CC0D00F4
:1014F000446F736520726174653A2000446F7365B0
:1015000020726174653A2000446F736520726174C3
:10151000653A2000CCEEF9ED2EE4EEE7FB3A200030
:101520004572726F723A20004D6573736665686C20
:1015300065723A20004572726F723A2000CFEEE376
:10154000F0E5F8EDEEF1F2FC3A200000436F756E25
:101550007420726174653A2000436F756E74207256
:101560006174653A2000436F756E74207261746512
:101570003A2000D1EAEEF02EF1F7E5F2E03A200051
:10158000546F74616C20636F756E74733A200054ED
:101590006F74616C20636F756E74733A2000546FC2
:1015A00074616C20636F756E74733A2000CEE1F93C
:1015B000E8E920F1F7E5F23A20000000546F746189
:1015C0006C2074696D653A2000546F74616C2074EE
:1015D000696D653A2000546F74616C2074696D65A3
:1015E0003A2000CEE1F9E5E520E2F0E5ECFF3A2013
:1015F0000000000044656164546D3A200044656158
:1016000064546D3A200044656164546D3A2000CC06
:10161000E5F0F2C2F03A200053656C664370733A0D
:10162000200053656C664370733A200053656C6606
:101630004370733A2000D1EEE1F1D4EEED3A200090
:10164000536166657479207468726573686F6C6441
:101650003A20005361666574792074687265736816
:101660006F6C643A20005361666574792074687207
:101670006573686F6C643A2000CFEEF0EEE320E112
:10168000E5E7EEEFE0F1EDEEF1F2E83A20000000E0
:10169000426174746572790D004261747465727987
:1016A0000D00426174746572790D00C1E0F2E0F0E2
:1016B000E5FF0D004368617267653A200043686189
:1016C0007267653A20004368617267653A2000C717
:1016D000E0F0FFE43A2000005374617475733A201F
:1016E000636861726765640D005374617475733A61
:1016F00020636861726765640D005374617475736B
:101700003A20636861726765640D00D1EEF1F2EE14
:10171000FFEDE8E53A20E7E0F0FFE6E5EDFB0D0040
:101720005374617475733A20646973636861726796
:1017300065640D005374617475733A206469736352
:101740006861726765640D005374617475733A2043
:10175000646973636861726765640D00D1EEF1F2CC
:10176000EEFFEDE8E53A20F0E0E7F0FFE6E5EDFB1F
:101770000D000000566F6C746167653A2000566F6B
:101780006C746167653A2000566F6C746167653AE6
:101790002000CDE0EFF0FFE6E5EDE8E53A200000BF
:1017A00043616C6962722E636F65663A2000436123
:1017B0006C6962722E636F65663A200043616C69E2
:1017C00062722E636F65663A2000CAE0EBE8E1F0D2
:1017D0002EEAEEFDF43A20004261747465727920BD
:1017E00063616C6962726174696F6E20636F6566B4
:1017F00066696369656E740042617474657279200C
:1018000063616C6962726174696F6E20636F656693
:1018100066696369656E74004261747465727920EB
:1018200063616C6962726174696F6E20636F656673
:1018300066696369656E7400CAE0EBE8E1F0EEE2A8
:10184000EEF7EDFBE920EAEEFDF4F4E8F6E8E5ED6D
:10185000F220E1E0F2E0F0E5E800000042726561AC
:101860006B696E672D696E00427265616B696E67A8
:101870002D696E00427265616B696E672D696E003D
:10188000CFF0E8F0E0E1EEF22E000000474D2063DB
:101890006F756E74657220427265616B696E672D3B
:1018A000696E2E204465766963652077696C6C20CB
:1018B000676F20696E206465657020706F77657250
:1018C00020736176696E67206D6F64652E204C43CE
:1018D000442077696C6C206F66662E2050726573A9
:1018E0007320504F57455220746F207475726E20CC
:1018F0006F6666206465766963652E00474D2063D8
:101900006F756E74657220427265616B696E672DCA
:10191000696E2E204465766963652077696C6C205A
:10192000676F20696E206465657020706F776572DF
:1019300020736176696E67206D6F64652E204C435D
:10194000442077696C6C206F66662E205072657338
:101950007320504F57455220746F207475726E205B
:101960006F6666206465766963652E00474D206367
:101970006F756E74657220427265616B696E672D5A
:10198000696E2E204465766963652077696C6C20EA
:10199000676F20696E206465657020706F7765726F
:1019A00020736176696E67206D6F64652E204C43ED
:1019B000442077696C6C206F66662E2050726573C8
:1019C0007320504F57455220746F207475726E20EB
:1019D0006F6666206465766963652E00CFF0E8F077
:1019E000E0E1EEF2EAE020F1F7E5F2F7E8EAE020E4
:1019F000C3E5E9E3E5F0E02DCCFEEBEBE5F0E02E0E
:101A000020CFF0E8E1EEF020EFE5F0E5E9E4E5F2E3
:101A100020E220F0E5E6E8EC20ECE0EAF1E8ECE09A
:101A2000EBFCEDEEE3EE20FDEDE5F0E3EEF1E1E5BC
:101A3000F0E5E6E5EDE8FF2E20DDEAF0E0ED20E15F
:101A4000F3E4E5F220EEF2EAEBFEF7E5ED2E20CD31
:101A5000E0E6ECE8F2E520504F57455220E4EBFF7A
:101A600020E2FBEAEBFEF7E5EDE8FF20EFF0E8E12E
:101A7000EEF0E02E00000000427265616B696E6757
:101A80002D696E00427265616B696E672D696E002B
:101A9000427265616B696E672D696E00CFF0E8F088
:101AA000E0E1EEF2EAE00000446F736520726174D9
:101AB0006520636F656666696369656E7400446F6F
:101AC0007365207261746520636F6566666963691A
:101AD000656E7400446F7365207261746520636F76
:101AE000656666696369656E7400CAEEFDF4F4E8C4
:101AF000F6E8E5EDF220ECEEF9EDEEF1F2E820E4A7
:101B0000EEE7FB004465616474696D65206F6620D3
:101B1000636F756E746572004465616474696D65A8
:101B2000206F6620636F756E746572004465616432
:101B300074696D65206F6620636F756E74657200E1
:101B4000CCE5F0F2E2EEE520E2F0E5ECFF20F1F783
:101B5000E5F2F7E8EAE0000053656C662063707315
:101B6000206F6620636F756E7465720053656C66D6
:101B700020637073206F6620636F756E74657200EA
:101B800053656C6620637073206F6620636F756E9B
:101B900074657200D1EEE1F1F2E2E5EDEDFBE920D2
:101BA000F4EEED20F1F7E5F2F7E8EAE000000000DE
:101BB00053657420636F656666696369656E74005A
:101BC00053657420636F656666696369656E74004A
:101BD00053657420636F656666696369656E74003A
:101BE000C7E0E4E0F2FC20EAEEFDF42E0000000085
:101BF000536574206465616474696D650053657430
:101C0000206465616474696D650053657420646562
:101C1000616474696D6500C7E0E4E0F2FC20ECE506
:101C2000F0F2E22EE2F0E5ECFF00000053657420D4
:101C300073656C6620637073005365742073656C04
:101C40006620637073005365742073656C6620634F
:101C5000707300C7E0E4E0F2FC20F1EEE1F1F2E2A3
:101C60002EF4EEED00000000496E76616C69642090
:101C700053656C6563746564204C69627261727946
:101C80002046696C652E20507265737320616E79F1
:101C900020616C6C6F776564206B657900496E76A6
:101CA000616C69642053656C6563746564204C697C
:101CB00062726172792046696C652E20507265737C
:101CC0007320616E7920616C6C6F776564206B6541
:101CD0007900496E76616C69642053656C65637444
:101CE0006564204C6962726172792046696C652E68
:101CF00020507265737320616E7920616C6C6F7710
:101D00006564206B657900C2FBE1F0E0ED20CDE574
:101D1000EFF0E0E2E8EBFCEDFBE920D4E0E9EB20BA
:101D2000C1E8E1EBE8EEF2E5EAE82E20CDE0E6ECF2
:101D3000E8F2E520EBFEE1F3FE20F0E0E7F0E5F865
:101D4000E5EDEDF3FE20EAEDEEEFEAF30000000032
:101D500011320100143F0A0015320100193201004E
:101D60001D32010063320100DF3A0100253D010010
:101D7000373D0100653D0100ED3E0100513F01008E
:101D8000553F0100653F01006D3F0100693F0100C3
:101D9000453B010046616C736520616C61726D208A
:101DA000706572696F640046616C736520616C6177
:101DB000726D20706572696F640046616C73652096
:101DC000616C61726D20706572696F6400CFE5F0BF
:101DD000E8EEE420EBEEE6EDFBF520F2F0E5E2EED6
:101DE000E300000046616C736520616C61726D20D8
:101DF000706572696F640046616C736520616C6127
:101E0000726D20706572696F640046616C73652045
:101E1000616C61726D20706572696F6400CFE5F06E
:101E2000E8EEE420EBEEE6ED2EF2F0E5E2EEE30084
:101E30004E6F206D656D6F727921205072657669E5
:101E40006F75732066696C652073617665206F70AD
:101E500065726174696F6E206973206E6F74207093
:101E60006572666F726D65642E20506C6561736576
:101E700020636F6E6669726D2064656C6574696F4E
:101E80006E206F66206175746F7370656374726124
:101E90002C206D637320616E64206C6F672E004E82
:101EA0006F206D656D6F7279212050726576696F54
:101EB00075732066696C652073617665206F706547
:101EC000726174696F6E206973206E6F7420706523
:101ED00072666F726D65642E20506C65617365204B
:101EE000636F6E6669726D2064656C6574696F6E90
:101EF000206F66206175746F737065637472612CF6
:101F0000206D637320616E64206C6F672E004E6FCE
:101F1000206D656D6F7279212050726576696F75DD
:101F2000732066696C652073617665206F706572D9
:101F30006174696F6E206973206E6F7420706572B2
:101F4000666F726D65642E20506C656173652063E9
:101F50006F6E6669726D2064656C6574696F6E2062
:101F60006F66206175746F737065637472612C2085
:101F70006D637320616E64206C6F672E00CDE5F297
:101F800020EFE0ECFFF2E82120CFF0E5E4FBE4F302
:101F9000F9E0FF20EEEFE5F0E0F6E8FF20E7E0EF04
:101FA000E8F1E820F4E0E9EBE020EDE520E2FBEFEA
:101FB000EEEBEDE5EDE02E20CFEEE6E0EBF3E9F120
:101FC000F2E020EFEEE4F2E2E5F0E4E8F2E520F3FF
:101FD000E4E0EBE5EDE8E520E0E2F2EEF1EFE5EA42
:101FE000F2F0EEE22C20ECEAE420E820E6F3F0ED5B
:101FF000E0EBE02E000000004465616474696D65EB
:1020000020636F6566004465616474696D65206373
:102010006F6566004465616474696D6520636F6512
:102020006600CAEEFDF42EECE5F0F2E22EE2F0E5F9
:10203000ECE5EDE8000000005345545550005345D1
:1020400054555000534554555000CECFD6C8C80003
:102050006261636B006261636B006261636B00EDE0
:10206000E0E7E0E4000000006C6F67006C6F670061
:102070006C6F6700E6F3F0EDE0EB0000534554555C
:10208000504D6F64655F55704F6E55706461746537
:10209000000000006D656D6F7279006D656D6F7287
:1020A00079006D656D6F727900EFE0ECFFF2FC0076
:1020B0007370656369660073706563696600737049
:1020C0006563696600F1EFE5F6E8F4006C69627239
:1020D0006172006C6962726172006C696272617235
:1020E00000E1E8E1EB000000676569676572006781
:1020F00065696765720067656967657200E3E5E9B0
:10210000E3E5F000706F77657200706F77657200BD
:10211000706F77657200E7E0F0FFE4007665727338
:10212000696F0076657273696F0076657273696FA7
:1021300000E2E5F0F1E8FF00696E7465726E616CB3
:10214000206572726F722028694D6F6465536372E7
:1021500065656E29000000006D656E75006D656E29
:1021600075006D656E7500ECE5EDFE006C6F6769DE
:102170006E006C6F67696E006C6F67696E00EFE0F0
:10218000F0EEEBFC00000000252E316600000000A0
:10219000535052444D6F6465436F6E74726F6C00A0
:1021A0006644525468726573686F6C640000000086
:1021B0007365636F6E64007365636F6E640073654F
:1021C000636F6E6400F1E5EAF3EDE4006964656E47
:1021D00074696679436F6E74726F6C006964656EC2
:1021E0007469667953746172744465616454696D8D
:1021F00065000000706F776572436F6E74726F6C6C
:10220000000000006477506F776572446F776E440A
:1022100065616454696D650000000000EF003F01D6
:102220007468726573686F6C640000002500250097
:10223000250025005343414C45494E5354414249E2
:102240004C49545900000000524551554553540023
:10225000524551554553540052455155455354002C
:10226000C7C0CFD0CED10000F1EFE5EA5F0000009B
:10227000737065635F00000025303275253032755C
:102280000000000053455455504D6F64655F4F6E1C
:1022900054696D6572000000252E32660000000052
:1022A000696E7465726E616C206572726F72000087
:1022B0002575252500000000252E3366000000004E
:1022C000252E316620B553762F6800005261645385
:1022D0006561726368657220284154313332312957
:1022E0000D00000025752E25750D00004352433367
:1022F000323A20004E614928546C29204432357806
:1023000034306D6D0D0000003230313520A9204190
:10231000544F4D544558205350450D000D000D00AD
:102320000D000D00436F65663A2000436F65663A05
:102330002000436F65663A2000CAEEFDF43A2000A3
:1023400053455455504D6F64655F73686F774C69A2
:102350006272617279000000252E316625250D001C
:1023600053455455504D6F64655F73686F774D6585
:102370006D6F7279000000002575206B420D000022
:10238000257525250D000000467265653A2000463A
:102390007265653A2000467265653A2000D1E2EE2A
:1023A000E1EEE4EDEE3A200053455455504D6F6494
:1023B000655F73686F774D6F646553637265656EB3
:1023C0000000000066426174436F65660000000013
:1023D000676569676572436F6E74726F6C000000A9
:1023E000664472436F656600B57300B57300B573DC
:1023F00000B573006644724465616454696D65009C
:1024000063707300637073006370730063707300B4
:1024100066447253656C6643707300006C69627247
:1024200061727946696C654E616D65004552524F27
:102430005221004552524F5221004552524F5221D3
:1024400000CED8C8C1CAC021000000005345545571
:10245000504D6F64655F63616C635369676D61457F
:102460007800000070756173736F6E2063616C6338
:10247000756C6174696F6E206572726F72210000F5
:102480006D696E75746573006D696E757465730042
:102490006D696E7574657300ECE8EDF3F200000091
:1024A00066616C73655F616C61726D5F70657269A6
:1024B0006F645F6F70657200443A5C557365727348
:1024C0005C43686972696B616C6F5C41524D5F700F
:1024D000726F6A5C53505244325F355C736F756E35
:1024E000642E630000000000F4010601F401010005
:1024F00000000000FA00DE03FA001203FA00DE0317
:10250000FA001203000000007D000601FA004A01F3
:10251000000000007D00BA027D007405000000008C
:102520007D0074057D00BA0200000000443A5C554D
:10253000736572735C43686972696B616C6F5C414F
:10254000524D5F70726F6A5C53505244325F355C1B
:10255000737065637472756D2E63000053706563EC
:102560007472756D20616371756972696E6720742C
:10257000696D6500537065637472756D2061637178
:10258000756972696E672074696D65005370656363
:102590007472756D20616371756972696E672074FC
:1025A000696D6500C2F0E5ECFF20EDE0E1EEF0E0E2
:1025B00020F1EFE5EAF2F0E00000000053617665FB
:1025C00020737065637472756D0D456E746572204D
:1025D000737065637472756D206E616D6500536113
:1025E000766520737065637472756D0D456E7465E4
:1025F0007220737065637472756D206E616D650015
:102600005361766520737065637472756D0D456EE8
:1026100074657220737065637472756D206E616D80
:102620006500D1EEF5F0E0EDE5EDE8E520F1EFE550
:10263000EAF2F0E00DC2E2E5E4E8F2E520E8ECFFC2
:1026400020F1EFE5EAF2F0E000000000416D706C6F
:102650006966696572206761696E20636F646500F1
:10266000416D706C6966696572206761696E20638F
:102670006F646500416D706C6966696572206761A1
:10268000696E20636F646500CAEEE420F3F1E8EB45
:10269000E5EDE8FF20F3F1E8EBE8F2E5EBFF000001
:1026A0004C6F776572206C696D6974004C6F77654B
:1026B00072206C696D6974004C6F776572206C696B
:1026C0006D697400CDE8E6EDE8E920EFEEF0EEE3A9
:1026D000000000005570706572206C696D697400AF
:1026E0005570706572206C696D6974005570706505
:1026F00072206C696D697400C2E5F0F5EDE8E920BF
:10270000EFEEF0EEE3000000416371756972696EEF
:10271000672074696D6500416371756972696E67E0
:102720002074696D6500416371756972696E672017
:1027300074696D6500C2F0E5ECFF20EDE0E1EEF0BC
:10274000E00000004761696E20636F6465004761C7
:10275000696E20636F6465004761696E20636F6412
:102760006500CAEEE420F3F1E8EBE5EDE8FF0000D8
:1027700044656C657465206175746F73706563740E
:1027800072610044656C657465206175746F737067
:1027900065637472610044656C657465206175746D
:1027A0006F7370656374726100D3E4E0EBE8F2FC70
:1027B00020E0E2F2EEF1EFE5EAF2F0FB00000000CB
:1027C0004954010000283F004D540100915401007C
:1027D000D55401002155010029560100C9570100B7
:1027E00031590100715A0100795B0100915B0100D0
:1027F000955B0100C35B0100D55B0100D15B01006B
:10280000CD56010053505244206D6F646500535003
:102810005244206D6F64650053505244206D6F64C4
:102820006500D0E5E6E8EC20D1CFD0C40000000080
:102830005361766520737065637472756D005361C2
:10284000766520737065637472756D00536176658B
:1028500020737065637472756D00D1EEF5F0E0ED74
:10286000E8F2FC20F1EFE5EAF2F000004F70656E4F
:1028700020737065637472756D004F70656E2073A0
:102880007065637472756D004F70656E207370654E
:10289000637472756D00CEF2EAF0FBF2FC20F1EF8A
:1028A000E5EAF2F000000000537065637472756D24
:1028B000204E616D6520657869737473210D005336
:1028C0007065637472756D204E616D652065786901
:1028D000737473210D00537065637472756D204EAF
:1028E000616D6520657869737473210D00C8ECFF14
:1028F00020F1EFE5EAF2F0E020F1F3F9E5F1F2E2A0
:10290000F3E5F2210D000000537065637472756D7C
:10291000204E616D65206368616E67656420746F29
:102920000D0D00537065637472756D204E616D6599
:10293000206368616E67656420746F0D0D005370CD
:1029400065637472756D204E616D65206368616E9C
:1029500067656420746F0D0D00C8ECFF20F1EFE592
:10296000EAF2F0E020E8E7ECE5EDE5EDEE20EDE061
:102970000D0D00004D454E553A20524944004D453D
:102980004E553A20524944004D454E553A20524941
:102990004400CCC5CDDE3A20D0C8C4000000000001
:1029A0000000000000000000000000000000000027
:1029B0000000000000000000000000000000000017
:1029C000000000000800000025550100F96001002A
:1029D00043610100EF6E01004D700100C56101000F
:1029E0001B62010081620100000000000000000085
:1029F000E9620100F16201000D630100236301003F
:102A00005B700100316301005563010071630100D7
:102A1000000000000000000025002F0039004300E6
:102A200066008B00B000DE000C013A017101A801C4
:102A3000D6011F028803C00560EA00005249440025
:102A40005249440052494400D0C8C40053706563E1
:102A50007472756D5F4C6566744F6E557064617409
:102A6000650000006C6F67006C6F67006C6F67003B
:102A7000EBEEE3006C656674006C656674006C6573
:102A8000667400E2EBE5E2EE000000007374617230
:102A90007400737461727400737461727400F1F283
:102AA000E0F0F200696E00696E00696E00E1EBE82B
:102AB000E6E50000686967686572006869676865CF
:102AC000720068696768657200E2FBF8E500000063
:102AD000496E7465726E616C206572726F7221004E
:102AE000537065637472756D5F52696768744F6E79
:102AF00055706461746500006E6F726D616C006E7C
:102B00006F726D616C006E6F726D616C00EDEEF056
:102B1000ECE0EB00726967687400726967687400C2
:102B2000726967687400E2EFF0E0E2EE0000000016
:102B300073746F700073746F700073746F7000F152
:102B4000F2EEEF006F7574006F7574006F757400AE
:102B5000E4E0EBFCF8E500006C6F776572006C6FE9
:102B6000776572006C6F77657200EDE8E6E500004E
:102B7000537065637472756D5F55704F6E557064F8
:102B800061746500766965770076696577007669B6
:102B9000657700E2E8E400006D61726B6572006DBC
:102BA00061726B6572006D61726B657200ECE0F0D2
:102BB000EAE5F000616371756972006163717569BE
:102BC000720061637175697200EDE0E1EEF0000082
:102BD0007A6F6F6D007A6F6F6D007A6F6F6D00ECBA
:102BE000E0F1F8F200000000736869667400736831
:102BF00069667400736869667400F1E4E2E8E300F2
:102C0000797363616C6500797363616C65007973D6
:102C100063616C6500E2FBF1EEF2E00077696E64DF
:102C20006F770077696E646F770077696E646F778E
:102C300000EEEAEDEE0000006D656E75006D656EEC
:102C400075006D656E7500ECE5EDFE005370656313
:102C50007472756D5F4F6E4C65667400537065637A
:102C60007472756D5F4F6E52696768740000000082
:102C700025752073202020257520636E7420202068
:102C8000252E3166206370730000000025752063D7
:102C9000682020202575206B655620202025752072
:102CA000636E740000006A00EF000D017365636FCE
:102CB0006E64007365636F6E64007365636F6E644A
:102CC00000F1E5EAF3EDE400252E30660000000097
:102CD000696E74657250726F63436F6E74726F6C5D
:102CE0000000000077644C6F774C696D69740000D8
:102CF0007764486967684C696D69740053706563EF
:102D00007472756D5F6F70656E5F657800000000AE
:102D10004E6F2066696C6500496E76616C6964204F
:102D200066696C6500000000496E76616C6964201C
:102D3000737065637472756D2066696C6500000060
:102D4000656E6572677900007369676D61000000E8
:102D50004E3D252E316620523D252E31662525001B
:102D60000000000020453D2575206B6556000000E1
:102D70000D50413D257520636E742044523D252E33
:102D8000326620B553762F68000000000DCFCF3D8E
:102D9000257520636E7420CCC43D252E326620B587
:102DA00053762F6800000000474D206D6F6465006A
:102DB000474D206D6F646500474D206D6F64650061
:102DC000D0E5E6E8EC20C3CC000000004E614920CD
:102DD0006D6F6465004E6149206D6F6465004E61E2
:102DE00049206D6F646500D0E5E6E8EC204E61494E
:102DF000000000005350524420626B670053505251
:102E00004420626B67005350524420626B6700D1CC
:102E1000CFD0C420D4EEED00657874656E640D7477
:102E2000696D6500657874656E640D74696D650023
:102E3000657874656E640D74696D6500F0E0F1F895
:102E4000E8F00DE2F0E5ECFF000000005475726E52
:102E5000204F4646005475726E204F46460054750A
:102E6000726E204F464600C2FBEAEBFEF7E8F2FC2A
:102E700000000000536176652076616C7565730013
:102E8000536176652076616C756573005361766574
:102E90002076616C75657300D1EEF5F0E0EDE8F237
:102EA000FC20E7EDE0F7E5EDE8FF00005350524469
:102EB000206D6F64650053505244206D6F6465004F
:102EC00053505244206D6F646500D0E5E6E8EC2075
:102ED000D1CFD0C400000000424B47206D6F646525
:102EE00000424B47206D6F646500424B47206D6F79
:102EF000646500D0E5E6E8EC20D4EEED00000000CB
:102F000053746162696C697A6174696F6E0053749D
:102F10006162696C697A6174696F6E005374616291
:102F2000696C697A6174696F6E00D1F2E0E1E8EB77
:102F3000E8E7E0F6E8FF00004E614920646574654B
:102F400063746F72004E6149206465746563746FC9
:102F500072004E6149206465746563746F7200C4C9
:102F6000E5F2E5EAF2EEF0204E614900474D2063BC
:102F70006F756E74657200474D20636F756E746572
:102F80007200474D20636F756E74657200D1F7E56E
:102F9000F2F7E8EA20C3CC001F0000001C0000008C
:102FA0001F0000001E0000001F0000001E000000A7
:102FB0001F0000001F0000001E0000001F00000096
:102FC0001E0000001F00000047616D6D61207261EE
:102FD00064696174696F6E206465746563746564A7
:102FE000210047616D6D6120726164696174696F70
:102FF0006E206465746563746564210047616D6D5E
:103000006120726164696174696F6E2064657465C2
:10301000637465642100CEE1EDE0F0F3E6E5EDEDEB
:10302000EE20E3E0ECECE02DE8E7EBF3F7E5EDE88C
:10303000E52100004E75632E4C69623A20004E7502
:10304000632E4C69623A20004E75632E4C69623AD9
:103050002000CDF3EA2EE1E8E13A2000456E7465E8
:1030600072206D6F6E746800456E746572206D6FAE
:103070006E746800456E746572206D6F6E746800C2
:10308000C2E2E5E4E8F2E520ECE5F1FFF60000003D
:10309000456E74657220646179206F66206D6F6E75
:1030A000746800456E74657220646179206F6620D3
:1030B0006D6F6E746800456E74657220646179206E
:1030C0006F66206D6F6E746800C2E2E5E4E8F2E5B9
:1030D00020E4E5EDFC20ECE5F1FFF6E00000000067
:1030E000456E74657220646179206F66207765652E
:1030F0006B2028302D73756E6461792900456E74DC
:10310000657220646179206F66207765656B202089
:1031100028302D73756E6461792900456E7465726F
:1031200020646179206F66207765656B20202830E8
:103130002D73756E6461792900C2E2E5E4E8F2E579
:1031400020E4E5EDFC20EDE5E4E5EBE82020283087
:103150002DE2EEF1EAF0E5F1E5EDE8E52900000009
:10316000456E74657220686F757200456E74657285
:1031700020686F757200456E74657220686F757295
:1031800000C2E2E5E4E8F2E520F7E0F1000000002B
:10319000456E746572206D696E75746500456E7458
:1031A0006572206D696E75746500456E7465722078
:1031B0006D696E75746500C2E2E5E4E8F2E520EC45
:1031C000E8EDF3F2FB0000004944454E54494649FE
:1031D000434154494F4E2E2E2E0D004944454E5426
:1031E000494649434952454E2E2E2E0D004944452D
:1031F0004E54494649434154494F4E2E2E2E0D0000
:10320000C8C4C5CDD2C8D4C8CAC0D6C8DF2E2E2ED9
:103210000D00000061760100003F00007D77010095
:10322000E177010009780100B5780100257B0100F4
:10323000637D01002D7D0100B17D0100857E0100CF
:10324000AD7E0100B17E0100C17E0100157F01004D
:10325000017F0100457B01008120444F53452052EE
:10326000415445008120444F53452052415445006C
:103270008120444F53452052415445008120CCCEFB
:10328000D9CDCED1D2DC20C4CEC7DB008120434FC4
:10329000554E545320504552205345434F4E440001
:1032A0008120434F554E545320504552205345439F
:1032B0004F4E44008120434F554E545320504552A9
:1032C000205345434F4E44008120D1CACED0CED1A9
:1032D000D2DC20D1D7C5D2C000000000456C61709F
:1032E0007365642074696D653A2000456C61707384
:1032F00065642074696D653A2000456C6170736582
:10330000642074696D653A2000C8F1F2E5EAF82E90
:1033100020E2F0E5ECFF3A200000000044414E4777
:10332000455220524144494154494F4E204C455644
:10333000454C210D474F204241434B210044414E13
:1033400047455220524144494154494F4E204C4533
:1033500056454C210D474F204241434B21004441EB
:103360004E47455220524144494154494F4E204C0A
:103370004556454C210D474F204241434B2100CE3D
:10338000CFC0D1CDDBC920D3D0CEC2C5CDDC20D0BB
:10339000C0C4C8C0D6C8C8210DCED2CEC9C4C8D2F8
:1033A000C520CDC0C7C0C421000000004F56455203
:1033B0004C4F41442E2044414E474552210D474F2A
:1033C000204241434B21004F5645524C4F41442E21
:1033D0002044414E474552210D474F204241434B27
:1033E00021004F5645524C4F41442E2044414E47F8
:1033F0004552210D474F204241434B2100CFC5D0BC
:10340000C5C3D0D3C7CAC02E20CEEFE0F1EDEE2168
:103410000DCEF2EEE9E4E8F2E520EDE0E7E0E421AC
:10342000000000004849474820524144494154495E
:103430004F4E2E0D474F204241434B2E00484947E7
:103440004820524144494154494F4E2E0D474F2088
:103450004241434B2E00484947482052414449418C
:1034600054494F4E2E0D474F204241434B2E00C230
:10347000DBD1CECAC8C920D3D0CEC2C5CDDC20D0C6
:10348000C0C4C8C0D6C8C82E0DCED2CEC9C4C8D2FA
:10349000C520CDC0C7C0C42E00000000456E7465B5
:1034A00072207965617200456E746572207965617C
:1034B0007200456E746572207965617200C2E2E542
:1034C000E4E8F2E520E3EEE40000000041646A7500
:1034D000737420636C6F636B0041646A757374204E
:1034E000636C6F636B0041646A75737420636C6F07
:1034F000636B00CDE0F1F2F0EEE8F2FC20F7E0F1D2
:10350000FB0000004D454E553A2053505244004DAB
:10351000454E553A2053505244004D454E553A20A1
:103520005350524400CCC5CDDE3A20D1CFD0C40098
:10353000000000000000000000000000000000008B
:10354000000000000000000000000000000000007B
:10355000000000000900000005790100E378010087
:1035600039790100E9860100358A0100B37901004B
:10357000CD7901000B7A0100CD7801000000000038
:1035800017790100017901009D7901002B8A010062
:10359000698A0100C5790100FB790100397A0100CF
:1035A000DF78010000000000535052440053505295
:1035B00044005350524400D1CFD0C4005350524421
:1035C00020256400252E3366000000007261642E01
:1035D0000D736F75726365007261642E0D736F7584
:1035E000726365007261642E0D736F75726365009E
:1035F000F0E0E42E0DE8F1F2EEF7ED0053746162B5
:10360000696C697A6174696F6E0053746162696C88
:10361000697A6174696F6E0053746162696C697A6A
:103620006174696F6E00D1F2E0E1E8EBE8E7E0F683
:10363000E8FF0000506C6163652000506C616365B9
:103640002000506C6163652000CFEEECE5F1F2E8FC
:10365000F2E520E8F1F2EEF7EDE8EA20F1200000D3
:1036600020736F7572636520746F207468652075B0
:10367000707065722D726967687420636F726E6511
:1036800072206F6620746865206465766963652EB4
:103690000020736F7572636520746F2074686520F5
:1036A00075707065722D726967687420636F726ED1
:1036B0006572206F6620746865206465766963654D
:1036C0002E0020736F7572636520746F20746865B7
:1036D0002075707065722D726967687420636F72EF
:1036E0006E6572206F662074686520646576696314
:1036F000652E0020E220E2E5F0F5EDE5E920EBE5BE
:10370000E2EEE920F7E0F1F2E820EFF0E8E1EEF098
:10371000E02E0000506C6163652064657669636526
:10372000206F6E746F2000506C6163652064657655
:10373000696365206F6E746F2000506C6163652053
:10374000646576696365206F6E746F2000CFEEEB61
:10375000EEE6E8F2E520EFF0E8E1EEF020EDE02023
:1037600000000000636865636B2073616D706C65B9
:103770002E00636865636B2073616D706C652E004D
:10378000636865636B2073616D706C652E00EAEE93
:10379000EDF2F0EEEBFCEDF3FE20EFF0EEE1F32EB8
:1037A00000000000426520737572652074686572C0
:1037B0006520617265206E6F206F7468657220727B
:1037C0006164696174696F6E20736F75726365738C
:1037D0002061726F756E642E00426520737572658C
:1037E00020746865726520617265206E6F206F7449
:1037F00068657220726164696174696F6E20736FAD
:1038000075726365732061726F756E642E00426518
:103810002073757265207468657265206172652019
:103820006E6F206F7468657220726164696174697B
:103830006F6E20736F75726365732061726F756E42
:10384000642E00D3E1E5E4E8F2E5F1FC2C20F7F288
:10385000EE20EDE5F220E4F0F3E3E8F520E8F1F204
:10386000EEF7EDE8EAEEE220F0E0E4E8E0F6E8E882
:103870002E000000537065637472756D2061637172
:10388000756972696E672E2E2E00537065637472AF
:10389000756D20616371756972696E672E2E2E00D9
:1038A000537065637472756D2061637175697269B7
:1038B0006E672E2E2E00CDE0E1EEF020F1EFE5EA6E
:1038C000F2F0E02E2E2E00004761696E20736574C1
:1038D00074696E672075702E2E2E004761696E2008
:1038E00073657474696E672075702E2E2E004761A3
:1038F000696E2073657474696E672075702E2E2E44
:1039000000D3F1F2E0EDEEE2EAE020F3F1E8EBE5DE
:10391000EDE8FF2E2E2E000053746162696C697A07
:10392000696E672E2E2E0053746162696C697A6924
:103930006E672E2E2E0053746162696C697A696E0F
:10394000672E2E2E00D1F2E0E1E8EBE8E7E0F6E8A2
:10395000FF2E2E2E00000000436F6D706C657465A5
:103960002E00436F6D706C6574652E00436F6D7033
:103970006C6574652E00C2FBEFEEEBEDE5EDE02E1D
:10398000000000004661696C656421205265706525
:1039900061742073746162696C697A6174696F6EB5
:1039A000207768656E206E6F206F74686572207274
:1039B0006164696174696F6E20736F75726365739A
:1039C000206172652061726F756E642E00466169B8
:1039D0006C65642120526570656174207374616246
:1039E000696C697A6174696F6E207768656E206EA4
:1039F0006F206F7468657220726164696174696FA9
:103A00006E20736F757263657320617265206172D9
:103A10006F756E642E004661696C65642120526585
:103A2000706561742073746162696C697A6174692C
:103A30006F6E207768656E206E6F206F7468657298
:103A400020726164696174696F6E20736F7572634F
:103A50006573206172652061726F756E642E00CD92
:103A6000C520E2FBEFEEEBEDE5EDE02120CFEEE24D
:103A7000F2EEF0E8F2E520F1F2E0E1E8EBE8E7E071
:103A8000F6E8FE20EFF0E820EEF2F1F3F2F1F2E2D8
:103A9000E8E820E4F0F3E3E8F520E8F1F2EEF7EDF2
:103AA000E8EAEEE220F0E0E4E8E0F6E8E82E0000E4
:103AB00044697361626C656421204E6F2063616CA0
:103AC0006962726174696F6E732E0044697361621A
:103AD0006C656421204E6F2063616C696272617451
:103AE000696F6E732E0044697361626C6564212096
:103AF0004E6F2063616C6962726174696F6E732EC0
:103B000000CDE5E2EEE7ECEEE6EDE02120CDE5F2DA
:103B100020EAE0EBE8E1F0EEE2EEEA2E0000000041
:103B2000436F756E74733A2000436F756E74733A09
:103B30002000436F756E74733A2000D1F7E5F23AB6
:103B4000200000005265662E706F736974696F6E95
:103B50003A20005265662E706F736974696F6E3A11
:103B600020005265662E706F736974696F6E3A201B
:103B700000CAE0EBE8E1F02EEFEEE7E8F6E8FF3A06
:103B800020000000466F756E64207065616B3A20FE
:103B900000466F756E64207065616B3A2000466F59
:103BA000756E64207065616B3A2000CDE0E9E4E554
:103BB000ED20EFE8EA3A20004761696E20636F6408
:103BC000653A20004761696E20636F64653A2000A2
:103BD0004761696E20636F64653A2000CAEEE42095
:103BE000F3F1E8EBE5EDE8FF3A200000A98B0100D6
:103BF00000203F00C98B01000D8C0100218C0100C9
:103C0000798C0100DF8C01009B8E0100B18E0100D8
:103C1000D98E0100358F0100398F01003D8F0100E1
:103C20004D8F0100A18F01009D8F0100078D0100C4
:103C30008120434F554E544552008120434F554EED
:103C4000544552008120434F554E54455200812027
:103C5000D1D7C5D2D7C8CA008120434F554E54533F
:103C600020504552205345434F4E44008120434F3E
:103C7000554E545320504552205345434F4E440017
:103C80008120434F554E54532050455220534543B5
:103C90004F4E44008120D1CACED0CED1D2DC20D12B
:103CA000D7C5D2C0000000004261636B67726F75B8
:103CB0006E643A20004261636B67726F756E643A9E
:103CC00020004261636B67726F756E643A2000D4A6
:103CD000EEED3A200000000071950100003F000069
:103CE00085950100A1950100B5950100F1950100B0
:103CF00013960100DD960100EF9601000197010087
:103D00002B9701002F97010033970100579701006F
:103D10005F9701005B970100AF960100443A5C5544
:103D2000736572735C43686972696B616C6F5C4147
:103D3000524D5F70726F6A5C53505244325F355C13
:103D400055534252532E630000C1814001C080414F
:103D500001C0804100C1814001C0804100C181405B
:103D600000C1814001C0804101C0804100C181404B
:103D700000C1814001C0804100C1814001C080413B
:103D800001C0804100C1814001C0804100C181402B
:103D900000C1814001C0804100C1814001C080411B
:103DA00001C0804100C1814000C1814001C080410B
:103DB00001C0804100C1814001C0804100C18140FB
:103DC00000C1814001C0804101C0804100C18140EB
:103DD00000C1814001C0804100C1814001C08041DB
:103DE00001C0804100C1814000C1814001C08041CB
:103DF00001C0804100C1814001C0804100C18140BB
:103E000000C1814001C0804100C1814001C08041AA
:103E100001C0804100C1814001C0804100C181409A
:103E200000C1814001C0804101C0804100C181408A
:103E300000C1814001C0804100C1814001C080417A
:103E400001C0804100C1814000C0C101C30302C262
:103E5000C60607C705C5C404CC0C0DCD0FCFCE0ECA
:103E60000ACACB0BC90908C8D81819D91BDBDA1A3A
:103E70001EDEDF1FDD1D1CDC14D4D515D71716D6AA
:103E8000D21213D311D1D010F03031F133F3F2321A
:103E900036F6F737F53534F43CFCFD3DFF3F3EFE8A
:103EA000FA3A3BFB39F9F83828E8E929EB2B2AEAFA
:103EB000EE2E2FEF2DEDEC2CE42425E527E7E6266A
:103EC00022E2E323E12120E0A06061A163A3A262DA
:103ED00066A6A767A56564A46CACAD6DAF6F6EAE4A
:103EE000AA6A6BAB69A9A86878B8B979BB7B7ABABA
:103EF000BE7E7FBF7DBDBC7CB47475B577B7B6762A
:103F000072B2B373B17170B0509091519353529299
:103F100096565797559594549C5C5D9D5F9F9E5E09
:103F20005A9A9B5B99595898884849894B8B8A4A79
:103F30004E8E8F4F8D4D4C8C4484854587474686E9
:103F40008242438341818040443A5C557365727379
:103F50005C43686972696B616C6F5C41524D5F7064
:103F6000726F6A5C53505244325F355C5945534E10
:103F70004F5F6D6F64652E630000000070526574C2
:103F800075726E46756E6374696F6E206D757374AD
:103F9000206E6F74206265204E554C4C000000006E
:103FA00042617474657279206C6F7721004261748C
:103FB00074657279206C6F77210042617474657248
:103FC00079206C6F772100C1E0F2E0F0E5E820F0A5
:103FD000E0E7F0FFE6E5EDFB21000000D5AB0100D6
:103FE00000003F00F5AB0100F9AB0100FDAB0100A3
:103FF00001AC01001BAC010031AC010065AC01005B
:1040000097AC01009BAC01009FAC0100A5AC010086
:104010000BAD010013AD01000FAD01002BAC010091
:104020000000000000002440000000000000594093
:10403000000000000088C3400000000084D79741C2
:104040000080E03779C34143176E05B5B5B8934694
:10405000F5F93FE9034F384D321D30F94877825A60
:104060003CBF737FDD4F1575000000000000F0BFFE
:104070000000000000000080000000000000008040
:104080000000000000000000000000C05294EEBFDD
:1040900000000048204E51BE000000F86467BCBC20
:1040A0000000000000000000000000208133EDBF90
:1040B00000000080B3DB14BE000000506706A3BC04
:1040C0000000000000000000000000D0E9DCEBBFB1
:1040D00000000008C39259BE00000080B0D3B8BCF5
:1040E000000000000000000000000070F98FEABF2F
:1040F000000000C0A51028BE000000E8BFC0B0BC92
:10410000000000000000000000000070284CE9BF23
:1041100000000060134B42BE000000C03D20B8BC50
:10412000000000000000000000000050FA10E8BF8E
:10413000000000C05FF62BBE000000905C71A7BCC1
:10414000000000000000000000000020FCDDE6BFD1
:10415000000000C0F8F154BE00000018E9F6B9BC38
:104160000000000000000000000000D0C3B2E5BF66
:1041700000000070E43254BE00000050DB06B4BC06
:10418000000000000000000000000010EF8EE4BFFF
:1041900000000020F36252BE000000C02A879ABCD3
:1041A0000000000000000000000000B02272E3BF29
:1041B000000000F0E8E056BE00000028352DBDBC30
:1041C0000000000000000000000000000A5CE2BFE8
:1041D000000000B0FA8E41BE00000040AE6FBDBCD2
:1041E000000000000000000000000000564CE1BF8D
:1041F000000000F015CD5FBE00000000141C90BC54
:10420000000000000000000000000040BD42E0BFD0
:1042100000000030F93457BE000000E06C1E93BC73
:104220000000000000000000000000E0F57DDEBF9F
:10423000000000B08A535EBE00000080DA77AABC9E
:104240000000000000000000000000C09D81DCBFF5
:1042500000000000FFA226BE0000006057E2B0BCD4
:10426000000000000000000000000060F98FDABFCD
:10427000000000580A8151BE000000F05F60B8BC29
:1042800000000000000000000000000098A8D8BF57
:10429000000000607A7F45BE000000D05433A3BC0C
:1042A0000000000000000000000000600FCBD6BF3F
:1042B000000000D091CB40BE000000406D1BA0BCB0
:1042C0000000000000000000000000A0FBF6D4BFCA
:1042D00000000098C5CE52BE000000003A397EBCF6
:1042E0000000000000000000000000E0FE2BD3BF33
:1042F0000000004073872BBE00000000926879BC6C
:10430000000000000000000000000040C069D1BFB4
:1043100000000058F16353BE00000080438D7CBC58
:10432000000000000000000000000080D85FCFBF48
:10433000000000181F8354BE000000B03F42A2BC22
:1043400000000000000000000000008067FCCBBF00
:1043500000000060FAFF53BE00000050E00DB8BC42
:1043600000000000000000000000000098A8C8BF86
:10437000000000607A7F35BE000000C0543393BC5B
:10438000000000000000000000000000DC63C5BF6A
:1043900000000058D6FF54BE00000000396490BCF5
:1043A0000000000000000000000000C0AD2DC2BFF2
:1043B00000000080A45915BE000000E0484BABBCD3
:1043C0000000000000000000000000801A0BBEBFCB
:1043D00000000050BF3C5ABE000000A0B364B6BC51
:1043E00000000000000000000000008004D6B7BFFD
:1043F00000000040BBCF36BE0000008076CEA8BCD7
:1044000000000000000000000000008032BBB1BFCF
:10441000000000402A0043BE00000028C60CBDBCBE
:104420000000000000000000000000009473A7BF1F
:10443000000000182B3B59BE000000C0E55DA5BC84
:10444000000000000000000000000000EE4397BFE5
:10445000000000A0E6C340BE00000020958DB5BC62
:1044600000000000000000000000000000000080CC
:10447000000000000000008000000000000000803C
:10448000000000000000000000002115110E0D0CBE
:104490000B0B0A0A0909090909080808080808088D
:1044A00007070707070707070707070707000000B1
:1044B000303132333435363738396162636465669A
:1044C0006768696A6B6C6D6E6F7071727374757604
:0844D0007778797A0000000002
:08FFF400FFFFFFFFFFFFFFFF0D
:04000005000014489B
:00000001FF
