:1000000018F09FE518F09FE518F09FE518F09FE5C0
:1000100018F09FE5586FA0B818F09FE518F09FE51D
:10002000A014000018DA000050DA000034DD0000EF
:100030006CDD0000FFFFFFFF10D70000B4DC000004
:100080001FFB010094ED0000040000400000000090
:100090004BFB0100040000000C00000000000040C9
:1000A00000000000F000000008B4024B9C4608BCB1
:1000B0006047C04640A9010000C09FE51CFF2FE13A
:1000C0003929000000C09FE51CFF2FE119930100B2
:1000D00008B4024B9C4608BC6047C0461815000097
:1000E000E0B588498968002906D0874A00210004C4
:1000F000000C01F081FE10E084490CC90839694602
:100100000CC1083901006A4611800F3069468880A9
:100110006422684603C803F0DDF80FBC184700B539
:100120007848016800290FD04168002909D1816809
:10013000002901D1012100E000210906090E81609A
:1001400004E00121816001E00021816008BC1847C2
:1001500010B56C4C2068002813D06D48201818F09A
:1001600079FC6C48205800280BD06B482058002898
:1001700002D000F05FFC01E000F02EFB0020674998
:100180000860654820180168002902D00168491EEE
:10019000016010BC08BC1847F8B55A486049020015
:1001A0000C320A605F4B604A82181A605F4A8218FC
:1001B0005F4C02518222D200C624240102515D4CC0
:1001C000041922600022150004E01600584FC75998
:1001D0007E556D1C2668B542F7D3140006E0150065
:1001E0000E68355515001E683555641CC6252D0151
:1001F0004559AC42F3D38024E4014F490B682343B3
:100200000B604E4B1C608024E4050D6825430D6097
:100210004B4D2C608024A4050D6825430D601C60A7
:100220000260426082603C4942502821454BC4181C
:1002300020001AF02BFBF1BC08BC1847F0B5E121F7
:1002400049024148026880239B041343036002244F
:100250003E4A106803239843204310600C20C0439B
:100260001368034008251D431560394A13680325A8
:10027000AB431360136818401060364D00262E60A3
:10028000320004E033002A4FC0598354521C1D48E9
:10029000284BC3589A42F5D3320008E033001C4F74
:1002A000C759BB543300E14FC759BB54521CC62336
:1002B0001B01C3589A42F1D3C42212018650320066
:1002C000DB4BC254C52212018650DA4A8650DA4FFF
:1002D00083203870D948FFF7E7FE00092E60D8491F
:1002E000087003203870012101430C43042020438F
:1002F000C0210143D348016007202860F0BC08BC3E
:1003000018470000D8B10040601D0200B0FC010099
:100310003C0C0000740C0000D40C0000B4E9004058
:1003200014BE004040BE00402C0800001C04000029
:100330004C0C0000640C000000C0FF3F18C0FF3FE1
:100340001CC0FF3F840C0000C4C01FE000C002E0DE
:1003500040C002E004C007E010402DE958459FE589
:10036000440CD4E5000050E31200000A0000A0E3B2
:10037000400C84E5440CC4E50E0000EA0020A0E334
:10038000502C81E54C2C81E5E014A0E3C01C81E3F6
:100390000000C1E588069FE5001090E5011091E29C
:1003A000001080E5D0079FE5041090E5011091E270
:1003B000041080E53FFFFFEBC0079FE50010D0E58C
:1003C000010011E30500001A8E12A0E37C1A81E3FC
:1003D000001091E50C1011E20C0051E37500001AB9
:1003E000E004A0E37C0A80E30000D0E590179FE5DD
:1003F0007C2C91E5000052E3DFFFFF1AD41C94E54A
:10040000000051E31C00000A401C94E5602C94E5B8
:10041000020051E1E7FFFF2A04169FE5002091E565
:10042000012092E2002081E5401C94E5012091E248
:10043000402C84E53C2C94E50100C2E7400C94E597
:10044000050050E3DBFFFF3A3C0C94E50400D0E5E7
:100450000004B0E13C1C94E50310D1E5000091E1FB
:10046000401C94E5071051E2000051E1D1FFFF3A32
:100470000100A0E3480C84E5CEFFFFEA401C94E5B0
:10048000602C94E5020051E11E00002A401C94E516
:10049000000051E30A00001A401C94E5000051E3FB
:1004A0001A00001A0010B0E1FF1011E2010051E340
:1004B0000300000A0010B0E1FF1011E2020051E356
:1004C0001200001A58159FE5002091E5012092E2E4
:1004D000002081E5401C94E5012091E2402C84E558
:1004E0003C2C94E50100C2E7400C94E5040050E385
:1004F0000600003A3C00A0E3C00E80E3000094E058
:10050000EFFEFFEB010000EA0300A0E3440CC4E5AA
:10051000440CD4E5040050E30200001A0000A0E3FC
:10052000400C84E5440CC4E5400C94E5020050E323
:10053000A0FFFF3A440CD4E5000050E39DFFFF0A02
:10054000400C94E5010050E2400C84E5402C94E519
:100550003C0C94E5011090E23C0C94E5606900EBE2
:100560003C0C94E50000D0E5010050E30700000AD0
:100570003C0C94E50000D0E5020050E30300000AC3
:10058000400C94E5020050E3ECFFFF2A89FFFFEAEC
:100590000000A0E3440CC4E5400C94E5040050E3E3
:1005A0000300003A3C00A0E3C00E80E3000094E0AA
:1005B000C3FEFFEB7FFFFFEA0010D0E5200011E350
:1005C0001200000A501C94E5542C94E5020051E1FD
:1005D0000C00002A48149FE5042091E5012092E2D6
:1005E000042081E5501C94E5012091E2502C84E523
:1005F0004C2C94E50110D2E7E024A0E37C2A82E3AE
:100600000010C2E5010000EA0110A0E3581C84E5D7
:100610000000D0E50E0010E30100000A0200A0E394
:10062000440CC4E51040BDE81EFF2FE1680C00003B
:10063000440C0000540C00000CC007E000A08C002B
:1006400000C007E008C007E070B5614C8020C00121
:100650002060604D28602060286020602060286055
:100660002060286020602060286020602860206072
:100670002060286020602860206020602860206062
:100680002860206020602860206028602060206052
:10069000286020602860206020602860206028603A
:1006A000206020602860206028602060FFF7C6FD81
:1006B0000120824908600A2011F0E8F98026F60539
:1006C0002660322011F0E2F92E607D480168B34ABD
:1006D0000A400260FA20400011F0D8F900F046F913
:1006E00070BC08BC184738B50100012905DB734C04
:1006F000C62000012058884207D2724BFF227E326A
:100700008B498C48FFF7E4FC28E019F027FF00250F
:100710008948255090480068002802D08F48215011
:1007200005E08F48205819F052F88C49605001209C
:10073000C52109016050C4200001255028008949C5
:10074000605489482550864820580078944908709C
:10075000B4484168491C416019F00AFF31BC08BC2B
:10076000184770B50100012905DB544CC620000173
:100770002058884207D2534BFF229E3289496D4848
:10078000FFF7A6FC21E019F0E9FE00256A48255094
:1007900073482618306819F035F870496050012008
:1007A000C52109016050C4200001255028006D4971
:1007B00060546D4825503068007879490870994830
:1007C0004168491C416019F0D3FE70BC08BC184751
:1007D0001CC0FF3F18C0FF3F7CB5384C924825181D
:1007E00028680078012837D128684078092833D054
:1007F0002868407811282FD02868407802282BD00C
:1008000028684078042808D128688078002804D116
:100810002868C0781E380A281ED30026F6430196A1
:10082000009601A968460CF085F90098B04209D0FD
:100830007E4820187E4909680268914202D3016807
:10084000002900D136E003212A6811700168891E51
:1008500028680CF029F92DE028680078022818D0C3
:1008600028684078092814D028684078112810D0CA
:100870002868407802280CD028684078042819D1CC
:1008800028688078002815D12868C0781E380A2882
:1008900010D28D48201819F025F83048201801682A
:1008A000022907D301689E4AA258914202D20068E9
:1008B000FFF719FF73BC08BC18470000D8B100400F
:1008C00000C0FF3F54FC0100F8B59649AE208000FF
:1008D0000C182068022805D39348914A825823684F
:1008E0009A4200D221E0AD229200891801252A0007
:1008F0000B681A702268921E0968194BC61837686F
:10090000380019F057FF30684078052809D1306861
:10091000C078222805D130680079FF2801D18348AA
:10092000C5672068801EFFF7DEFEF1BC08BC1847D3
:100930000CFC010024FC0100580C000080B57C4830
:10094000006880214902884202D0FFF77DFE01E065
:1009500000F0BCF809BC18472CCB0040540C000038
:100960004C0C0000440C0000480C00003EB56846EA
:1009700070490CC90CC008390838062269466A4C0F
:100980006D482558280019F015FFC8206B496050A4
:100990000620FFF7E6FE37BC08BC1847FFFFFFDF65
:1009A00000C007E070FC01007CB500206846644987
:1009B0000CC90CC00839083800F022F80722694633
:1009C000594C5D4826183568280019F0F3FE5D483B
:1009D000251828001AF0EEF8401C29003268D61DB0
:1009E0000200300019F0E6FE28001AF0E3F80830A3
:1009F000C821524AA150FFF7B4FE73BC08BC184787
:100A000038B528210022504C2500280019F03EFF5F
:100A10004E4802684E4920001AF070F831BC08BCFC
:100A2000184700002CED0040680C00006C0C000022
:100A3000E0940040F8B53C4C4648271838680078E8
:100A4000002801D1012000E000203868407800280B
:100A500001D1012000E0002038688078032802D00E
:100A600004282BD02CE0FFF7CBFF282100252A00FB
:100A700039482618300019F009FF3868C079002875
:100A800019D03868C079282815D2344E3868C27910
:100A900038680100083130001AF0B8F829482118E8
:100AA00030001AF04BF8002802D0FFF77DFF04E079
:100AB0002248255001E02148255001E0FFF756FF6C
:100AC000F1BC08BC184700003C0C00002448016839
:100AD000244A0A40026024480168032291430160CD
:100AE0000C21C94302680A400260204802680323BF
:100AF0009A4302600268114001601D48016880222B
:100B000092050A4302608020C0011A4908608020D3
:100B1000C0051949086000200349086070470000BB
:100B2000640C000030920040D8B1004060EA004000
:100B300058BE00408CFC01004C0C0000D40C00009E
:100B400094FC0100AC0C000084BE0040F0E70040C3
:100B50009CFC0100680C0000840C00005CBE00409E
:100B6000C4C01FE0FFFFFFFD40C002E000C002E084
:100B700000C0FF3F18C0FF3F1CC0FF3F20ED0040FA
:100B800014C007E0B0BE004000C09FE51CFF2FE18D
:100B9000111D010000C09FE51CFF2FE18D0D00001D
:100BA00000C09FE51CFF2FE16529000000C09FE504
:100BB0001CFF2FE19529000000C09FE51CFF2FE1DD
:100BC000B329000000C09FE51CFF2FE10F290000A2
:100BD00000C09FE51CFF2FE1C16E000010402DE911
:100BE000E044A0E3904B84E3000094E5010010E3AF
:100BF0001A00000AF0039FE5181090E5011091E239
:100C0000181080E5DFFFFFEBE1FFFFEB2C049FE511
:100C1000001090E5000051E30600000A040090E592
:100C2000000050E30100000ADCFFFFEB020000EAD5
:100C3000DDFFFFEB000000EADEFFFFEBE0FFFFEB74
:100C4000000094E5010090E3000084E50100A0E3CA
:100C5000EC139FE5A40081E5DCFFFFEB120000EA46
:100C6000000094E50110A0E3A00011E10300000AD8
:100C7000000094E5020090E3000084E50A0000EA29
:100C8000000094E50110A0E3200111E10600000A34
:100C900054039FE5141090E5011091E2141080E5D3
:100CA000000094E5040090E3000084E51040BDE8F6
:100CB0001EFF2FE1F8B584B09C4D286801218843C0
:100CC00028602868102101432960FF2098490860A6
:100CD000012630430227FF4338400421884308217E
:100CE0008843102188432021884340218843802164
:100CF000C94308408F4A10608F4802681140016064
:100D000000F044F8B94CA07B3C281CDA607B3C28FE
:100D100019DA207B182816DA2079072813DAE07A06
:100D2000002810D0E07A20280DDAA07A00280AD016
:100D3000A07A0D2807DAE088002804D0E088FF2197
:100D4000703188420FDBAA480390012002900120F5
:100D5000019000200090012300220021002000F0DB
:100D6000EDF8266001E000202060286807402F6031
:100D700028680C2188432860286806432E600020DC
:100D80006061A06105B0F0BC08BC184730B4994858
:100D900003689948006899490968944A3F241D00EE
:100DA000254095731D0A2C4054731F241D002D0CE3
:100DB000254015731B0E5B075B0F137103001C406E
:100DC000D4720F23040A1D0025409572040E23409F
:100DD0001B02000C0006000E0343138101200B0AC6
:100DE00004001C4023020906090E0B43D380106146
:100DF00030BC70477FB5040019F0B0FB7B48817BA5
:100E0000427B057BC67A837A0906090E0391120696
:100E1000120E02922D062D0E01953606360E009604
:100E20001B061B0E02897649200019F067FE19F097
:100E30009FFB200004B070BC08BC184738B5050003
:100E400019F08CFB694CA07B637B0006000E0090C0
:100E50001B061B0E227B6B49280019F04FFE002059
:100E6000206119F085FB280032BC08BC184718B572
:100E700099B0654800F06AFE5C480168002907D017
:100E8000807BC00704D5FC20800300F0A0FE02E0B8
:100E90005E4800F09CFE6846FFF7D0FF0400012189
:100EA000022000F045FE102382220021002000F0E5
:100EB000B3FD0021002000F045FE554800F0A2FDE2
:100EC000002000F02FFE002000F02FFE514BEF22FB
:100ED0001221002002F0D5FD642000F0C1FD2000A9
:100EE00000F07EFC1AB010BC08BC18473EB50400E8
:100EF00019F034FB3D48817B427B057BC37A0906B0
:100F0000090E02911206120E01922D062D0E009569
:100F10001B061B0E827A4049200019F0EFFD19F0E4
:100F200027FB20003EBC08BC18470000084002E038
:100F3000104002E00C4002E0404002E0FFB408989C
:100F400009990A9A0B9B354C24680125AC43334D13
:100F50002C603F24324D2E683F27BE43009F274020
:100F600037432F602F4D2E683F27BE43019F3C40E3
:100F700034432C601F242C4D2E681F27BE43029F34
:100F8000274037432F60294D2E681F27BE43039FFC
:100F90003C4034432C60264C25680726B543400767
:100FA000400F2843206023480468640A6402C9058E
:100FB000C90D21430160204801680F24A143120795
:100FC000120F0A4302601D480168090B09031A0544
:100FD000120D0A43026011480068012101430F48C5
:100FE0000160002001490860FFBC7047B8EC004078
:100FF000DB070000144002E0184002E01C4002E061
:10100000B8FC0100D8FC0100843E0200003F3F0014
:101010000100010000203F00E8FC0100084002E060
:10102000204002E0244002E0284002E02C4002E0A0
:10103000304002E0344002E0384002E03C4002E050
:1010400028D50040F4E8004000B57C48006800283E
:1010500001D07B4800E0A34808BC1847A24870476D
:10106000A248704700B575480068002801D075484F
:1010700000E09F4808BC18479E4870479E480021E2
:1010800001604160704780B5FA2080000EF076FF65
:101090000EF0D7FC01200ABC184780B50EF0F9FC11
:1010A00001200ABC184780B594480EF0AEFC012020
:1010B0000ABC184780B592480EF0A7FC01200ABC74
:1010C000184780B55D480068002802D0FFF7FEFC95
:1010D00001E0FFF7B9FA0EF0B4FC01200ABC184792
:1010E00080B588480EF098FF01200ABC18470120FF
:1010F000704780B500F053F801200ABC1847012062
:101100007047012070470020704738B5FC25AD01BD
:10111000280000F05CFD1023F0223521002000F0B3
:101120007BFC0021002000F00DFD002000F0FDFC04
:101130000121012000F0FCFC002000F0F3FC7248CB
:1011400000F060FC714800F001FD0A2000F088FC0E
:101150006F4800F010FB8024A4012300EF226721D8
:10116000002002F08EFC280000F031FD1023F02258
:101170006921002000F050FC0021002000F0E2FC7A
:10118000FA2000F06DFC8A4800F0F5FA2300EF2207
:101190009B21002002F075FC31BC08BC184710B53B
:1011A000FFF7B3FF00F050F800F0B4F8814800F00A
:1011B0000EFD002000F0B9FC0121012000F0B8FC78
:1011C000002000F0AFFC7C4800F01CFC7B4800F0E5
:1011D000BDFC7BA4200000F003FB200000F000FB1E
:1011E000784800F0C8FA784800F0FAFA10BC08BC59
:1011F000184780B575480EF008FC09BC184780B543
:1012000074488021490202688A4202D16A49016019
:1012100000E00160026870496D480AF0F7FC0020A8
:101220000ABC184700B56B4800686349884201D181
:101230006A4800E06A4808BC18470000D8B100407E
:1012400000FD01007CFD010030B585B0594800F07B
:10125000BEFC2023F0224621002000F0DDFB00210F
:10126000002000F06FFC002000F05FFC0121012055
:1012700000F05EFC002000F055FC8020400200F0F1
:10128000C1FB584800F062FC8025ED001A4C206834
:10129000A84205D2226854A1684619F02FFC05E047
:1012A0002068820A50A1684619F028FCFA2000F054
:1012B000D7FB684600F094FA1021BE2000F042FCF3
:1012C000124800F043FC2068A84203D247A000F077
:1012D00087FA02E046A000F083FA05B030BC08BCF3
:1012E0001847000024FD01004CFD010064FD0100D1
:1012F00090FD0100A0FD01002CED0040E045030041
:101300000C30030014FF0100020001005C4C0200DD
:10131000B4FD010030B585B0264800F058FC20230C
:10132000F0227A21002000F077FB0021002000F05D
:1013300009FC002000F0F9FB0121012000F0F8FB7E
:10134000002000F0EFFB8020400200F05BFB25480E
:1013500000F0FCFB8025ED00264C6068A84205D219
:10136000626821A1684619F0C9FB05E06068820A3D
:101370001DA1684619F0C2FBC82000F071FB684649
:1013800000F02EFA1021BE2000F0DCFB1A4800F01D
:10139000DDFB6068A84203D214A000F021FA02E04D
:1013A00013A000F01DFA05B030BC08BC18470000BF
:1013B000DCFD0100003F3F0001000100843E02000F
:1013C0000D0000000CFE01005CBE0040D0FE0100DC
:1013D00044FE010058BE004058FE01006CFE0100B2
:1013E0009CFE0100AC600200257500002042000058
:1013F000206B42002CED00405C4C0200064A0B00C2
:101400001B061B0E0006000E5840042358431258BA
:10141000080A50407047C046C0FF010038B50400BC
:101420000D00100004E001002078FFF7E7FF641CC6
:1014300029004D1E0029F6D132BC08BC1847F8B56A
:1014400006000024200014490C31091A0027FF432C
:101450003A000020FFF7E2FF4740104D3A0E290006
:10146000300019F04BFB380C0206120E2900B01C9C
:1014700019F044FB380A0206120E2900301D19F03B
:101480003DFB3A06120E2900B01D19F037FB3472ED
:101490003000F2BC08BC1847F4FF0300B8FF01009D
:1014A00070019FE50010E0E3001080E500000FE10F
:1014B0001F00C0E3130080E300F021E158D19FE555
:1014C0001F00C0E31B0080E300F021E14CD19FE549
:1014D0001F00C0E3170080E300F021E140D19FE549
:1014E0001F00C0E3110080E300F021E134D19FE54B
:1014F0001F00C0E3120080E300F021E128D19FE546
:10150000DF00C0E31F0080E300F021E11CD19FE574
:101510001C019FE510FF2FE1000000EF04E02DE526
:1015200000E04FE107402DE900102DE904C19FE5DF
:1015300000708CE500C19FE500608CE5FCC09FE574
:1015400000508CE5F8C09FE500408CE5F4C09FE5B5
:1015500000308CE5F0C09FE500208CE5ECC09FE5F5
:1015600000108CE5E8C09FE500008CE50010BDE8A8
:10157000E0009FE500C080E500200FE100104FE192
:101580000100A0E11F0000E2C00080E300F021E1C3
:10159000C4009FE500B080E5C0009FE500A080E5A5
:1015A000BC009FE5009080E5B8009FE5008080E5E5
:1015B000B4009FE500D080E5B0009FE500E080E545
:1015C000AC009FE5001080E50D00A0E1041010E5DF
:1015D000A0009FE5001080E50D00A0E1081010E5D7
:1015E00094009FE5001080E50D00A0E10C1010E5CF
:1015F00088009FE5001080E50D00A0E1101010E5C7
:101600007C009FE5001080E502F029E10740BDE87D
:101610000EF069E10080BDE814F0FFFF0020D07FEC
:101620000023D07F0024D07F0022D07F0021D07FF4
:10163000001FD07FDCAC010078ED004074ED00406D
:1016400070ED00406CED004068ED004064ED00403E
:1016500060ED00405CED00408CED004088ED004006
:1016600084ED004080ED00407CED004050ED0040F6
:1016700054ED004058ED004040ED004044ED004086
:1016800048ED00404CED004008B4024B9C4608BCBD
:101690006047C04640A9010008B4024B9C4608BC04
:1016A0006047C0461815000070B50400984D2869C1
:1016B000464206E00006000E00F076FA301829696E
:1016C00046182178641C08000906090E002904D078
:1016D00001000906090E0D29ECD1300070BC08BCD0
:1016E000184710B50024FFF7DFFF8949C969884210
:1016F00004DA081A022119F009F90400200010BCCC
:1017000008BC18470020704780B50021FFF7CCFFC8
:10171000BE49C969081A0ABC184710B57C4C216B30
:10172000BB4A914203D1FFF7DCFF60600EE0216B02
:10173000B84A914203D1FFF7E5FF606006E0216BF4
:10174000C54A914202D1FFF7DFFF606010BC08BCC0
:10175000184738B50500002405E0280019F02AFADA
:101760002818451C641CBD48C06A8442F5DB28006B
:1017700032BC08BC184780B5FFF7EBFF00F030F82B
:1017800009BC184710B504002000FFF7F4FF200043
:101790000DF0C5F910BC08BC184738B50400002589
:1017A00007E00006000E00F0FFF9281897490969C4
:1017B00045182178641C08000906090E002909D083
:1017C00001000906090E202904D001000906090EAE
:1017D0000D29E6D18D480069281A32BC08BC18478B
:1017E000F8B5040000273D002000FFF796FF07E052
:1017F00000F083F900F051F92000FFF78EFF3D0063
:101800002078641C694608700006000E002828D065
:10181000684600780D28EBD03D4EB06A002812D003
:10182000002D10D16846007820280CD00125601EBC
:10183000FFF7B3FFF16972681018814203DA00F014
:101840005CF900F02AF968460078202800D13D00B4
:101850006846007800F0C8F93169401800F06CF96A
:10186000CEE7F1BC08BC1847F8B584B004000125E8
:10187000274E70680390B068029000F07DF9002751
:1018800001972000FFF749FF03E06D1C00F035F9D8
:10189000641E2078641C694608700006000E00284B
:1018A0002DD0684600780D2807D16D1C00F025F971
:1018B0002000FFF732FF0197EBE7B06A002810D055
:1018C000019800280DD168460078202809D0012011
:1018D0000190601EFFF761FFF16972681018814284
:1018E000D3DB68460078202800D10197684600784D
:1018F00000F05AF93169401800F01EF9C9E7039861
:1019000070600298B060280005B0F0BC08BC1847B1
:1019100030CB0040FEB505000C0000F02DF9029020
:10192000002001902800FFF7F8FE03E0641E00206D
:1019300070606D1E28786D1C694608700006000EE8
:1019400000280FD0684600780D281BD1002C0FD13D
:1019500000F0D3F82D48016A8068029A8018401E72
:10196000814202DAF7BC08BC184700F096F803E0A1
:10197000641E0020254948602800FFF7CEFE0020A5
:101980000190D7E7002C01D1012700E000273F0696
:101990003F0E1E4EB06A00281DD0019800281AD1B3
:1019A00068460078202816D001200190681EFFF7B5
:1019B000F4FEF1697268101881420CDA002FB5D07C
:1019C00000F09BF8306AB168029A8918491E884273
:1019D00012DB00F062F868460078202801D1002070
:1019E0000190002F09D06846007800F0FDF83169B9
:1019F000401800F0A1F89DE7B4E76846007800F0D1
:101A0000D3F8F4E7734908637047000030CB004017
:101A10000200010001000100F8B507000E001500EA
:101A20001C007819F12804DA3019FF21423188426C
:101A300006DB694BFF22763268496948FFF72CFEC6
:101A4000644847618661C56104620021002000F09E
:101A500079F8F1BC08BC184703000100E4EB004032
:101A60001CB55C494A696B461A808A696B465A8084
:101A70005C4A4B69CC691B199B186C46A3808B6927
:101A8000096A591889186A46D1800200684603C855
:101A900001F020FC13BC08BC18471CB54D4CE06A93
:101AA000002827D000F068F8616A002901D00221DF
:101AB00000E001214843E1684018A169A2688A1842
:101AC000A0214900091A914214DB61696B46198013
:101AD00011006B4659806169E369C918491E6B465C
:101AE0009980110008186946C8801032684603C8FA
:101AF00001F0F0FB13BC08BC184710B5354C0020B2
:101B0000606000F039F8616A002901D0022100E02C
:101B100001214843E1684018A1680818A06010BC82
:101B200008BC18472B49486270472A4988627047A9
:101B3000284A1061D160704726494A6810184860E9
:101B400048687047234A5060916070472149886314
:101B500070472048806B704710B50400FFF7F9FF0D
:101B60002406240E202102E002788018491CA1429C
:101B7000FADB10BC08BC184710B510210800154A44
:101B8000936B954CA34201D108000AE0936B934CF0
:101B9000A34201D1080004E0916B914A914200D127
:101BA000202010BC08BC184710B50006000EFFF737
:101BB000D3FF0478641E401CFFF7DEFF01000820FD
:101BC00044432000FFF760FD10BC08BC18470149E2
:101BD0004863704730CB004004040200C003020099
:101BE000D4030200FFFF0000FEB504008126360684
:101BF0007C4840687B494969401801907948806970
:101C000078498968401800900198F02804DA009813
:101C1000A0214900884201DB0020DAE0FFF7ACFF99
:101C2000050020000006000EFFF796FF0478641EF2
:101C3000471C002C05D16C4B6C4A6D496D48FFF771
:101C40002BFD082060432900FFF71EFD0290654828
:101C5000406A002801D0022000E00120454300F046
:101C6000C7FDB748009949190B181B041B0C0199B3
:101C7000029A89180A181204120C0098010009042B
:101C8000090C01980004000C00F0D6FB009801003C
:101C90000904090C01980004000C00F01CFC5148D8
:101CA000426B5048406B000A4E49496B090C1206C2
:101CB000120E5208450115430906090EC900FC22FF
:101CC00052000A400006000EC0101043361800F003
:101CD00015FD8020C0019B490A6802430A60222149
:101CE00081221206117098490A68104308603D4825
:101CF000406A00283DD038787F1CC10702D5357076
:101D0000357001E031783178810702D53570357052
:101D100001E031783178410702D53570357001E046
:101D200031783178010702D53570357001E03178AE
:101D30003178C10602D53570357001E031783178DF
:101D4000810602D53570357001E031783178410671
:101D500002D53570357001E031783178000602D552
:101D60003570357001E030783078641E002CC2D1B7
:101D70002CE038787F1CC10701D5357000E0317840
:101D8000810701D5357000E03178410701D5357004
:101D900000E03178010701D5357000E03178C106E7
:101DA00001D5357000E03178810601D5357000E04D
:101DB0003178410601D5357000E03178000601D553
:101DC000357000E03078641E002CD2D100F010FD98
:101DD0000298FEBC08BC1847843E02005C4C02001E
:101DE000AC60020030CB0040380402000502000065
:101DF00024040200D4030200F2B582B007001400EC
:101E00008120000620000A3018F080FF26182000EC
:101E10000E3001900198001D18F078FF0500019820
:101E2000083018F073FF0400002C01D56042040054
:101E3000684607802F00674368460088F02802DB69
:101E4000EF2069460880A020400069460989814248
:101E500003DBFF2140316A461181F02D00DBEF25C5
:101E6000844201DBFF244034002F06D19B4B9E228D
:101E700092009B49A948FFF70FFC00F0B9FC6846A7
:101E8000008921004018431E1B041B0C6846008873
:101E90004019421E1204120C6846018968460088E7
:101EA00000F0CAFA0198083018F030FF01280CDB66
:101EB000684600890019411E0904090C684600881B
:101EC00000F009FB00F06BFC07E0684601896846FA
:101ED000008800F000FB00F03BFC8020C0011949A5
:101EE0000A6802430A6022218122120611701649F3
:101EF0000A6810430860307801000906090EC90815
:101F0000721C1078521C1378561CC400E022224028
:101F10000A431B061B0E5900FC235B000B4081216A
:101F2000090659180006000E40090006000E084375
:101F300002707F1E002FDED1F7BC08BC18470000DE
:101F4000FFFF00003CC0FF3F38C0FF3F10B47449A2
:101F50000A6803239A4383079B0F13430B600A68A5
:101F60000C239A4383000C241C4014430C600A6821
:101F700030239A43030130241C4014430C600A6848
:101F8000C0239A438301C0241C4014430C600A6898
:101F9000644B13400202C024A40014401C430C6094
:101FA0000A68614B13408202C024240114401C4380
:101FB0000C600A685D4B13400203C024A401144066
:101FC0001C430C600A685A4B13408203C02424024D
:101FD00014401C430C600A68564B13400004C02296
:101FE000920202401A430A6010BC704738B50FF0E5
:101FF000BFFB012450480168032291432143016043
:10200000042501680C2291432943016001683022B4
:10201000914310220A4302600168C022914340228A
:102020000A43026001683F4A0A4080214900114387
:10203000016001683C4A0A408021C90011430160E7
:1020400001683A4A0A408021490111430160016850
:10205000374A0A408021C9011143016037480168AD
:10206000344A0A4080214902114301600168344A20
:102070000A4080210903114301600168C24A0A40F5
:102080008021490511430160016889008908802287
:10209000D2050A4302600120FFF758FFBF480168DC
:1020A0000C4304600020BE490860BE490A68BE4B6C
:1020B00013400B600A68BD4B13400B60BC490860BD
:1020C000BC490860BC490860BC490D60BC49086057
:1020D000D449086031BC08BC184700006C040200F9
:1020E0005804020038B50020CF4908600FF04AFBC1
:1020F0000120CE490860FA25AD0028000FF030FF1E
:10210000CB4C80208004206028000FF029FF802025
:102110004004206031BC08BC18470000D403020012
:1021200020C002E0FFFCFFFFFFF3FFFFFFCFFFFF38
:10213000FF3FFFFFFFFFFCFF18C002E024C002E0EA
:10214000FFFFF3FFF8B50120B74908600FF010FB5F
:102150008024E401B74F38682043386081252D067C
:1021600024202870B14E3068204330603868204306
:1021700038601020287030682043306000202870BC
:1021800000202870386820433860012028703068AB
:102190002043306088202870282028703868204329
:1021A0003860182028703068204330600020287084
:1021B0001A2028703968214339602870316821431A
:1021C000316000212970022129703A6822433A6067
:1021D00012222A7032682243326000222A700822BA
:1021E0002A703A6822433A6013222A7032682243E6
:1021F000326014222A7000222A703A6822433A6020
:10220000F8222A7032682243326000222A700B22A0
:102210002A703B6823433B60F9232B7033682343C8
:10222000336000232B702A703A6822433A600622FA
:102230002A7032682243326000222A70297039687D
:102240002143396070212970316821433160252193
:102250002970802129703A6822433A6071222A70DD
:1022600032682243326027222A7029703A6822435A
:102270003A6072222A7032682243326033222A7016
:1022800029703968214339607321297031682143ED
:1022900031601D2129701821297039682143396066
:1022A000742129703168214331601F212970112167
:1022B00029703968214339607521297031682143BB
:1022C000316024212970192129703968214339602E
:1022D00076212970316821433160287014212970DA
:1022E0003968214339607721297031682143316091
:1022F00021212970287038682043386078202870A0
:10230000306820433060202028701320287000F0AF
:102310006FFA00F03BF838682043386005202870D9
:1023200030680443346000202870012028700120A8
:1023300040490860A24D28000FF012FE28000FF05F
:102340000FFE28000FF00CFE28000FF009FE2800F9
:102350000FF006FE9B480FF003FE9B4C802080048C
:10236000206028000FF0FCFD28000FF0F9FD280088
:102370000FF0F6FD28000FF0F3FD802040042060F0
:10238000F1BC08BC18470000FFFFFFCF80B58F48A5
:1023900003C8FA2200F09EFF09BC18470080E0FF46
:1023A0008080E0FF2082E0FFFFFEFFFFFFFFF7FFDE
:1023B0003482E0FF3882E0FF3082E0FF2C82E0FFD1
:1023C0002882E0FF70B505007D4C01E080482D18A3
:1023D000A02040008542F9DA002D01D52D18FBE739
:1023E0008020C00113490A6802430A60812109065E
:1023F0000A7809780D4B1E68304318601206120ED9
:1024000010028022520010400906090E0143481BA9
:1024100018F0A2FC032802DB641E002CE0D170BC83
:1024200008BC18472482E0FF30CB004038C0FF3F93
:102430001CC0FF3F3CC0FF3FF1B568460088F02854
:1024400002DBEF206C46208010000004000CF02816
:1024500000DBEF22A02040000C002404240C844266
:1024600001DBFF2140311C002404240C844201DBE9
:10247000FF2340338020C001B44C2568054325600C
:1024800081252D0635262E70D84E376807433760D4
:102490000F003F043F0C3F0A2F7029702168014351
:1024A0002160362129703168014331601900090427
:1024B000090C090A29702B7021680143216037211A
:1024C00029703168084330606846008828702A7097
:1024D000F1BC08BC184770B502001204120CF02AB7
:1024E00000DBEF200A001204120CA0235B009A42CA
:1024F00001DBFF2140318022D201944B1C68144340
:102500001C608124240620252570B84D2E681643B2
:102510002E60002626702070186810431860212055
:102520002070286802432A6008000004000C000A9A
:102530002070217070BC08BC184710B51400090445
:10254000090C0004000CFFF7C6FF8020C0017F4982
:102550000A6802430A608121090622220A70A34AFE
:102560001368184310602000000C0870200A0870DF
:102570000C7010BC08BC184780B50904090C000495
:10258000000CFFF7A8FF8021C901704802680A43C8
:1025900002608120000622220270944A13681943C7
:1025A000116001780178017801786A4691700178AC
:1025B0006A46517000786946087000980ABC18474E
:1025C00050C300001027000018C0FF3F8404020021
:1025D000C0FEFFFFF8B5B0480168802212060A432A
:1025E000026080210903AD4C22680A4322608025E5
:1025F000ED0122682A4322601022236813432360DE
:10260000022326681E432660784C2160774C26689A
:10261000354325604D4C22604C4C236004680125F5
:102620002543056004681C430460046804252543B1
:1026300005600468082525430560046814430460A8
:10264000046820252543056004684025254305606E
:10265000046880252543056080256D0004682C43AF
:1026600004608026B600046834430460B14C01273E
:102670002760236004232360082323602260202234
:102680002260402222608022226025602660802213
:102690005205036813430360226080229205036899
:1026A0001343036022602948016050480160FFF72E
:1026B00049FDAB48FFF74AFAC148FFF788FA012104
:1026C0000120FFF735FAA0235B00F0220021002053
:1026D000FFF7A2F900210020FFF734FA0020FFF7EE
:1026E00024FA0020FFF71EFA80204002FFF78AF943
:1026F000002000F025FBF1BC08BC184730B40022D4
:102700008020C00111490B6803430B6081231B0625
:1027100023241C70354C2568054325600D6805434E
:102720000D6002251D702568054325601A701A701A
:10273000C34A0D6805430D600321197021680843E1
:1027400020603120107030BC704700003CC0FF3F5B
:1027500030B400228020C0019A490B6803430B600B
:1027600081231B0623241C70204C2568054325600B
:102770000D6805430D6002251D7025680543256021
:102780001A701A70AE4A0D6805430D600321197066
:102790002168084320603020107030BC704730B48E
:1027A00000228020C00187490B6803430B6081230E
:1027B0001B0623241C700D4C2568054325600D68FD
:1027C00005430D6002251D702568054325601A70BC
:1027D0001A709B4A0D6805430D600321197021682A
:1027E000084320601020107030BC704738C0FF3F95
:1027F00038B500208021C901724A13680B43136069
:1028000081231B0624241C706F4C25680D43256012
:1028100015680D43156002221A7022681143216069
:10282000187018700121012000F003F831BC08BCB9
:10283000184730B58022D201624B1C6814431C60DB
:1028400081231B0603241C705F4C25682A432260E9
:10285000002801D0412000E081201870002901D01B
:10286000302000E03120187030BC08BC184780B51B
:102870000A480168802292000A43026001688022AF
:1028800052000A43026001688022D2000A430260BB
:1028900000F006F809BC184780C0FF3F20C0FF3F8A
:1028A00080B500F07CF800F07FF800F082F809BCF9
:1028B000184738B5774C21680A009205D20F002AD4
:1028C00019D105000A2D05D2734B744A7449754815
:1028D000FEF7E2FE28000A21FEF7D6FE050000F012
:1028E00054F87148006840197049086020688021D8
:1028F00089000143216031BC08BC184780B500F055
:1029000031F800F004F800F017F809BC184700B5DA
:102910006748006801008905C90F002904D080209C
:1029200080002849086003E0802080002649086074
:1029300008BC18479CC0FF3F00B55D480068010017
:10294000C905C90F002904D0802040001D49086036
:1029500003E0802040001C49086008BC18470000C4
:10296000AC60020000B55248006801004905C90F7B
:10297000002904D08020C0001249086003E08020B4
:10298000C0001149086008BC1847802040000D496C
:10299000086070478020C0000A49086070478020A6
:1029A000800009490860704780204000064908609F
:1029B00070478020C0000449086070470000000094
:1029C0003F3F3F003CC0FF3F38C0FF3F80B5012183
:1029D0000120FFF7ADF86423F02267210020FFF704
:1029E0001BF800210020FFF7ADF89E48FFF70AF81A
:1029F0000020FFF797F8FFF7C9FC9B48FFF7A6F800
:102A00009A48FFF7E4F89A48FEF7B5FEB848FFF792
:102A10009DF8B848FEF7AFFEFC208001FFF7D7F81D
:102A2000B548FEF7EFFFC848FEF7A5FEFC239B0361
:102A3000EF228721002001F024F809BC184700008C
:102A40000201008180B5FFF7A1FCA0235B00F0220A
:102A500000210020FEF7E0FF0020FFF766F8FFF7F7
:102A60004DFF3F2000F026F805200FF00FF80FF083
:102A700039F8A248FFF7ABF89D48FFF767F89821AF
:102A800049000020FFF75EF8B048FEF774FE09BC6D
:102A900018470000140007E0A0040200CC04000066
:102AA0008C040200D4030200080007E0240007E0C1
:102AB00034C0FF3FF8B504000A211420FFF742F8A4
:102AC0008B48FFF743F80020FFF72CF80321022082
:102AD000FFF72EF8884F3800FEF794FF3F252000BF
:102AE00028400006000EFFF772F899A0FEF778FE66
:102AF000212C01DB202001E0200028400006000EF0
:102B0000FFF765F8802676023000FEF77BFFAA48C3
:102B1000FEF766FE200028400006000EFFF757F87B
:102B20003800FEF76FFFA5A0FEF75AFE212C01DB4F
:102B3000202001E0200028400006000EFFF747F8A3
:102B40003000FEF75FFF9E48FEF74AFE2000284057
:102B50000006000EFFF73BF83800FEF753FF99A080
:102B6000FEF73EFE212C01DB202001E02000284062
:102B70000006000EFFF72BF83000FEF743FF9248E7
:102B8000FEF72EFE200028400006000EFFF71FF87B
:102B90003800FEF737FF8DA0FEF722FE212C01DB67
:102BA000202001E0200028400006000EFFF70FF86B
:102BB0003000FEF727FF8648FEF712FE2948FEF791
:102BC00021FF294E3000FEF7C1FF0020FEF7AAFFCB
:102BD00001210120FEF7ACFF200028400006000E76
:102BE000210029400906090E09020143200028405E
:102BF0000006000E07040F433800FEF7E8FF8321AC
:102C00000120FEF79FFF73A0FEF7EAFD3B00EF22D5
:102C1000A321002000F035FF0020FEF783FF3000E5
:102C2000FEF794FF01210120FEF782FF28002040DB
:102C30000006000EFEF7CBFFA3210020FEF782FF67
:102C4000AB48FEF7CDFD2A48FEF780FFA948FEF706
:102C5000C7FDA948FEF7C4FDA848FEF7C1FDF1BCB9
:102C600008BC184702000100AC600200003F3F00B2
:102C7000C0040200F8B5FEF7FAF80AF08DF9A04892
:102C8000417B0906090E8907890F0906090E0029EB
:102C900005D002290FD008D3032912D016E08820CE
:102CA0009827B024C025D82610E08826A020B02779
:102CB000C824D8250AE08825A026B820C827E02403
:102CC00004E088249825B026C820D82711F0BFFB3F
:102CD000380003F015FC2000FDF702FA280004F08C
:102CE00065FB30000EF04CFEF1BC08BC184700003C
:102CF0005C4C0200E4040200010001003F3F0000C0
:102D0000F1B50F0016001D00069C230032003900AB
:102D1000009800F0B6FE230032002900009800F071
:102D2000B0FE23002A003900009800F038FE23008E
:102D30002A003900300000F032FEF1BC08BC184710
:102D40007049C862704700001C0502009000030033
:102D50005300000038B5FEF70FFF6A4C616A002986
:102D600001D0022100E001214843E168451802E05A
:102D700065A0FEF735FD90204000A169A268891882
:102D800002226A4389188142F2DBA169A26889188C
:102D9000491981420CDAA068401B5C49401AA169BC
:102DA000401AA168401A401BA06057A0FEF718FD0A
:102DB00031BC08BC1847000060050200500000004C
:102DC00070050200520000007C0502004400000073
:102DD0008805020052616400F8B5FFB0D1B0FFF77A
:102DE00007FD01224AA14B4802F0DAFE019001984A
:102DF000002878D00026340000960E2132000CAD59
:102E0000280017F043FD0CA84349018001000A3156
:102E1000362017F08DFF0E230CAA6946019803F0A7
:102E2000A9F93E4988425ED028252900320002AF28
:102E3000380017F02BFD0295F020039038480490DD
:102E400002A8012181811821C1810696E12080021A
:102E50000790089609960A960B96282302AA6946B7
:102E6000019803F087F92D4988423CD00EF0C2FC4E
:102E7000370025E034006D1CF02D20DA3800010009
:102E80000904090C28000004000CFFF775FB10A9C9
:102E900002000A55641C020A0A55641C000C0855FD
:102EA000641CC02080008442E5D1230010AA69463A
:102EB000019803F05FF919498842DBD134007F1C87
:102EC000A0204000874201DA3500D5E70EF0D0FCA3
:102ED000002C08D0230010AA6946019803F04AF993
:102EE0000E498842FFD07FB052B0F0BC08BC1847F2
:102EF000900502009C050200A8050200B40502002E
:102F0000B8EC004030CB00400D000000E1FEFFFFB8
:102F1000626D7000C0050200424D00000540008057
:102F2000C0FEFFFF00C09FE51CFF2FE14D1B00000E
:102F300000C09FE51CFF2FE1CF1B000000C09FE5F4
:102F40001CFF2FE1311B000000C09FE51CFF2FE19B
:102F5000191A000000C09FE51CFF2FE1451B00006F
:102F600000C09FE51CFF2FE1051A000000C09FE58F
:102F70001CFF2FE1251B000000C09FE51CFF2FE177
:102F80002B1B000000C09FE51CFF2FE1611A000011
:102F900000C09FE51CFF2FE1E117000000C09FE586
:102FA0001CFF2FE14521000000C09FE51CFF2FE121
:102FB000412D000073B515008126360668468088CD
:102FC00069460988441A641C6846C088694649886D
:102FD000401A401C444368460088F02802DBEF207A
:102FE00069460880A020400069464988814203DB89
:102FF000FF2140316A46518069468988F02902DB09
:10300000EF216A4691806946C988814203DBFF202F
:1030100040306946C880002C05D1A94B1522A9492A
:10302000A948FEF739FBFFF7E3FB6846C38868460B
:1030300082886846418868460088FFF7FDF968463F
:10304000418868460088FFF746FAFFF781FB802039
:10305000C0019E490A6802430A60222181221206A9
:1030600011709B490A68104308602B00280A2A0047
:10307000120C210A2406240E1D002D062D0E6D08AB
:1030800043012B431206120ED200FC256D001540A1
:103090000006000EC01028433018002900D103E1BB
:1030A0000370037003700370037003700370037088
:1030B0000370037003700370037003700370037078
:1030C0000370037003700370037003700370037068
:1030D0000370037003700370037003700370037058
:1030E0000370037003700370037003700370037048
:1030F0000370037003700370037003700370037038
:103100000370037003700370037003700370037027
:103110000370037003700370037003700370037017
:103120000370037003700370037003700370037007
:1031300003700370037003700370037003700370F7
:1031400003700370037003700370037003700370E7
:1031500003700370037003700370037003700370D7
:1031600003700370037003700370037003700370C7
:1031700003700370037003700370037003700370B7
:1031800003700370037003700370037003700370A7
:103190000370037003700370037003700370037097
:1031A0000370037003700370037003700370037087
:1031B0000370037003700370037003700370037077
:1031C0000370037003700370037003700370037067
:1031D0000370037003700370037003700370037057
:1031E0000370037003700370037003700370037047
:1031F0000370037003700370037003700370037037
:103200000370037003700370037003700370037026
:103210000370037003700370037003700370037016
:103220000370037003700370037003700370037006
:1032300003700370037003700370037003700370F6
:1032400003700370037003700370037003700370E6
:1032500003700370037003700370037003700370D6
:1032600003700370037003700370037003700370C6
:1032700003700370037003700370037003700370B6
:1032800003700370037003700370037003700370A6
:103290000370037003700370037003700370037096
:1032A000491E002900D0FBE6002C03D00370641EE9
:1032B000002CFBD1FFF79CFA73BC08BC1847000038
:1032C000E8AD0200A4AD0200B8AD02003CC0FF3F73
:1032D00038C0FF3FF3B581B016008124240601A851
:1032E000808869468988451A6D1C01A8C08801A993
:1032F0004988401A401C454368468088F02802DB14
:10330000EF2069468880A020400001A949888142B9
:1033100003DBFF21403101AA518001A98988F029EE
:1033200002DBEF2101AA918001A9C988814203DB58
:10333000FF20403001A9C880002D05D1164B7F2207
:1033400016491748FEF7A8F93700FFF751FA01A808
:10335000C38801A8828801A8418868468088FFF751
:103360006BF801A8418868468088FFF7B4F82E0AF8
:103370002D062D0EFFF7ECF93800FFF723F880201B
:10338000C00108490A6802430A602221812212060C
:10339000117005490AE0C046E8AD020008AE02001F
:1033A000B8AD02003CC0FF3F38C0FF3F0A68104381
:1033B0000860002E00D103E200200100217001000E
:1033C00021700100217001002170010021700100B5
:1033D00021700100217001002170010021700100A5
:1033E0002170010021700100217001002170010095
:1033F0002170010021700100217001002170010085
:103400002170010021700100217001002170010074
:103410002170010021700100217001002170010064
:103420002170010021700100217001002170010054
:103430002170010021700100217001002170010044
:103440002170010021700100217001002170010034
:103450002170010021700100217001002170010024
:103460002170010021700100217001002170010014
:103470002170010021700100217001002170010004
:1034800021700100217001002170010021700100F4
:1034900021700100217001002170010021700100E4
:1034A00021700100217001002170010021700100D4
:1034B00021700100217001002170010021700100C4
:1034C00021700100217001002170010021700100B4
:1034D00021700100217001002170010021700100A4
:1034E0002170010021700100217001002170010094
:1034F0002170010021700100217001002170010084
:103500002170010021700100217001002170010073
:103510002170010021700100217001002170010063
:103520002170010021700100217001002170010053
:103530002170010021700100217001002170010043
:103540002170010021700100217001002170010033
:103550002170010021700100217001002170010023
:103560002170010021700100217001002170010013
:103570002170010021700100217001002170010003
:1035800021700100217001002170010021700100F3
:1035900021700100217001002170010021700100E3
:1035A00021700100217001002170010021700100D3
:1035B00021700100217001002170010021700100C3
:1035C00021700100217001002170010021700100B3
:1035D00021700100217001002170010021700100A3
:1035E0002170010021700100217001002170010093
:1035F0002170010021700100217001002170010083
:103600002170010021700100217001002170010072
:103610002170010021700100217001002170010062
:103620002170010021700100217001002170010052
:103630002170010021700100217001002170010042
:103640002170010021700100217001002170010032
:103650002170010021700100217001002170010022
:103660002170010021700100217001002170010012
:103670002170010021700100217001002170010002
:1036800021700100217001002170010021700100F2
:1036900021700100217001002170010021700100E2
:1036A00021700100217001002170010021700100D2
:1036B00021700100217001002170010021700100C2
:1036C00021700100217001002170010021700100B2
:1036D00021700100217001002170010021700100A2
:1036E0002170010021700100217001002170010092
:1036F0002170010021700100217001002170010082
:103700002170010021700100217001002170010071
:103710002170010021700100217001002170010061
:103720002170010021700100217001002170010051
:103730002170010021700100217001002170010041
:103740002170010021700100217001002170010031
:103750002170010021700100217001002170010021
:103760002170010021700100217001002170010011
:103770002170010021700100217001002170010001
:1037800021700100217001002170010021700100F1
:1037900021700100217001002170010021700100E1
:1037A00021700100217001002170010021700100D1
:1037B0002170010021702070761E002E00D0FBE5E4
:1037C000002D04D0002020706D1E002DFAD1FFF7CF
:1037D0000FF8F7BC08BC184700502DE9EEFDFFEBD1
:1037E000340D9FE5CEFDFFEBFC09A0E3CFFDFFEB21
:1037F0000110A0E30100A0E3CFFDFFEB503FA0E3E9
:10380000F020A0E30010A0E30000A0E3CDFDFFEB5B
:103810000010A0E30000A0E3CDFDFFEB0100A0E35A
:10382000D4FDFFEB0000A0E3DEFDFFEB0000A0E312
:10383000CDFDFFEB400BA0E3C8FDFFEB6400A0E370
:10384000CFFDFFEB0140BDE81EFF2FE100502DE949
:103850000010B0E1FF1011E23020A0E3211292E04D
:103860000120B0E1FF2012E23A0052E3000000BA6A
:10387000071091E20010CDE50F0010E2300090E259
:103880000010B0E1FF1011E23A0051E3000000BA6D
:10389000070090E20100CDE50000A0E30200CDE5C5
:1038A0000D00B0E1B9FDFFEB0140BDE81EFF2FE1C7
:1038B00010402DE90040B0E1240CB0E1FF0010E21F
:1038C000E1FFFFEB2408B0E1FF0010E2DEFFFFEBB9
:1038D0002404B0E1FF0010E2DBFFFFEB0400B0E1E5
:1038E000FF0010E2D8FFFFEB1040BDE81EFF2FE104
:1038F000FEB506000D0001200290B24205DA10006C
:103900003200060018002B000500971B591B0029E8
:1039100004D50020C0430290484201008F421EDAC5
:1039200038000F0079000091400001907C4238007F
:10393000471E002830D4089A280001000904090C09
:1039400030000004000CFEF7F8FD01982418012C4B
:1039500002DB761C0098241A02982D18E7E77800FD
:103960000090480001907C4212E0089A2800010073
:103970000904090C30000004000CFEF7DEFD01987C
:103980002418012C03DB02982D180098241A761CA9
:103990003800471E0028E8D5F7BC08BC1847F8B522
:1039A0000C00150081263606A54202DA21002C0003
:1039B0000D001F000090FEF71BFF280003001B04F2
:1039C0001B0C009802001204120C200001000904D4
:1039D000090C00980004000CFEF72EFD20000100E9
:1039E0000904090C00980004000CFEF774FD2C1B60
:1039F000641CFEF7ADFE3B00380A3D002D0C21098A
:103A00002207120F1C002406240E640843012343DE
:103A10002D062D0EEC00FC256D0025400006000E45
:103A2000C010284330188024E4014F4D2E682643EF
:103A30002E6022258126360635704C4D2E68344383
:103A40002C60002912D003700370037003700370A0
:103A500003700370037003700370037003700370CE
:103A6000037003700370491E0029ECD1002A03D0B3
:103A70000370521E002AFBD1FEF7BAFEF1BC08BC4F
:103A80001847F8B50400150081263606A54202DA6B
:103A900020002C0005001F000091FEF7A9FE0098F1
:103AA00003001B041B0C280002001204120C0098D7
:103AB00001000904090C20000004000CFEF7BCFC06
:103AC000009801000904090C20000004000CFEF716
:103AD00002FD2C1B641CFEF73BFE3800390A3B003C
:103AE0001B0C02001206120E5208480110431B065E
:103AF0001B0EDA00FC235B0013400906090EC910F7
:103B000019437118220923071B0F8024E401164D65
:103B10002E6826432E602225812636063570134DE9
:103B20002E6834432C60002A12D008700870087088
:103B300008700870087008700870087008700870C5
:103B400008700870087008700870521E002AECD1C6
:103B5000002B03D008705B1E002BFBD1FEF748FE44
:103B6000F1BC08BC184700003CC0FF3F38C0FF3F15
:103B7000FEB503000E001400B44202DA3000260045
:103B800004000193FEF734FE200003001B041B0C0D
:103B9000019802001204120C300001000904090C03
:103BA00001980004000CFEF747FC300001000904F6
:103BB000090C01980004000CFEF78DFCA01B401CB2
:103BC00000900098000900990907090FB64A80245F
:103BD000E401B64B1B682343B44D2B6081252D06B1
:103BE00022232B70B24B1B682343B14F3B602B78D1
:103BF0002B782B78002872D02B7893702B78537009
:103C00002B781370121D2B7893702B7853702B78B0
:103C10001370121D2B7893702B7853702B781370C0
:103C2000121D2B7893702B7853702B781370121D04
:103C30002B7893702B7853702B781370121D2B7880
:103C400093702B7853702B781370121D2B78937010
:103C50002B7853702B781370121D2B7893702B7860
:103C600053702B781370121D2B7893702B78537030
:103C70002B781370121D2B7893702B7853702B7840
:103C80001370121D2B7893702B7853702B78137050
:103C9000121D2B7893702B7853702B781370121D94
:103CA0002B7893702B7853702B781370121D2B7810
:103CB00093702B7853702B781370121D2B789370A0
:103CC0002B7853702B781370121D2B7893702B78F0
:103CD00053702B781370121D401E00288CD10029C0
:103CE00009D0287890702878507028781070121DAC
:103CF000491E0029F5D131000904090C019800047E
:103D0000000CFEF7E8FB684E68480168214301603B
:103D100022202870664801680C43046002980299CA
:103D2000090A029A120C009B1B09009C2407240F0D
:103D3000002B00D1A3E0B77857402F7077784F4021
:103D40002F70377847402F70361DB77857402F7047
:103D500077784F402F70377847402F70361DB778EF
:103D600057402F7077784F402F70377847402F702B
:103D7000361DB77857402F7077784F402F703778BF
:103D800047402F70361DB77857402F7077784F40D7
:103D90002F70377847402F70361DB77857402F70F7
:103DA00077784F402F70377847402F70361DB7789F
:103DB00057402F7077784F402F70377847402F70DB
:103DC000361DB77857402F7077784F402F7037786F
:103DD00047402F70361DB77857402F7077784F4087
:103DE0002F70377847402F70361DB77857402F70A7
:103DF00077784F402F70377847402F70361DB7784F
:103E000057402F7077784F402F70377847402F708A
:103E1000361DB77857402F7077784F402F7037781E
:103E200047402F70361DB77857402F7077784F4036
:103E30002F70377847402F70361DB77857402F7056
:103E400077784F402F70377847402F70361DB778FE
:103E500057402F7077784F402F70377847402F703A
:103E6000361DB77857402F7077784F402F703778CE
:103E700047402F70361D5B1E002B00D05BE7002CE7
:103E80000CD0B37853402B7073784B402B70337841
:103E900043402B70361D641E002CF2D1FEF758FCF7
:103EA000F7BC08BC184700006CCB00403CC0FF3F8B
:103EB00038C0FF3FFEB506001400B44202DA3000FD
:103EC000260004000191FEF793FC019803001B04F7
:103ED0001B0C200002001204120C019801000904BE
:103EE000090C30000004000CFEF7A6FA019801004E
:103EF0000904090C30000004000CFEF7ECFAA01BCA
:103F0000401C00900098000900990907090FB74A62
:103F10008024E401B64B1B682343B54D2B608125FB
:103F20002D0622232B70B34B1B682343B14F3B60FC
:103F30002B782B782B78002872D02B7893702B78E5
:103F400053702B781370121D2B7893702B7853704D
:103F50002B781370121D2B7893702B7853702B785D
:103F60001370121D2B7893702B7853702B7813706D
:103F7000121D2B7893702B7853702B781370121DB1
:103F80002B7893702B7853702B781370121D2B782D
:103F900093702B7853702B781370121D2B789370BD
:103FA0002B7853702B781370121D2B7893702B780D
:103FB00053702B781370121D2B7893702B785370DD
:103FC0002B781370121D2B7893702B7853702B78ED
:103FD0001370121D2B7893702B7853702B781370FD
:103FE000121D2B7893702B7853702B781370121D41
:103FF0002B7893702B7853702B781370121D2B78BD
:1040000093702B7853702B781370121D2B7893704C
:104010002B7853702B781370121D401E00288CD102
:10402000002909D02878907028785070287810706E
:10403000121D491E0029F5D1019801000904090C3F
:1040400030000004000CFEF746FA684E684801682C
:104050002143016022202870664801680C430460F7
:1040600002980299090A029A120C009B1B09009CF3
:104070002407240F002B00D1A3E0B77857402F70FE
:1040800077784F402F70377847402F70361DB778BC
:1040900057402F7077784F402F70377847402F70F8
:1040A000361DB77857402F7077784F402F7037788C
:1040B00047402F70361DB77857402F7077784F40A4
:1040C0002F70377847402F70361DB77857402F70C4
:1040D00077784F402F70377847402F70361DB7786C
:1040E00057402F7077784F402F70377847402F70A8
:1040F000361DB77857402F7077784F402F7037783C
:1041000047402F70361DB77857402F7077784F4053
:104110002F70377847402F70361DB77857402F7073
:1041200077784F402F70377847402F70361DB7781B
:1041300057402F7077784F402F70377847402F7057
:10414000361DB77857402F7077784F402F703778EB
:1041500047402F70361DB77857402F7077784F4003
:104160002F70377847402F70361DB77857402F7023
:1041700077784F402F70377847402F70361DB778CB
:1041800057402F7077784F402F70377847402F7007
:10419000361DB77857402F7077784F402F7037789B
:1041A00047402F70361DB77857402F7077784F40B3
:1041B0002F70377847402F70361D5B1E002B00D0C4
:1041C0005BE7002C0CD0B37853402B7073784B40D6
:1041D0002B70337843402B70361D641E002CF2D1B7
:1041E000FEF7B6FAF7BC08BC184700006CCB0040DD
:1041F0003CC0FF3F38C0FF3FFCB583B00E000499C0
:10420000B14202DA3100049E049102920500029844
:10421000A84202DA2800029D0290FEF7E9FA74E152
:10422000237893702378537023781370121D2378AA
:1042300093702378537023781370121D2378937032
:104240002378537023781370121D2378937023788A
:10425000537023781370121D237893702378537052
:1042600023781370121D237893702378537023786A
:104270001370121D23789370237853702378137072
:10428000121D237893702378537023781370121DB6
:10429000237893702378537023781370121D23783A
:1042A00093702378537023781370121D23789370C2
:1042B0002378537023781370121D2378937023781A
:1042C000537023781370121D2378937023785370E2
:1042D00023781370121D23789370237853702378FA
:1042E0001370121D23789370237853702378137002
:1042F000121D237893702378537023781370121D46
:10430000401E00288CD1C6E0207890702078507034
:1043100020781070121D491E0029F5D1BEE0937857
:1043200023705378237013782370121D93782370B1
:104330005378237013782370121D93782370537869
:10434000237013782370121D937823705378237091
:1043500013782370121D9378237053782370137889
:104360002370121D93782370537823701378237071
:10437000121D937823705378237013782370121DC5
:10438000937823705378237013782370121D9378D9
:1043900023705378237013782370121D9378237041
:1043A0005378237013782370121D937823705378F9
:1043B000237013782370121D937823705378237021
:1043C00013782370121D9378237053782370137819
:1043D0002370121D93782370537823701378237001
:1043E000121D937823705378237013782370121D55
:1043F000937823705378237013782370121D401E16
:1044000000288CD17DE09078207050782070107852
:104410002070121D491E0029F5D175E00095049801
:1044200003001B041B0C009802001204120C300045
:1044300001000904090C00980004000CFDF7FCFFC2
:10444000300001000904090C00980004000CFEF77C
:1044500042F80498801B401C0190019800090199C2
:104460000907090F2E4A2F4B1B688024E4011C43C7
:104470002C4B1C6081242406222323702A4B1F68A6
:104480008023DB013B43284F3B602378237823784C
:10449000002800D0C4E6002900D035E700980A992A
:1044A000401A0090049803001B041B0C00980200A3
:1044B0001204120C300001000904090C00980004D9
:1044C000000CFDF7B9FF300001000904090C009849
:1044D0000004000CFDF7FFFF114A8020C0011149C4
:1044E0000B6803430B60222121700F490B681843AE
:1044F00008600198000901990907090F002800D0F8
:104500000DE7002900D07EE76D1C0298A84285DAED
:10451000FEF71EF905B0F0BC08BC18475C4C020061
:104520006CCB00403CC0FF3F38C0FF3F08B4024B9B
:104530009C4608BC6047C0465CB501009A4870477D
:1045400000B59A480068002801D0994800E0BA48B0
:1045500008BC1847B948704700B5964890214158A3
:1045600000290BD094214158002907D101688C22E1
:104570008058401E814201DAB14800E0B14808BCD1
:104580001847B14870478B480021016001644164BD
:10459000C16700228423C2508823C2508C228150DC
:1045A00090228150982281509C22815094228150E7
:1045B000A02281507047FEB5089D099A0A9E0023EB
:1045C0007C4C9C27E3518027E15101998427E151DC
:1045D00002998827E1519421635001219027E151EC
:1045E00020646564E267982026500298974916F087
:1045F000B7FB03D203208C21605026E00298944937
:1046000016F0AEFB03D204208C2160501DE002980E
:10461000B84916F0A5FB03D205208C21605014E0A8
:104620000298B54916F09CFB03D206208C216050FD
:104630000BE00298B14916F093FB03D207208C21BE
:10464000605002E008208C2160501800155C401C6E
:1046500029002D062D0E002D2BD00906090E6629E6
:10466000F4D1042822DB1118891E09780D002D06CB
:104670002D0E002D1DD00906090E2E2919D1101856
:10468000401E007801000906090E002911D0010022
:104690000906090E323908290BD221008C310A682B
:1046A0000006000E31381018086002E008208C2146
:1046B0006050A0202350B2480BF0A7F9F7BC08BC0B
:1046C00018477FB5089C099D002602960195009425
:1046D00000F003F87FBC08BC1847F5B581B00800AE
:1046E0001C000A9D334E00279C21775016F0CAFB10
:1046F00080217050029816F0C5FB84217050200074
:1047000016F0C0FB8821705094203750902037500D
:1047100001983064089870649A48F0670998982165
:104720007050A02035500A2C03DA01208C217050E3
:104730001EE0642C03DA02208C21705018E0FA206D
:104740008000844203DA03208C21705010E08E48F0
:10475000844203DA04208C21705009E08B488442A3
:1047600003DA05208C21705002E006208C21705065
:1047700083480BF04AF9F7BC08BC184738B50D4B15
:1047800001249C255C51002494255C5118649820D8
:104790001A508C201950A0201C5079480BF035F984
:1047A00031BC08BC184700001CAE020058EA0040AB
:1047B00030AE0200BCE90040F8B51E2100263200F0
:1047C000AD4C251D2F00380016F060F826609C20A7
:1047D0002058002809D0BD48C06A032802D1E02033
:1047E00028701FE0612028701CE0260022368020FF
:1047F000205816F011FB02000B00E16F300016F09C
:104800007DF9A020205800280AD01E22310028005F
:1048100016F0FCF9280016F0CDF9401E206001E0EA
:1048200031202870FA2040000BF0A8FB0BF009F9AA
:104830000120F2BC08BC18474CAE020064AE020076
:104840007CAE020094AE0200ACAE0200000020413B
:104850000000C8420120704780B5874801684118B0
:1048600009799C228258002A31D0984AD26A032AB8
:1048700016D10A001206120EFF2A01D130212DE0B6
:104880000A001206120E392A01D15F2126E00A0021
:104890001206120E5F2A01D1E0211FE0491C1DE023
:1048A0000A001206120E7A2A01D1302116E00A00FF
:1048B0001206120E392A01D15F210FE00A001206FA
:1048C000120E5F2A01D1612108E0491C06E0491C53
:1048D0000A001206120E3A2A00DB30210268801804
:1048E000017100F09AF900F04DFA00F0F9F9012099
:1048F0000ABC184700007A4400401C460050C347D9
:1049000038B55D4C25008C3528681E2806DBA64B83
:10491000FF223632A549A648FCF7BEFE2068401C9F
:10492000206020682968884206DB002020609421EE
:1049300060500BF047FA15E09C20205800280DD05D
:104940006248C06A032804D1E02021686118087118
:1049500008E0612021686118087103E030202168B7
:1049600061180871002021686118487100F055F93C
:1049700000F008FA00F0B4F9012032BC08BC184776
:10498000C8AF0200C8AE020010270000A0860100D8
:1049900010B5394C20009C30016800292BD19021A2
:1049A0006158002927D0210094310A68002A22D1B9
:1049B00022688C23E3589B1E9A421CDA012008606F
:1049C0002068401C20602E20216861180871206832
:1049D000401C206030202168611808710020216887
:1049E0006118487100F019F900F0CCF900F078F97D
:1049F0000BF0E8F928E00068002813D1201DFFF72C
:104A000095FD16F0C5F9020010008421615816F0DA
:104A1000A7F905D388202058110016F0A1F901D27A
:104A2000012012E098342068002806D15E4BFF2256
:104A300072328D495E48FCF72FFECF480FF063FCC1
:104A40000120216800F0E0F9012010BC08BC1847E3
:104A500010B59F4C2068002806D1534BBF2252004E
:104A60009C49DA48FCF718FE0020216800F0CCF9D8
:104A7000012010BC08BC1847BCE900400120704769
:104A800080B500F009F801200ABC184701207047E2
:104A9000012070470120704710B500F019F8CC4C88
:104AA0002068002803D100F045F800F083F800F0FA
:104AB000B4F800F067F92068002801D100F0D6F8BA
:104AC00000F00EF910BC08BC18470000E4EB0040F1
:104AD00010B5814C206C002806D1334BFF22AE323A
:104AE0007E493348FCF7D8FDA448FDF770F86423ED
:104AF000F02235210020FCF78FFF00210020FDF778
:104B000021F80120FDF711F801210120FDF710F82F
:104B10000020FDF707F89A48FCF774FFAD48FDF751
:104B200015F80A20FCF79CFF206CFCF724FE10BC53
:104B300008BC18473EB5684D2C00483488202858DA
:104B400016F06AF9009001918420285816F064F953
:104B500002000B00A049200015F0D0FF8748FDF7A8
:104B600036F81023F02299210020FCF755FF002190
:104B70000020FCF7E7FF0020FCF7D7FF0121012010
:104B8000FCF7D6FF0020FCF7CDFF7D48FCF73AFF8D
:104B90009048FCF7DBFF0A20FCF762FF2000FCF7DF
:104BA0001FFE37BC08BC184710AF0200D0AE020091
:104BB000E4AE020010B5484CE06F002806D1874BE8
:104BC000E922520086498148FCF766FD6B48FCF7F4
:104BD000FEFF1023F022AD210020FCF71DFF002175
:104BE0000020FCF7AFFF0020FCF79FFF0121012010
:104BF000FCF79EFF0020FCF795FF6148FCF702FFE1
:104C00007448FCF7A3FF0A20FCF72AFF200022309B
:104C1000FCF7E6FD10BC08BC184780B57148FCF7EE
:104C2000D6FF1323F022C1210020FCF7F5FE00215E
:104C30000020FCF787FF0020FCF777FF012101200F
:104C4000FCF776FF0020FCF76DFF4D48FCF7DAFE1D
:104C50006048FCF77BFF0A20FCF702FF6248FCF784
:104C6000BFFD09BC1847000024AF020010B51A4C64
:104C7000206C002806D1594BFF22F4325B4953487F
:104C8000FCF70AFD3D48FCF7A2FF1023F022D521D6
:104C90000020FCF7C1FE00210020FCF753FF00209C
:104CA000FCF743FF01210120FCF742FF0020FCF745
:104CB00039FF3348FCF7A6FE4648FCF747FF0A20B9
:104CC000FCF7CEFE606CFCF756FD10BC08BC184724
:104CD00054EA004034AF0200BCE9004044AF020097
:104CE00080B58AB02548FCF772FF1023F022E92135
:104CF0000020FCF791FE00210020FCF723FF00209C
:104D0000FCF713FF01210120FCF712FF0020FCF744
:104D100009FF1B48FCF776FE2E48FCF717FF0A2018
:104D2000FCF79EFE32488C21415800680A1A521E38
:104D30003048C16A032904D12F49684615F0DEFEC8
:104D400013E0C16A022904D12C49684615F0D6FE49
:104D50000BE0C06A012804D12849684615F0CEFE50
:104D600003E02649684615F0C9FE6846FCF738FDA1
:104D70000BB008BC18470000DC340300003F3F00C4
:104D800002000100F8B51E4C606861694518FCF727
:104D9000F3FEA169A26889180C18641C3020FCF786
:104DA00003FF0700174E009623002A002100E81B8E
:104DB000FEF79EFD0096631E2A00641E2100E81B7C
:104DC000FEF796FDF1BC08BC18470000E4AE0200F7
:104DD00058EA00405C4C02005CAF020010AF0200D9
:104DE0006CAF020000203F00C0E9004084AF020029
:104DF000BCE90040E4EB00409CAF0200B0AF020011
:104E000030CB0040003F3F0008470000AE4801683B
:104E100008220A430260102102680A430260AB4A7A
:104E20001160BE4A1160016840220A430260704767
:104E300038B500F041F9A6480168A64A0A40802129
:104E40000902114301600168A34A0A4080218902D6
:104E5000114301600168B24A0A40802109031143ED
:104E6000016001208243022082430421C9430A4099
:104E70000820C0430240AB4B1A600322AA4B1A60C1
:104E80000F239A4307231343302293434022934333
:104E900080229343A54A1A40A54B1A601140012273
:104EA00091430840A34C20600225A348056000F010
:104EB00006F820680543256031BC08BC184700B5DA
:104EC00001E09E4800689E48006801004907C90F3C
:104ED0000029F6D108BC1847F1B50E0000240EE0F9
:104EE0008022520029003700380015F063FC812130
:104EF0004900280014F098FC00280BD1641C032CF6
:104F000008DAB84D2900009800F027F8002EE7D104
:104F10000120FFE7F2BC08BC1847F8B50500802661
:104F200076003200AF4C2700380015F043FC31000A
:104F3000200014F04CFC2100280000F003F8F1BC24
:104F400008BC184780B502008020800042438420BE
:104F5000400000F06CF809BC184780B502008020C2
:104F6000800042438420400000F024F809BC184728
:104F700080B58021890048430090BA485821842296
:104F80005200815469468978FF220A328154694669
:104F9000497885225200815469460978FF220C32F3
:104FA00081540421CA2292008150002000F0D7F8D9
:104FB00009BC184776B505000C008A4ED220842122
:104FC0004900705401A88078FF210A31705401A86B
:104FD000407885214900705468460079FF210C31E2
:104FE0007054FF20862149007054FF210E31705407
:104FF000872149007054FF21103170540820CA21C4
:1050000089007050CC2080003550012000F0A7F8B6
:10501000002C09D0002005E0311886229200895C1E
:105020002154401CA842F7D373BC08BC1847F7B5FD
:1050300004006C4D8C4F532038708C4E02A8807841
:10504000307002A840788521490068546846007A8B
:10505000FF210C3168540420CA21890068500020C7
:1050600000F07DF88220387002A88078307002A8A5
:1050700040788521490068546846007AFF210C3148
:105080006854002006E00199095C2A1886235B0019
:10509000D154401CA042F6D3241DCA2080002C50BD
:1050A000002000F05CF8CE20800028180188491C00
:1050B0000180F7BC08BC18476D4801688022D20007
:1050C0000A4302607047000000C0FF3F1CC0FF3F62
:1050D00000C002E0FF3FFFFFFFFFFCFF10B5FFF73E
:1050E000EEFE4021634801601448D7220260FF228F
:1050F00002600122124B1C68A4081440002CF8D056
:1051000004681C68A4081440002CFAD00068034A04
:1051100011600006000E10BC08BC184718C0FF3F05
:10512000FFFFF3FF140003E0200003E0FF00FFFF98
:10513000000003E0040003E0100003E0080003E0C7
:105140000C0003E080B5FFF7C9FF01000906090E56
:10515000C909012048400006000E0ABC1847F1B5F5
:10516000FFF7F0FF0028FBD14027424807603E4888
:10517000002421000BE0404A126813009B07DB0F5C
:10518000002BF8D002783D4B1A60401C491C3C4A69
:1051900012689142EFD30125374E3068284000282D
:1051A000F9D00098002817D0FFF789FE0D48862116
:1051B000890041180BE0314AFF23136033689B08D4
:1051C0002B40002BFAD012680A70491C641CCC22B8
:1051D000920082589442EED32A480760F1BC08BC82
:1051E0001847000088E1004010B5C2B08421490092
:1051F00000226C46200015F049FB69460020FFF7AD
:105200006BFE21480188491C0180204A1300D033DD
:1052100069461C680C701C68240A4C701C68240CBD
:105220008C701B681B0ECB70D423D35C0B71D632F1
:1052300013884B7112881204120C120A8A710288A8
:10524000CA7100880004000C000A08721048C06A85
:10525000487269460020FFF760FE42B010BC08BCEF
:105260001847000088E1004090E2004091E20040D1
:10527000C4C01FE01CC0FF3F0C0003E0080003E0B7
:10528000B0E4004018C0FF3FC0E4004020E7004009
:10529000E4EB0040BD487047F8B5BD4C00252560E3
:1052A00065602E000AE010212A00102070432018AB
:1052B00007000C37380015F0E9FA761C072EF2DBF0
:1052C000E56780202550C8202550CC202550A560BA
:1052D000F1BC08BC184780B5AD48002101604160B1
:1052E000CC228150AB480AF097FE01200ABC184737
:1052F000012070470120704701207047012070474E
:1053000080B5A4480AF088FE01200ABC184738B5C9
:10531000A148C06B002810D19D4C2500C8352868D5
:10532000002805D19D4B91229D499E48FCF7B4F978
:10533000CC202058296800F04CF9012032BC08BC70
:10534000184780B51023F02277210020FCF764FB7A
:1053500000210020FCF7F6FB0020FCF7E6FB032110
:105360000120FCF7E5FB0020FCF7DCFB802040027D
:10537000FCF748FB8C48FCF7E9FB8C48FCF7FBF991
:1053800001200ABC184700208949086001207047A5
:10539000012070470120704710B57D4CE06F002858
:1053A00005D1844BBA2284497E48FCF775F9E06F39
:1053B00000F00EF9002010BC08BC18477F48704769
:1053C00010B57F4C2068002805D17E4BC7227E494E
:1053D0007448FCF761F9206800F0FAF8002010BC6E
:1053E00008BC184779487047F0B585B006000D0035
:1053F0001100002422002F00380015F047FA112177
:1054000022006F46380015F041FA10226048102142
:105410004E43801901000C31684615F0F7FB01007E
:10542000280016F0A3F8684615F0C4FB28182100E0
:105430000170451C6946280016F098F8684615F07A
:10544000B9FB281821000170451C6946280016F098
:105450008DF8684615F0AEFB281821000170451C38
:105460006946280016F082F8684615F0A3FB281854
:10547000047005B0F0BC08BC184745484649096CA3
:10548000891E01600121CC2281500120704710B596
:105490003F488168012901DA002007E004008434D4
:1054A000442221000020FFF79FFF200010BC08BC11
:1054B000184710B536488168022901DA002007E054
:1054C00004008434442221000120FFF78DFF2000D6
:1054D00010BC08BC184710B52D488168032901DAB3
:1054E000002007E004008434442221000220FFF75A
:1054F0007BFF200010BC08BC184710B52448816809
:10550000042901DA002007E0040084344422210049
:105510000320FFF769FF200010BC08BC184710B536
:105520001B488168052901DA002007E00400843463
:10553000442221000420FFF757FF200010BC08BCC4
:10554000184710B512488168062901DA002007E0E3
:1055500004008434442221000520FFF745FF200089
:1055600010BC08BC184710B509488168072901DA42
:10557000002007E004008434442221000620FFF7C5
:1055800033FF200010BC08BC184700000CB002001C
:1055900024E8004004B20200E4EB004068B00200DE
:1055A00024B0020038B002005C4C020088B0020057
:1055B000ECE80040E8B00200CCB0020008B1020004
:1055C000A4E800405CB1020040B102007CB10200DE
:1055D0000047084770B5C2B0994C0020C043206016
:1055E0008221490060508221890060508321890016
:1055F0006050002593496550C62189006050C7213D
:1056000089006050802149002A00C82080002618A7
:10561000300015F03BF98420C00025506946002079
:10562000FFF75AFC002820D096486946CA7812062F
:105630008B781B0413434A7812021A430B781343E6
:10564000D02283500A79D423C2548A7912024B792A
:105650001A43D623C252087A0002CA7910438A4AF2
:105660001080487AC149C86205E0C048416A0029F3
:1056700001D10121816242B070BC08BC184738B525
:1056800004002000001E8021C900884207D37F4B00
:105690006A227F497F48FBF7FFFFB54810E00825E5
:1056A0002000290015F032F9443000F00CF80028F1
:1056B00004D02000290015F029F900E0AC490800C9
:1056C00032BC08BC1847F8B50400200044388028D4
:1056D00007D38D4B81228D496E48FBF7DDFF0020FB
:1056E00021E0012556488221490047183968A14226
:1056F00018D084214900461831002000FFF7ECFB48
:105700000500002D0BD1310020008030FFF7E4FBB5
:105710000500002D03D031002000FFF7FEFB002D17
:1057200000D03C602800F2BC08BC184738B544489B
:1057300082214900451829684439802907D3724BD2
:105740009B228C495348FBF7A7FF00200CE08421E3
:105750004900441821002868FFF7DFFB2100286872
:105760008030FFF7DAFB012032BC08BC184710B5C7
:10577000401EFFF784FF04007D48844205D1904B12
:10578000AC2290494348FBF787FF200010BC08BCBF
:10579000184738B5002406E0894BBD228A493D48A8
:1057A000FBF77AFF641C8025ED00AC4211DA0CF0A7
:1057B00099F92000FFF763FF84498842ECD0204923
:1057C00020225043081891214900405A95498842A7
:1057D000E8D1AC4201DB7D4800E0200032BC08BCCF
:1057E0001847F8B504002000001F202807D3464BB7
:1057F000F7228D492748FBF74FFF00201CE00125C9
:10580000AD4E3068A04216D0371D39002000FFF79A
:1058100063FB0500002D0BD1390020002030FFF77D
:105820005BFB0500002D03D039002000FFF775FB5E
:10583000002D00D034602800F2BC08BC18470000DE
:10584000CCD900402404000038B59B4D2868001FC7
:10585000202808D32C4B8A22520098499848FBF7FD
:105860001BFF00200AE02C1D21002868FFF755FBD4
:10587000210028682030FFF750FB012032BC08BC13
:105880001847000020E70040C0E40040FCB20200DE
:10589000A8B20200C8B20200F8B50600A22040007B
:1058A000301A8849884208D3874B91225200874991
:1058B0008348FBF7F1FE002023E001217E4C82208B
:1058C0008000205886421BD0370000250EE0009152
:1058D00080204000684320188421890041187819ED
:1058E000FFF7FAFA0099084001006D1C012DEEDB6C
:1058F000002905D082208000265083208000275078
:105900000800F2BC08BC18473CB3020018B3020000
:1059100070B50400A2204000201A6A49884208D3CA
:10592000694BFF223A3299496548FBF7B5FE0020E2
:1059300018E0260000250BE05F48802149006943FC
:1059400040188421890041187019FFF7E6FA6D1C90
:10595000012DF1DB584882218900445083218900C0
:105960004650012070BC08BC18470000E4EB004022
:10597000054000805CB3020038B50400A22040005E
:10598000201A5049884206D3814BA52252008149F2
:105990004B48FBF781FE80252000290014F0B6FF5C
:1059A000001DFFF71EFF002804D02000290014F07E
:1059B000ADFF00E0B549080032BC08BC1847000044
:1059C000A8B3020080B30200BCB30200054000800F
:1059D00070B50500A224640007E06F4BFF2264321B
:1059E0006E493748FBF758FE641C80267601B442A6
:1059F00011DA0CF077F82000FFF7BEFFA3498842C8
:105A0000EBD0AC42F0D02C490222504308188088D9
:105A100004498842E8D1B44200DB9C4C200070BCB1
:105A200008BC1847FFFF0000DCB30200F3B581B0EB
:105A3000002607E0584BD022520095492048FBF73A
:105A40002BFE761C8020C00086422ADA0CF04AF831
:105A50003000FFF714FE04008C488442EAD0164D53
:105A600020206043281891214900405ABA498842B1
:105A7000E7D01022019920206043281884235B007E
:105A8000C01815F081FD070003220299202044432D
:105A900028198C235B00C01815F076FD38430028C8
:105AA000CFD18020C000864201DB002001E0761CBF
:105AB0003000FEBC08BC1847CCD90040FCB3020043
:105AC000C8B20200BC0E000034B402001CB40200D4
:105AD000F8B5A2490968002901D06C4848E0FFF7F1
:105AE00046FE00909E4F009820214843381891218F
:105AF0004900445A984D200029000004000C8842B7
:105B000001D1624834E000200BF0ECFF20000004DB
:105B1000000CFFF731FF5D4EB0422CD00221414313
:105B2000791889882404240CA1422DD10126360637
:105B3000360E0C0021000904090CA94206D02900E8
:105B40000222504338188180FFF77EFE002E05D1D7
:105B5000200029000004000C8842D5D100982021A3
:105B600048433818912149004552FFF7DFFD0020D6
:105B7000F2BC08BC1847894BFF22C83288498948C3
:105B8000FBF78AFD3000F3E70026D0E754B40200AB
:105B90008CB4020070B40200A8B30200ACB40200DE
:105BA000FEB514006D4A1268002A01D0002069E099
:105BB0000191029001990298FFF738FF002805D063
:105BC000002C01D100205DE0FFF782FFFFF7E1FD2F
:105BD00007002E4DAF4201D1002053E03800FFF7FF
:105BE0004EFD0400AC4208D16F4BFF22F4326F49E6
:105BF0006C48FBF751FD002044E0102100263200E4
:105C0000574D20206043281884235B00C018009063
:105C1000009814F03BFE0098102202992020604367
:105C2000281884235B00C01814F0F0FF0321320011
:105C30002020604328188C235B00C0180090009837
:105C400014F024FE009803220199202060432818B4
:105C50008C235B00C01814F0D9FF07229249202042
:105C600060432818FF231C33C0180090009814F0DC
:105C7000A1FD009820204443281992214900465054
:105C80007F1C3800FEBC08BC18470000054000809F
:105C9000CCB40200FEB505000C00002D07D0002C8E
:105CA00005D00198002802D00298002806D17F4B29
:105CB000822292007E493B48FBF7EEFC27480068B1
:105CC000002801D07B4843E021002800FFF7AEFE0A
:105CD0000400002C01D177483AE002990198FFF7BF
:105CE000A5FE002801D0734832E02000FFF73FFDF9
:105CF00005001021002632008F4C20206843201818
:105D000084235B00C718380014F0C0FD10220199ED
:105D100020206843201884235B00C01814F076FF0D
:105D2000032132002020684320188C235B00C61812
:105D3000300014F0ABFD0322029920204543601986
:105D40008C235B00C01814F061FFFFF7EFFC00200C
:105D5000FEBC08BC18470000FFFF0000A4E900409B
:105D6000CCD9004070B504000D0073480021C94330
:105D7000C62292008150C7229200815080214900A2
:105D80000022C8239B00C618300014F07FFD2900B4
:105D90002000FFF74BFE70BC08BC1847FCB40200A3
:105DA000E4B40200C8B20200A8B3020014B50200B5
:105DB000FEB50D00FFF7DBFC5F4920224243891846
:105DC000912252008C5A5D498C4201D15C4851E0CD
:105DD0000095594920225043081892214900405803
:105DE0000099814201DB564844E000988021490037
:105DF00014F08CFD019000273E0010E04E49022275
:105E000050430818808884421CD101210906090EDC
:105E10000400002918D14948844215D0761C019805
:105E2000864213DA0BF05EFE2000FFF7A5FD444D1D
:105E3000A842E3D1434B444A44494548FBF72CFC74
:105E4000280017E03900E1E7280013E02000FFF701
:105E500023FD002808D13F4B982292003B493C4843
:105E6000FBF71AFC364805E000988021490014F041
:105E70004DFD0800FEBC08BC184780B5FFF777FC55
:105E80002D49202242438A1891235B00D25A2B4B82
:105E90009A4201D1002005E02022504308189221A7
:105EA000490040580ABC1847C0EC004044B5020005
:105EB0002CB5020005400080F7B582B01C0000251B
:105EC0000298FFF7DAFF03990968461A012E01DAF2
:105ED0001B482AE0039801680298FFF769FF1849F8
:105EE000884226D0802149000F1ABC4200DA2700E0
:105EF000BE4200DA37003A000F49081884218900B1
:105F00004118049840190090009814F053FC009830
:105F1000ED1903980068C01903990860E41BF61B8B
:105F2000012E01DB012CD5DA280005B0F0BC08BC3D
:105F300018470800F9E70000CCD90040FFFF000037
:105F400005400080FCB402005302000058B5020076
:105F5000C8B2020078B50200F8B584B005008448E4
:105F60000068002801D0B04885E0009180246400DA
:105F70000098210014F0CAFC002901D0012600E09D
:105F800000260098210014F0C1FC8619002E07D1CC
:105F9000A64BA74AA749A848FBF77EFBA2486AE0A0
:105FA0002800FFF76AFF04002006000E002801D039
:105FB000012000E00020210A0818301A0290280071
:105FC000FFF7D5FB03909D480399202251434018C9
:105FD00091214900405A01900098A0425BD200985C
:105FE000012858DB0099491E2800FFF7E1FE8E4981
:105FF000884207D1924B934A8E498F48FBF74CFB5E
:10600000894838E0012500208C4F822080003E58CE
:106010003000FFF7B1FC844CA04230D00221414354
:1060200079188988029102998E4230D10124240680
:10603000240E002C08D1002D2BD002214843381803
:106040008680FFF701FC0025029E002CE0D07B48F3
:106050000199039A20235A43821891235B00D1525D
:106060000099039A20235A438018922252008150AB
:10607000FFF75CFB002005B0F0BC08BC1847724B72
:10608000724A6C496C48FBF707FB2000F3E70024D9
:10609000CDE76F4ED1E700988442D8D2029801280C
:1060A000D5DB2100491E2800FFF782FE69490D68F3
:1060B0005D49884222D16648FFF78AFC0190019829
:1060C0005949884201D15848D5E7019D2800FFF77A
:1060D00053FC04005448844205D15B4BA34A554904
:1060E0005548FBF7D9FA28005449022254430919AC
:1060F0008880FFF7A9FB0298401E029000272AE043
:106100002800FFF739FC04004748844205D14E4B74
:10611000974A48494848FBF7BFFA3500474E2800E0
:1061200002214C4331198880FFF78EFB2800FFF7CE
:1061300023FC04003C48844205D1434B8D4A3D4931
:106140003D48FBF7A9FA280002214C433119888009
:10615000FFF77AFB7F1C0298874200DB77E7019804
:10616000FFF736FC060030488642C9D12E4882E748
:10617000A4E90040F0B585B09F4C2468002C01D004
:1061800029484DE01C000191019909680919039102
:106190000399002901D1244842E00026029004928C
:1061A000019801680298FFF703FE1F4DA8420CD129
:1061B00003990298FFF7D0FE002810D101980168DA
:1061C0000298FFF7F5FDA8420BD080214900091A7B
:1061D000009100998C4206DA0094002405E0280022
:1061E0001EE028001CE00099641A009A049989199D
:1061F000124D281884239B00C718380014F0DAFACF
:10620000822080002858FFF783FB009836180198F9
:1062100000680099401801990860012CC0DA30002C
:1062200005B0F0BC08BC184705400080ACB50200C2
:10623000A902000090B50200C8B20200CCD900400B
:10624000C8B50200B6020000FCB40200C2020000A1
:10625000FFFF0000D4DB0040F0B585B004000F0064
:1062600016001D00012E05DA8E4B8F4AA049A14869
:10627000FBF712FA00200190002000900494029590
:1062800008E09D4B9D4A9A499A48FBF705FA009809
:10629000401C009000988021C900884261DA0BF010
:1062A00021FC0098FFF7EBF9050054488542E8D03F
:1062B000A54C20206843201891214900405AA34949
:1062C0008842E4D0032204992020684320188C23BC
:1062D0005B00C01815F058F90028D8D103229CA102
:1062E0002020684320188C235B00C01815F04CF95F
:1062F000002817D11022A3492020684320188423A6
:106300005B00C01815F040F90028C0D010229E494B
:1063100020206843201884235B00C01815F034F94E
:106320000028B4D00298002803D00298401E0290A2
:10633000ADE7102100220397039814F0A7FA039801
:10634000102220204543601984214900411838005B
:1063500014F05CFC0198401C01901037761E002E52
:1063600095D1019805B0F0BC08BC1847DD020000CB
:10637000E9020000EF020000F8B507000020002548
:1063800000E06D1C802D33DA0BF0ACFB28004430AC
:10639000FFF799F9002806D17C4BD92292007C495D
:1063A0005448FBF779F900240CE00322390020233C
:1063B0006343C0188C235B00C01815F0E5F8002873
:1063C00014D0641C082CDCDA5F482021614341189A
:1063D00091225200895A5D4A9142F2D008216943C4
:1063E0000E19761C002FE0D1300002E0300000E0F2
:1063F0000020F2BC08BC1847A4E90040054000801A
:10640000F3B581B00020002600E0761C802E44DA2F
:106410000BF068FB30004430FFF755F9002805D138
:106420005A4B5C4A5C493348FBF736F900251DE0BE
:10643000032202992020684320188C235B00C01897
:1064400015F0A2F8002810D10199202068432018E7
:1064500084225200801815F0ADF82021694361189C
:10646000842252008918884215D06D1C082DCCDA80
:10647000354C20206843201891214900405A334967
:106480008842F2D00820704347197F1C02980028E8
:10649000CED1380002E0380000E00020FEBC08BC8D
:1064A00018470000ECB502003603000080B5401E1E
:1064B0000100091E8022D200914201D3002015E084
:1064C000FFF7DDF83549884201D100200EE01E4972
:1064D00020225043081891214900405A1B49884204
:1064E00001D0012000E000200006000E0ABC184781
:1064F000D8B50200C8B20200A8B302003F030000F2
:10650000E0B52749096800290AD02649897BC907CF
:1065100006D5254A00210004000CFBF76DFC10E0B5
:1065200022490CC9083969460CC1083901006A467C
:1065300011801730694688806422684603C8FCF7DA
:10654000C9FE0FBC18470000CCD90040FFFF000077
:1065500073707A0010B5164C00F014FC800A60606D
:106560006068642148431349FBF78EF8032801D281
:10657000012000E000200006000E0949086010BC60
:1065800008BC1847FCB5020004B6020024B602009D
:106590000CB602007E03000038B602000540008001
:1065A000F0DD0040B8EC00405025020050B602007B
:1065B00020E70040AF030000F0B5C84CA5443123EC
:1065C000F022872149000020FBF726FA0020FBF784
:1065D000ACFA00210020FBF7B5FAC148FBF7B6FA88
:1065E0000020FBF79FFA01210120FBF7A1FAC64822
:1065F000FBF708FAFC208003FBF7E9FA0A20FBF717
:106600002FFAC248FBF7B7F82123F0228F21490067
:106610000020FBF701FABE4F3888BE49884236DBBE
:10662000002634002CE02000322114F06FF90029FC
:1066300020D10A20FBF714FA00210020FBF782FA90
:10664000B548FBF798F8B548FBF795F86420604328
:10665000290014F05BF90200B149684614F04EFAC3
:1066600080204002FBF7CEF96846FBF7B9F8A64850
:10667000FBF7C8F90BF036FA2000FEF779FC641C32
:1066800080256D01AC42CEDB3E80FEF7ADFD0A20D9
:10669000FBF7E6F900210020FBF754FAC148FBF7AD
:1066A0006AF8002000200490BF4803900020C043F7
:1066B00003990860BD4802900020C0430299086019
:1066C000A224640005E00BF00DFA2000FFF754F956
:1066D000641C802040018442F5DB0020C043039904
:1066E00008600020C04302990860002405E00BF018
:1066F000F9F92000FEF7C3FF641C8020C00084422B
:10670000F5DB0020C043039908600020C0430299D4
:1067100008600A20FBF7A4F900210020FBF712FA19
:10672000A348FBF728F880214901002205AC20008E
:1067300014F0ACF800260020019019E0002080E061
:106740000BF0D0F90198FEF79AFF00900098994954
:10675000884221D098480099202251434018912125
:106760004900445AB748844219D10198401C01900D
:1067700001988021C900884202DA04980028DFD0FD
:106780000A20FBF76DF900210020FBF7DBF98548B3
:10679000FAF7F1FF04246FE001200490F0E7A22053
:1067A0004000201AA849884212D3A6488249009A7C
:1067B00020235A438918912252008852FEF7B6FFCF
:1067C0000A20FBF74DF9A148FAF7D5FF0126CCE7DF
:1067D00000209C4FBC4225D0BC4203D005A8005DE0
:1067E00000281FD1012005A908552000FFF7C4F893
:1067F00005007048854205D1954BBA2295499648C7
:10680000FAF74AFF6C4802214D4340198188A220C3
:106810004000081A8C4A90420FD33C000020002808
:10682000D7D0A2E7002E03D18C48FAF7A4FF0126A7
:106830000098401CFFF74CF997E7A14200D07DE794
:1068400001200C00EBE7FF212A1884239B00D15480
:10685000401CFF28F7DD39002000FEF75EFB390001
:106860002000FEF739FB002805D1AB4BE522794922
:106870007948FAF711FF641C80204001844217DA3E
:106880000BF030F94C4D842080002F183900200087
:10689000FEF722FB0028EED1002E03D19F48FAF725
:1068A0006AFF01269E4800680028E4D10020D0E756
:1068B0000020C0430399086002990860FA20400054
:1068C0000BF0E4F8049800280CD0964B964A9749B0
:1068D000FC20800313F0F3FE5EE0C046ECEFFFFF08
:1068E000843E02008E480068002851D10A20FBF740
:1068F000B7F800210020FBF725F98D48FAF73BFF98
:106900000024A2277F003AE00100010078B60200CF
:10691000C0E400401D250000C4B6020024B70200F8
:1069200050B7020005A8C05D002827D1380080219B
:1069300013F0ECFF001D204D2968884204D0002C84
:1069400002D0FEF781FF00243800FFF715F806009B
:106950001848864206D13E4BFF2212323D493E483E
:10696000FAF79AFE374802217143691889888142F3
:1069700004D002214E43A919888001247F1C802065
:1069800040018742CEDB002C02D0FEF75DFF0020E5
:10699000FA2040000BF07AF8B0488544F0BC08BCFF
:1069A0001847000058B70200D4DB0040D8DB004095
:1069B000A8B7020005400080CCD9004038B50028B7
:1069C0003CD057480068002838D10024200006E059
:1069D0001C49A34A02234343D2189180401C8028BB
:1069E000F6DB250008E02800001D9D490860FEF741
:1069F0002BFF0BF077F86D1C202DF4DB200008E056
:106A00001049974A20234343D21891235B00D15267
:106A1000401C0828F4DB08E020004430914908605D
:106A2000FEF784FE0BF05EF8641C802CF4DB002083
:106A3000C0438B49086082225200885031BC08BC98
:106A400018470000FFFF0000BC0E0000F8B702006E
:106A5000F0B8020058B60200BCB8020058B80200F4
:106A6000FFB5C3B04C9C80277F002000390013F095
:106A70004DFF01902000390013F048FF00910024E1
:106A800013E0BE4206D0784BFF2256327749B74812
:106A9000FAF702FE330002AA45A94398FFF76AFB02
:106AA000A84211D00BF01EF8641C019884420DDA44
:106AB0003B0002AA46A94498FFF7FEF90600AC4D38
:106AC000AE42DED1280022E0280020E0009B02AA8E
:106AD00046A94498FFF7F0F90500A54CA54201D15D
:106AE000200014E00098854206D05F4BFF22603200
:106AF0005E499E48FAF7D0FD2B0002AA45A94398AB
:106B0000FFF738FBA04201D1200000E0002047B091
:106B1000F0BC08BC1847000068B9020008B90200C0
:106B2000A4E90040BD69000098B9020078B90200EC
:106B300040BB0200F0B58BB01700002F01D1002040
:106B400088E0029101900198FFF797F904000298FC
:106B5000A04206DB874BFF22823287498348FAF73F
:106B60009BFDA74206DB834BC322520082497F482C
:106B7000FAF792FD03A8FAF7B9F902007F4907A8CE
:106B800013F0BCFF01227EA107A8FFF709F8060059
:106B9000002E01D176485DE002980090002300228B
:106BA00001993000FFF75CFF714DA84201D1280028
:106BB00050E00298C319E01A0090029A019930003F
:106BC000FFF74EFFA84201D1280043E00198FEF7ED
:106BD0007FFF3000FEF7CBFD0500214C20206843ED
:106BE000201891214900405A009020206843201825
:106BF0009221490047580198FEF7B9FD00992022DB
:106C00004243A21891235B00D152202141436118D5
:106C1000922252008F50072220214D436119FF23F9
:106C20001C33C918202358432018FF231C33C518D0
:106C3000280013F0BFFDFEF779FD3000FEF797FD49
:106C40006549202250432018912252008152FEF7BC
:106C50006DFD00200BB0F0BC08BC184714100000FC
:106C6000CCD90040D0DA0040B4BB020098BB02008F
:106C7000FFB585B000200390002002900020019015
:106C8000002700260020009002E00098401C0090A1
:106C90000098802859DA00984430FEF714FD002847
:106CA00006D14E4BFF22C0324D493048FAF7F4FC72
:106CB00000251DE003224BA12020684320188C23CF
:106CC0005B00C01814F060FC002810D17F1C0EE09F
:106CD000032245A12020684320188C235B00C018A4
:106CE00014F052FC0028E5D10198401C01906D1C65
:106CF000082DCADA3D4C2020684320189121490014
:106D0000405A35498842F2D00398401C0390032230
:106D100037A12020684320188C235B00C01814F092
:106D200033FC002803D10298401C0290DFE70322C5
:106D300030A12020684320188C235B00C01814F079
:106D400023FC0028C4D1761CD1E70E980899079A35
:106D5000069B059C039D2560029C1C601660019AA1
:106D60000A60076009B0F0BC08BC1847BCB8020054
:106D700005400080D8BB0200C4BB0200ECBB02008F
:106D8000746D700070B50026340035000CE01749B2
:106D900002224243891889880F4A914200D0641C1C
:106DA000401C8028F3DB6D1C202D0DDA2800001D0F
:106DB000FEF717FD002805D1084B0F4A0F49104870
:106DC000FAF76AFC3000ECE70E48001B802149000E
:106DD000484370BC08BC1847FFFF00001CBC020001
:106DE000F4BB02006C6F67006D637300CCD9004088
:106DF00073707A006C696200FF01000030BC020011
:106E0000BCB80200BC0E0000F8B50025634CA560BC
:106E100063482067634860676348A0676560656191
:106E200024212A0026004836300013F02FFD00F000
:106E300016F8256180202550842025501826310021
:106E40002A0027001837380013F020FD31002A00EF
:106E50003034200013F01AFDF1BC08BC184700B50F
:106E60004E4800228261C2610021C1670262426213
:106E7000C166016007E004224A438218926C0368ED
:106E80009A180260491C0929F5DB09210161816E0C
:106E9000C16008BC184745480168454A0A4080213E
:106EA000090211430160434800210160016880220A
:106EB00012040A4302600020C043B64908607047CC
:106EC00010B5364CE06F002801D0FFF7C8FFA0686E
:106ED000216808182060A068616808186060A068D0
:106EE000E0600020A0602069401C20616069401CB7
:106EF000606100F061F810BC08BC184790039FE582
:106F0000000090E50110A0E3A00B11E10B00000AC6
:106F100084009FE5081090E5011091E2081080E5DB
:106F20000100A0E36C139FE5AC0081E560029FE5E2
:106F3000001090E5801891E3001080E50C0000EA55
:106F400054039FE5000090E50110A0E3200211E149
:106F50000400000A44039FE5001090E5101091E33F
:106F6000001080E5020000EA0000E0E320129FE547
:106F7000000081E51EFF2FE110B513F0EFFA182293
:106F8000B0480100183104003034200013F012FC26
:106F900013F0EEFA10BC08BC1847000060EA00408D
:106FA0009A9999400AD7A33CE65A343844C002E083
:106FB000FF3FFFFF908002E07CB5A24C20682500D7
:106FC000183515F073F80600206915F06FF8010008
:106FD000300014F0DFFD616F14F064FF2860A069D9
:106FE000002113F0BDFE01D200202860A16FA0692E
:106FF00014F0B2FE13F010FF02000B0000209249C3
:1070000014F0C6FC13F0C4FE02001000002113F0BF
:10701000A7FE02D88D48E06107E0A069110014F0D6
:10702000B9FD216F14F098FEE0612068002810D0AF
:10703000206815F03BF813F0EFFE15F067F802003A
:107040000B000020824914F007FB13F0A1FE206220
:1070500001E080482062A06CE16E0818E066202202
:1070600021004C3125004835280014F0B3FFE068BA
:10707000A066E06E092848D320690A2845D300207D
:10708000050005E0042141436118896C6D18401C1E
:107090000928F7DBE06E15F009F8060020690938C9
:1070A00015F004F86C4914F075FD0100300014F07F
:1070B00071FD0600280014F0F9FF310014F0F2FE13
:1070C00013F0AAFE00900191300013F0A5FE15F018
:1070D0001DF802000B000098019914F0BDFA13F09E
:1070E00057FE6062606A13F097FE4900490800226B
:1070F0005A4B14F07BFA06D9606A594913F030FEF6
:1071000003D2002D01D10120E0676069FF212E31FB
:1071100088420CD36068002809D152488068002852
:1071200005D1514BA12251495148FAF7B5FA514ABC
:10713000F92080001058E16913F012FE04D3E069D1
:107140004D4914F071FA06D8206A4C4913F008FE34
:1071500001D2012000E000200006000EE16A814219
:1071600005D0E062002802D1012045495050E06975
:10717000414914F059FA06D8206A404913F0F0FD4D
:1071800001D2012000E000200006000EA06273BCC6
:1071900008BC18478C8002E010B52A4C606C0028AF
:1071A00025D0FA21490008000DF0ECF820008030CD
:1071B000016800291ED10121016007F041FD31481D
:1071C00007F0ADFC606B07F009FD2F482549096801
:1071D00081420FD027492D4A8A58002A0AD193228A
:1071E000D2008958002905D108F00FFC02E00020E8
:1071F00080216050206C00281DD020008430016860
:1072000000291BD10121016007F01AFD204807F079
:1072100086FC1D481349096881420FD015491B4A55
:107220008A58002A0AD19322D2008958002905D110
:1072300008F0EBFB02E000208421605010BC08BC89
:107240001847000060EA00400000F03F0050C347CC
:107250000000694000004843000010410000144055
:10726000000020C0E4EB004090BC02004CBC0200D7
:1072700060BC02006CD000400150C347000048428F
:107280005C040000A4BC0200E04503009C04000074
:1072900014BD0200848002E0F4E80040A48002E013
:1072A000AC8002E008B4024B9C4608BC6047C04674
:1072B000DCA701001B0000EAE004A0E3780A80E3F9
:1072C0000000D0E548169FE55C2491E5000052E3FC
:1072D0000300001A0020B0E1FF2012E2240052E374
:1072E0001000001A5C2491E57C3491E5030052E122
:1072F0000C00002A5C2491E5013092E25C3481E5C7
:10730000583491E50200C3E75C0491E57C2491E5E3
:10731000020050E10300002A0000A0E3582491E598
:107320005C1491E50100C2E710369FE50000D3E54B
:10733000010010E3DFFFFF1A8E02A0E3780A80E36A
:10734000000090E50C0010E20C0050E3D9FFFF0AAA
:107350000000D3E5200010E30C00000AB0259FE5F3
:107360006C0492E5701492E5010050E10700002AD8
:107370006C0492E5011090E26C1482E5681492E5C9
:107380000000D1E7E014A0E3781A81E30000C1E532
:107390000000D3E50E0010E30200000A0100A0E3A4
:1073A0006C159FE56004C1E51EFF2FE1E0B589493A
:1073B0008968002906D0884A00210004000CFAF7E9
:1073C0001BFD10E0C3490CC9083969460CC10839D6
:1073D00001006A4611801730694688806422684639
:1073E00003C8FBF777FF0FBC1847F8B5794C0025A9
:1073F00065602068002877D013F0B0F877482550F2
:107400008C20C000205C002804D07548255013F063
:10741000AFF869E072482658761E00E0761E002E0E
:1074200005D48B20C0002058805D2428F6D1012E81
:1074300009DA93480168934AA258914200D1056045
:1074400013F096F850E032008B20C00021588E488F
:107450002758380013F0AEF961482058801B00907F
:10746000009801280ADB009A8B20C000205881195F
:107470008B20C0002758380014F0ACFD80480099DC
:1074800001608049611802680B689A4205D22A009F
:107490008B23DB00E35800681A549120C0002018A9
:1074A00006608C22D200A25C8B4BE2544B4AA2585D
:1074B0009223DB00E25013F05BF8026809688A420D
:1074C00004D22900704AA2580368D15401686E485A
:1074D000205808F0F8FEB4480078022801DB0125A6
:1074E000FFE72D062D0E6560F1BC08BC184700B5FE
:1074F0003848016800290FD04168002909D0816807
:10750000002901D1012100E000210906090E816056
:1075100004E00121816001E00021816008BC18477E
:107520002C48010010318B22D20081507F49411834
:10753000554A81508421890041188D22D200815002
:10754000802189004F4A815046219022D2008150EB
:1075500077490A68802313430B607E490A688023B9
:107560001B0613430B600A687B4B13400B600A68D1
:107570007A4B13400B6000210160416081609621CD
:107580008901774A81509849C160704710B5874892
:107590000168802252040A430260854885490A68CE
:1075A000024080235B0313430B60834A0B68134044
:1075B0008024E4031C430C6080490B681840086079
:1075C000086802400A60AE48006800F00BF810BC82
:1075D00008BC184728D50040982002006404000029
:1075E0005C040000F0B50024754D2C60210005E01E
:1075F00022008D23DB00F3585A54491C7B4E902205
:10760000D200B2589142F3D3210009E022008B232B
:10761000DB00F3585A5422001B4BF3585A54491CB0
:10762000184AB2589142F1D30100714834502000F9
:107630008C22D200B0546F4834508E20C000345099
:107640006D4F832038706D48FAF71EF800092C60E2
:107650006B49087003203870012101430220084360
:1076600004210143C02008438649086007202860A0
:107670009E4880699321C9007050F0BC08BC18472F
:1076800084D900407C0400008404000080B58D484B
:107690000068002803D000208B49086017E0534899
:1076A000924989699322D2008258891A03290ED3FC
:1076B0002B4940189621890102688A4203D1E121B1
:1076C0004902016000E001600068FFF78BFF09BC20
:1076D0001847000030BE02008C04000033480168E7
:1076E0008A4A0A400260802089490860002089494E
:1076F0000860704780B580208749086000F007F86F
:10770000FFF744FF01208349086009BC184700B512
:107710008248006801004900C90F002903D1802078
:1077200000067F49086008BC1847000056020000A8
:1077300040C0FF3F00B57B4A2C492E4808588E2395
:10774000DB00C958884202D0521E002AF4D108BC7E
:107750001847000020C0FF3FFFFFFFDFFFFFFFBF14
:107760009C04000010B50400200013F023FA12F06E
:10777000F5FE002104E0625C6B4B1B685A54491C07
:107780008142F8DB634C01008D20C000205800F0DE
:1077900039F88E21C900605000F014F812F0E8FEAC
:1077A00010BC08BC1847000051DF0040C4C01FE0F7
:1077B000FFFFCFFF00C002E0FFFF3FFF40C002E03D
:1077C000048007E0094801210A4A81500021084A43
:1077D00081508C22D20081548D21C90040580078FC
:1077E00007490870704700000200010028D50040DA
:1077F0005C0400006C0400000C8007E000A08C001A
:10780000008007E010B502000023012003E01C0007
:10781000135C6340401C8842F9DB2A211154401C50
:1078200019000906090E090930310C002406240E3E
:107830003A2C00DBC91D1154401C1907090F3031C7
:107840000B001B061B0E3A2B00DBC91D1154401CFC
:107850000D211154401C0A211154401C10BC08BCBD
:10786000184700B58FB0684630493C22FFF71AFD33
:107870006846FFF777FFFFF75DFF0FB008BC1847BA
:10788000C4D90040088007E000B58FB06846284999
:107890003C22FFF707FD6846FFF764FFFFF74AFF4A
:1078A0000FB008BC184700B58FB0684621493C228C
:1078B000FFF7F8FC6846FFF755FFFFF73BFF0FB0F7
:1078C00008BC184708DF0040C8D9004000B58FB099
:1078D000684619493C22FFF7E5FC6846FFF742FF7E
:1078E000FFF728FF0FB008BC18470000B8EC0040B5
:1078F00080B50848C0681149884202D0FFF7FAFEF7
:1079000001E0FFF7EBFE09BC18470000FFFFFFFE98
:1079100058C0FF3F28D500405CC0FF3F34C0FF3F48
:1079200038C0FF3F8096980090D9004040BD0200CB
:107930007CBD0200B8BD0200F4BD020002000100DF
:10794000148007E000B58D480068002801D08C48FD
:1079500000E08C4808BC18478B4870478B4870473C
:1079600000B5002085490968002901D1884813E045
:1079700088490968002906D0022908D005D30429BE
:1079800009D006D308E0844806E0844804E084482F
:1079900002E0844800E0BD4808BC1847BC48704776
:1079A00000207C490860704780B5FA20800008F00C
:1079B000E5FA08F046F801200ABC184780B508F03F
:1079C00068F801200ABC184780B5B24808F01DF8D5
:1079D00001200ABC184780B5F9F70BFC01200ABC4E
:1079E000184780B565480068002802D1FFF782FE7D
:1079F00008E068480168491C01600168052901DB4D
:107A00000021016008F01DF801200ABC184780B56C
:107A1000A14808F001FB01200ABC1847012070476B
:107A200080B500F009F801200ABC18470120704712
:107A3000012070470020704780B59848FAF7C7F8D2
:107A40006E23F02235210020F9F7E6FF0021002007
:107A5000FAF778F802210120FAF76AF80020FAF71D
:107A600064F80020FAF75EF88D48F9F7CBFF8D48EF
:107A7000FAF76CF80120FBF763F9FAF70EF83F48C4
:107A80009421C9004158002903D08748F9F773FEB3
:107A90001FE00068002819D03E480068002806D082
:107AA00002280AD006D304280DD009D311E000F033
:107AB0007BF80EE000F0FAF80BE000F07BF908E04C
:107AC00000F0FCF905E000F04DFA02E0B548F9F7E6
:107AD00052FE0020FBF734F909BC1847F0B585B019
:107AE00004000D0016001F002000290000220023C2
:107AF00014F0C4FB03D20A9F802000064540049680
:107B00002000290014F0D8FB0600300014F01EFD00
:107B100002000B002000290013F03AFF0022A24BC4
:107B200014F0F6FB13F034F90500280014F0ECFC17
:107B30000400200013F0A6F90100280014F0B2F9A7
:107B400013F06AF90022984B14F0E2FB13F020F9CD
:107B500003A90F7000224A7003A9029113F05CF987
:107B60000090019123003200CE49049812F0C6FF24
:107B7000049805B0F0BC08BC1847000028D50040A8
:107B800038BE020058BE02007CBE020094BE020055
:107B9000ACBE020034ED0040BCBE0200D4BE020008
:107BA000ECBE020004BF020010B590B07F48F9F7A8
:107BB000E2FD7F4CDB208000201814F0F9FC5322FA
:107BC00000924E230BAAFFF789FF0200B64901A8D5
:107BD00012F094FF01A8F9F703FEDD2080002018C1
:107BE00014F0E6FC5722009245230BAAFFF776FF1C
:107BF0000200AE4901A812F081FF01A8F9F7F0FDDB
:107C0000DF208000205813F007F902000B00A8497C
:107C100001A812F073FF01A8F9F7E2FDE02080004F
:107C2000205813F0F9F802000B00A24901A812F045
:107C300065FF01A8F9F7D4FDE1208000205813F07A
:107C4000EBF802000B009C4901A812F057FF01A8B5
:107C5000F9F7C6FDFF202A30225CB94901A812F0CD
:107C60004DFF01A8F9F7BCFDB64C2078002805D0DF
:107C7000B548F9F7B5FD0020207002E0B3A0F9F790
:107C8000AFFD10B010BC08BC184700001CBF0200BC
:107C900038BF0200E045030034C30200003F3F004C
:107CA000010001005C4C02004CBF020010B590B016
:107CB000A748F9F795FD3E4C8B204000205C0090D2
:107CC000FF201630235C8A204000225CA14901A8D5
:107CD00012F014FF01A8F9F783FD532000904E2302
:107CE0000BAA8C204000201803C8FFF7F7FE020003
:107CF0006D4901A812F002FF01A8F9F771FD5720A4
:107D0000009045230BAA90204000201803C8FFF7DD
:107D1000E5FE0200654901A812F0F0FE01A8F9F79E
:107D20005FFD94204000225C8B4901A812F0E6FE22
:107D300001A8F9F755FDFF202A30225C874901A8E8
:107D400012F0DCFE01A8F9F74BFD98204000201846
:107D500003C813F01DF813F05FF802000B00804910
:107D600001A812F0CBFE01A8F9F73AFD9C204000D3
:107D700020180CC808384E4901A812F0BFFE01A80F
:107D8000F9F72EFDA820400020180CC80838D64965
:107D900001A812F0B3FE01A8F9F722FD10B010BC43
:107DA00008BC184790BF020000004E40C8BF020048
:107DB000F8DD004038B58CB0AC48F9F711FDAC4D9A
:107DC00001A88A214900695C0170002421004170EA
:107DD00001AAA84902A812F091FE02A8F9F700FD35
:107DE000FF205A302A5CA44902A812F087FE02A89C
:107DF000F9F7F6FCC4204000281803C812F0C8FFA9
:107E000013F00AF802000B009C4902A812F076FE5B
:107E100002A8F9F7E5FCC8204000281803C812F0B2
:107E2000B7FF12F0F9FF02000B004D4902A812F053
:107E300065FE02A8F9F7D4FCCC204000281803C83E
:107E400012F0A6FF12F0E8FF02000B00A74902A8FB
:107E500012F054FE02A8F9F7C3FCAA48F9F7C0FCD7
:107E60001AE0022060432818AF214900405A0090D0
:107E7000022060432818AE214900435A0220604383
:107E80002818AD214900425AB74902A812F036FE1F
:107E900002A8F9F7A5FCE41C0C2CE2DB0DB030BC09
:107EA00008BC1847B8BF020000C0020008C00200AA
:107EB00010C002001CC0020028C0020078B58BB0C0
:107EC00001210120F9F734FE694DD32040002E181E
:107ED0003288974901A812F011FE01A8F9F780FC39
:107EE00000241AE00C2060432818D5214900405A8C
:107EF00000900C2060432818D621490043580C20DC
:107F000060432818D4214900425A984901A812F028
:107F1000F5FD01A8F9F764FC641C30888442E1DBBC
:107F2000984901A814F064FB03E001A8F9F758FC94
:107F3000641C0C2CF9DB0CB070BC08BC18470000AA
:107F400034C0020088D9004040C002000D0000008B
:107F500050C0020058C0020070C0020080C0020081
:107F600094C0020018B591B08748F9F739FC404C2D
:107F70008648205C00908648235CC8208000225CF4
:107F8000844902A812F0BAFD02A8F9F729FCD22010
:107F90008000205C00908048235C8048225A804901
:107FA00002A812F0ABFD02A8F9F71AFC53200090CA
:107FB0004E230CAACA208000201803C8FFF78EFDAC
:107FC0000200784902A812F099FD02A8F9F708FC0E
:107FD0005720009045230CAACC208000201803C80D
:107FE000FFF77CFD0200704902A812F087FD02A88D
:107FF000F9F7F6FBCE20800020180CC808386B4932
:1080000002A812F07BFD02A8F9F7EAFBD02080005D
:1080100020180CC80838664902A812F06FFD02A8A3
:10802000F9F7DEFBD420800020180CC8083861491D
:1080300002A812F063FD02A8F9F7D2FB01A85E497D
:10804000615C01700021417001AA5C4902A812F034
:1080500055FD02A8F9F7C4FB12B010BC08BC1847C4
:1080600080B5574807F0D1FC09BC1847B4C00200DE
:10807000F8DD0040BCC00200C8C00200D4C002004D
:1080800080B5FFF723FC01200ABC184780B5FFF735
:108090000AFC01200ABC184780B5FFF7F5FB012058
:1080A0000ABC184780B5FFF7DCFB01200ABC184763
:1080B00000B54448C168444A914201D1434806E0B2
:1080C000C0684349884201D1424800E0424808BCA8
:1080D000184700B53B480068002801D1002000E0A7
:1080E0003E4808BC18470000A0C00200E0C00200E3
:1080F00000B534480068002801D1002000E038486D
:1081000008BC1847ECC0020000B52E4800680028E3
:1081100001D1002000E0334808BC184700B52948C9
:108120000068002801D1002000E02F4808BC184753
:108130000CC1020080B524482249CA68824202D19B
:108140002348C86008E0CA68214B9A4203D18020C6
:108150004002C86000E0C860CA682449244803F0AF
:1081600055FD00200ABC184700C102001CC10200D6
:1081700000B514480068002801D1002000E01D4827
:1081800008BC184734C1020048C1020022030000A5
:108190002103000058C00200490300004A03000008
:1081A00050C1020000C0020008C0020064C1020009
:1081B00078C1020088C102002303000094C10200BC
:1081C000D8C3020028D5004001000100A4C102006C
:1081D00002000100D4C1020008C2020038C202003D
:1081E00068C2020098C20200C8C2020000C30200B6
:1081F000F4C202000CC3020080B5FFF76FFA012041
:108200000ABC184708B4024B9C4608BC6047C046ED
:10821000ECD4010010B5754886490968091D01654F
:10822000002285494250854942508549425080216B
:10823000C90001620121C164824981621421C162C5
:10824000826110230363C2614163802343621A2366
:10825000036418234364816411007B4BC1540321E0
:10826000416002607949425079494250794942500F
:108270007949411878230B600968784BC1509621E1
:10828000774BC418200012F001FB10BC08BC184743
:10829000F8B574A17448FDF765FD0600002E01D104
:1082A00072487DE0724F514D102000902B00083332
:1082B000704A3900300003F04FFA6C4CA04201D1F3
:1082C00020006DE02B002C336B4A3900300003F0A6
:1082D000B1F9A04201D1200062E02B002833674AA7
:1082E0003900300003F0A6F9A04201D1200057E088
:1082F0002B003433624A3900300003F09BF9A0426E
:1083000001D120004CE02B004C335E4A3900300094
:1083100003F090F9A04201D1200041E02B0040334E
:10832000594A3900300003F085F9A04201D12000FC
:1083300036E02B004433554A3900300003F07AF917
:10834000A04201D120002BE02B004833504A3900D5
:10835000300003F06FF9A04201D1200020E02B0093
:1083600030334C4A3900300003F064F9A04201D1A7
:10837000200015E02B1D484A3900300003F05AF95F
:10838000A04201D120000BE033482B18CC4A390021
:10839000300003F04FF9A04201D1200000E000209E
:1083A000F2BC08BC1847F8B506000D0014002DA15A
:1083B0002D48FDF7D7FC0700002F05D1374B82224F
:1083C00037493848F9F768F923002A0031003800A6
:1083D00003F054F9BB49884201D0012000E000209D
:1083E0000006000EF2BC08BC184700000400004064
:1083F000F8B506000D0014001AA11B48FDF7B2FCE9
:108400000700002F05D1254B972227492548F9F76A
:1084100043F923002A003100380003F0A3FAA949E8
:10842000884201D0012000E000200006000EF2BCCE
:1084300008BC184780910040F8520000FC49000039
:10844000F8490000B80B0000F752000094530000F8
:1084500098530000A4530000A05300009C53000058
:10846000FC520000696E69001CC4020005400080D7
:1084700028C4020038C4020048C4020054C40200E8
:1084800060C4020074C4020084C402009CC40200E0
:10849000B4C40200C8C40200DCC4020050C502001B
:1084A00000C5020020C5020068C50200F0B58FB00B
:1084B000854F86A138000830FDF754FC01900198E3
:1084C000002801D17F48F6E0814C82483B18824A5F
:1084D0002100019803F0AEF87A4EB04201D130008D
:1084E000E9E03B001833A94A2100019803F0A2F803
:1084F000B04202D0B869292801DB3000DBE000255A
:1085000000E06D1CB869854200DBD1E02A00521CF6
:108510009F4909A812F0F2FA0B2000900CAB9DA223
:1085200009A9019803F018F9B04265D00CA80078A9
:10853000A42169437918984A88542D210CA814F075
:10854000E1FF00285AD0401C04902D21049814F01B
:10855000D9FF0400002C53D00498201A00900098F2
:1085600006284FDA05210022A420684338188B4BD7
:10857000C0180590059812F089F90598009A049999
:10858000A42068433818854BC01812F03FFB601CCC
:108590000490049812F00EFB00900098062833DA3D
:1085A00005210022A42068433818AF4BC4182000CE
:1085B00012F06CF9009A0499A42068433818AA4B69
:1085C000C01812F023FB03ABA8A209A9019803F07D
:1085D00031F8B0421AD00398112817DA0398A42171
:1085E00069437918A24A885400242000A4216943D1
:1085F0007918A04A885443E030005CE030005AE02B
:10860000300058E0300056E0300054E0300052E0D6
:10861000A420684338180221614340189649029A01
:1086200042522200521C954906A812F067FA02AB8A
:1086300006AA09A9019802F0FDFFB04234D0A42097
:10864000684338180221614340188D49029A42520A
:108650002200521C8B4906A812F050FA02AB06AA5F
:1086600009A9019802F0E6FFB0421FD0A420684398
:1086700038180221614340188349029A4252641C0F
:108680000398844200DB3CE72200521C7F4906A885
:1086900012F034FA02AB06AA09A9019802F0CAFF47
:1086A000B042B5D1300006E0300004E0300002E016
:1086B0000120386000200FB0F0BC08BC1847000053
:1086C000E8C4020005400080040000406C696200BC
:1086D0008CC502005430000094C50200F0B56C4C0B
:1086E000F32080002058002803D06A482058002832
:1086F00000D147E0684E306A022112F007F9050008
:10870000323D0220684320189421C900405A0221BA
:1087100069436118F6229200895A411A002931D022
:108720005E483718C820C00112F0F0F83860802089
:10873000400068433968022255436219F6239B00C2
:10874000D25A5143401A56497050306A316A022257
:1087500051436118534A895A80310912401A316ACB
:108760004910814207DA022148432018F621890086
:10877000405AB06206E0306A0221484320184A4954
:10878000405AB062F0BC08BC18470000A0C5020007
:10879000A8C502004E000000623000005830000002
:1087A000F8B504003C483D49415861433C4A825871
:1087B00089180E12002E01D5002604E0016A8E42AF
:1087C00001DB066A761E324D022171436918F622DA
:1087D0009200895A8C4222DA00E0761E0220704311
:1087E0002818F6218900405A844201DA002EF4D17B
:1087F0000220704328182D49405A001B12F0ACFA91
:108800000700022070432818F6218900405A201AD8
:1088100012F0A2FA874223DA761C21E0761C0221AC
:1088200071436918F6229200895AA14203DA016A5B
:10883000491E8E42F2DB022070432818F62189007F
:10884000405A001B12F088FA0700022070432818D3
:108850001549405A201A12F07FFA874200DB761E33
:108860003000F2BC08BC18475D3000004C6E0000C0
:1088700064300000FA3000006A300000B8C5020021
:108880008A300000C0C50200AA300000B0C5020056
:10889000AC530040D80B000004000040FC4900002D
:1088A000F8490000DA0B0000D6030000DA030000EC
:1088B000F7B584B00020029000200190002645E02A
:1088C0000522A42070432018C1494118280014F043
:1088D0002BFE0522A42070432018BE494118280011
:1088E00014F022FE0DE0BCA1A42070432018B94A68
:1088F000801812F023F90028E2D1C249280012F0B2
:1089000035FE0522C0A1280014F00EFE6846A42101
:1089100071436118BD4A895C30310170002141709A
:1089200005226946280014F0FFFD0522B8A12800A1
:1089300014F0FAFD0198401C0190B6482018016817
:10894000491C01600120B4496050761CB34CA069F9
:10895000864200DB52E1A42070432018B049405603
:108960000128F2D1A42070432018AE49405C69462A
:10897000097C8842E9D1AC4825189627280012F0D6
:1089800019F9381A0C2821D3019800281FD1A148C1
:108990002058012803DBB1A1280012F0E7FD05995A
:1089A000280012F0E3FD0698002800D1BCE0ACA13D
:1089B000A42070432018874A801812F0BFF80028BE
:1089C0000DD19A49280012F0D1FD9AE716E10198DD
:1089D0000128E8DB96A1280012F0C8FDE3E7A1A179
:1089E000A420704320187B4A801812F0A7F80028B2
:1089F00004D19D49280012F0B9FD82E776A1A42098
:108A000070432018734A801812F098F8002804D197
:108A10009549280012F0AAFD73E794A1A4207043A1
:108A200020186C4A801812F089F8002804D1904967
:108A3000280012F09BFD64E78EA73900A420704344
:108A40002018644A801812F079F8002804D13900FF
:108A5000280012F08BFD54E787A73900A42070434B
:108A600020185C4A801812F069F8002804D13900F7
:108A7000280012F07BFD44E780A1A4207043201859
:108A8000544A801812F05AF800280CD19627280072
:108A900012F090F8381A1B2804D37949280012F0F4
:108AA00065FD2EE7AAE0A1A1A42070432018494A41
:108AB000801812F043F800280CD19627280012F0F5
:108AC00079F8381A152804D39F49280012F04EFD72
:108AD00017E793E09DA1A420704320183D4A801819
:108AE00012F02CF800280CD19627280012F062F81A
:108AF000381A1C2804D39E49280012F037FD00E7DD
:108B00007CE00522A4207043201831494118280038
:108B100014F00AFD0522A420704320182D494118A5
:108B2000280014F001FDECE688A1A4207043201871
:108B3000284A801812F002F800280CD19627280045
:108B400012F038F8381A0A2804D38A49280012F09B
:108B50000DFDD6E652E0029800283FD1A4207043D4
:108B600020181C49405C552838D1A4207043201897
:108B70008149405C352806D0A420704320187E49E6
:108B8000405C38282AD101200290E06B7B4912F02A
:108B9000E7F804D27AA1280012F0E8FCB1E6E06B15
:108BA000784912F0DDF804D277A1280012F0DEFC3B
:108BB000A7E6E06B754912F0D3F804D274A128003F
:108BC00012F0D4FC9DE673A1280012F0CFFC98E6C9
:108BD0005D300000583000005250750021A1A420E3
:108BE000704320186C4A801811F0A8FF002800D0AC
:108BF00079E6B649280012F0B9FC82E607B0F0BC6D
:108C000008BC18474CC60200205B0000FA30000088
:108C10005D000000945300009853000004000040E1
:108C20006330000062300000FC520000C8C5020042
:108C30002000000000B5002100E0491CA448826922
:108C4000914209DAA4224A438218A24BD256002A42
:108C5000F3D10121C64A815008BC18470D0000001D
:108C60005500000057507500D0C502004E7000003E
:108C7000DCC502005468000052610000460000009C
:108C8000E8C50200F8B50400282C03DA904DA86965
:108C9000844202DB0020C04344E0A4206043281843
:108CA0008C4A8056012801D000203BE00F00A42010
:108CB000604328188849405C38702D207870002661
:108CC0003000B8700522A4206043281832494118AA
:108CD000380014F029FC052280A1380014F024FC8F
:108CE0000522A42060432818A2494118380014F036
:108CF0001BFC0522A0A1380014F016FC6846A42134
:108D00004C4329199D4A895C303101704670052217
:108D10006946380014F008FC0522AEA1380014F0B2
:108D200003FC0120F2BC08BC18470000537200008D
:108D300080B500F00DF866480021A74A81508C4AA2
:108D4000815009BC1847000000C60200480000001E
:108D500070B59621002422005D4DA0482E183000E9
:108D600011F094FD9E482C5070BC08BC18470000C0
:108D700010C602002CC602005F300000B91E053F7D
:108D8000445500001F856B3F4E5500000100A04177
:108D90004C4555004845550058300000F0B5B9B075
:108DA00007002BA88F493822FEF77CFA1FA88E49AE
:108DB0003022FEF777FA15A88C492822FEF772FABE
:108DC0000CA88B492422FEF76DFA01A889492C22B0
:108DD000FEF768FA88A1002F03D02BA8F8F7B9FC9A
:108DE00001003A004920FFF763FD83A4002F03D060
:108DF0001FA8F8F7AEFC0400354E962577483018CA
:108E000011F0D8FE281A05285BD33A0021004D2026
:108E1000FFF74EFD78A5002F03D015A8F8F799FCB1
:108E20000500764C96210091200011F0C3FE0099B8
:108E3000081A052845D33A0029005520FFF738FDC8
:108E40006DA5002F03D00CA8F8F783FC0500962130
:108E50000091200011F0AEFE0099081A052830D3C9
:108E60003A0029004E20FFF723FD63A5002F03D011
:108E700001A8F8F76EFC050096210091200011F082
:108E800099FE0099081A05281BD33A0029005020A2
:108E9000FFF70EFD36483058002807D0B048F8F7E5
:108EA00058FC0100200012F061FB0AE04A483058EB
:108EB000002806D1AB48F8F74CFC0100200012F066
:108EC00055FB39B0F0BC08BC184700003CC6020096
:108ED0000400004063300000623000002D000000FC
:108EE00070B50600A048A1494518A14C2968091D84
:108EF0002165296809889F4AA150F32189004158BA
:108F0000002906D09C494058002802D0206800283B
:108F10000AD1FFF70DFF9948F8F71BFC01002F4815
:108F2000201812F023FB17E008F064FCFFF710FF95
:108F300000F040F800F048FD0021C943884201D10B
:108F4000012000E000200A496050FFF773FE300066
:108F5000FFF724FF08F08CFC96222048211828688F
:108F6000CB4BC01811F052FE70BC08BC1847000073
:108F7000A45300005D3000005B000000FA300000E8
:108F800080B57948F32189004158002907D07A49F2
:108F90004058002803D076480068002801D10020FE
:108FA00006E008F027FC00F005F808F061FC01205D
:108FB0000ABC184710B56E4CE06AFFF7F1FBE061A0
:108FC00000F01EF800F050F900F056FA10BC08BC92
:108FD000184700005D3B200098530000FC52000041
:108FE000945300005CC6020094C60200C4C602008E
:108FF000ECC6020010C70200000000000053004051
:10900000F0B587B00020009000200020049061E0BF
:109010000698C117564A126D9446029B0422534388
:109020006246D258D31713F049FC029A521C02929E
:1090300024184D41069AD31713F040FC32003B0030
:1090400006000F00B6185F410198401E019001987C
:1090500000281ED003980599401803900398002813
:1090600002D10598414205910398C82189008842A0
:1090700006DB884BA322920087498848F8F70CFB4F
:10908000874803994056069002988021C90088427B
:10909000BEDB3748240A29060C432D120022002388
:1090A000121BAB4100990423594341184A65360C01
:1090B00039040E433F140021761C4F4100990422CD
:1090C00051434018774946500098401C009004983E
:1090D000401C049004982649096A88423CDA2249D7
:1090E0002348006B009A02235A438A186E4BD25AC7
:1090F00050438030801201900498019A801A0290A7
:109100000298002810D51A490020009A04235A43D7
:109110008A185065009A04235A438918614A885076
:109120000098401C0090D2E796200002009A02238B
:109130005A4389185C4A895A11F0E8FB0199414366
:109140000391414205910026002734003D0001981B
:109150004000401C019087E707B0F0BC08BC1847EE
:109160003CC702008CC70200AC530040D43D000055
:1091700004000040F8520000D80B0000D4C70200E1
:10918000F2B585B004000020029000200490002772
:10919000FF430197002003900026002532E0019A4A
:1091A000009B9A4208DA029AB61A019A521C009B56
:1091B0009A4201DA049AB61A8F420FDA039A002A09
:1091C0000CD104224A438218526DB6187F1C8F427C
:1091D00004DA04224A438218126DB6180F00009A6E
:1091E0000192029A0492019A04235A438018406D16
:1091F00002903000009A891A491C11F087FB206008
:10920000241D6D1C2948016A8D4229DA96490222E3
:109210006A438918954A895A8031059A1141002973
:1092200000D101216A1A00926918009A002A03D518
:1092300000202060241DE4E7026A914203DB016AFA
:10924000491E01220392019A002AA8D5009A914250
:10925000C4DB04235343C3185B6DF618521CF6E7B6
:1092600006B0F0BC08BC184738B5104D80482C1823
:1092700009212000FFF784FF8022520121002C00E9
:109280005434200011F096FA31BC08BC1847000095
:109290003410000018C8020000C8020020C50200F7
:1092A00028C8020054200000DC0B0000040000402D
:1092B000F5B583B00E0000246B48022171434018BD
:1092C0006A49405A00906B4D0098A96C48430A21A6
:1092D00011F01CFB8030C711634802217143401814
:1092E000F6218900405AFA2804DA3900C907C90F63
:1092F00078104718002F00D10127286C00994843A7
:109300000A2111F003FB803000120290686C009972
:1093100048430A2111F0FAFA8030001201900398B4
:10932000301A00900498801B0199081A11F014FD5E
:10933000B8423BDA02980099401A11F00DFDB8428C
:1093400026DA4948022171434018F6218900405A23
:10935000FA280DDB0398042148432818406D0128A2
:1093600014DB0498042148432818406D01280DDBC4
:109370000398042148432818406D012816DA049800
:10938000042148432818406D01280FDA01240DE01C
:109390000298301A002800D50020042148432818DC
:1093A000406D012801DA012400E00024002C55D092
:1093B000E86986422FDA286D04217143405800285D
:1093C00001D100244AE0286D042171434058296DE1
:1093D000019AB21804235A438958401A11F052FDD9
:1093E000002112F021F914D2010012F0B5FC07009F
:1093F000286D04214E438059401C11F043FD0100AB
:10940000380012F0C7FBAC4911F0AAFC26D20024A8
:1094100024E0002422E0E86C00281FD002984010CD
:10942000002800D1012001998910002900D10121D3
:10943000371A7618286A864201DB2E6A761E00E00B
:109440007F1CBE420ADB286D04217943405811F08D
:1094500019FD002111F084FCF2D80024200005B091
:10946000F0BC08BC18470000AC530040DC0B000007
:109470005410000004000040F0B587B000200290B6
:10948000002400200490002006908C4E30005430C0
:10949000039003980768002089497050012536E041
:1094A0008848022161434018F6218900405AFA2871
:1094B0002CDA0024681E029028E002214143059A1C
:1094C000914220DA022111F021FA0599029A04232F
:1094D0005A43B218526D891A884214DA0599042247
:1094E0006A43B218126D891A88420CDA6A1E21008A
:1094F0000298FFF7DDFE002805D0012004214C432F
:1095000031196F4A88500024681E02906D1C306A21
:10951000854267DA0020042169437118684A88503F
:109520000398001D039003980068C11B07000029E1
:109530000FD50020C043049004980699401A04995E
:109540000691029900290ED10128DFDB681E0290E6
:10955000DCE7012902DB01200490EDE7306A401EC0
:109560008542E9DAD2E7002C05D10121C9438842BE
:10957000CCD16C1ECAE7291B022805D00028C5D112
:10958000306A401E8542C1D10229BFDB032987DB37
:10959000042060433018406D0590706812F0D6FFCB
:1095A00000900191042060433018B249405811F0F6
:1095B00069FC11F031FC12F0A9FD009A019B12F038
:1095C000A7FE12F079FE3F49022262438918F62273
:1095D0009200895AB26A8A4295DBFB2900DA6CE76D
:1095E00001006CE707B0F0BC08BC184730B535493E
:1095F000022250430818F6218900445A06252F48B4
:10960000406B6043FA2149004018FA218900F8F7BD
:109610003BF8A84208DA222C05DA2800032111F0D1
:1096200075F9281A00E0280030BC08BC1847F8B5C6
:1096300007003800FFF7B4F804002000FFF7D6FF5A
:109640001E4D0421614369180E0054363918AA6A68
:10965000914204DA0800FFF7A3F8001B03E0381A70
:10966000FFF79EF8201A71683268914202DA0021F1
:10967000C94300E00121012907DB22182B6A9A4225
:109680000DD3286A001B401E09E0221A002A06D1C9
:10969000200004E004224A43B6186418401E002843
:1096A00005D004224A43B25833689A42F2DA2000C5
:1096B000F2BC08BC184700000000C841040000408C
:1096C00054100000AC530040F8B586B000200100F3
:1096D000B34A1170009002E00098401C009000987E
:1096E000B049096A884200DBBFE0AE480099042215
:1096F00051434018AC4940580128EDDBA948009976
:10970000042251434018406D022111F0FFF80590EA
:1097100000242500009E5848009902225143401819
:10972000A249405A8030C0110390039804909D488C
:10973000042171434018406D01900198002824D401
:10974000019811F09FFB0100080012F005FB029048
:109750000298290013F05EF80500300011F092FB2A
:10976000029912F0F9FA210013F054F80400761E61
:1097700005980199884208DA002E06D40498401E04
:10978000049004980128D2DAFFE7009E761C854FEA
:10979000042070433818406D01900198002825D4AA
:1097A000019811F06FFB010012F0D6FA02900298B6
:1097B000290013F02FF80500300011F063FB0100C1
:1097C000029812F0C9FA210013F024F80400761C64
:1097D00005980199884209DA386A864206DA0398C0
:1097E000401E039003980128D1DAFFE720002900EA
:1097F00012F0D0F905006A4C6A48217804225143DE
:1098000040186B494550280011F006FB0022694BB7
:1098100012F046FF12F050FDFFF7E8FE6149227892
:1098200002235A438918644A8852280000F096FEA1
:1098300011F0F2FA00225F4B12F032FF12F03CFD01
:109840005849227802235A4389189422D201885217
:109850000120544922788918584A88542078401C9D
:1098600020702078FF2800D036E707B0F0BC08BC95
:109870001847000054200000AC530040F1B582B0FE
:1098800000200299C87200200299C8810020029924
:10989000088200271FE0FF21029A101892228154AB
:1098A00013E0401CB84210D2029909189222895C38
:1098B000009A9142F5D102990222424389187222FC
:1098C000895EA942E7DAFF20009000980299C91941
:1098D000922288547F1C0298007B87425DD2002030
:1098E000029902227A438918722288522D48806A8E
:1098F000029902227A4389181222895E884209DB82
:1099000002980221794340181221405E2549C96A14
:1099100088420CDA00200100029A02237B43D2180D
:109920005186029902227A43891852228852244D84
:10993000FF200299C9199222885400241BE0029842
:109940000221794340181221405E022161437118BF
:109950009422D201895E401A11F0FEF90002022120
:1099600061437118144A895E10F0D0FFA84201DAF1
:1099700005000094641C0B4E1248305C8442DED318
:10998000FF20801C8542A5DA2800029902227A4332
:10999000891872228852002084E7F7BC08BC184757
:1099A000FB5200400400004054100000DC0B00009B
:1099B000FC4D00000000E03FFE4B0000F8510000AD
:1099C000FFFFFF0FF7520000F8B584B0002012E04F
:1099D0000022B54913000C18B44D635502234343CC
:1099E000CB189424E4011A53002204234343C918DA
:1099F000AF4BCA50401CFF28EAD3FFF765FEAA4CC4
:109A0000AC48205C00280CD1AB482118002004E0B1
:109A10000022D243CA72A431401CA2699042F7D3FB
:109A20003BE1A069002800D137E1A34825180026B2
:109A30000AE02800FFF722FF0020A42171436118EB
:109A40009E4A8854A435761CA0698642F1D3012031
:109A5000019099482518002608E00B202856002878
:109A600002D1280000F050FDA435761CA069864282
:109A7000F3D30198002805D0002001908E482618C5
:109A800000250EE00021080003E10B2030560028DD
:109A900005D1019F300000F061FB38430190A436EE
:109AA0006D1CA0698542F0D300252EE0009E8E42F9
:109AB0001CD002264E4386195227F65B002E15D085
:109AC00002264E4386195227F65B022E00DB521CFB
:109AD00046189227F65DFF2E08D046189227F65DAD
:109AE000A619724FF65D002E00D05B1C491C067B48
:109AF000B142DBD3002A01D0002B05D001210A009E
:109B0000C272019100F0D6F96D1C6A48205C854252
:109B100048D260196549405C0028F5D06648211894
:109B2000FF20002203E010000093A431521CA3691F
:109B30009A4217D20B23CB56002B05D00B23CB56C2
:109B40000126F643B342F0D1002300E05B1C0E7BFC
:109B5000B342EAD2CE189227F65DAE42F6D1FF2884
:109B6000E1D0D1E7FF28CFD0A421484320185249A3
:109B700040180099022251434118498E0029C3D050
:109B800000990222514341185222895A0229BBDB13
:109B90000B2141560122D2439142B5D000210A0047
:109BA0000B00A4E7019800285BD1002700E07F1C90
:109BB000A069874255D2A42078432018984940567E
:109BC0000028F4D101200090A420784320183A49BD
:109BD000401800F01BFA0390374825180020029027
:109BE000002601E0A435761CA069864225D20B2010
:109BF0002856002805D00B2028560121C943884249
:109C0000F0D1BE42EED0A420784320182A49411852
:109C1000280000F055FA0028E4D101200290280025
:109C200000F0F4F90399884205DA0B202856012147
:109C3000C9438842D6D10020009000980028B6D0B1
:109C400003980428B3DB02980028B0D0A42047432F
:109C5000E0191949401801210A00C272019100F06F
:109C600029F91548201800221100A369994200D350
:109C7000EFE60B23C3560125ED43AB4201D11300A0
:109C8000C372A430491CF0E70A002318074D5A5547
:109C9000401C084AA25C9042F6D30020009006487F
:109CA0002718002001902BE004000040F85100002C
:109CB000FC4D0000F752000058300000FA30000060
:109CC000206D04216943405811F0DCF8310012F096
:109CD000A1FD06006D1C206A8542F1DB7248205808
:109CE00012F0E4F90100300011F054FF6F4911F057
:109CF0009BFC01D80120F872A4370198401C019008
:109D00000198A16988426CD20B20385600282DD4C6
:109D10000025387B8542EFD278199221405CFF28DC
:109D200013D0012631002018614A81543878552813
:109D30000BD1F879352802D0F879382805D1009868
:109D4000002802D100F06EF80096387842280BD136
:109D50007878612808D1B879332805D1F879332883
:109D600002D1380000F0F4FC6D1CD2E7387B0128EA
:109D7000C2D11220385E0028BED1A3482518287809
:109D8000002827D02878012811D19420C001261856
:109D90000020305EAD49401810F0DEFF1C2819DBB2
:109DA0000020305E4E3810F0D7FF062812DB2878EE
:109DB0000228A1D1A648205EA449401810F0CCFF8B
:109DC0001C2899DA9420C001205E4E3810F0C4FFA0
:109DD000062891DA344820581F288DD30026002504
:109DE00079E700F0E8FB0021080004E06218304B3E
:109DF000D25C8018491C844AA25C9142F6D3AD49DA
:109E00000A78904202D20020C04305E0087800287A
:109E100001D0012000E0002005B0F0BC08BC1847CC
:109E200063300000F8B5BA20FFF701FC0400A24837
:109E3000FFF7FDFBA14D042148432818406D11F0A8
:109E400021F806003000002111F0EEFB26D204209C
:109E500044432819406D11F015F8310011F09AFEB5
:109E60000022AE4B16001F0010F0D6FF32003B0060
:109E7000FEF7C8F9AAA20CCA12F04AFAAAA20CCAA2
:109E800012F00EFC0022AA4B12F042FA10F080FFF2
:109E9000A84911F0C9FB02D8AD4800E0AC48E8631E
:109EA000F1BC08BC18470000F852000001007A44D9
:109EB000F8510000F1B586B0FF200290002400E0C8
:109EC000641C0698007B844241D2069800199221B6
:109ED000405C00900098FF28F2D0784D0098281838
:109EE0009C49405C0028EBD0069802216143401851
:109EF000408E019001980028E2D00698022161432B
:109F000040185221405A0028DAD0069802216143B5
:109F100040181221405EFFF78AFB8727FF050421C6
:109F200048432818406D10F0ADFF390011F014FFC0
:109F30000600019810F0A6FF390011F00DFF002176
:109F4000009AAA18834BD154039604900294029865
:109F5000FF2855D000254FE00020009961187D4A68
:109F6000885448E00298854245D0069840199221CD
:109F7000405C00900098FF283DD0504C009820187D
:109F80007449405C002836D0069802216943401885
:109F9000408E019001980028DED006980221694386
:109FA00040181221405EFFF742FB8726F605042188
:109FB00048432018406D10F065FF310011F0CCFED1
:109FC0000700019810F05EFF310011F0C5FE049902
:109FD00011F0E0FD06003800039911F0DBFD3100BF
:109FE00011F0D8FD544910F0BBFE04D200200099B6
:109FF0006118584A88546D1C0698007B8542B1D37D
:10A0000007B0F0BC08BC1847F752000010B50100BB
:10A010000022100014E08B1892241B5DFF2B0ED041
:10A02000264CE3184B4C1B5D002B08D0401C022330
:10A030005343CB1852241B5B002B00D0401C521CF6
:10A040000B7B9A42E7D310BC08BC18474BFAFFFFC2
:10A05000024A000038B5FEF7A3FB0500002400E02B
:10A06000641C16483549415C8C421ED20421614370
:10A0700040183349405810F0CFFE0022314B12F007
:10A080000FFB12F019F93049022242438918324A73
:10A09000895A02224A4380321112421AAA42DFDA56
:10A0A00040188542DCDA012000E0002032BC08BC08
:10A0B00018470000FB520040E90300000400004084
:10A0C000F3B581B001200090029992310022130073
:10A0D00000E05B1C029C247BA3421BD20C78FF2C6B
:10A0E00014D01A4D2D191B4EAD5D002D0ED0019DC3
:10A0F00092350090160001E06D1C761C019F3F7B9D
:10A10000BE4203D22F78A742F6D10092491C009C90
:10A11000002CDED10098FEBC08BC1847D7A3E03F56
:10A12000D9CEF753E3A59B3FDBF97E6ABC74A3BF8E
:10A13000000059400100B44200002040F7520000E6
:10A14000FC4D00000000E03FAC5300400400004024
:10A150000000B442F8510000DC0B0000F1B58EB0F5
:10A16000C648406800020B90FF20069000200A902D
:10A17000002009900020089000200C9000200590FD
:10A180000020039000200490002007900020019000
:10A190000E98007B0D90002002902FE0002D2AD019
:10A1A00001200C9027E0380011F080FF01000D0025
:10A1B000380011F07BFF290011F0CEFD05000420CE
:10A1C0004643A019CF49405810F05CFE010028001A
:10A1D00011F0E0FC019912F01DFB01900A98401C5F
:10A1E0000A90002F02D00998401C0990022F02D338
:10A1F0000898401C08900298401C029002980D9903
:10A20000884200D38BE00E98029940189221405C5E
:10A210000E99029A02235A4389184D8EFF28BDD009
:10A22000964C042148432018CA49405810F0F4FDC8
:10A230000022C94B12F034FA12F03EF806000698DC
:10A24000FF2803D1002D01D0029806900E980299A4
:10A250000222514340185221475A002DCBD0002FE3
:10A26000C9D0042070432018406D10F00BFE009000
:10A27000280011F01BFF009911F06EFD00900420E2
:10A28000704320189F49405810F0FCFD01000098D1
:10A2900011F080FC0100039812F0BCFA0390280032
:10A2A00011F004FF0090280011F000FF009911F058
:10A2B00053FD05000420704320189249405810F0C7
:10A2C000E1FD0100280011F065FC079912F0A2FAE7
:10A2D0000790012F01D1002503E0380011F0E6FEC0
:10A2E0000500042070432018406D10F0CBFD2900BC
:10A2F00011F032FD050004207043201881494058B8
:10A3000010F0C0FD0100280011F044FC049912F087
:10A3100081FA0490012F00D045E700254FE70C9803
:10A32000002800D1E8E00A98002806D10020C043A8
:10A330000E99C87201200590DEE00898002804D02C
:10A340000498019911F026FC04900398079911F0E4
:10A3500021FC0390002500E06D1C0D98854200D380
:10A36000C0E00E9840199221465C0E980221694384
:10A370004018408E0E9902226A4389185222895A47
:10A380000028E9D00229E7D3069AAA4200D37EE04A
:10A390000998002874D0080011F088FE049911F083
:10A3A000DBFC04000E980221694340181221405E34
:10A3B00000900098FFF73BF90290304F029804217B
:10A3C000484338184F49405810F05CFD10F024FD08
:10A3D00011F09CFE10F0DCFC01908720C0052100EC
:10A3E00011F0BAFC019911F0D5FB04000E980B2175
:10A3F0004056002806D100985A2803D30120C043B4
:10A400000E99C8720B9810F03DFD210010F0A8FCC9
:10A41000A2D20E980B2140560121C943884203D194
:10A420000220C0430E99C87202980421484338188C
:10A43000406D10F027FD8721C90511F08DFC0199B1
:10A4400011F0A8FB01900B98022110F05FFA10F0B8
:10A4500019FD0100019810F083FC1FD2FF2E05D1D9
:10A460000098FFF7F7FD002800D075E70020C043F3
:10A470000E99C8720120059034E0C04604000040E7
:10A480000020C0430E99C872012005902AE011F007
:10A490000DFE039911F060FC040083E706988542E5
:10A4A00000D159E70B98800010F0ECFC210010F06F
:10A4B00057FC00D350E72000019911F0F3FC9E49AE
:10A4C00011F0B2F800D947E7FF2E05D10098FFF749
:10A4D000C1FD002800D03FE70020C0430E99C8729C
:10A4E000012005900E980B2140560221C943884255
:10A4F00002D100200E99C87205980FB0F0BC08BCBC
:10A50000184700005420000030B5017B002200E015
:10A51000521C8A4218D2831892241B5DFF2BF7D05D
:10A520000224544304195225645B002CF0D0022409
:10A5300054430419648E002CEAD0804CE318804CFC
:10A540001B5D002BE4D002E00021C943C17230BC86
:10A5500008BC1847FC4D00000000E03FF8B50400BF
:10A56000200012F03BF90500764F022068433818AE
:10A57000F6218900405A11F099FD06000220684337
:10A5800038187149405A11F091FD0700280011F068
:10A590008DFD0100200011F085FC04003800310021
:10A5A00011F080FC210011F0D7FB310012F032F9DC
:10A5B000F2BC08BC1847F8B588B060484068000293
:10A5C000079062480590002006909BE005980221C4
:10A5D00069434018408E002878D0059802216943CD
:10A5E00040185221405A002870D0059840199221F5
:10A5F000405C01000906090EFF2967D04F4E01009B
:10A600000906090E71184E4A895C00295ED00006C1
:10A61000000E042148433018BD49405811F074FF22
:10A620000700380000040014042141437018406DF5
:10A6300011F08CFF02900391079812F04BF90090F3
:10A6400001913F043F14042078433018B149405829
:10A6500010F018FC10F0E0FB11F058FD009A019B7F
:10A6600011F056FE0022AC4B10F0F6FF02000B007A
:10A670000298039910F0F0FF11F0F2FF01000904B5
:10A680000914062900DB0520332148436946088068
:10A690008026760005980221694340187221405EA9
:10A6A00010F05AFB301AFF21484300126A4600217D
:10A6B000515E4843000A0004000CB04200D3FF2062
:10A6C000241868466946097C491C01746D1C05986C
:10A6D000007B854200DA79E7200000040014FF289F
:10A6E00000DDFF242404241420001E2110F00EF9A4
:10A6F000401C0599A22288540598A430059006981C
:10A70000401C069006980D498969884210DA002598
:10A7100028000599A222885405980B21405600066E
:10A7200000160128E8DB2C00280069460874CEE7F3
:10A7300009B0F0BC08BC18470100204504000040E7
:10A74000F8510000AC530040DA0300005C300040D8
:10A75000F1B584B000206946C88000206946888031
:10A760000020694608800025002069468870C820BE
:10A770004000FEF715F80600FA204000FEF710F83A
:10A7800069460881654C30000004001404214143EF
:10A7900060185430016813E012061216012A0EDB0D
:10A7A000721E6B469A800AE0012B01DB012517E03F
:10A7B000320012041214236A5B1E9A4210DA761CCD
:10A7C00032006F460823FB5E120412149A4273DAB9
:10A7D000001D0268531A1100002BE5D50025ED433A
:10A7E0006A469278AA1A6B469D706F460423FB5EF8
:10A7F000002BD1D06F460023FB5E002B08D1012334
:10A80000DB43120612169A42D9D16A461680D6E761
:10A810006B461B88F31A17003F063F16022F0AD01B
:10A8200012061216002ACAD1320012041214276A24
:10A830007F1EBA42C3D11A0012041214022ABEDBD0
:10A840001B041B14032BBADB6B4600229A5E042305
:10A850005343E218576D01220BE06F460023FB5E65
:10A8600017003F043F14DB1904277B43E3185F6D97
:10A87000521C13001B041B140B2B0EDABC466F4634
:10A880000023FF5E13001B041B14FF1804235F4307
:10A89000E3195B6D67469F42DFDA12041214062A41
:10A8A0008DDB69460020085E10F0ECFAFFF756FEDB
:10A8B00011F02AFE6946C88069460620085EFF211D
:10A8C0009231401A22281FD215482018002101E099
:10A8D000A430491C0A0012041214A3699A4213DA24
:10A8E0000278522AF4D14278502AF1D18278752A1E
:10A8F000EED1049AD27AC272062009040914A42265
:10A900004A43A118074A885405B0F0BC08BC184750
:10A91000FC4D000054200000000070400400004086
:10A9200058300000FA3000009C4870479C4870473F
:10A930009C4870479C4870479CA0704710B5972171
:10A94000890000229A4C20000FF0A0FF10BC08BC28
:10A95000184780B5FFF7F2FF05F073F801200ABC35
:10A9600018470120704780B5924805F04EF8012045
:10A970000ABC184710B5EA23F02235210020F7F76A
:10A980004BF800210020F7F7DDF80120F7F7CDF8AC
:10A9900001210120F7F7CCF88748F7F733F887480B
:10A9A000F7F7D4F8824C201DF6F75EFF21680D31D1
:10A9B000814202DA2068401C206005F06AF801201C
:10A9C00010BC08BC184780B579480168002902D03E
:10A9D0000168491E016005F05CF801200ABC1847B7
:10A9E000012070470120704780B500F009F8012070
:10A9F0000ABC1847012070470120704701207047AA
:10AA0000F8B56F48F7F7E3F8EA23F0223521002084
:10AA1000F7F702F800210020F7F794F80120F7F784
:10AA200084F801210120F7F783F86348F6F7EAFF7D
:10AA30006248F7F78BF80120F8F782F9F7F72DF85D
:10AA40009621890000225F4C250028000FF01EFF90
:10AA50005D48F6F77EFE06005C4D200010F0AAF877
:10AA60002A1A012A03DB3100200012F05DFD584E46
:10AA7000706A00280DD05748F6F76BFE07002000DB
:10AA800010F098F82A1A012A03DB3900200012F08E
:10AA90004BFDB06800280DD04F48F6F75AFE07006E
:10AAA000200010F087F82A1A012A03DB3900200061
:10AAB00012F03AFDB06900280DD04848F6F749FE7B
:10AAC0000700200010F076F82A1A012A03DB39006B
:10AAD000200012F029FDF06900280DD04048F6F75B
:10AAE00038FE0700200010F065F82A1A012A03DB5F
:10AAF0003900200012F018FD306900280DD03948C7
:10AB0000F6F727FE0700200010F054F82A1A012A51
:10AB100003DB3900200012F007FD706900280DD01A
:10AB20003148F6F716FE0700200010F043F82A1A05
:10AB3000012A03DB3900200012F0F6FCF06800283F
:10AB40000DD02A48F6F705FE0700200010F032F875
:10AB50002A1A012A03DB3900200012F0E5FC306AD2
:10AB600000280DD02248F6F7F4FD0600200010F072
:10AB700021F82A1A012A03DB3100200012F0D4FC4C
:10AB80000B4801682000F6F7C5FEF8F7E3F800204F
:10AB9000F8F7D6F8F1BC08BC184700007CDE0200CC
:10ABA00090DE0200ACDE0200C0DE02000000000009
:10ABB000C4E40040944D030001000100B0330200E2
:10ABC000003F3F00C8E40040D4DE0200570200000E
:10ABD000E4EB004038DF020060E0020094E1020094
:10ABE00098E2020058E30200DCE4020004E60200FE
:10ABF000E8E602001CB501224BA14C48FAF7D0FF51
:10AC0000002801D100200EE000240094F723484AD8
:10AC10006946FBF7AFFA4749884201D0012000E0BE
:10AC200020000006000E16BC08BC18477CB5424C3C
:10AC300042A12000FBF796F80600002E01D100206B
:10AC400021E0012238A12000FAF7AAFF0500002D1B
:10AC500001D1002017E0002420003000FBF70DF99F
:10AC6000002801D100200EE00090002300223100D6
:10AC70002800FBF7F5FE2F49884201D0012000E0B3
:10AC800020000006000E76BC08BC1847F8B501226B
:10AC900025A12948FAF784FF002801D1002024E0EB
:10ACA00000260096C5235B00254A6946FBF762FA39
:10ACB00005002048854210D0224F234C226F2349A3
:10ACC000380000F0D1FF626F2149380000F0CCFF5E
:10ACD000A26F2049380000F0C7FF1648854201D016
:10ACE000012000E030000006000EF2BC08BC18474E
:10ACF0001CB5012218A11948FAF752FF002801D10A
:10AD000000200EE000240094154B164A6946FBF71C
:10AD100031FA0849884201D0012000E020000006F5
:10AD2000000E16BC08BC1847696E690044E80200B2
:10AD300048CB02000540008050E8020062616B00D1
:10AD4000D0F6020058E8020060EA004068E802001D
:10AD500070E802007CE802006C69620088E802008A
:10AD60003B12000040CC0200F8B5C44CA5440020C2
:10AD7000F6F7DBFE00210020F6F7E4FEC048F6F708
:10AD8000E5FE0020F6F7CEFE01210120F6F7D0FE09
:10AD9000BC48F6F737FEFC208003F6F718FF312396
:10ADA000F022872149000020F6F736FE0A20F6F748
:10ADB00057FEB548F6F7DFFC8F277F002123F022EE
:10ADC00039000020F6F728FEB048F6F7D4FCB0A60C
:10ADD000300000F01DFEAF4CA04200D0A0E0FA20F1
:10ADE000800006F053FE0A20F6F73AFE002100200C
:10ADF000F6F7A8FEA8486844A8495422FCF752FA7E
:10AE0000A5486844F6F7BEFCA5480068002800D0B5
:10AE100086E0A4486844A4495C22FCF743FAA148B0
:10AE20006844F6F7AFFC00252800FFF7FFFE002876
:10AE300001D10125FFE72D062D0E002D20D1300078
:10AE400000F0E6FDA04238D10A20F6F709FE002105
:10AE50000020F6F777FEE1A894495422FCF722FA85
:10AE6000E1A8F6F78FFCC8A891496422FCF71AFA0A
:10AE7000C8A8F6F787FC8F4806F008FE01251CE0FD
:10AE80000A20F6F7EDFD00210020F6F75BFEB3A8DF
:10AE900089495422FCF706FAB3A8F6F773FCA1A877
:10AEA00086494822FCF7FEF9A1A8F6F76BFC0120C1
:10AEB0008349C8607F4806F0E9FD002D30D00A20A4
:10AEC000F6F7CEFD00210020F6F73CFE7D486844F1
:10AED0007D495422FCF7E6F97A486844F6F752FCBB
:10AEE0007A4868447A495022FCF7DCF9774868448C
:10AEF000F6F748FCFFF7CAFE00280BD0300000F040
:10AF000087FDA0420CD1734BD52273497348F6F7E5
:10AF1000C3FB05E0724BD8226F497048F6F7BCFBC3
:10AF2000D2A1D348FAF71EFF002802D101206449BC
:10AF3000C860F7F74BFDFC208003F6F748FE504849
:10AF4000F6F704FE3123F022872149000020F6F7AE
:10AF500063FD0A20F6F784FDC648F6F70CFC2123B2
:10AF6000F02239000020F6F757FDC348F6F703FC3E
:10AF7000FDF78EF9A0423ED101205149C861FA2067
:10AF8000800006F083FD0A20F6F76AFD002100200C
:10AF9000F6F7D8FDE120C0006844B8495C22FCF710
:10AFA00081F9E120C0006844F6F7ECFB3C480068FA
:10AFB000002820D1B2486844B2493C22FCF772F91B
:10AFC000AF486844F6F7DEFBFFF714FE00280BD00D
:10AFD000FDF75EF9A0420ED1AB4BFF2210323E4985
:10AFE0003E48F6F759FB06E0A84B892252003A4941
:10AFF0003A48F6F751FBFA26B600300006F046FD57
:10B000000A20F6F72DFD00210020F6F79BFDA04851
:10B01000F6F7B1FB0AF04EFE0500A5422AD1012049
:10B0200027490861300006F031FD0A20F6F718FDC7
:10B0300000210020F6F786FDD120C0006844954924
:10B040004422FCF72FF9D120C0006844F6F79AFBA0
:10B050009148684491496422FCF724F98E48684479
:10B06000F6F790FB8EA18F48FAF77CFE002801D0FE
:10B07000FAF72EFDA5426CD0002040E048F7FFFF14
:10B08000843E020001000100ACE80200F8E8020082
:10B09000696E6900054000806408000064E90200F0
:10B0A000A4E9004008080000B8E9020014EA020020
:10B0B00068EA0200B80B0000CCEA020020EB0200B4
:10B0C000E4EB0040B407000068EB020064070000F6
:10B0D000BCEB020040EC020090E802000CEC020025
:10B0E0005CEC0200CF49022242438A18F6239B00FF
:10B0F000D25A04234343C918CB4BCA50401C802169
:10B10000C9008842EEDB01252800C84908800121DA
:10B1100064480AF0B7FB00281BD1C548056230001F
:10B1200006F0B4FC0A20F6F79BFC00210020F6F79D
:10B1300009FD7EA8BF498C22FCF7B4F87EA8F6F77B
:10B1400021FB5EA8BC498022FCF7ACF85EA8F6F7AC
:10B1500019FB0AF0F1FDA0421CD10120B44908619D
:10B16000300006F093FC0A20F6F77AFC002100205C
:10B17000F6F7E8FC50A8B1493822FCF793F850A83C
:10B18000F6F700FB43A8AE493422FCF78BF843A83E
:10B19000F6F7F8FA0AF042FE0500A5422CD101208C
:10B1A000A3490861300006F071FC0A20F6F758FC4C
:10B1B00000210020F6F7C6FCFFA8FF30F130A149BE
:10B1C0003822FCF76FF8FFA8FF30F130F6F7DAFA13
:10B1D000FFA8FF30BD309C493422FCF763F8FFA87C
:10B1E000FF30BD30F6F7CEFA2DA198A0FAF7BAFDE0
:10B1F000002801D0FAF76CFCA54201D00BF03DF914
:10B200000AF05EFE0500A5422CD101208849486164
:10B21000300006F03BFC0A20F6F722FC002100205B
:10B22000F6F790FCFFA8FF307D3089494022FCF7FB
:10B2300039F8FFA8FF307D30F6F7A4FAFFA8FF30F9
:10B24000193084496422FCF72DF8FFA8FF3019302B
:10B25000F6F798FA12A18048FAF784FD002801D089
:10B26000FAF736FCA54255D0002029E062616B0058
:10B2700050E8020084EC0200D0EC020038ED02003D
:10B28000CC06000094ED0200D0ED0200F0ED0200CB
:10B2900018EE020078EE020024060000BCEE020068
:10B2A00073707A0020EF02005E49022242438A183E
:10B2B0006A4BD25A04234343C9185B4BCA50401C03
:10B2C0008021C9008842EFDB01252800574908800A
:10B2D000012161480AF0D6FA00281BD154480562C2
:10B2E000300006F0D3FB0A20F6F7BAFB002100205D
:10B2F000F6F728FC20A899498C22FBF7D3FF20A859
:10B30000F6F740FA684696498022FBF7CBFF68467D
:10B31000F6F738FA09F053FA300006F0B7FB0A20C6
:10B32000F6F79EFB00210020F6F70CFC8D48F6F79F
:10B3300022FAFDF7BBF8A0426ED101203C4988619A
:10B34000300006F0A3FB0A20F6F78AFB002100205C
:10B35000F6F7F8FBFFA8B43083496422FBF7A2FF9D
:10B36000FFA8B430F6F70EFAFFA864307F495022E8
:10B37000FBF798FFFFA86430F6F704FA300006F0F8
:10B3800085FB0A20F6F76CFB00210020F6F7DAFBBC
:10B390007748F6F7F7F9A44DA4492800083011F0D2
:10B3A00027F9FDF783F8A04236D1300006F06EFB96
:10B3B0000020A861FFA818309D494C22FBF772FFBE
:10B3C0000A20F6F74DFB00210020F6F7BBFBFFA893
:10B3D0001830F6F7D7F9A748006800281CD1F6A85E
:10B3E000A5493C22FBF75EFFF6A8F6F7CBF9FFF77D
:10B3F0007FFC00280AD0FDF759F8A0420CD1AC4BD5
:10B40000AC4AAD49AD48F6F747F905E0AC4BAD4A5B
:10B41000A949AA48F6F740F9CB488544F0BC08BCD6
:10B4200018470000AC530040301C0000D86F0040AB
:10B43000E4EB004028EF0200B4EF020034F0020019
:10B440006CF00200A0F00200D8F0020064727700F5
:10B450000CF102004CF10200B0F10200DC0B000024
:10B46000FCB59DB005000C0016001E98652805DB94
:10B47000B64BB74AB7499148F6F70EF902946421E2
:10B480000024220004AF38000FF000FA0298006890
:10B49000623801900198002800D50194019803902A
:10B4A000029800680199431A5B1C012B01DAC3481A
:10B4B0004FE0642B00DB6323280004AA01A9FAF7FC
:10B4C000FBFCBE4DA84201D1280042E0002801D17A
:10B4D00034703EE00D2104A812F000F9002807D1D5
:10B4E000002104A812F00EF8002801D1280030E055
:10B4F0000100491E04AA914202D30A780D2AF8D10C
:10B500004F1CC01B00901E980099884201DA280049
:10B510001FE00098002804D1387830702000707047
:10B520000CE0009A3900350028000FF043F900982C
:10B530001E99884202DA200000997054039804A9E9
:10B54000791A491E4018002800D520000299086089
:10B5500000981FB0F0BC08BC18470000B8F102000A
:10B5600044F20200C4F2020038F302009CF302002D
:10B57000ECF30200FCB59BB005000C0016001C9813
:10B58000652805DB714BBD4ABD494C48F6F784F888
:10B59000009464210024220002AF38000FF076F9F5
:10B5A000009800680190642302AA01A92800FAF714
:10B5B00083FC824DA84201D1280031E0002801D14E
:10B5C00034702DE00D2102A811F09CFF002807D156
:10B5D000002102A811F096FF002801D128001FE0E9
:10B5E00002A9471A1C98B84201DA280018E0002F77
:10B5F00004D16846007A3070747009E03A0002A9FC
:10B60000350028000FF0D6F81C98874200DAF45570
:10B61000009801683800401C08180099086038003C
:10B620001DB0F0BC08BC18470400004088E80200C8
:10B6300040F40200F1B59AB00D0016001C00642120
:10B64000002201AF38000FF021F96420009001AB17
:10B65000320029001A9800F07FF801005748814213
:10B6600004D001A812F01EF8206000201BB0F0BC2E
:10B6700008BC1847A4E900408CF4020078B599B0E2
:10B6800006000D0014001A00B5A168460FF036FA46
:10B690006B4622002900300000F064F901004748A1
:10B6A000814200D000201AB070BC08BC18470000CE
:10B6B000C8F40200FF01000090E802000CEC020058
:10B6C000E4F4020002020000F1B59AB00D00160089
:10B6D0001C006421002201AF38000FF0D7F864206D
:10B6E000009001AB320029001A9800F035F80100F3
:10B6F0003248814206D001A8F8F718FF0FF048FB46
:10B70000206000201BB0F0BC08BC184778B599B089
:10B7100006000D00140018000FF07EFB02000B0065
:10B72000B7A168460FF0EAF96B4622002900300005
:10B7300000F018F901002148814200D000201AB021
:10B7400070BC08BC18470000BC08000028F50200C7
:10B750002602000008F50200F1B582B017001E00B5
:10B7600000240094029800F08DF80090134D00988A
:10B77000A84201D128001EE03A000099029800F08A
:10B780001FF800900098A84201D1280013E0089FFC
:10B7900039002200340020000FF078F83B0032001E
:10B7A00069460298FFF7E6FEA84201D1280002E0B0
:10B7B00030000FF0FFF9FEBC08BC184705400080C0
:10B7C000F7B59CB0642001901E980FF0F3F90700C4
:10B7D00000241D9800908B4E3068002802D43068F9
:10B7E0000090FFE706F07EF9019B02AA69461C98CB
:10B7F000FFF7C0FE05008448854208D0012C02DB1B
:10B8000000998C4203DB6946097A5B290FD13168C4
:10B8100000290BD434680020C04330601D9800908C
:10B820003068002801D430680090DBE722E06846E9
:10B83000007A3B28D6D01E9902A80FF0BBFE002844
:10B84000D0D0C15D3D2902D0C15D2029CAD13D21A2
:10B8500011F058FE0028C5D0401C01782029FBD0EB
:10B860000099491B02AA801A0818401E00900098EF
:10B87000306000981FB0F0BC08BC1847710200008F
:10B8800048F50200F2B59CB00700604E1C99C82034
:10B89000800030180FF052F9002807D1C72080002F
:10B8A00030180168002901D4006855E00020C04329
:10B8B000C62189007050642002900025002000906D
:10B8C000C720800034182068002801D42068009028
:10B8D0001C980FF06FF90190FFE706F003F9029B47
:10B8E00003AA69463800FFF745FE4749884204D05D
:10B8F000012D16DB0098854213DA206800280ED44B
:10B9000025680020C0432060C621890070500020B7
:10B9100000902068002801D420680090DDE708002E
:10B920001AE06846007B3B28D7D06846007B5B283E
:10B93000D3D11C9903A80FF03DFE0028CDD001996A
:10B94000405C5D28C9D11C99C8208000301810F0D7
:10B950004FFE0098206000981DB0F0BC08BC18474E
:10B9600025640000F0B59DB0070016001D00002002
:10B9700000903800FFF786FF0090A04C0098A0428E
:10B9800001D1200037E0320000993800FFF718FF9E
:10B9900000900098A04201D120002CE00098029075
:10B9A00064200190019B04AA02A93800FFF7E2FD80
:10B9B0000600A64201D120001DE0039503980FF078
:10B9C000F9F805000198854201DB200013E0721BA5
:10B9D00000993800FBF7AEF8002801D020000AE0FB
:10B9E0002B00039A69463800FAF7C4FBA04201D144
:10B9F000200000E000201DB0F0BC08BC184700008B
:10BA000025660000E4DC004005400080CCD9004001
:10BA1000FEB501007A48FAF7A5F90500002D01D11D
:10BA20007648E7E0774F6B46774A39002800FFF702
:10BA300001FE724CA04201D12000DBE0844E009850
:10BA4000F0626B46834A39002800FFF7F3FDA042FD
:10BA500001D12000CEE00098B0607F4E6B467F4A57
:10BA600031002800FFF7E6FDA04201D12000C1E02F
:10BA70007B480099C422815007009C373B00794ADB
:10BA800031002800FFF720FEA04201D12000B1E0E4
:10BA9000FC21890538680FF063F900D239603868F5
:10BAA00082490FF0C1FD02D88020C0053860804F68
:10BAB0006B46804A39002800FFF7BCFDA04201D147
:10BAC000200097E07C4E00987C4970506B467C4A81
:10BAD00039002800FFF7AEFDA04201D1200089E027
:10BAE0000098C821090170506B46764A76492800B3
:10BAF000FFF7A0FDA04201D120007BE00098734930
:10BB0000C860734F734E33007033734A3900280096
:10BB1000FFF7DAFDA04201D120006BE0330074335F
:10BB2000A04A39002800FFF7CFFDA04201D1200034
:10BB300060E0330078339C4A39002800FFF7C4FDE9
:10BB4000A04201D1200055E0984E6B46984A310042
:10BB50002800FFF76FFDA04201D120004AE0954880
:10BB600002900098029908806B46934A31002800A1
:10BB7000FFF760FDA04201D120003BE08F4801901B
:10BB80000098019908808E4F8E4EF920800033185E
:10BB90008D4A39002800FFF797FDA04201D120000F
:10BBA00028E06B46894A39002800FFF743FDA04290
:10BBB00001D120001EE086483618009830606B46A0
:10BBC000844A85492800FFF735FDA04201D12000B5
:10BBD00010E00098814908700198008801F07DFB11
:10BBE0000298008801F08EFB306808F00DF901F032
:10BBF000C1FA0020FEBC08BC1847000005400080C8
:10BC000050E8020060F502006CF50200F8B506008D
:10BC10000D00140072A17348FAF7A4F80700002F72
:10BC200005D1714B714A72497248F5F735FD230011
:10BC30002A0031003800FFF721FD6F49884201D00A
:10BC4000012000E000200006000EF2BC08BC1847EE
:10BC5000E4EB004074F5020080F5020090F502006C
:10BC6000F4E80040A4F50200F8B506000D00140049
:10BC70005BA15C48FAF776F80700002F05D15A4B14
:10BC80005E4A5F495B48F5F707FD23002A00310053
:10BC90003800FFF73BFD5849884201D0012000E001
:10BCA00000200006000EF2BC08BC1847010000404E
:10BCB000B0F50200C4F50200D8B100407C0C0000D1
:10BCC000D0F50200F0F50200E4F5020028D50040AE
:10BCD00058E8020060EA004068E80200F3B595B059
:10BCE00001A848491CC91CC00C390C3800273D006C
:10BCF0000097FFE7322307AA69461598FFF73AFC39
:10BD000004003D49884248D0002CF3D00A213A0073
:10BD100004AE30000EF0BAFD380007A9085501A99D
:10BD200007A811F0C8FCA042E4D007A90C1801A98B
:10BD3000200011F0E1FC060020000EF03BFF8642DF
:10BD400027D03200210004A80EF060FFF8F7EEFBC8
:10BD50000FF01EF8169908226A438850A41901A909
:10BD6000200011F0A8FC060020000EF023FF864200
:10BD700011D0A1190A2204A80EF048FFF8F7D6FB4B
:10BD80000FF006F8169908226A43891848606D1C5E
:10BD9000B0E7002002E0002000E0280017B0F0BC6F
:10BDA00008BC184770E802007CE80200FCF50200BD
:10BDB00010F60200189500401CF60200089500409D
:10BDC00028F602006CD0004038F6020048F6020067
:10BDD0007C04000070F6020060F60200ECEC00400B
:10BDE000696E690050E8020094F60200E203000068
:10BDF00078F602000CEC020005400080F30300001E
:10BE0000A8F60200C4F6020000C09FE51CFF2FE167
:10BE1000A929000000C09FE51CFF2FE1A5C3000079
:10BE200000C09FE51CFF2FE135BF000000C09FE56B
:10BE30001CFF2FE1DDC3000000C09FE51CFF2FE1C8
:10BE4000F544010000C09FE51CFF2FE115430100F0
:10BE500038402DE9010000EA0300A0E39002C5E5A7
:10BE6000F41B9FE50000D1E5010010E30500001A76
:10BE70008E02A0E3400B80E3000090E50C0010E28E
:10BE80000C0050E31200001AE004A0E3400B80E332
:10BE90000040D0E574539FE58C0295E5AC1295E522
:10BEA000010050E1EBFFFF2AD9FFFFEB8C0295E583
:10BEB000011090E28C1285E5881295E50040C1E7FB
:10BEC0008C0295E5050050E3E4FFFF3AD3FFFFEB5A
:10BED000E2FFFFEA0000D1E5200010E30C00000AB9
:10BEE00028039FE59C2290E5A03290E5030052E1F3
:10BEF0000700002A9C2290E5013092E29C3280E506
:10BF0000980290E50200D0E7E024A0E3402B82E312
:10BF10000000C2E50000D1E50E0010E30200000AB7
:10BF20000200A0E3E4129FE59002C1E53140BDE8C4
:10BF30001EFF2FE170B5B64CA320800020180168C9
:10BF40000526A2229200A5182A685278921E022A7B
:10BF500015D9D21E012A16D9921E16D0521E12D001
:10BF6000521E022A0BD9D21E012A0FD9121F0AD043
:10BF7000521E022A03D92F3A012A09D913E02A684E
:10BF80009278B61810E0F61C0EE00DE0761C0BE07F
:10BF90002A68927880235B005A43B2182B68DB78BA
:10BFA000D618761C00E00E00B14215D3066000F0F2
:10BFB00015FA310028680DF037FC002804D1042060
:10BFC000A4218900605403E00120A521890060506C
:10BFD0000120FD214901605070BC08BC1847F8B52C
:10BFE00007008B4CAC2080002058B84206D2894B09
:10BFF000972289498948F5F74FFB32E00EF0AEFAF7
:10C00000AB2080002158FF22A22080002558280064
:10C010000EF03CFC0025A92080002550A6208000C1
:10C020002618390030680DF0D2FBA8218900605035
:10C030000120A72189006050A320800025502800FE
:10C04000A42189006054FD2040012550A5208000D6
:10C05000255030680078DF49087000F0A3F90EF031
:10C0600087FAF1BC08BC184738B50EF077FA684C6F
:10C07000AB2080002158FF22A220800025582800F4
:10C080000EF004FC0020A921890060500121A722A4
:10C090009200A150A321890060500100A4229200C7
:10C0A000A154FD2149016050A52189006050A620BE
:10C0B000800020580078CC49087000F073F90EF029
:10C0C00057FA31BC08BC1847F0B5B049B04802680F
:10C0D000102313430360AF48026892009208802344
:10C0E000DB05134303600124AB48026803239A4332
:10C0F00022430260A94D00262E60A94F832038708C
:10C10000B548F5F7C1FA00092E60B249087003205E
:10C11000387004430220204304210143C020084317
:10C12000B2490860FE210140FD200840EF21014096
:10C13000BF2008404006400EAD4908700720286027
:10C14000F0BC08BC184730B585B0314CA220800047
:10C1500020180CF07FFCB0208000205800281ED052
:10C16000AD208000201801680978012902D100F073
:10C170005DFA0CE001680978022902D10DF033FA6A
:10C1800005E000680078032801D1F4F79DFB012049
:10C19000A921890060500020AA2189006050AF20A9
:10C1A0008000205C00281BD0AA2080002518286869
:10C1B000401C2860102804DB68468E491422FBF7D7
:10C1C00071F8A620800020580078012802D1FFF7DE
:10C1D0004BFF05E00120A921890060500020286064
:10C1E000A9208000205800280CD00020FD21490102
:10C1F0006050A6208000205800F0F0FC012801DBF0
:10C20000FFF7EDFE00F092FD05B030BC08BC18470A
:10C2100030920040A4F802005CF8020074F80200BA
:10C2200070402DE9880A9FE5004090E5E054A0E3C6
:10C23000705A85E3000095E50110A0E3A00011E12C
:10C240000C00000A6C6A9FE5340096E50A10A0E332
:10C25000BA3900EB8E12A0E3701A81E3001091E569
:10C26000010090E0501A9FE5000081E50100A0E385
:10C27000380086E5024094E3000095E5010010E3F4
:10C280000B00000A80639FE5940296E5000050E3EE
:10C290000100001A0100A0E39002C6E5E2FEFFEBF8
:10C2A0000100A0E3A010A0E37C1D81E3010086E76C
:10C2B000014094E3000095E50110A0E3200111E1A5
:10C2C0000600000A24039FE5001090E54010D1E32A
:10C2D000001080E5D7FEFFEBD9FEFFEB044094E3AE
:10C2E000000095E50110A0E3A00111E10500000A9E
:10C2F000F8029FE5001090E5801FD1E3001080E573
:10C30000C0FEFFEB084094E3004085E57040BDE8C7
:10C310001EFF2FE11E4801688022D2030A430260FB
:10C32000AE48016801229143016001218A43022144
:10C33000C9430A4004239A4308239A4310239A438B
:10C3400020239A4340239A4380239A43A44B1340CB
:10C35000A44A1A40A44B1340A44A1A40A44B1A60A2
:10C360000268022313430360026811400160A1497F
:10C37000A14A11600021A14A11603121A04A116037
:10C38000016801220A430260704700000065040052
:10C39000C4C01FE000C002E004C002E0040001E0ED
:10C3A0000C0001E080B500F019F88C48016801220A
:10C3B00091430160934909683231914A116001212A
:10C3C0008B4A13680B43136002681143016009BC78
:10C3D00018470000000001E000A08C0084480168BC
:10C3E0000122914301607047000001E0080001E074
:10C3F000100001E044FA0200F8B58349002422004D
:10C40000824D2E0030000EF041FAA22080002D5007
:10C41000C22040002818AD218900685082204000C9
:10C420002818A62189006850794F82204000386082
:10C430008020AC21890068502000B2218900685218
:10C44000B3208000281800F06BFC0026D820800064
:10C450002E50D9208000281800F062FC2000B62160
:10C4600089006852B7208000281800F059FC20008D
:10C47000BA2189006852BB208000281800F050FCC7
:10C480002000BE2189006852BF208000281800F0DB
:10C4900047FCC22080002E50C32080002E505D48F3
:10C4A000C42189006850C52080002E50C62080001D
:10C4B0002E50C72080002E502000C82189006852CD
:10C4C000C9208000281800F02BFC2000CC21890016
:10C4D0006852CD208000281800F022FC2000D021D6
:10C4E00089006854D1208000281800F019FC200031
:10C4F000D42189006852D5208000281800F010FC53
:10C50000200013E0210003224243AA18E8239B00E5
:10C51000D154210003224243AA183F4BD154210099
:10C5200003224243AA183D4BD154401C8021C9002C
:10C530008842E7DBFA200001281800F0F1FBDC203C
:10C5400080002E50DD208000281800F0E9FB3448E0
:10C55000E02189006850E1208000281800F0E0FB0D
:10C560000120A92189006850200005E02100A622B1
:10C570009200AA581154401CAC2189006958884285
:10C58000F4D320000AE02100A2229200AA581154FC
:10C590002100AD229200AA581154401C39688842EB
:10C5A000F1D3A32080002C502000A42189006854DE
:10C5B000A52080002C50A72080002C50A8208000AF
:10C5C0002C50AA2080002C5016482E50FD204001EF
:10C5D0002C5015482C54F1BC08BC1847040007E047
:10C5E000FFFEFFFFFFFDFFFFFFFBFFFFFFF7FFFF6A
:10C5F000140007E0FF6701000C0007E0100007E0EF
:10C60000180007E0080007E0A81F00003092004073
:10C61000DC94004000004843A1030000A203000096
:10C62000A7D63137AC0F0000A41F0000F8B58AB0C0
:10C63000BF49AD208000081802685278120611D553
:10C64000016849784B065B0E00688278B9496846F4
:10C650000EF054FA6B4688229200B749B748F5F7B6
:10C660001BF8DCE102685278D21E00D1C4E0521EF1
:10C670001DD0521E012A00D86AE1921E0CD0521E13
:10C6800000D166E1D21E00D181E1521F00D15FE1ED
:10C69000D21E00D15CE1BCE100688078D02292001B
:10C6A0008854D1208000081800F036FBB7E1A6229C
:10C6B00092008A58D278002A04D0022A11D0042A83
:10C6C0001ED092E00268527912020068807902431B
:10C6D000BE2080000A52BF208000081800F01CFB1A
:10C6E00089E00268D2781202006800790243CC2007
:10C6F00080000A52CD208000081800F00DFB7AE07F
:10C7000002689279C2239B00CA5402685279C64BD0
:10C71000CA5402681279C54BCA540268D278C44B15
:10C72000CA540268927AC3239B00CA540268527AA0
:10C73000C04BCA540268127ABF4BCA540268D279FD
:10C74000CF4BCA540268927BC4239B00CA54026830
:10C75000527BCC4BCA540268127BB84BCA54026855
:10C76000D27AB74BCA540268927CC5239B00CA5444
:10C770000268527CB34BCA540268127CB24BCA5452
:10C780000268D27BB14BCA540268927DC6239B00DB
:10C79000CA540268527DBC4BCA540268127DBB4B1E
:10C7A000CA540268D27CBA4BCA540268927EC7232C
:10C7B0009B00CA540268527EB64BCA540268127E6D
:10C7C000B54BCA540268D27DA14BCA540268127F8D
:10C7D0000068C07E00021043C82292008852C9201F
:10C7E0008000081800F098FA05E09A4B9A4A5249DE
:10C7F0005248F4F751FF12E1A62292008A58D278EB
:10C80000002A0CD0032A47D0042A54D00B2A2CD05B
:10C81000162A13D0282A5DD02A2A72D090E0026806
:10C82000D2781202006800790243B22080000A52D6
:10C83000B3208000081800F06FFA88E0026892794F
:10C84000D8239B00CA5402685279944BCA54026898
:10C850001279934BCA540068C078924A8854D92000
:10C860008000081800F058FA71E002689279DC2321
:10C870009B00CA5402685279AB4BCA5402681279C1
:10C88000AA4BCA540068C078A94A8854DD208000A9
:10C89000081800F041FA5AE00268D27812020068E3
:10C8A00000790243B62080000A52B72080000818A1
:10C8B00000F032FA4BE00268D27812020068007988
:10C8C0000243BA2080000A52BB208000081800F002
:10C8D00023FA3CE002689279E0239B00CA54026884
:10C8E0005279A84BCA5402681279A74BCA540068FF
:10C8F000C078A64A8854E1208000081800F00CFA9D
:10C9000025E002689279E4239B00CA5402685279B8
:10C91000A94BCA5402681279A84BCA540068C0785F
:10C92000A74A8854E5208000081800F0F5F90EE0C9
:10C930003092004030F902000CF9020074F8020055
:10C94000A04B99229200A049A048F4F7A5FE66E00A
:10C9500065E002689278002A12D10268D278022A31
:10C960000ED1026812791202006840790243D42085
:10C9700080000A52D5208000081800F0CDF905E0AB
:10C98000934B944A90499148F4F786FE47E0A622DB
:10C9900092008B181A68D2781B681B791206120E47
:10C9A00012021B061B0E1A4303689B781400240412
:10C9B000240C1D002D062D0E6419874DAC4221DA82
:10C9C00000240BE015002D042D0C2D194D19E8261F
:10C9D000B60007683F19FF78AF55641C1D002D068F
:10C9E0002D0EAC42EEDB1204120C1B061B0ED018EF
:10C9F000C022120190420BD1FA200001081800F069
:10CA00008BF905E09C4B9D4A6F497048F4F744FE52
:10CA100005E09B4B9B4A6C496C48F4F73DFE0BB01C
:10CA2000F0BC08BC18470000090300000A0300001E
:10CA30000B0300000D0300000E03000012030000B2
:10CA40001303000015030000160300001703000085
:10CA50001F0300004CF9020041020000140001E035
:10CA600000B5002008E00021C943874A88234343DA
:10CA7000D218864BD150401C1E28F4DB08BC184746
:10CA80000F03000011030000190300001A03000047
:10CA90001B0300001D0300001E03000061030000D3
:10CAA0006203000063030000FEB506000F00764C31
:10CAB000AC2080002058B84201D3002F05D1744B20
:10CAC000744A75494148F4F7E7FD0025ED430195A7
:10CAD000009501A9684600F02DF80098A84202D1FF
:10CAE0001E200190009000988821484320186B492F
:10CAF0004750002009E00099882251436118091825
:10CB0000FB221201335C8B54401CB842F3DB0198CA
:10CB1000401C0190019800998822514361185B4A9A
:10CB20008850F7BC08BC184771030000720300006E
:10CB300073030000F1B50023DB4318001A00002442
:10CB400018E088266643AE19504FF659B24210DA03
:10CB500088226243AA184D4D52590AE04A4D882650
:10CB60006643AE19494FF6599E42EAD19842E8D140
:10CB70002000641C1E2CF1DB009B18600A60F1BCD5
:10CB800008BC1847810300008203000083030000F3
:10CB900000B5002108000BE03B4A88234B43D21824
:10CBA0003A4BD2580023DB439A4200D1401C491C27
:10CBB0001E29F1DB08BC1847910300009203000016
:10CBC0009303000068F902000CF9020074F80200F7
:10CBD00088F9020073020000010C0000F1B5304832
:10CBE0000023DB431A0000210C0015E0264D8826A7
:10CBF0006643AE19254FF6599E420CD088266643EF
:10CC0000AE19224FF659864205DA8820604328186B
:10CC10001E4A80582200641C1E2CE7DB9A4201D178
:10CC2000002026E0184C8820504320181B4D405906
:10CC3000AC25AD006559854201D3002807D1194BB9
:10CC4000194A1A491A48F4F727FD002011E0009DFF
:10CC500008E088265643A6197618FB273F01F65DA3
:10CC60006E54491C8142F4DB88214A43A118074ACB
:10CC70008B50F2BC08BC1847A8F9020087020000DC
:10CC8000C4F902008B020000309200403410000012
:10CC9000FCF90200B1020000E4F9020030100000CB
:10CCA000FFFFFF7FA4F802000903000018FA02004A
:10CCB00074F8020008F90200E4EB00401C0007E0F1
:10CCC00000B5010048680A68904201D0012000E0E8
:10CCD00000200006000E002801D00A684A6008BC47
:10CCE000184700B5426801688A4204D180688142D1
:10CCF00001D0012000E000200006000E08BC18470B
:10CD000010B504002000FFF7ECFF002801D02168D7
:10CD1000A16010BC08BC18470168491C016070473D
:10CD2000012101604160002181607047F8B5974C96
:10CD3000CD2080002018FFF7C3FF00281BD0CC2097
:10CD4000800025182888000400140FF0FFFB002243
:10CD50008F4B0EF081FC0EF01BF8060028780006C1
:10CD6000000E0EF08FF88B490EF014FF31000FF01B
:10CD700051FDAB496050D12080002018FFF7A0FF83
:10CD8000002826D0A7482018D0218900615C0170B6
:10CD9000A549F72292008A181368002B0BD0F823BC
:10CDA0009B00CB181D68002D05D105786D0602D4B7
:10CDB000106818600DE01368002B0AD1F8239B005F
:10CDC000C9180B68002B04D00078400601D5106804
:10CDD0000860D52080002018FFF772FFD92080005E
:10CDE0002018FFF76DFFB72080002018FFF768FFBD
:10CDF000BB2080002018FFF763FFB32080002018BD
:10CE0000FFF75EFFBF2080002018FFF759FF0028C2
:10CE100004D0BE208000205A84490880C9208000A8
:10CE20002018FFF74DFF00285AD0814DE8680028F0
:10CE30000DD02E68C220800020580FF0CFFC0321B7
:10CE4000F4F722FC301828606868401C6860764D52
:10CE5000C22080002058F02189006850C320800043
:10CE60002058F12189006850C42080002058F22108
:10CE7000890068506F4EC5208000205831000EF0A8
:10CE80006BFFF32189006850C720800020583100D3
:10CE90000EF062FFF52189006850C62080002058FE
:10CEA000F42189006850F62080002E18C8208000E8
:10CEB000205A3080F82080002858002810D1F72010
:10CEC0008000285800280BD1EF229200291D2F0046
:10CED00038000FF07FF80020305EEF2189006850A5
:10CEE000FA2000012018FFF7EBFE00284BD00021AC
:10CEF00008001FE003224A43A2184F4BD25C1204E1
:10CF000003234B43E3184D4D5B5D1B021343032288
:10CF10004A43A218E825AD00525D1A43484B042548
:10CF20004D435B19474D5A51AF239B00994200DA9C
:10CF30008018491C8022D2009142DBDB404D4249DF
:10CF400068501E22414942482E1830000DF032FC34
:10CF50000422334821183F482C1820000DF02AFCE9
:10CF6000314CF320800020580DF056FF00223A4B40
:10CF70000FF0CEF90DF00CFF38496850F120800019
:10CF8000205837496850F1BC08BC1847309200401F
:10CF900000007040000020411FB5324C206832492B
:10CFA0000DF0DEFE04D3206830490EF03DFB08D8BA
:10CFB0002F48807BC00704D5FC208003F4F707FED0
:10CFC00002E02C48F4F703FE102332220021502007
:10CFD000F4F722FD00210020F4F7B4FD20680021C1
:10CFE00010F09CFB09D020680DF016FF02000B002A
:10CFF000214968460DF082FD08E020680DF00CFF25
:10D0000002000B001D4968460DF078FD0A20F4F778
:10D0100027FD6846F4F7E4FB1FBC08BC1847000076
:10D02000AC0F0000A41F00006CD00040D86F00407F
:10D0300010ED004000247449A2030000A103000089
:10D04000AC530040301C0000302C000064E1004074
:10D050003B2C00005C2C000000408F40F82C0000AE
:10D06000FC2C0000DCA100400000A0C101004842EF
:10D07000B8EC0040003F3F0030FA02003CFA0200EA
:10D0800080B5C348FFF73CFE002803D00621D448F2
:10D09000FFF70AFD09BC184780B5C448FFF730FE0A
:10D0A000002803D00221CF48FFF7FEFC09BC184737
:10D0B00080B5BF48FFF724FE002803D00621CA48E8
:10D0C000FFF7F2FC09BC18471FB5C848006800907C
:10D0D00001A8C7491CC91CC00C390C3801A86946F5
:10D0E000C978C17169468978017269464978417287
:10D0F0006946097881720B2101A8FFF7D5FC1FBC96
:10D1000008BC184711B583B06846DF491CC91CC06C
:10D110000C390C38684603A9C978C17103A989780C
:10D12000017203A9497841726946097B81720B211A
:10D130006846FFF7B9FC1FBC08BC184711B583B09F
:10D140006846DD491CC91CC00C390C38684603A967
:10D15000C978C17103A98978017203A9497841721C
:10D160006946097B81720B216846FFF79DFC1FBC55
:10D1700008BC18473EB501A89E490CC90CC0083927
:10D1800008389D4C9D482058009001AD2820E8703B
:10D190006846C0782871684680786871062101A8C1
:10D1A000FFF782FC2920E8706846407828716846BD
:10D1B00000786871062101A8FFF776FC8D20C00079
:10D1C000205800902A20E8706846C0782871684688
:10D1D00080786871062101A8FFF766FC2B20E870B3
:10D1E000684640782871684600786871062101A871
:10D1F000FFF75AFCB548205800902C20E87068468C
:10D20000C0782871684680786871062101A8FFF708
:10D210004BFC2D20E87068464078287168460078FD
:10D220006871062101A8FFF73FFC8E20C00020583E
:10D2300000902E20E8706846C07828716846807893
:10D240006871062101A8FFF72FFC2F20E8706846BF
:10D2500040782871684600786871062101A8FFF7B8
:10D2600023FCC148205800903020E8706846C07800
:10D270002871684680786871062101A8FFF714FCC0
:10D280003120E870684640782871684600786871F7
:10D29000062101A8FFF708FC8F20C000205800904D
:10D2A0003220E8706846C0782871684680786871D6
:10D2B000062101A8FFF7F8FB3320E87068464078A4
:10D2C0002871684600786871062101A8FFF7ECFB19
:10D2D00004F0E8F837BC08BC18471CB56946B04AEA
:10D2E00018CA18C1083A0839694602001204120C1B
:10D2F000120A0A71487106216846FFF7D5FB13BC74
:10D3000008BC18471CB56946B54A18CA18C1083A7E
:10D310000839694602001204120C120A0A71487197
:10D3200006216846FFF7C0FB13BC08BC184780B550
:10D330000621AC48FFF7B8FB09BC184780B50621A9
:10D34000A948FFF7B1FB09BC184780B50621A748DB
:10D35000FFF7AAFB09BC18471CB501000904090C1A
:10D36000002900D18F486946A84A18CA18C1083A4E
:10D370000839694602001204120C120A0A71487137
:10D3800006216846FFF790FB13BC08BC1847000055
:10D390006495004080B59E48FFF7B2FC002803D09A
:10D3A00006219C48FFF780FB09BC18477495004094
:10D3B00084950040E0B59848FFF7A2FC00280DD006
:10D3C00006219648FFF770FB684695490CC90CC0CA
:10D3D0000839083806216846FFF766FB0FBC184776
:10D3E0000CFB0200E8FA020014FB020090950040DA
:10D3F000E4FB020058FA02006CD000406404000014
:10D4000080B58848FFF77CFC002833D00721864888
:10D41000FFF74AFB07218548FFF746FB07218448B1
:10D42000FFF742FB07218348FFF73EFB07218248B5
:10D43000FFF73AFB07218148FFF736FB07218048B9
:10D44000FFF732FB07217F48FFF72EFB07217E48BD
:10D45000FFF72AFB07217D48FFF726FB07217C48C1
:10D46000FFF722FB07217B48FFF71EFB07217A48C5
:10D47000FFF71AFB09BC184780B506217748FFF76C
:10D4800013FB09BC18470000F0FB020080B5062121
:10D490007348FFF709FB09BC184780B5062171489E
:10D4A000FFF702FB09BC184780B506216E48FFF75D
:10D4B000FBFA09BC18470000FCFB020080B50621FE
:10D4C0006A48FFF7F1FA09BC184700006C04000035
:10D4D00080B506216648FFF7E7FA09BC184780B512
:10D4E00006216448FFF7E0FA09BC184780B5062119
:10D4F0006148FFF7D9FA09BC184738B59EB06846AD
:10D500005E497822F9F7CEFE0020010015E05C4A62
:10D510006B4602244C4314195A4D645B240A0225BD
:10D520004D435D19EC7102244C431219554C125BAA
:10D5300002244C431B191A72491C1229E7DB08E02C
:10D540004F490918504A895C6A4612182923D15458
:10D55000401C4C28F4DB7A216846FFF7A5FA1FB07F
:10D5600030BC08BC184700007404000080B5474870
:10D57000FFF7C6FB002803D006214548FFF794FAC1
:10D5800009BC184780B506214248FFF78DFA09BC4F
:10D59000184780B506214048FFF786FA09BC1847AE
:10D5A00008FC020020FD000011B583B068463B492D
:10D5B0001CC91CC00C390C38684603A9C978C17154
:10D5C00003A98978017203A9497841726946097BE8
:10D5D00081720B216846FFF767FA1FBC08BC184729
:10D5E00010FC020024FB02002CFB02001CFB0200CA
:10D5F000E0B568462A490CC90CC00839083806212C
:10D600006846FFF751FA0FBC1847000018FC0200EB
:10D610002C950040FCFA02005495004004FB0200E7
:10D6200060FA0200D0A1004034FB02003CFB020083
:10D6300044FB02004CFB020054FB02005CFB0200B6
:10D6400064FB02006CFB020074FB02007CFB020026
:10D6500084FB02008CFB020094FB02009CFB020096
:10D66000A4FB0200ACFB0200B4FB0200BCFB020006
:10D67000C4FB0200D4FB0200DCFB020068FA0200DB
:10D68000AC5300404C3E0000DC1300009495004079
:10D69000ECFA0200CCFB0200F4FA020020FC0200CB
:10D6A000E0FA020000C09FE51CFF2FE1FDAA010087
:10D6B00000C09FE51CFF2FE1A128000000C09FE5EE
:10D6C0001CFF2FE1FD28000000C09FE51CFF2FE19B
:10D6D000E51A010000C09FE51CFF2FE1F5440100A1
:10D6E00000C09FE51CFF2FE141E1000000C09FE565
:10D6F0001CFF2FE157E1000000C09FE51CFF2FE158
:10D700006DE1000000C09FE51CFF2FE121450100F5
:10D7100004E04EE204E02DE500E04FE101502DE988
:10D7200000E00FE11FE08EE30EF021E11E402DE945
:10D730000D00A0E104D04DE207D0CDE300008DE55F
:10D7400000000FE1C00080E300F021E1FF40E0E3D2
:10D75000000094E5000050E30900000A00100FE10A
:10D76000C010C1E301F021E10FE0A0E110FF2FE1C3
:10D7700000000FE1C00080E300F021E10000A0E321
:10D78000000084E500D09DE51E40BDE800C00FE12B
:10D7900092C08CE30DC0CCE30CF021E10150BDE858
:10D7A0000EF06FE10080FDE800502DE970089FE564
:10D7B000F6D5FFEB6C089FE5000090E53BD8FFEB4A
:10D7C00064089FE5F1D5FFEB60089FE5000090E558
:10D7D00036D8FFEB58089FE5ECD5FFEB54089FE5E2
:10D7E000000090E531D8FFEB4C089FE5E7D5FFEB53
:10D7F00048089FE5000090E52CD8FFEB40089FE526
:10D80000E2D5FFEB3C089FE5000090E527D8FFEB51
:10D8100034089FE5DDD5FFEB30089FE5000090E57B
:10D8200022D8FFEB28089FE5D8D5FFEB24089FE519
:10D83000000090E51DD8FFEB1C089FE5D3D5FFEB5A
:10D8400018089FE5000090E518D8FFEB10089FE549
:10D85000CED5FFEB0C089FE5000090E513D8FFEB59
:10D8600004089FE5C9D5FFEB00089FE5000090E59F
:10D870000ED8FFEBF8079FE5C4D5FFEBF4079FE553
:10D88000000090E509D8FFEBEC079FE5BFD5FFEB63
:10D89000E8079FE5000090E504D8FFEBE0079FE56F
:10D8A000BAD5FFEBDC079FE5000090E5FFD7FFEB63
:10D8B000D4079FE5B5D5FFEBD0079FE5000090E5C5
:10D8C000FAD7FFEBC8079FE5B0D5FFEBC4079FE58C
:10D8D000000090E5F5D7FFEBBC079FE5ABD5FFEB6C
:10D8E000B8079FE5000090E5F0D7FFEB0140BDE8E9
:10D8F0001EFF2FE138402DE9E004A0E3001090E581
:10D90000021091E3001080E568FFFFEB0140A0E307
:10D91000090000EA8019A0E37C22E0E3FF2DC2E3C6
:10D92000001082E5010090E2841084E0010450E1DF
:10D93000F7FFFFBA63FFFFEB014094E2400054E3BE
:10D94000020000AA5CFFFFEB0000A0E3F5FFFFEA86
:10D950004C079FE572D5FFEBFC09A0E373D5FFEB05
:10D960000110A0E30100A0E373D5FFEB1030A0E3AA
:10D97000F020A0E32F10A0E3401F81E30000A0E30C
:10D9800070D5FFEB0010A0E30000A0E370D5FFEB23
:10D990000000A0E377D5FFEB0000A0E372D5FFEB1A
:10D9A0000100A0E3400B80E36CD5FFEBF043E0E324
:10D9B000FF4DC4E34009A0E3000084E53EFFFFEB18
:10D9C0000000A0E3040000EA8019A0E37C22E0E369
:10D9D000FF2DC2E3001082E5010090E2600A50E3EF
:10D9E000F8FFFFBA37FFFFEB3CFFFFEB0050B0E161
:10D9F0003DFFFFEB055090E13EFFFFEB050090E19E
:10DA0000000050E3ECFFFF0A8009A0E3000084E57A
:10DA10003140BDE81EFF2FE104E04EE20F502DE93A
:10DA200000000FE1C00080E300F021E1BACEFFEB7F
:10DA300027FFFFEB32FFFFEB66D7FFEB64069FE5A6
:10DA400052D5FFEB57FFFFEBA9FFFFEB0F90FDE86F
:10DA500078402DE914D04DE200000FE1C00080E3D2
:10DA600000F021E1ACCEFFEB19FFFFEB24FFFFEB51
:10DA700058D7FFEB30069FE544D5FFEB2C069FE51A
:10DA800042D5FFEB0C069FE5000090E53FD5FFEB8C
:10DA9000F8059FE5002090E514169FE50D00B0E124
:10DAA000FFFEFFEB0D00B0E138D5FFEB04069FE56C
:10DAB00036D5FFEBCC059FE5000090E533D5FFEBB5
:10DAC000F4059FE531D5FFEBF0459FE5F0059FE5B7
:10DAD000002090E50410B0E10D00B0E1F0FEFFEB96
:10DAE0000D00B0E129D5FFEBD8059FE5002090E5BA
:10DAF0000410B0E10D00B0E1E9FEFFEB0D00B0E174
:10DB000022D5FFEBC0059FE5002090E50410B0E1B1
:10DB10000D00B0E1E2FEFFEB0D00B0E11BD5FFEB25
:10DB20009F5F8FE2A4059FE5002090E50510B0E11E
:10DB30000D00B0E1DAFEFFEB0D00B0E113D5FFEB15
:10DB40008C059FE511D5FFEB88659FE5980296E56A
:10DB50000020D0E50410B0E10D00B0E1D0FEFFEBF5
:10DB60000D00B0E109D5FFEB980296E50120D0E564
:10DB70000410B0E10D00B0E1C9FEFFEB0D00B0E113
:10DB800002D5FFEB980296E50220D0E50410B0E143
:10DB90000D00B0E1C2FEFFEB0D00B0E1FBD4FFEBE6
:10DBA000980296E50320D0E50410B0E10D00B0E145
:10DBB000BBFEFFEB0D00B0E1F4D4FFEB980296E55D
:10DBC0000420D0E50410B0E10D00B0E1B4FEFFEB9D
:10DBD0000D00B0E1EDD4FFEB980296E50520D0E50D
:10DBE0000510B0E10D00B0E1ADFEFFEB0D00B0E1BE
:10DBF000E6D4FFEBE0049FE5E4D4FFEB880296E572
:10DC00000020D0E50410B0E10D00B0E1A4FEFFEB70
:10DC10000D00B0E1DDD4FFEB880296E50120D0E5F0
:10DC20000410B0E10D00B0E19DFEFFEB0D00B0E18E
:10DC3000D6D4FFEB880296E50220D0E50410B0E1CF
:10DC40000D00B0E196FEFFEB0D00B0E1CFD4FFEB8D
:10DC5000880296E50320D0E50410B0E10D00B0E1A4
:10DC60008FFEFFEB0D00B0E1C8D4FFEB880296E514
:10DC70000420D0E50410B0E10D00B0E188FEFFEB18
:10DC80000D00B0E1C1D4FFEB880296E50520D0E598
:10DC90000510B0E10D00B0E181FEFFEB0D00B0E139
:10DCA000BAD4FFEB12FFFFEB18D08DE27040BDE855
:10DCB0000EF0B0E104E04EE204E02DE500E04FE1BB
:10DCC00001502DE900E00FE11FE08EE30EF021E1AD
:10DCD0000E402DE90D00A0E104D04DE207D0CDE3C8
:10DCE00000008DE500000FE1C00080E300F021E1BD
:10DCF00009CEFFEB76FEFFEB81FEFFEBB5D6FFEB27
:10DD0000D8039FE5A1D4FFEBA6FEFFEBF8FEFFEBE7
:10DD100000D09DE50E40BDE800C00FE192C08CE34D
:10DD20000DC0CCE30CF021E10150BDE80EF06FE135
:10DD30000080FDE804E04EE20F502DE900000FE105
:10DD4000C00080E300F021E1F3CDFFEB60FEFFEBCC
:10DD50006BFEFFEB9FD6FFEB84039FE58BD4FFEBBD
:10DD600090FEFFEBE2FEFFEB0F90FDE804E04EE2D9
:10DD70000F502DE900000FE1C00080E300F021E129
:10DD8000E5CDFFEB52FEFFEB5DFEFFEB91D6FFEB27
:10DD900050039FE57DD4FFEB82FEFFEBD4FEFFEB4B
:10DDA0000F90FDE82578000070B400206F490860EE
:10DDB0000021C9436E4A11606E490860FF21C943C2
:10DDC00008606D4908686D4A024080204004104395
:10DDD00008606B4A10680423984310600420694B64
:10DDE0001C6804431C60684C2568054325600D6869
:10DDF000664E2E408025ED0335430D6002211568E7
:10DE00000D4315601A680A431A6022680A432260AB
:10DE10005F4A604B1A6005235F4A14680F25AC43C4
:10DE20001C4314605D4A146880256D02254315600B
:10DE30005B4C5C4D2C605C4C25680F26B5430A2674
:10DE40002E43266014688025AD0225431560574C8B
:10DE5000574D2C60574C25680F26B5432B43236044
:10DE6000136810241C431460534B544C2360544BD0
:10DE70001C680F25AC431C60136820241C431460ED
:10DE8000504B514C2360514B1C680F25AC4303256C
:10DE900025431D6013688024E4041C4314604C4B2C
:10DEA0004C4C23604C4B1C680F25AC43214319603C
:10DEB000116880239B010B4313604849484B19604C
:10DEC00048490B680F24A34301241C430C601168CC
:10DED00080230B4313604449444B196044490B6849
:10DEE0000F24A34307241C430C60116880235B05A7
:10DEF0000B4313603F49404B196040490B680F24A6
:10DF0000A34309241C430C60116880239B050B4329
:10DF100013603B493B4B19603B490B680F24A343FB
:10DF200008241C430C60116840230B4313603749DD
:10DF3000374B196037490B680F24A3431843086017
:10DF400010688021C90201431160334833490860D9
:10DF5000334801680F23994306230B43036010687D
:10DF6000802109020143116070BC70470CF0FFFF73
:10DF700014F0FFFF20F0FFFF10C002E0FFFFFFFCE6
:10DF800048C11FE04CC11FE040C11FE0FFFF3FFF41
:10DF900040E4000040F1FFFF40F2FFFF10F0FFFF00
:10DFA000FC6E000044F1FFFF44F2FFFF84E100003B
:10DFB00010F1FFFF10F2FFFF0842010014F1FFFF14
:10DFC00014F2FFFF20C2000068F1FFFF68F2FFFFBC
:10DFD000DC0B000034F1FFFF34F2FFFF50BE000005
:10DFE0001CF1FFFF1CF2FFFFB472000070F1FFFF95
:10DFF00070F2FFFF5803000074F1FFFF74F2FFFF9F
:10E00000C490010018F1FFFF18F2FFFFFC1A010095
:10E0100048F1FFFF48F2FFFF3C1D01003CF1FFFF0C
:10E020003CF2FFFF2CFC020058ED004038FC0200DF
:10E0300054ED004040FC020050ED004048FC02005E
:10E040008CED004050FC020088ED004058FC0200BE
:10E0500084ED004060FC020080ED004068FC02009E
:10E060007CED004070FC020078ED004078FC02007E
:10E0700074ED004080FC020070ED004088FC02005E
:10E080006CED004090FC020068ED004098FC02003E
:10E0900064ED0040A0FC020060ED0040A8FC02001E
:10E0A0005CED00405C4C0200B0FC0200C8FC0200C9
:10E0B000DCFC0200E8FC0200F4FC020004FD0200AB
:10E0C00010FD020040ED004044ED004048ED0040EE
:10E0D0004CED004018FD02003092004024FD02008B
:10E0E00030FD020040FD020050FD020000C09FE52F
:10E0F0001CFF2FE1A5E4000000C09FE51CFF2FE1FD
:10E10000F9E3000000C09FE51CFF2FE1D9E5000006
:10E1100000C09FE51CFF2FE155E5000080B53022CF
:10E12000C649DE480AF082FC09BC1847DC48006892
:10E130000100C907C90F012048400006000E7047C2
:10E14000D7480068C0080100C907C90F012048402E
:10E150000006000E7047D248006840080100C90759
:10E16000C90F012048400006000E7047CC480068E7
:10E1700080080100C907C90F012048400006000EB1
:10E180007047000038402DE9A0079FE5005090E55A
:10E19000E044A0E3404C84E3000094E5010010E378
:10E1A0002400000AD0FFFFEB000050E30A00001A31
:10E1B000D0FFFFEB78079FE5001090E5041091E396
:10E1C000001080E5EF00E0E3F00EC0E3001090E502
:10E1D000401B91E3001080E5140000EAFA1FA0E361
:10E1E0000100A0E3C6FFFFEB88059FE5001090E566
:10E1F0000110D1E3001080E5001090E5081091E3D4
:10E20000001080E5001090E5101091E3001080E50B
:10E210004E02A0E3400C80E3001090E5021091E371
:10E22000001080E5001090E50210D1E3001080E5B9
:10E23000015095E36C0000EA000094E50110A0E3B2
:10E24000A00011E11200000AA7FFFFEB000050E35D
:10E250000A00001AA7FFFFEBD4069FE5001090E527
:10E26000041091E3001080E5EF00E0E3F00EC0E35E
:10E27000001090E5401B91E3001080E5020000EAE9
:10E280006410A0E30100A0E39DFFFFEB025095E3C3
:10E29000550000EA000094E50110A0E3200111E11F
:10E2A0003900000A90FFFFEB000050E30A00001A5B
:10E2B00090FFFFEB78069FE5001090E5041091E3D6
:10E2C000001080E5EF00E0E3F00EC0E3001090E501
:10E2D000401B91E3001080E5290000EA0010A0E354
:10E2E0000100A0E386FFFFEB88049FE5001090E5A6
:10E2F000011091E3001080E5001090E50210D1E3D9
:10E30000001080E5001090E50410D1E3001080E5D6
:10E31000001090E50810D1E3001080E5001090E5B2
:10E320001010D1E3001080E5001090E52010D1E33B
:10E33000001080E5001090E54010D1E3001080E56A
:10E34000001090E58010D1E3001080E5001090E50A
:10E35000401FD1E3001080E54E02A0E3400C80E3B3
:10E36000001090E5021091E3001080E5001090E5A8
:10E370000210D1E3001080E50100A0E39C159FE5A9
:10E380000C0081E5045095E3170000EA000094E5D5
:10E390000110A0E3A00111E11300000A8E02A0E326
:10E3A000400C80E3000090E5010090E2CC139FE573
:10E3B000000081E54CFFFFEB000050E30900001A6C
:10E3C0004CFFFFEB68059FE5001090E5041091E31A
:10E3D000001080E5EF00E0E3F00EC0E3001090E5F0
:10E3E000401B91E3001080E5085095E3005084E560
:10E3F0003140BDE81EFF2FE1C6480168012291436C
:10E400000160704780B5FFF7F7FF642003F03EFB23
:10E410000CF0A4F809480121C162816001624161E8
:10E420000CF0A6F8642003F031FBBB4801688022A1
:10E4300052020A43026009BC184700002CEC00405D
:10E4400000502DE928FFFFEB000050E30C00000A0C
:10E450002EFFFFEB4E02A0E3400C80E3001090E59E
:10E46000011091E3001080E5400BA0E3EB10E0E326
:10E47000F01EC1E3000081E50100A0E3B4149FE5B4
:10E48000A00081E5A8049FE5001090E5041091E349
:10E49000001080E50140BDE81EFF2FE15CEC00406C
:10E4A00054C0FF3F70B50024FFF740FE0500FFF7A2
:10E4B00047FE0600FFF74FFE01002E4331430D00DB
:10E4C000FFF754FE29000843204370BC08BC1847DE
:10E4D000F8B5002001009C490A688B68002B01D127
:10E4E000012300E003004C6A0094CC6A002C01D1A7
:10E4F000012400E004008D690E6A002E01D101267E
:10E5000000E00600CF684969002901D10120FFE73A
:10E510001B061B0E134000992406240E0C401C43BE
:10E520003606360E2E4026430006000E3840304395
:10E53000F2BC08BC18478548002101604160816039
:10E5400041628162C1628161C1610162C160016138
:10E550004161704710B402207D490A6802430A6095
:10E560006C490A6801239A430A607A4A7A4B1A6016
:10E5700000227A4B1A601322794B1A600122794BE0
:10E580001A60794B1A60012293430222D24313404E
:10E590000424A3430824A3431024A3432024A34317
:10E5A00040241C4380239C43704B23408024A400C0
:10E5B0001C436F4B23406F4C1C406F4B1C600B681F
:10E5C00018430860086802400A606C480068401CF4
:10E5D0006B49086010BC704770B505000C00FFF770
:10E5E000C5FD002807D059490A68002A01D0002D2E
:10E5F00001D000228A60554E3060002805D0002CE2
:10E6000003D070680019706000E07460FFF7A3FD2C
:10E61000002806D0F168002901D0002D01D000218A
:10E620007161F060002805D0002C03D0306900191A
:10E63000306100E03461FFF783FD002806D0B16946
:10E64000002901D0002D01D000213162B0610028E5
:10E6500005D0002C03D0F0690019F06100E0F461EE
:10E66000FFF764FD002806D0716A002901D0002D53
:10E6700001D00021F1627062002805D0002C03D087
:10E68000B06A0019B06200E0B46270BC08BC184700
:10E6900038B52D4D28000AF0D5F9040028000830BF
:10E6A0000AF0D0F9002801D1012000E00020000686
:10E6B000000E204032BC08BC184738B5224D280057
:10E6C00024300AF0BFF9040028002C300AF0BAF90F
:10E6D000002801D1012000E000200006000E2040AB
:10E6E00032BC08BC184738B5174D280018300AF05E
:10E6F000A9F90400280020300AF0A4F9002801D16B
:10E70000012000E000200006000E204032BC08BCC2
:10E7100018470000044000E010F0FFFF38B50A4D34
:10E7200028000C300AF08EF90400280014300AF09A
:10E7300089F9002801D1012000E000200006000E28
:10E74000204032BC08BC18475CEC00402CEC004078
:10E75000C4C01FE0FF0707000C4000E0104000E0CD
:10E76000184000E01C4000E0204000E0FFFEFFFFFA
:10E77000FFFBFFFFFFF7FFFF144000E0084000E051
:10E78000244000E080B5FFF783FF00280DD0FFF79D
:10E7900094FF002809D1FFF7A6FF002805D1FFF755
:10E7A000BDFF002801D1012000E000200006000E7E
:10E7B0000ABC184780B5FFF76BFF00280DD1FFF7A3
:10E7C0007CFF002809D1FFF78EFF002805D0FFF756
:10E7D000A5FF002801D1012000E000200006000E66
:10E7E0000ABC184780B5FFF753FF00280DD1FFF78B
:10E7F00064FF002809D1FFF776FF002805D1FFF755
:10E800008DFF002801D0012000E000200006000E4E
:10E810000ABC184738B5FFF781FC00252C00FFF72C
:10E8200057FE00280AD13B48806B00286DD13A483A
:10E830000068002869D102F00BFF66E037480068E5
:10E84000002809D1F3F77EFC3248C56301F0F9F8DE
:10E85000FFF7D8FD012059E03148C168002908D0F0
:10E86000C5600078012804D1F7210901282005F0AE
:10E87000A8FDFFF722FF00281FD02A4C20002830D7
:10E880000AF0E0F8284988420CD3200018300AF03A
:10E89000D9F8002802D102F013FE35E0234802F037
:10E8A00011FD31E000282FD10BF058FE0120E0626D
:10E8B0000BF05EFE01F0DCF926E0FFF763FF0028B5
:10E8C00008D00BF04BFE0120164988600BF050FE7B
:10E8D00001F076F9FFF76EFF002808D00BF03EFE3E
:10E8E0000120104908620BF043FE01F021F9FFF707
:10E8F00079FF002808D00BF031FE0120094948615A
:10E900000BF036FE01F037F90124200032BC08BCC0
:10E9100018470000E4EB0040D0B1004030CB00408D
:10E92000ECEC00402CEC0040D107000060FD020040
:10E930005CFD020040C11FE0F4E80040B9487047A8
:10E94000B9487047B8487047B8487047B8487047EA
:10E950000120704710B5B748002202600021C9436A
:10E9600041608160642104000C3420000BF08EFFB4
:10E9700010BC08BC184780B5FFF7ECFF01F061F848
:10E98000AC488168416001200ABC184780B5AA489C
:10E9900001F03BF801200ABC184780B5A64801F0F9
:10E9A00034F801200ABC184710B5A24C2068401C5E
:10E9B000206001F03EF801F06CF8A0686060012072
:10E9C00010BC08BC184738B59A4C00202060251DA3
:10E9D0000020C043286001F02CF801F05AF8A0682C
:10E9E0002860012032BC08BC18470120704780B560
:10E9F00000F009F801200ABC1847012070470120E7
:10EA0000704701207047F0B585B000210020F3F772
:10EA100099F80120F3F789F803210120F3F788F82A
:10EA20000020F3F77FF880204002F2F7EBFF8348E5
:10EA3000F3F78CF8E923F02235210020F2F7ECFF00
:10EA4000B548F3F7C4F87B4E306F002863D00C2133
:10EA5000002202AC20000BF019FF706800900098B3
:10EA60000021C943884209D1306FF7F706FA401EEA
:10EA700000900098002801D5002000900098002800
:10EA80000DD034000C34642322006946306FFCF74B
:10EA9000E7FCA249884203D0002802D135E038E0E3
:10EAA00039E02000317B30390A2929D22021200089
:10EAB0000EF028FD0500002D21D0281B0190019AA1
:10EAC000210002A80CF060FD002816D00C210022C5
:10EAD00002AF38000BF0DAFE019A210002A80CF018
:10EAE00095F88F48F3F773F802A8F2F779FE8DA036
:10EAF000F2F776FE8848F3F76AF8681C00E0200019
:10EB0000F2F76EFE87A0F2F76BFE87488068BE289A
:10EB1000B4DB0098B06005B0F0BC08BC184780B505
:10EB2000F2F717FE00F002F80ABC184730B5C1B082
:10EB3000404C216F002901D100202EE00500206FFC
:10EB4000F7F79BF9009001A8F2F754F977A101A813
:10EB50000CF00CFD4A2229000EF0E6FC71A101A880
:10EB60000CF004FD0CF026F8652805D3704BF1225B
:10EB700070497148F2F790FD01A80CF01BF80300F2
:10EB800001AA6946206FF7F7F5FA6449884201D077
:10EB9000012000E000200006000E41B030BC08BC9F
:10EBA000184770B565A529002800F6F73FFF214CEE
:10EBB000260070363060002805D101222900280087
:10EBC000F6F7EEFF3060206F002801D0012000E052
:10EBD00000200006000E70BC08BC184710B592B0AB
:10EBE00004005748F2F7B5FD010005A80DF000FD3F
:10EBF00020000CF011F902000B00524968460BF09E
:10EC00007DFF694605A80CF0B1FC09F05BF8010036
:10EC100005A80CF0ABFCFFF789FF12B010BC08BCD4
:10EC200018470000A4FD0200B8FD0200D0FD02005C
:10EC3000E4FD020070EB0040E0450300843E02006A
:10EC400038B598B040480168002902D040680028D3
:10EC500001D100205BE03D4D290005A80DF0C8FC66
:10EC60003B4CDB20800020180DF0A2FC0CF090F84B
:10EC70000CF0D2F802000B00364968460BF03EFF5C
:10EC8000694605A80CF072FCDD20800020180DF00C
:10EC90008FFC0CF07DF80CF0BFF802000B002E4941
:10ECA00068460BF02BFF694605A80CF05FFCDF20DF
:10ECB000800020580CF0B0F802000B00274968468D
:10ECC0000BF01CFF694605A80CF050FCFFF72EFF67
:10ECD000290005A80DF08CFCC820400020180CC8A5
:10ECE00008381F4968460BF009FF694605A80CF073
:10ECF0003DFCFF202A30225C1A4968460BF0FEFEDC
:10ED0000694605A80CF032FCFFF710FF012019B08E
:10ED100030BC08BC18470000003F3F0005400080A1
:10ED200000203F000D00000030CB00400900000033
:10ED300044FE020000FE020014FE02006C6F670039
:10ED400064FE020090FE020028D5004098FE0200FA
:10ED5000F8DD0040A0FE0200A8FE0200B0FE0200A6
:10ED6000B8FE0200C4FE0200F8B5AE4801680822F1
:10ED700091430160AC48016801220A43026001210D
:10ED8000AA4A116080229204A9490B6813430B60C0
:10ED9000802464040B6823430B60A64B1A601C603C
:10EDA0008022D2010C6814430C60A34C22608024A2
:10EDB000E4050D6825430D601C6080219F4B1C6895
:10EDC0000C431C600368802424061C4304609C4898
:10EDD00001609C480168114301609B490A608021E1
:10EDE000890102680A430260984801600BF0B6FB93
:10EDF0009748016801220A4302600168102291438A
:10EE00000160016820220A430260924801680322DF
:10EE1000914301220A4302608F4801688F4A0A40E9
:10EE2000802149031143016001688D4A0A40802115
:10EE300049011143016002F02DFC02F0FFFD02F0D8
:10EE400053FD884801680F220A4302608648016822
:10EE5000FF220A43026002F00BFDF3F7C7F8F1F757
:10EE600029FF02F0A3FCF3F7B5FBF3F78FFAF3F7F2
:10EE7000FEFCF5F7CBFFF5F7DBFFFFF76BFBFFF7CA
:10EE80005AFB05F093F9FDF7B7FAFDF743FAFDF7E2
:10EE90001BF9FDF7E5FDF7F7B7FFF7F7FCFFF1F713
:10EEA0007BF9F1F713FE0AF003FC0AF08BFCF8F78C
:10EEB00037FB01F0DBF9FEF777FF0BF059FB05F0AC
:10EEC0009AF905F08EF900F06FFDBA48F2F7B7FA3B
:10EED000F9F7A0F9F6F77EFBFFF728F9002805D02F
:10EEE000FFF744F9002801D003F020FEFFF71EF9D8
:10EEF000002807D0FFF724F9002803D00AF062FCAD
:10EF000002F082FFF3F79EFD03F008F8F3F73EFAF4
:10EF1000A94C2000F2F75BFE2223F02213210020EF
:10EF2000F2F77AFD00210020F2F70CFE0020F2F744
:10EF3000FCFD01210120F2F7FBFD0020F2F7F2FDBC
:10EF40009E48F2F75FFD9E48F2F700FE9D48F2F7FB
:10EF500047FC2300EF2233210020F4F792FD00212B
:10EF60000020F2F7EFFD0020F2F7DFFD0321012082
:10EF7000F2F7DEFD0020F2F7D5FD80204002F2F727
:10EF800041FDFF2004F052F9F3F78AFCA44805F094
:10EF9000BAF902F0A7FDF7F70FFBF3F717FD02F040
:10EFA000A1FDF7F7D7FA642005F06FFAFFF7F9FD36
:10EFB0009C48FFF7B4FDFBF7D7FEF9F78FFBF8F796
:10EFC00097FCF1F7BBFC05F077FFFEF759F8FEF769
:10EFD0006FF8FEF751FAFEF7DCFAFEF75EFAFEF77D
:10EFE000E9F9FEF759F8FEF703FB8F4FB8680028E0
:10EFF00014D1786A002811D1F86800280ED1386938
:10F0000000280BD17869002808D1B869002805D1FB
:10F01000F869002802D1386A002827D09A4800F001
:10F02000F4FC26E028C002E020C0FF3F38C0FF3FCC
:10F0300000C0FF3F1CC0FF3F18C0FF3F40C0FF3F64
:10F0400058C0FF3F80C0FF3F98C0FF3F9CC0FF3FBC
:10F05000A0C11FE00CC11FE0A8C11FE0FFFFCFFF50
:10F06000FFCFFFFF08C11FE0A4C11FE0874800F0E9
:10F07000CCFCFFF7C7F986480068002801D004F0EF
:10F0800091FF02F0B7FB8348006801004900C90FF7
:10F09000002906D1804BD722520080498048F2F7E0
:10F0A000FBFA804C2500B8352868002803D002F010
:10F0B000A1FD002028607C4D2869002851D002F075
:10F0C00011FDB42020581F2802D3A34802F0FAF8FB
:10F0D0002600C0363068401C30603068C42161585A
:10F0E000884215D300F000FD002811D1A2489321D9
:10F0F000C900415800290BD1A0494058002807D128
:10F10000A5480068002803D0F2F7ECFF002030602B
:10F11000F8F76BF9F8F7EBF9A6480068002801D07A
:10F12000F8F7B4FAF0F7FBFF0AF092FAF7F724FFCA
:10F13000F8F732F8A87B05210BF0E8FB00290ED187
:10F14000FDF7AAFFFDF79CFFFDF7B2FFF7F702FA04
:10F15000B0202058002802D0A34805F0D4F8F3F7D7
:10F1600089FD00F0AAFD386B002806D0B86B002896
:10F1700003D00020B86300F0B7FDF0F7E9FF0AF014
:10F1800083F9AB4D2868002809D0286800F01CF8E6
:10F190002868F6F79DFC00202860C0216050FCF72D
:10F1A000D2FFFFF737FB002800D16CE70020C02119
:10F1B000605068E71AE80040003F200002000100AC
:10F1C000AC60020018FF020010B50400200000F03F
:10F1D0006DF8200000F0D4F8200000F0DFF82000E7
:10F1E00000F0EAF8200000F0F3F8200000F01EF82C
:10F1F000200000F009F8200000F0F8F8200000F0EE
:10F20000ADF810BC08BC184780B56B46894A8A49DE
:10F21000FCF710FA002801D1F3F7DEFD09BC18470E
:10F22000E834030020FF0200E4EB00403EB5050097
:10F230000020029001900090804C02AB804A210097
:10F240002800FCF7F7F900281BD101AB7D4A21000B
:10F250002800FCF7EFF9002813D16B467A4A210009
:10F260002800FCF7E7F900280BD178480299D02252
:10F2700081500199D42281540099D6228152F5F708
:10F28000B3FF37BC08BC184700E80200944D0300E8
:10F29000F0DD004094C0FF3F74FF020010FF020049
:10F2A00048FF0200F4E80040B8EC004038B58CB0EC
:10F2B0000500674C0BAB67A221002800FCF7BAF9E8
:10F2C000002845D10AAB64A221002800FCF7B2F95E
:10F2D00000283DD109AB614A21002800FCF7AAF9BA
:10F2E000002835D108AB5EA221002800FCF7A2F966
:10F2F00000282DD107AB5BA221002800FCF79AF96A
:10F30000002825D106AB58A221002800FCF792F96D
:10F3100000281DD105AB4B4A21002800FCF78AF9D3
:10F32000002815D104AB484A21002800FCF782F9D7
:10F3300000280DD10498039005980290069801903A
:10F3400007980090089B099A0A990B98F1F7F6FD27
:10F350000DB030BC08BC184788FF020080B56B4672
:10F36000344A4249FCF766F9002802D140A001F076
:10F37000A9FF09BC184700006CD000409C040000A5
:10F3800080B56B462B4A3B49FCF754F9002801D164
:10F3900000F06EFC09BC184730CB004080B56B46CE
:10F3A000244A3549FCF746F9002801D100F008FC51
:10F3B00009BC184728D5004080B56B461D4A2F4927
:10F3C000FCF738F9002801D100F0B2FB09BC18475E
:10F3D00080B56B46174A2A49FCF72CF9002801D161
:10F3E00000F0C9FB09BC1847003503001CB56B468B
:10F3F000104A2449FCF71EF9002815D16424F1F7BE
:10F4000023F902E00A2002F041FB1F4800680028AF
:10F4100002D1641E002CF5D10BF0A0F80AF048F9D7
:10F420000AF01EF90BF0A4F813BC08BC1847000042
:10F43000ECDD0040D8FF0200C4FF0200E0FF020044
:10F44000F8FF0200000003000800030020E700406E
:10F4500010000300736563006D696E0024000300F3
:10F46000646F6D00646F7700646F79002C00030097
:10F47000000000003C0003004C00030058000300A3
:10F48000680003007800030004CB004000B57B480F
:10F490000068002801D07A4800E0BC4808BC184742
:10F4A000BB487047BB48704700B5AB48F82189009E
:10F4B0004158002904D0F72189004058002801D183
:10F4C000B54800E0002008BC18470020704780B510
:10F4D000B24800681E2803DB00F015F800F027F89A
:10F4E00007F0FEFF0ABC184780B507F065FD00F085
:10F4F0000AF809BC184780B507F0ECFD00F003F8E6
:10F5000001200ABC184700B50020A5498422885074
:10F51000020004E004235343CB185860521C1E2AF7
:10F52000F8DBC86780228850086008BC18473EB5E1
:10F530009C4D01229CA19DA0F6F732FB2860286813
:10F54000002810D0002401949948009004236A46B2
:10F5500001A92868F6F70EFE9649884203D128686B
:10F56000F6F7B6FA2C6037BC08BC1847F8B588B077
:10F57000FDF720FF784CF820800022181068002842
:10F5800016D0F72080002058002811D0F2208000EB
:10F59000205889490BF0E4FB0AD2FDF7F9FA092853
:10F5A00030DBFDF795FFFDF789FF07F00FFF29E03E
:10F5B0001068002826D1F72080002058002821D18B
:10F5C000774DEE6F3000401CE867FA20800020582D
:10F5D000002802D080273F0600E00027F0208000AE
:10F5E00020580DF0FBF8074304204643A819476054
:10F5F000E86F1E2801D100F045F82800803001682E
:10F60000491C0160664D286800282CD06B48FDF726
:10F6100068FB002827D0E86F012824DB0020286041
:10F6200007F054FE00281ED000F02CF800281AD055
:10F630006846F1F75BFC0200614904A80BF05EFA32
:10F640005AA304AA58A11800F6F724FBFFF75BFFA2
:10F65000FFF7F6FA002803D008F00CFAFFF7BEFA1D
:10F66000584804F050FE0020FA218900605000F054
:10F6700010FA012009B0F0BC08BC184748D400407B
:10F6800034010300F8B594B0454C8420205800287C
:10F6900001D1FFF74CFF84202058002805D100201D
:10F6A000E06704F07FFC002052E084202058F6F749
:10F6B000E4FB0090002504AE0020C0430290042229
:10F6C00002A9370038000BF075F8361D2D1D0722F2
:10F6D0003D49370038000BF06DF8F61DED1D1E2278
:10F6E0003A49370038000BF065F837001E371E35F1
:10F6F000039510263200364D2900019701980BF032
:10F7000059F8019838001030039B103304AA694659
:10F7100084202058F6F72EFD0700012F09DBE36F48
:10F7200004204343221D694684202058F6F722FD19
:10F73000070031000026320028000BF0A7F8E6672A
:10F740001C48874203D104F02DFC002000E001207A
:10F7500015B0F0BC08BC18476CD0004080B51D48FF
:10F7600000F053F901200ABC184780B5F8F778FC7F
:10F7700001200ABC184780B5FDF70CFEFDF740FEDE
:10F7800001200749086001200ABC18475401030002
:10F79000640103007C0103008C01030068EB00405E
:10F7A000E8EA00406CEB0040746D70006D6373001C
:10F7B000EEEEEEEE054000800100E040D0A10040FA
:10F7C000A4010300DC340300C0EC004064E100400D
:10F7D000ECD40040E045030080B5FFF794FE07F04D
:10F7E000F5FD0ABC18470000614870476148704742
:10F7F000604870475F4870475E48704710B51021F9
:10F8000000225D4C20000BF041F810BC08BC1847EA
:10F8100080B5052058490860FA20800000F0AEFB52
:10F8200000F00FF901200ABC184710B500F031F9BB
:10F83000514C2068401E2060206800280BD1606871
:10F84000002805D14D4B58224D494E48F1F724FF71
:10F85000606800F0A7F8012010BC08BC184710B57C
:10F86000454C6068002805D1444B61224649454813
:10F87000F1F712FF606800F095F8012010BC08BC99
:10F88000184710B53C4C6068002805D13B4B6722F7
:10F890003E493C48F1F700FF606800F083F8012022
:10F8A00010BC08BC184710B5334C6068002805D15F
:10F8B000324B6D2236493348F1F7EEFE606800F0B6
:10F8C00071F8012010BC08BC184710B52A4C6068BC
:10F8D000002805D1294B73222E492A48F1F7DCFE76
:10F8E000606800F05FF8012010BC08BC18470120D8
:10F8F000704780B500F009F801200ABC18470120C4
:10F900007047012070470120704710B5EA23F022AC
:10F9100035210020F2F780F800210020F2F712F9DB
:10F920000120F2F702F900210120F2F701F91A484B
:10F93000F2F768F81948F2F709F90120F3F700FA2D
:10F94000F2F7ABF80C4CA068002805D10B4B9E22B7
:10F9500013490C48F1F7A0FEE068A16800F023F815
:10F96000F3F7F8F90020F3F7EBF910BC08BC1847DF
:10F97000F00103001402030000ED004074020300D4
:10F980002C0203004002030098020300AC020300B3
:10F99000C0020300D4020300020001005C4C02001C
:10F9A000E80203000047084780B584480021C1628F
:10F9B000C163AE4A026041600163416381630164D7
:10F9C000416404F025FF07F0F7FAFFF78DFD07F01B
:10F9D000F3FA09F069F803F049F9F7F7E1FFF1F7F5
:10F9E0004DFB0AF0E6FDF4F7CEFD09F061FBFEF7F2
:10F9F000B1FF08F07FFBF5F74FFCFAF79FFFFFF729
:10FA0000FDFE02F07AFC09BC184738B505006B4CC6
:10FA10002068A84201D000F054F825600020E0637F
:10FA200000F09FFA00F01CF8FEF7ECFC31BC08BCBB
:10FA3000184780B5AA4803C8C822F3F74BFC09BC95
:10FA4000184780B55D48C06B002801D1FFF7F1FF72
:10FA500000F075F900F0B6F900F01BF809BC184782
:10FA600080B5A0480068002801D1F2F76BFB53482D
:10FA70000168002901D1012009E001688969002994
:10FA800001D1012003E00068806900F0EDFB0ABCB1
:10FA9000184780B549480168002901D101200EE0CE
:10FAA000C16B00290AD10168096B002901D101202D
:10FAB00005E00068006B00F0D7FB00E001200ABC05
:10FAC000184780B53D480168002901D1012009E0AF
:10FAD0000168496B002901D1012003E00068406BF7
:10FAE00000F0C2FB0ABC184710B534480168002971
:10FAF00001D1012019E0AE490968002901D0002098
:10FB000013E00168896B002901D101200DE0006834
:10FB1000806B00F0A9FB0400002C05D0F5F712FB68
:10FB2000002801D0002000E0200010BC08BC1847CD
:10FB300010B5224C2068002801D1012018E0E06BAC
:10FB4000002803D000F039FB012011E02068806814
:10FB500000F08AFB002801D1012009E02068C0697B
:10FB6000002801D1012003E02068C06900F07CFB7F
:10FB700010BC08BC184710B5104C2068002801D1F3
:10FB8000012018E0E06B002803D000F02BFB0120DF
:10FB900011E02068C06800F067FB002801D1012057
:10FBA00009E02068006A002801D1012003E02068F4
:10FBB000006A00F059FB10BC08BC1847E4EB004099
:10FBC00070B57C4D2868002801D101204BE0E86B1E
:10FBD000002836D02E6C002401E0761E641C686874
:10FBE000006D84420ADA6868042161434018C06FDE
:10FBF00000F03AFB0028F1D0002EEED16868042115
:10FC000061434018406D002805D16B4BC7226B49FA
:10FC10006B48F1F741FD686804214C430019406DC1
:10FC200000F022FB0400012C05D1E86B002806D06F
:10FC300000F01EF803E0002C01D100F00DFA2000C6
:10FC400011E02868006900F00FFB002801D10120B5
:10FC500009E02868406A002801D1012003E02868F3
:10FC6000406A00F001FB70BC08BC1847E045030087
:10FC700010B5504C2068002801D101201AE0E06B3B
:10FC8000002805D00020E063FFF7DBFE012011E033
:10FC90002068406900F0E8FA002801D1012009E05D
:10FCA0002068806A002801D1012003E02068806A72
:10FCB00000F0DAFA10BC08BC184780B53D4801686E
:10FCC000002901D1012009E00168C96A002901D198
:10FCD000012003E00068C06A00F0C6FA0ABC1847B9
:10FCE0004803030030CB004080B5CA4801680029B2
:10FCF00001D1012009E00168096C002901D101202E
:10FD000003E00068006C00F0AFFA0ABC184710B5B9
:10FD1000C04C2068002801D101200DE00020E063E4
:10FD2000FFF78FFE2068C06B002801D1012003E09F
:10FD30002068C06B00F098FA10BC08BC184738B5B2
:10FD40001C4C206800282FD0206845682800F1F757
:10FD50003EFF2223F02213210020F1F75DFE002157
:10FD60000020F1F7EFFE0020F1F7DFFE0121012076
:10FD7000F1F7DEFE0020F1F7D5FEB348F1F742FEC1
:10FD8000B248F1F7E3FE2068006800F06DFA040065
:10FD90006E20F1F765FE2000F1F7EDFC2B00EF225D
:10FDA00033210020F3F76DFE31BC08BC184700007A
:10FDB000A4E90040E4EB0040880303005003030083
:10FDC0005C03030070B5934C2068002800D1BDE0AF
:10FDD00020684068F1F7FBFE0021C9430120F1F7DC
:10FDE000A7FE0020F1F7A1FE0020F1F79BFE964848
:10FDF000F1F708FE9648F1F7A9FEFF2520352123EB
:10FE0000F02229000020F1F707FE6420F1F728FE18
:10FE10000F23502229000020F1F7FEFD00210020D1
:10FE2000F1F790FEE06B002802D000F096F80BE0AE
:10FE30002068806800F018FA002804D020688068E4
:10FE400000F012FA00E083A0F1F795FC0F23502296
:10FE500029005020F1F7E0FD00210020F1F772FEAB
:10FE6000E06B002802D000F076F80BE02068006913
:10FE700000F0FAF9002804D02068006900F0F4F9D5
:10FE800000E074A0F1F777FC0F235022972149007E
:10FE90005020F1F7C1FD00210020F1F753FEE06B87
:10FEA000002802D000F055F80BE02068406900F00F
:10FEB000DBF9002804D02068406900F0D5F900E0A3
:10FEC00064A0F1F758FC0F2350222900A020F1F77D
:10FED000A3FD00210020F1F735FEE06B002802D0E1
:10FEE00000F03DF80BE02068C06800F0BDF9002884
:10FEF00004D02068C06800F0B7F900E055A0F1F721
:10FF00003AFCB74CFF2540352300EF2229000020A2
:10FF1000F3F7B7FD2300EF22FF2122310020F3F792
:10FF2000B0FD23009F22982149005120F3F7A9FD3D
:10FF30009126760023002A0031005020F3F72FFD90
:10FF400023002A003100A020F3F729FD70BC08BC73
:10FF50001847AE487047AE487047AE487047AE4845
:10FF6000704780B500F050F82A48002101630AF07C
:10FF7000F5FA81630AF0FCFA09BC184710B50400D1
:10FF80000A2C06D2A54BFF225C32A549A548F1F701
:10FF900083FB00F039F81F480121016344630AF034
:10FFA000DDFA002181630AF0E3FA200000F003F893
:10FFB00010BC08BC184770B504000A2C06D2974B39
:10FFC000FF226C3298499748F1F766FB0AF0C6FAAF
:10FFD000964D2868012188432860954806682000CE
:10FFE0000A21F1F751FB30189249086092480168E4
:10FFF00008220A43026028680121014329600AF0AF
:020000040001F9
:10000000B7FA70BC08BC18478B48016808229143B6
:1000100001607047E4EB004010B50400002C06D1ED
:10002000864BC222520086497E48F1F735FB85484F
:100030000121C16300210164446000F00DF8FFF765
:10004000C1FE10BC08BC184702000100AC600200F1
:100050005C4C020000000000FEB57A4C20680028CD
:1000600000D188E060685430002806D1764BFF222A
:10007000963276496B48F1F70FFBEA23F0223521DF
:100080000020F1F7C9FC0020F1F74FFD0020F1F747
:1000900049FD6F48F1F7B6FC6E48F1F757FD6E4821
:1000A000F1F795FD0A20F1F7DBFC6C4D00272F607E
:1000B0003E000CE06068042171434018C06F00F0FE
:1000C000D3F8002802D0606C401C2860761C606861
:1000D000006D8642EEDB0A20616C401A1421484311
:1000E00005003535EA21081A0190019BEC22290010
:1000F0000420F1F791FC04210120F1F719FD0321FF
:100100000320F1F71FFD6068007800280CD06068BC
:10011000F1F731FB52A0F1F763FB4F4BEE222900C0
:1001200014310120F3F7ADFC4E48F1F76BFC206869
:100130004068F1F74CFD0EE06068042179434018F7
:10014000C06F00F091F8002804D0F1F714FB44A030
:10015000F1F746FB7F1C6068006D8742ECDB3E4890
:10016000009001982B185B1EEF2229000020F2F767
:10017000C7FD00F003F8F7BC08BC184770B5314D57
:100180002868002816D0696C484214214843FD3085
:10019000801C296C491C142251434618002407E096
:1001A00028684368ED2231190220F3F783FE641CAE
:1001B000132CF5DB70BC08BC184780B5FFF7DEFFD9
:1001C0002048016C002903D0016C491E016402E043
:1001D000416C491E0164FFF7D1FF09BC18470000BC
:1001E000003F3F0080B5FFF7C9FF1648016C426C25
:1001F000521E914203D2016C491C016401E00021AE
:100200000164FFF7BBFF09BC18470000A00303000F
:10021000B8030300D4030300E40303000C04030049
:10022000F80303005C03030028040300040007E054
:10023000080007E01C0007E0140007E0500403007A
:100240003C040300E4EB004078040300680403006E
:10025000020001005C4C02000020200028EC00405D
:100260000D000000010001000047000038B5A54C5A
:100270000120862149006054002588204000255037
:1002800000F0E2F9DB2080002218002000210DF0B0
:1002900071FADD2080002218002000210DF06AFA9A
:1002A0000020DF2189006050E02189006050E121B9
:1002B000890060502800E22189006054C14825541B
:1002C00031BC08BC1847F2B507008E4C01208621CE
:1002D000490060540025280020712E0003E0B85D1D
:1002E00000F059F8761C00988642F8D3E22080008E
:1002F00026183570FF205A3025182878002847D056
:100300008C204000201803C8DB229200A2180DF0B8
:1003100031FA90204000201803C8DD229200A21874
:100320000DF028FA2878022802DB3078401C307063
:10033000287803280BD13078401C30709C20400076
:10034000201803C80AF024FDDF2189006050954879
:10035000205C56281CD03078401C30703078401C0F
:100360003070CE20800020180CC8083896A003C832
:100370000BF0CEFF0AF00CFDE02189006050D02088
:100380008000201803C80AF003FDE12189006050B5
:10039000F1BC08BC184738B55A4A862149005418A0
:1003A0002178012909D000D2A7E0032941D00FD339
:1003B000052900D186E076D39FE00006000E2428B0
:1003C00005D100200100117050800220207096E0BD
:1003D00001000906090E2C2919D001000906090E91
:1003E0002A2914D05188082902DB012020701FE03F
:1003F0005188511808715188491C51801178484022
:1004000010705088082813DB0120207010E05188FC
:10041000082902DB012020700AE000210B0055882A
:1004200055192B711378584010705180032020709B
:1004300065E001000906090E2A290CD15088FF2821
:1004400002DD012020702DE0002051885118087332
:100450000420207026E08021490053888B4202DB73
:10046000012020701EE003001B061B0E0D2B0BD17C
:10047000002051885118087311000C31101D00F034
:1004800043F8012020703AE01378434013705388FA
:10049000D31818735088401C50805088884201DB64
:1004A000012020702BE001000906090E30390A29CD
:1004B00002DA0001507002E0373800015070052068
:1004C00020701CE001000906090E30390A2904DAFF
:1004D000517830380843507003E05178373808437A
:1004E000507010785178884204D111000C31101DE1
:1004F00000F00AF80120207001E00120207031BCDA
:1005000008BC1847F8DD004038B504000D00264946
:1005100020000AF013FB002805D0244920000AF02F
:100520000DFB002803D1280000F0DAF932E0204961
:1005300020000AF003FB002805D01E4920000AF025
:10054000FDFA002803D1280000F004FB22E01A493C
:1005500020000AF0F3FA002805D0184920000AF01C
:10056000EDFA002803D1280000F09EFC12E01449A7
:1005700020000AF0E3FA002803D1280000F080FBF5
:1005800008E0BE4920000AF0D9FA002802D128006C
:1005900000F0E6FDCA480168491C0160012032BC38
:1005A00008BC184723030000940403009C040300C4
:1005B000A4040300AC040300B4040300BC0403005F
:1005C000C4040300890300006F1283C0CAA1FD3F69
:1005D000F0B5002803D0002901D0012B01DA00205A
:1005E0002FE000242500260096420DD0475D002F05
:1005F0000AD0475D2C2F00D1761C6D1C475D002F63
:10060000F2D10C7000201CE0425D2C2A02D0425D29
:100610002A2A02D10C70002013E02200465D2C2E05
:100620000DD0465D2A2E0AD0465D002E07D0465DCD
:100630008E54521C6D1C9A42F0DB5B1E1A008C54C7
:100640000120F0BC08BC1847F0B500239D4A1800F3
:100650008A21490050541800FF21163150541800C7
:100660008B2149005054002000218C24640014196F
:1006700003C4083C90246400141903C4083C1C0003
:1006800094256D0054551C00FF252A355455982497
:100690006400141903C4083C9C246400141903C4A6
:1006A000083CA02464001351A22464001351A42424
:1006B0006400141903C4083CA8246400141903C47A
:1006C000083C4D24AC256D0054550124FF255A35B6
:1006D00054551C0007E01D00022666439619AD27FD
:1006E0007F00F553641C142CF5DBC424640014193A
:1006F00003C4083CC8246400141903C4083CCC2477
:100700006400141903C4083CD024640013511C0075
:10071000D2256D0054551C00D3256D0054531C0088
:1007200022E01D000C2666439619D8277F00F5535A
:100730001D000C2666439619D9277F00F5531D002E
:100740000C2666439619D4277F00F5531D000C260E
:1007500066439619D5277F00F5530C256543551937
:10076000D6267600AB51641C142CDADBA624A40038
:1007700013515624A725AD005455A825AD00551991
:1007800003C5083D3F25AA26B60095551D004E4ECF
:1007900095551D004D4E9555BC25AD00551903C509
:1007A000083DBE25AD00551903C5083DC025AD0067
:1007B000551903C5083DC225AD00551903C5083DAF
:1007C000C425AD00551903C5083DC625AD005455D7
:1007D000C725AD0053511D00C826B60095551D0014
:1007E0003B4E95551D003B4E95553B4D5455CA24E7
:1007F000A400141903C4083CCC24A400141903C495
:10080000083CCE24A400141903C4083CD024A4003E
:10081000141903C4083C01242500D226B6009555BE
:1008200025002E4E9555FA25ED00C24E9553D4263F
:10083000B600961903C6083ED62080001350180053
:10084000D721890050541800BB4950541800BB49A7
:1008500050542000BA495054D82080001454B9484C
:1008600015521800D921890050541800B649505427
:10087000DA2080001350F0BC08BC1847CC040300F9
:1008800010B501000904090C002901D1002013E072
:10089000002100E0491C0C290DDA0200AB4B0224B8
:1008A0004C431B19AD2464001B5B1204120C9A42CA
:1008B000F0D1012000E0002010BC08BC1847000067
:1008C00008DF0040F8DD0040A9020000C902000076
:1008D000210300002203000023030000490300005D
:1008E000F8B58EB007001E23002269463800FFF7D6
:1008F0006FFE002826D008AC3120207035206070B3
:1009000000252800A070914E08A80CF0CBFE8A218B
:100910004900705432202070372060702800A07089
:1009200008A80CF0BFFEFF2116317054684601790B
:10093000217040796070A57008A80CF0B3FE8B217F
:10094000490070541E23012269463800FFF740FE1B
:1009500000281AD07E4D6C46A01CF3F7E7FD00225C
:10096000C14B0AF079FE03C5083D0020A07068461F
:10097000F3F7DCFD0CAA03C2083A03CD083D0CAA2C
:100980000CCA0BF08DFE03C5083D1E2302226946EA
:100990003800FFF71DFE00280BD06846007853286A
:1009A00007D16B4A03CA083A80231B06594003C289
:1009B000083A1E23032269463800FFF709FE002883
:1009C0001AD0AA4D6C46E01CF3F7B0FD0022A64BEE
:1009D0000AF042FE03C5083D0020E0706846F3F7C8
:1009E000A5FD0CAA03C2083A03CD083D0CAA0CCA07
:1009F0000BF056FE03C5083D1E230422694638004D
:100A0000FFF7E6FD00280BD068460078572807D18D
:100A1000964A03CA083A80231B06594003C2083A83
:100A20001E23052269463800FFF7D2FD002804D0B6
:100A30006846007830388E4908701E2306226946C1
:100A40003800FFF7C5FD00280CD008A869460A78D1
:100A50000270497841700021817008A80CF022FED4
:100A6000844908701E23072269463800FFF7B0FD4D
:100A7000002805D06846F3F759FD7F4A03C2083ABB
:100A80001E23082269463800FFF7A2FD002805D082
:100A90006846F3F74BFD794A03C2083A2B4CFF2016
:100AA0001630205C3C2148438B214900615C45188D
:100AB000A22040002058A84225DAA2204000205859
:100AC000401B0BF043FD0022674B0AF0C5FD0600FA
:100AD0000F000020002132003B000CF033FE12D04A
:100AE000A4204000201803C89C225200A2180CCA5F
:100AF0000AF04EFF32003B000AF0AEFDA822520081
:100B0000A21803C2083A9C204000201803C8A4225F
:100B10005200A21803C2083AA22040002550A0208B
:100B2000400020180168491C01600FB0F0BC08BCEF
:100B3000184700004A0300005D0300005E03000048
:100B40005F0300006203000065030000F8DD004061
:100B500010DF004078B58BB005001E2300226946E7
:100B60002800FFF735FD002803D068460078C54906
:100B700008701E23012269462800FFF729FD00287E
:100B800004D0684600783038BF4908700026340029
:100B900024E03000BD49022262438918AD22520090
:100BA00088521AE01E232200921C69462800FFF793
:100BB0000FFD0028EDD008A869460A780270497830
:100BC00041703100817008A80CF06CFDAF49022221
:100BD00062438918AD2252008852641C0C2CE1DB60
:100BE0001E230E2269462800FFF7F2FC002806D0DB
:100BF0006846F3F79BFCA64A03C2083A04E00020CB
:100C00000021A34A03C2083A1E230F226946280086
:100C1000FFF7DEFC002806D06846F3F787FC9D4A04
:100C200003C2083A04E0002000219A4A03C2083AAD
:100C30001E23102269462800FFF7CAFC002806D0B0
:100C40006846F3F773FC944A03C2083A04E00020B4
:100C50000021914A03C2083A90480168491C01608A
:100C60000CB070BC08BC184700004E4018DF0040B4
:100C700020DF004021DF004028DF004030DF00405F
:100C8000F8B58AB007000026340035001E23002284
:100C900002A93800FFF79CFC002808D002A80CF03D
:100CA00001FD04002000001E0A2800D3E5E0012C0D
:100CB00003DB04204443142C00DBDEE01E2301226E
:100CC00002A93800FFF784FC002803D002A80CF02A
:100CD000E9FC05002800401E092800D3CDE01E23B2
:100CE000022202A93800FFF773FC002804D002A8F2
:100CF0000CF0D8FC6A49088034004DE063480421B8
:100D0000694361180C2251434018BD21490032004B
:100D1000425225E05D480421694361180C22514389
:100D20004018C0214900320042521E23042262436F
:100D3000921D02A93800FFF74BFC0028DED0534873
:100D40000421694361180C2251434118BD2252000D
:100D50000092019102A80CF0A5FC0199009A88521A
:100D60004A480421694361180C2251434118BE22AC
:100D700052000092019102000420684321180C20C7
:100D8000414310004018BC214900405AFFF778FD4C
:100D90000199009A8850641C042C6ADA1E230422EC
:100DA0006243D21C02A93800FFF712FC002811D0C0
:100DB00036480421694361180C2251434118BC2272
:100DC00052000092019102A80CF06CFC0199009A6B
:100DD00088520AE02D480421694361180C225143CE
:100DE0004018BC214900320042521E2304226243B3
:100DF000121D02A93800FFF7EBFB002811D0234891
:100E00000421694361180C2251434118C122520048
:100E10000092019102A80CF045FC0199009A8852B9
:100E20000AE01A480421694361180C225143401812
:100E3000C1214900320042521E2304226243521D46
:100E400002A93800FFF7C4FB002800D162E70F4871
:100E50000421694361180C2251434118C0225200F9
:100E60000092019102A80CF01DFC0199009A885291
:100E70005BE70C480168491C01600BB0F0BC08BC82
:100E80001847000050DF004051DF0040F8DD00400F
:100E900080DF004088DF004090DF004098DF0040A6
:100EA0009EDF004090E00040F1B58CB0312608ACE8
:100EB0002670382060700020A070A24DA24F08A8B4
:100EC0000CF0F0FB38701E23002269460C98FFF7E7
:100ED0007FFB00281ED03220207066700020A0709A
:100EE00008A80CF0DFFB38702670372060700020F7
:100EF000A07008A80CF0D6FB9449685468460179A4
:100F00002170407960700020A07008A80CF0CAFB26
:100F10008F4968541E23012269460C98FFF758FB3D
:100F2000002804D0684600788A49685402E05620B8
:100F3000884968541E23022269460C98FFF748FB33
:100F4000002815D0844F6E46B01CF3F7EFFA00224C
:100F5000824B0AF081FB03C7083F0020B07068464F
:100F6000F3F7E4FA0CCF083F0BF09AFB03C7083FF6
:100F70001E23032269460C98FFF72AFB00280DD098
:100F800068460078532809D1CA2080002A1803CA6D
:100F9000083A80231B06594003C2083A1E23042244
:100FA00069460C98FFF714FB002815D0B24F6E4627
:100FB000F01CF3F7BBFA0022684B0AF04DFB03C7A5
:100FC000083F0020F0706846F3F7B0FA0CCF083FF6
:100FD0000BF066FB03C7083F1E23052269460C98E9
:100FE000FFF7F6FA00280DD068460078572809D197
:100FF000CC2080002A1803CA083A80231B065940D7
:1010000003C2083A1E23062269460C98FFF7E0FA4D
:10101000002808D06846F3F789FACE229200AA1871
:1010200003C2083A09E000200021CE229200AA184B
:1010300003C2083A5620474968541E2307226946CE
:101040000C98FFF7C5FA002808D06846F3F76EFA47
:10105000D0229200AA1803C2083A09E00020002119
:10106000D0229200AA1803C2083A5620394968547F
:101070001E23082269460C98FFF7AAFA002828D0F8
:101080006E46307820707078607000273800A0704D
:1010900008A80CF007FBD22189006854B0782070B2
:1010A000F07860703800A07008A80CF0FBFA734963
:1010B00068543079207070796070A77070482C186F
:1010C00008A80CF0EFFA20802088FA21C900401807
:1010D00020801E23092269460C98FFF779FA002820
:1010E00008D06846F3F722FAD4229200AA1803C265
:1010F000083A06E000200021D4229200AA1803C278
:10110000083A1E230A2269460C98FFF761FA002864
:101110000DD068460078572809D1D42080002A18BD
:1011200003CA083A80231B06594003C2083AD62056
:10113000800028180168491C01600DB0F0BC08BC93
:1011400018470000F8DD004018E1004021030000CE
:10115000220300002303000020E1004000004E4075
:10116000F1B58CB01E23002269460C98FFF730FAC7
:10117000002824D06C4608AD20782870607868700C
:1011800000263000A8703F4F08A80CF08BFAD7213A
:1011900089007854A0782870E07868703000A870D2
:1011A00008A80CF07FFA38497854207928706079C3
:1011B0006870AE7008A80CF075FA344978541E2394
:1011C000012269460C98FFF703FA002805D068460B
:1011D0000CF068FA2E49087002E001202C490870D2
:1011E0001E23022269460C98FFF7F2F9002805D069
:1011F00068460CF057FA2749087002E0012025499B
:1012000008701E23032269460C98FFF7E1F90028B5
:1012100005D068460CF046FA1F49088002E001201C
:101220001D4908801E23042269460C98FFF7D0F957
:10123000002805D068460CF035FA1849087002E01D
:101240000020164908701E23052269460C98FFF7F6
:10125000BFF9002805D068460CF024FA1049087040
:1012600002E000200E4908700E480168491C016028
:101270000DB0F0BC08BC184728E10040490300004D
:101280004A030000F8DD00405D0300005E0300003B
:1012900057E1004058E100405AE100405CE1004065
:1012A0005DE1004060E1004000C09FE51CFF2FE1D0
:1012B0008543010008B4024B9C4608BC6047C04609
:1012C000D837000038B504000020FEF79EFB03F07D
:1012D00027F903F00FF900F0CBFAEFF7F7FBF6F779
:1012E000FDF9664D2868002803D1654803F00BF826
:1012F00001E002F080FF0020286062480278624925
:101300006248FAF783FC6248FDF709FC200009F007
:1013100051FC002802D02000FDF701FCF3F764FF28
:101320005C480168012291430160F1F7B9FA20009D
:1013300000F034F800F0B6F802F05DFF01E000F0D4
:10134000D1FBFDF7AFF80028F9D1F0F7CBFE5248FA
:101350008021490301608021890301608020C0034E
:101360004E49086001244E480168032291432143FD
:101370000160E020000601680422914301600168D9
:1013800002220A430260016821430160B8480068F4
:1013900020400028FAD000F0A5FBF7E738B504009C
:1013A00001210120F0F7C4FB6423F0226721002013
:1013B000F0F732FB00210020F0F7C4FBA048F0F763
:1013C00021FB0020F0F7AEFBF0F7E0FF9D48F0F7BF
:1013D000BDFBFC25AD032800F0F7F9FB9A48F0F7B8
:1013E000CAF99A48F0F7B2FBA248F0F7C4F9FC201A
:1013F0008001F0F7ECFB2000F0F7BDF92B00EF22A5
:1014000087210020F2F73DFB31BC08BC184780B5AE
:1014100001210120F0F78CFB6423F02268210020D9
:10142000F0F7FAFA00210020F0F78CFB8448F0F77F
:10143000E9FA0020F0F776FBF0F7A8FF8148F0F713
:1014400085FB8D48F0F7C3FB8C48F0F794F97F4893
:10145000F0F77CFB8A48F0F78EF9FC208001F0F76A
:10146000B6FBCF48F0F787F9FC239B03EF228821D6
:101470000020F2F706FB09BC18470000A4E9004071
:10148000F4340300ECEC0040E4040300D404030053
:10149000EC0403000C4002E03CC0FF3F040000E00D
:1014A000100000E010B5002405E0FAF74CFE4220E1
:1014B00000F0ECFA641C1E2CF7DB10BC08BC1847CB
:1014C000F8B5704802F01FFF00246F480460012047
:1014D0006E490860FBF7DAFFFCF701F8FBF7DCFD6B
:1014E00000F0C6F903F006F803F01AF8EFF7EEFA89
:1014F000A748C0686649884201D0F6F7EFF8FFF7C1
:1015000086FFFFF7CFFF02F076FE01E000F0EAFA77
:10151000FCF7C8FF0028F9D1F0F7E4FD984801680E
:1015200004220A430260016802220A430260016841
:1015300080220A4302600168802212020A4302608C
:101540009448046102F0ECFF964800680321884348
:10155000944908609448046000F0C4FAA04DA020AB
:101560002C50A4202C50AC202C50A8202C5001260C
:10157000BC202E50F1F718FA00F00EF9012000F00F
:1015800085FA012000F082FA964F3868002802D0D0
:1015900000F030FB3C60A020285800280ED1A82085
:1015A000285800280AD1B0202858002806D18E4893
:1015B000C16A002902D1806A0028CDD0794801682B
:1015C000032291430E43066077480460FBF78EFFC9
:1015D000FBF762FDBC202C5001E000F083FAFCF721
:1015E00061FF0028F9D1FCF70DFF02F0FAFD802021
:1015F00000037E4908607E490860F0F7A3FDF0F71C
:10160000C5FE6348C0680E49884201D0F6F772F8FB
:10161000954800681E49884201D1EFF715F8934DAF
:101620002868002807D00020FEF7EFF9CA48FEF727
:10163000ECF92C6001E0FEF76AFBF1BC08BC18472E
:1016400002000100AC600200180503005C4C0200BF
:10165000704700B562480068002802D00020C043EF
:1016600000E0994899490860BC49086008BC1847DF
:1016700054C0FF3F38050300003F3F0058050300FA
:1016800074050300F434030048D400404CD40040F7
:1016900001000100F8B58021C9038D4A1068084394
:1016A0001060534801608B4913680B40136080231E
:1016B0009B0314681C431460036080242402864B3F
:1016C0001D6825431D60854D2C60802464031568CA
:1016D0002543156080229200814D2E68814F37404E
:1016E00017432F60046018689D4C04401C609D489F
:1016F00003689D4C1C40046003682024A3430360DE
:101700009A4803681940016099480168994B0B4059
:10171000036099480024046001680A43026000F0F5
:1017200031F82F48C0214450A0214450A4214450F6
:10173000AC214450A8214450B0214450B42144501D
:10174000BC21445021008180C9498160C1600121D0
:1017500001616421816196214900C4228150B82130
:101760004450FE2189059C228150F1BC08BC1847D9
:1017700081480168802212010A430260704700001C
:1017800044C11FE07C480168BA4A0A4002607047C1
:1017900028D50040ECEC00400220B74908607047B3
:1017A000940503000CC11FE004C11FE080B500F0E8
:1017B00010F8A14801680722914303220A430260FE
:1017C000CB4801680322914302220A43026009BC0C
:1017D0001847C74801680322914301607047000021
:1017E000F4E80040ACE9004060EA00403CC0FF3F44
:1017F00038C0FF3F70B508F0B1FEA0490868002866
:1018000027D10120086003219D4A11609D490A6883
:10181000D20BD203072313430B600A689A4B134081
:101820000B60AE490A6802430A60AD4CAA252560E8
:1018300055262660AF4A1268920E0240002AF9D05F
:101840000868022202430A60FFF703FF2560266052
:1018500001E0FFF7FEFE0220A749086008F088FEBD
:1018600070BC08BC1847000058BE004000D50040BE
:1018700070B508F073FE8149086800281AD000206E
:10188000086096490A6802239A430A60944AAA2388
:101890001360552414600D680126B5430D60136074
:1018A0001460944909680A005201D20F002AF8D145
:1018B00073490860FFF7CDFE00208F49086008F0EB
:1018C00057FE70BC08BC1847AAAAAAAAA8C11FE064
:1018D00020C0FF3FFFFF7FFF80C0FF3F98C0FF3F5A
:1018E0004CC002E0FFFCFFFF234801688022520148
:1018F0000A430260B348B4490A68024080235B038C
:1019000013430B60B1490A681040802292030243DE
:101910000A60AF480168FF22914308220A4302602F
:101920000168AC4A0A4002600168FF2212020A43C1
:1019300002600168A84A0A400260A8480168802243
:1019400052000A4302604D4800219422815098229F
:101950008150416170470000E0450300ACC11FE0C9
:10196000FFFFFFBF40C0FF3FFFFBFFFF60C0FF3F27
:1019700000C0FF3FFFFFFDFFC4C01FE00120704714
:101980001CB508F0EBFD3D4AB0215158936908F0B1
:10199000EFFD002909D05469002C01D1012400E099
:1019A00000242406240E546101E00124546152698C
:1019B000002A2DD0002900D000234C2B06DB884ABA
:1019C00000210004000CF0F717FA32E0332B06DB9D
:1019D000844A00210004000CF0F70EFA29E01A2BCB
:1019E00006DB814A00210004000CF0F705FA20E034
:1019F0000D2B06DB7D4A00210004000CF0F7FCF9FA
:101A000017E07B4A00210004000CF0F7F5F910E024
:101A1000C6490CC9083969460CC1083901006A4633
:101A200011801730694688806422684603C8F1F740
:101A300051FC13BC08BC184704C01FE08020000400
:101A4000BB4908600120BB490A6803239A4302434B
:101A50000A60E02109060A6804239A430A600A68BA
:101A600002239A430A600A68104308607047000026
:101A700000004040FFF7FFFFC0C01FE0F4E8004057
:101A800004C11FE084C01FE0FFFF00FF70B5040029
:101A9000002C1FD008F062FDA74D0020286008F040
:101AA00067FDD74E3068072188430121014331602B
:101AB000306880210143316003E000F013F8FFF744
:101AC000C7FD280006F0BEFFA042F6D33068802193
:101AD0008843306070BC08BC1847000080C01FE01D
:101AE0008CC01FE0C748AA210160552101607047E2
:101AF00000C01FE088C01FE03482E0FF70402DE985
:101B00004E02A0E3D00B80E3000090E5A00FB0E10F
:101B1000000050E32800000AD0629FE5B80096E577
:101B2000000050E32400001AC0049FE5000090E587
:101B30002003B0E1000BB0E1200BB0E1B400C6E13E
:101B4000E004A0E3D00B80E3001090E57016D1E331
:101B5000001080E5001090E58019D1E3001080E5C9
:101B60009C1096E588049FE57B2800EBAA2400EBF7
:101B70000020A0E10130A0E19A0F8FE2030090E87D
:101B8000E32900EB0040A0E10150A0E1B400D6E160
:101B9000502B00EB0420A0E10530A0E1DC2900EB94
:101BA0000020A0E34C349FE5AB2600EB782400EB4B
:101BB000080086E50100A0E3B80086E57040BDE8B6
:101BC0001EFF2FE1FFFFCFFF04C002E044C002E090
:101BD000004003E0FFFFFEFFFFFFF1FF0C4003E0CA
:101BE000A8180200F0130200380F0200800A020059
:101BF000C8050200F8B57E4C942020581E2804DA4F
:101C000094202058401C9421605098202058042192
:101C100048432018A168C1610025002637000EE066
:101C200098202058C01B002800D51E3004214843AE
:101C30002018C06929000AF0EDFD05007F1C200076
:101C4000943001688F42EBDB006809F01BF901005A
:101C5000280009F09FFF27000C37386065480168AD
:101C6000491C016001681E2900DB0660250018354B
:101C7000E06809F0D1F860A20CCA0AF011FD002258
:101C8000A34B0AF045FBA3A20CCA09F0E5FC0AF03D
:101C900013FB2860A069652802DB6420286004E04B
:101CA000A069052801DA05202860FFF767FE20619A
:101CB000A84838600125A848006840092840002845
:101CC00002D1B020265014E02069002804D0E0683A
:101CD000A24909F045F80CD22700B037386800282F
:101CE00006D1AD48FCF71BFFF5F7F8FCEEF7EEFE6A
:101CF0003D60B0202058002805D02000B430016895
:101D0000491C016001E0B4202650F1BC08BC184712
:101D1000A2480168802292030A4302600168A04A37
:101D20000A40802149041143016070479406030072
:101D3000040000E0100000E0CCEC004038402DE949
:101D4000B4429FE50100A0E3A80084E5BC0094E54F
:101D5000000050E30200000A0000A0E39C129FE58F
:101D6000940481E594529FE5E00395E5000050E37B
:101D70001600001A88029FE52C0090E5000050E351
:101D80001200001A7C029FE5001090E578229FE582
:101D9000020051E10300000A000090E56C129FE58B
:101DA000010050E10600001A800DA0E39F11E0E35E
:101DB000FD1DC1E3000081E5FA1FA0E33200A0E3AE
:101DC00038FDFFEB0000A0E3E80385E5C00084E5F3
:101DD0003C029FE5001090E5021091E3001080E5C1
:101DE0003140BDE81EFF2FE148E17A14AE47F13FD4
:101DF000F4E800408CE9004066666666666600C0EE
:101E0000404002E0080000E0F8B5FFF753FA6548EB
:101E1000EFF7E6FC6448EFF7E3FC8020000263493B
:101E200008608024E4036248046096204000FFF7C5
:101E30002DFE60480460FA20C000FFF727FE08F07E
:101E40008DFB00265C4A16605C48832303700A21E0
:101E500016605B4C217003210170012707430221AA
:101E60000F4304253D43C0200543564F3D60166097
:101E7000554A1660554F3B700A231660544D2B701F
:101E800003233B7001233B430B4304271F43384389
:101E9000504B1860FE230340FD201840EF23034001
:101EA000BF2018404006400E4B4B18701660E020D3
:101EB000000602681143016048480178C90705D54A
:101EC00047490978890601D521782970444909785C
:101ED000C90704D50078800601D528782070FCF762
:101EE00025F9002800D0761CFFF7FCFD642EE3DB0B
:101EF0002F4880214903016080218903016008F097
:101F000037FBFA20C000FFF7C1FDF1BC08BC184741
:101F100000005940686666666666D63F38B500249C
:101F200025000CE00AE0FFF7F3FE96204000FFF7E3
:101F3000ADFDFFF723FD0028F4D16D1C641C092CB6
:101F4000F1DB092D02D12748FFF7BCF931BC08BCF1
:101F5000184700006666064054C0FF3F3433034014
:101F600030B500210A00802252051F4B1C68144323
:101F70001C601C688025AD0525431D6006E00B4BE9
:101F80001A601A4C22601A602260491C8142F6DBFA
:101F900030BC08BC18470000D8050300004003E02F
:101FA000FFFFFFF810060300340603009CC0FF3F4C
:101FB0003CC0FF3F38C0FF3F04C000E00CC000E061
:101FC00000C000E008C000E0040001E00C0001E0F7
:101FD000000001E0080001E0100001E014C000E092
:101FE000140001E05806030080C0FF3F98C0FF3F87
:101FF0001C4003E03333534000F88F40F4E80040C6
:102000006CD0004060EA0040E4EB0040E045030093
:10201000AC01030040C11FE0FEB517000024A14D34
:10202000002F02D12000290018E001266A4603C2D1
:10203000083A0FE030000AF04DFC02000B00684641
:1020400003C809F009FB22002B000AF061F9040023
:102050000D00761CB742EDD22000290003B0F0BC81
:1020600008BC1847F8B58AB0060014001D0010A877
:1020700003C800220023139F0CC7083F06AA03C20F
:10208000083A300008F0C8FE06000F00002085491D
:1020900006AA0CCA09F0E0FA08AA03C2083A139883
:1020A000049085A003C8029003910094019506A8AE
:1020B0000CC808383000390000F013F8002801D1AE
:1020C00000200AE0129C0AF005FC08AA0CCA0AF0DB
:1020D0001FF90AF0C5FA206001200BB0F0BC08BC63
:1020E0001847F8B586B016001F000CAA30CA083A87
:1020F00032003B000AF00CF902AA03C2083A2000A1
:10210000290032003B0009F0A7FA04AA03C2083AEA
:1021100002A803C80AF0A4FA04002000401C1E21F3
:102120004843009002A80CC80838200000F07FF84F
:1021300006000F0000205E4932003B000BF002FB5E
:1021400001D1002042E0109D0020564932003B00A2
:1021500009F01EFC04AA0CCA0AF0DAF803C5083D0F
:1021600003CD083D0EAA0CCA0AF088F801D220005F
:102170002CE0641C13E000204A4932003B0009F0C7
:1021800007FC04AA0CCA0AF0C3F803C5083D03CD36
:10219000083D0EAA0CCA0AF071F816D3641C009808
:1021A000844212D2FFF79EFC02A80CC80838200017
:1021B00000F010F806000F0000203D4932003B00FF
:1021C0000BF0C0FAD7D1002000E0200007B0F0BC2F
:1021D00008BC1847F1B516001F0000203149300037
:1021E00039008022120651400BF0E4FA04000D0081
:1021F000009A30003900FFF70FFF2E4A0CCA0AF090
:102200004FFA2C4A03C2083A2A4803C826A20CCA2D
:1022100009F0ECF902D80020254905E0254803C85B
:1022200022002B000AF074F8F4BC08BC1847F1B582
:102230000FB400201B4902A803C880221206514097
:102240000BF0B8FA6A4603C2083A1A4D0026002776
:10225000C0C5083D002400E0641C0498A04216D3C9
:10226000220002A803C8FFF7D7FE02000B0003CD2F
:10227000083D0AF015FA03C5083D03CD083D0AA242
:102280000CCA09F0B3F9E7D80020094906E068460E
:102290000CC8083803CD083D0AF03AF805B0F0BC88
:1022A00008BC18470000F03F60067A9ECE85247C6B
:1022B0000000F0BF38ED00409A9999999999A93F8B
:1022C0000120704753487047012053490860534824
:1022D0007047534870475348704780B55248FDF7E0
:1022E00094FB01200ABC184780B55048FDF78DFBD0
:1022F00001200ABC18474E48704738B50421002217
:10230000454C2500280008F0C1FA0120206031BCAE
:1023100008BC184701207047012070470120704712
:1023200001207047434870474348704780B5FDF728
:1023300088FB01200ABC184780B54048FDF765FBC3
:1023400001200ABC184780B53D48FDF75EFB01201F
:102350000ABC1847E0B530480068002803D0394867
:10236000FDF753FB09E03848019038A00090384B46
:10237000002200213748F2F7A4F90020C04303B03F
:1023800008BC184780B524480068002801D1012006
:1023900003E03148FDF740FE01200ABC184780B534
:1023A000EA23F02235210020EFF736FB0021002040
:1023B000EFF7C8FB0120EFF7B8FB01210120EFF791
:1023C000B7FB2648EFF71EFB2548EFF7BFFB0A20B7
:1023D000EFF746FB10480068002803D02148EFF7CC
:1023E000CAF902E02048EFF7C6F901200ABC1847F5
:1023F00080B5002808D000F051FE01200649086091
:102400000A48FDF702FB02E00848FDF7FEFA09BCA6
:10241000184700009C06030090ED0040AC06030046
:10242000C8060300DC0603004C4F0300240A030027
:10243000000703005007030068070300E04503009E
:10244000AC010300243D0300F12301000000000063
:102450000F27000078070300800903000200010035
:102460005C4C0200EC070300C00803005B487047A7
:102470005B4870475B48704780B55B480068002840
:1024800008D002280AD007D304280BD008D3052887
:102490000AD00BE0554810E055480EE055480CE0D6
:1024A00055480AE0554808E0554806E0554B672274
:1024B0005549C348EFF7F0F800200ABC184700B5AB
:1024C00052480068002801D0514800E0CA4808BCC2
:1024D0001847CA487047E0B505F0F4FB4D49029132
:1024E000AA4901910090AB4BFE229205AA480168CF
:1024F000C348F2F760F80020C04303B008BC184797
:1025000010B500280BD0A44CAE48F2F70FF808F035
:102510003FFC20602268AC49CD48F9F7A5FB00F0EC
:1025200051F810BC08BC1847CA487047E0B5A74826
:102530000190A748009096235B001E22B1480168D5
:10254000C548F2F7BEF80020C04303B008BC1847E6
:1025500010B5002809D0AB4C9A480BF0A3F82060C6
:102560002268A949D148F5F71EFF00F02BF810BCEE
:1025700008BC1847CF487047CF487047E0B5B74808
:102580000190B7A0009096239B001E22B5480168D9
:10259000D048F2F796F80020C04303B008BC1847B3
:1025A00010B5002809D0AF4C86480BF07BF82060AE
:1025B0002268BB49C848F9F729FB00F003F810BCB2
:1025C00008BC184738B5084D2C68C448FDF71DFAFB
:1025D0002C60FDF736FA31BC08BC1847680A0300C6
:1025E000800A0300980A030020E70040C40A0300A1
:1025F000E00A0300FC0A0300180B0300340B03007D
:102600004C0B03009C0B0300AC0A030090ED004050
:10261000BC0B030001250100F8B5C948C0C8083843
:10262000EFF7B4FE00240AE020008206920E30008C
:102630003900F0F7BFFC0A20FFF728FA641C402C91
:10264000F2DBFA256D002800FFF720FA00240BE0EA
:1026500020008006800E020230003900F0F7AAFC4C
:102660000A20FFF713FA641C402CF1DB2800FFF767
:102670000DFA00240BE020008006800E02043000DA
:102680003900F0F797FC0A20FFF700FA641C402C91
:10269000F1DB2800FFF7FAF9002413E03F202100C6
:1026A00001400906090E0902220010400006000E32
:1026B00002040A4330003900F0F77CFC0A20FFF7DF
:1026C000E5F9641C402CE9DB2800FFF7DFF9002462
:1026D00012E03F20210001400906090E22001040AF
:1026E0000006000E02020A4330003900F0F762FCD7
:1026F0000A20FFF7CBF9641C402CEADB2800FFF727
:10270000C5F9002412E03F20210001400906090E0E
:10271000220010400006000E02040A433000390077
:10272000F0F748FC0A20FFF7B1F9641C402CEADB03
:102730002800FFF7ABF9002418E03F2022000240F8
:102740001206120E210001400906090E090211436A
:10275000220010400006000E02040A433000390037
:10276000F0F728FC0A20FFF791F9641C402CE4DB09
:102770002800FFF78BF9EFF709FE2800FFF786F92D
:10278000FDF75FF90120F2BC08BC1847A00C03005C
:10279000AD48704700007A4450D40040E0B58D4801
:1027A00001902FA00090062302228B484168C04868
:1027B000F1F787FF0020C04303B008BC18470000B2
:1027C000680B0300C0E90040B80C0300512501006C
:1027D000900D030010B5002809D07F4C93480AF0F3
:1027E00061FF6060626899493048F5F7DCFDFFF7EA
:1027F000E9FE10BC08BC1847D00B0300EC0B03002B
:102800001C0C0300A4530040BC0D03001FB5724C08
:10281000606B09F04BFC08F0FFFA00228C4B08F0CB
:102820001BFF08F0B5FAA0638A4802908A4801901D
:102830008A4800908A4BFE229205A16BB848F1F7B6
:10284000BAFE0020C04304B010BC08BC184700000A
:10285000A80C0300C80C0300100D0300A125010003
:1028600000000000B8E9004010B5002812D05A4C12
:102870006E48F1F75BFE08F08BFAA063A16B9348FA
:1028800009F06AFA09F0AAFF6063626B9049074891
:10289000F5F789FDFFF796FE10BC08BC184700004D
:1028A000F00E0300B3487047B3487047AC0D030007
:1028B000B2487047D40D0300240E030080B5994B35
:1028C000994AAF49FC20800307F037FF01200ABC7A
:1028D00018470000700E0300E00E03000C300300E8
:1028E00038B500281AD00020040096A0F3F744FD64
:1028F0000500002D0DD02800F3F7EAF89249884230
:1029000003D1C1480068002808D1641C200000F0F1
:1029100073FBFFF7E7F8002DE7D1FFE7FDF789F834
:10292000FDF78FF831BC08BC184780B5954B964A27
:102930009349FC20800307F000FF01200ABC1847E0
:10294000040F030070B5002832D0002005007DA4DC
:1029500021008E48F3F754FD0600002E0DD0300004
:10296000F3F7B6F87849884203D1A74800680028F1
:1029700008D16D1C280000F03FFBFFF7B3F8002ED4
:10298000E5D1FFE721009948F3F73AFD0500002D56
:1029900009D02800F3F79CF86B49884203D19A4884
:1029A0000068002804D1FFF79DF8002DEAD1FFE769
:1029B000FDF73FF8FDF745F870BC08BC184780B537
:1029C000A24BA44A6E49FC20800307F0B6FE01200A
:1029D0000ABC1847D52701000400004038B500287C
:1029E0001CD000200400A0A0F3F7C6FC0500002DB9
:1029F0000DD02800F3F76CF85349884203D1824880
:102A00000068002808D1641C200000F0F5FAFFF7E8
:102A100069F8002DE7D1FFE7FCF7C3F8FDF709F8E7
:102A2000FDF70FF831BC08BC18470000C0E90040B2
:102A300080B5954B954A5249FC20800307F07DFEF6
:102A400001200ABC184700000C0F0300940F03007C
:102A50000000244069280100A00C030008100300B6
:102A60000000404038B500281AD000200400A8A07B
:102A7000F3F782FC0500002D0DD02800F3F728F8AD
:102A80003149884203D160480068002808D1641C9D
:102A9000200000F0B1FAFFF725F8002DE7D1FFE79D
:102AA000FCF7C7FFFCF7CDFF31BC08BC184700009E
:102AB0003C0F030080B59F4B9F4A3149FC208003A7
:102AC00007F03BFE01200ABC18470000000020412F
:102AD0001010030038B500281ED00020040097A075
:102AE000F3F74AFC0500002D09D02800F2F7F0FFAB
:102AF0001549884203D144480068002808D1641C65
:102B0000200000F079FAFEF7EDFF002DE7D1FFE796
:102B1000FCF78FFFFCF7BDFF31BC08BC1847000075
:102B2000A00F0300E1280100E010030080B5844BF2
:102B3000844A1349FC20800307F0C1FD01200ABC30
:102B40001847000073707A0005400080E0B5002847
:102B50000ED07D4801907DA000907D4B0022002189
:102B60007C48F1F7AEFD00207B49486107F0BAFDD3
:102B70000FBC184724100300681003008C100300DA
:102B8000C010030045290100DC11030034130300C9
:102B90003EB50400002C22D0052100226D462800FD
:102BA00007F074FE07F0DAFC6C48437B1B061B0E33
:102BB000027B6B49684607F0A1FF07F0D9FC694921
:102BC000684607F0BBFF002809D12000F3F7F6FEA6
:102BD000E0200006016802220A430260FEE70120AD
:102BE0005D49486137BC08BC184700003C1303002E
:102BF00080B55D4B5D4A5E49FC20800307F09DFD7A
:102C000001200ABC18470000A4E9004080B5002854
:102C100013D0192000F0F0F9F7F7ECFF322000F0A4
:102C2000EBF9F8F703F84B2000F0E6F9F8F760F855
:102C3000632000F0E1F9F8F797F8FCF7FAFEFCF7EB
:102C400000FF09BC1847CD4870470000DD2901008E
:102C5000CB48704744130300CA487047CA487047BE
:102C6000CA487047CA4870476C6F670080B5C9484A
:102C70000021016041608160C16001614161816149
:102C800000F006F809BC1847652A01003414030057
:102C9000F8B51426310000242200BE4D2F001C3749
:102CA000380007F0F3FD310022002F0030373800E4
:102CB00007F0ECFD310022002F004437380007F008
:102CC000E5FD310022002F005837380007F0DEFD07
:102CD000310022002F006C37380007F0D7FD31009B
:102CE00022002F008037380007F0D0FD310022008D
:102CF0002F009437380007F0C9FD310022002C0066
:102D0000A834200007F0C2FDF1BC08BC1847000041
:102D10006D63730080B5FFF7BBFFFA208000FDF7FD
:102D20002DF90020B1490860FCF78BFE01200ABC98
:102D300018470000D52A0100201503006C696200C5
:102D40004D2B010020160300912B01000000000014
:102D50000F27000034180300D4EC0040B8EC00400A
:102D6000C4180300C0E900400D2C0100D018030076
:102D7000C010030070B5874C2068002805D00428D7
:102D800006D0052800D1AEE0E5E000F00BFAE2E065
:102D9000974D686B08F040F802000B009549200041
:102DA0001C3007F0ABFE142805D3B24BAA4AB54934
:102DB000B548EEF771FCA86B08F02EF80022A74B7F
:102DC00009F06EFC09F04CFC0200002A00D101223F
:102DD000AE492000303007F091FE142805D3A54BF2
:102DE000A54AA849A848EEF757FC286B08F014F844
:102DF00002000B00A1492000443007F07FFE142898
:102E000006D39C4BE82292009E499F48EEF744FC73
:102E10009BA66A6831002000583007F06FFE142826
:102E200005D3944B9A4A97499748EEF735FC6A695F
:102E3000310020006C3007F061FE142805D38D4B63
:102E4000944A90499048EEF727FC93A6286F07F024
:102E5000E3FF02000B0031002000803007F04EFE3F
:102E6000142805D3834BA14A86498748EEF714FC02
:102E7000A86F07F0D1FF02000B009DA12000943045
:102E800007F03CFE142806D37A4BEB2292007D49D2
:102E90007D48EEF701FC686F07F0BEFF02000B00F3
:102EA00031002000A83007F029FE142805D3714B0B
:102EB000904A74497448EEF7EFFB8F48006807F0BA
:102EC000ABFF02000B008D492000BC3007F016FE5E
:102ED000142805D3674B8A4A6A496B48EEF7DCFB36
:102EE000FCF7D7FD37E0874DAA69684920001C3000
:102EF00007F004FE142806D35E4BEF2292006149CE
:102F00006148EEF7C9FB804EE86807F085FF0200D4
:102F10000B0031002000303007F0F0FD142805D3FD
:102F2000544B974A57495848EEF7B6FB9C2028580F
:102F300007F072FF02000B0031002000443007F060
:102F4000DDFD142805D34B4B8E4A4E494E48EEF713
:102F5000A3FBFCF79EFD012070BC08BC184780B5A0
:102F6000AC48FCF752FD01200ABC184780B5AA48BE
:102F7000FCF74BFD01200ABC18470000F4190300C0
:102F8000381A0300781A0300C81A0300F81A03005D
:102F9000301B030020E700401CB5144C2068401C87
:102FA00020602068062801D100202060FFF770FE15
:102FB000FCF747FD2068012811D1642000F01CF8BF
:102FC000200018300090230014332200103221001A
:102FD0000C3120000830F3F74BFEFCF72AFDFCF71C
:102FE00058FD012016BC08BC1847000020E700402F
:102FF00060EA0040881B03001FB50400FCF719FDC0
:103000008648EEF7A3FD1023F02277210020EEF78B
:1030100003FD8348EEF7DBFD00210020EEF792FD73
:103020000020EEF782FD01210120EEF781FD002056
:10303000EEF778FD7B48EEF7E5FC7B48EEF79BFB6F
:103040002200ABA1684607F059FD6846EEF7C8FBC1
:103050001FBC08BC18470000970300000000E03FB9
:1030600080B5002802D00120A2490860FFF7AAFA23
:1030700009BC1847901B03009D030000A81B030018
:1030800025750000741B0300680B0300A01B0300E0
:10309000A3030000A60300002566000010B5FCF79E
:1030A000C8FC5E48EEF752FDEA23F02235210020ED
:1030B000EEF7B2FC14210020EEF744FD0020EEF7FD
:1030C00034FD01210120EEF733FD5648EEF79AFC5E
:1030D000A848EEF750FBFA24A4002000FEF7D6FC27
:1030E0002000FEF7D3FC10BC08BC1847A903000061
:1030F00025670000AF03000050D40040B01B030060
:10310000B6030000F4E80040A00C0300E0B57948E5
:10311000006800280BD17848019078A00090784B87
:10312000002200217748F1F7CCFA012024E09248F0
:103130000068002808D0022816D009D304280FD030
:103140000AD3052814D016E08C48FCF765FF12E07E
:103150008B48FCF761FF0EE08A48FCF75DFF0AE050
:103160008948FCF759FF06E08848FCF755FF02E064
:10317000C748FCF751FF012003B008BC1847000006
:10318000BF030000C20300000120704780B500F0BB
:10319000BBFB01200ABC1847012070470120704783
:1031A0000120704780B588B079480168002907D0B0
:1031B000807BC00704D5FC208003EEF708FD02E009
:1031C0001748EEF704FD1023F02235210020EEF71A
:1031D00023FC00210020EEF7B5FC0020EEF7A5FC53
:1031E00001210120EEF7A4FC0020EEF79BFC8020DB
:1031F0004002EEF707FCD948EEF7A8FC0A20EEF7EC
:103200002FFC6846EDF7F6FDEEF7EAFA09B008BCC8
:1032100018470000E0450300CCFE02005C4C0200B1
:10322000003F3F0002000100BC1B03007FB504000B
:10323000584D2800EEF78AFC57482318F022FF204B
:103240004030011B0020EEF7E7FB5448EEF7BFFCCF
:103250000120EEF76AFC8F48EEF7C2FA8E48EEF7CF
:103260008AFA454CD02022588CA1684607F046FCCB
:103270006846EEF7B5FA8A48EEF77DFAD620235A6B
:10328000D420225C8749684607F038FC6846EEF790
:10329000A7FA8548EEF79BFC8448EEF76CFA84A603
:1032A0003000EEF79DFA8348EEF765FA3000EEF74E
:1032B00097FA8148EEF74AFC8048EEF791FA200031
:1032C000FA30EEF78DFA2800EEF740FC3000EEF70A
:1032D00087FA7B48EEF77BFC7A48EEF781FA7A486A
:1032E000EEF749FA9E48EEF77BFA7FBC08BC184718
:1032F0000D25640090ED00406130010000000000E9
:103300000F2700003C1C030000B585B09548EEF780
:103310001DFCEA23F02235210020EEF77DFB6848F2
:10332000EEF755FC9048EEF726FA9048EEF723FAB0
:103330008F48EEF720FA8F48EEF71DFA8E48EEF729
:103340001AFA8E48EEF717FA8D48EEF714FA8D4800
:10335000EEF711FA8C48EEF70EFA8C4802684FA18E
:10336000684607F0CBFB6846EEF73AFA05B008BCB2
:1033700018470000001C030020E700405030030005
:1033800098310300F43003003C320300E0320300C4
:10339000B8EC00405C4C0200E2FEFFFF00203F0062
:1033A00038B56E48EEF7D2FB4548EEF710FCAB237C
:1033B000F02235210020EEF72FFB0120EFF7C0FCB3
:1033C000EEF76BFB7248EEF7D6F97248EEF7D3F9D9
:1033D000714C20001C30EEF703FA35A52800EEF7FB
:1033E000FFF96E48EEF7C7F920003030EEF7F8F934
:1033F0002800EEF7F5F96A48EEF7BDF920004430F1
:10340000EEF7EEF92800EEF7EBF96648EEF7B3F9C0
:1034100020005830EEF7E4F92800EEF7E1F96248B1
:10342000EEF7A9F920006C30EEF7DAF92800EEF794
:10343000D7F99848EEF79FF920008030EEF7D0F9E1
:103440002800EEF7CDF99448EEF795F92000943076
:10345000EEF7C6F92800EEF7C3F99048EEF78BF9BE
:103460002000A830EEF7BCF92800EEF7B9F93D4886
:10347000EEF76CFB8A48EEF77EF92000BC30EEF7E1
:10348000AFF90020EFF75CFC31BC08BC1847000026
:1034900084330300B01C0300C81C030025750D0015
:1034A000F01C0300201D0300003F200090000300DB
:1034B0000D000000EC000300B0330200281D0300E3
:1034C000003F3F00301D0300441D030038B5234872
:1034D000EEF73CFB7348EEF77AFB4C23F0223521E4
:1034E0000020EEF799FA0120EFF72AFCEEF7D5FA63
:1034F0006D48EEF740F96D48EEF73DF9264C200097
:103500001C30EEF76DF96AA52800EEF769F96948F5
:10351000B0214158002902D08069032803DA6648A7
:10352000EEF729F902E06548EEF725F96448EEF771
:1035300022F920003030EEF753F92800EEF750F969
:103540006048EEF718F920004430EEF749F9002002
:10355000EFF7F6FB31BC08BC184700005C4C0200DA
:10356000941D0300843E0200A81D0300181E0300E2
:10357000841E0300D81E03003C1F03009C1F030091
:103580001C2003008C20030094200300E8D400409A
:10359000002103003021030020E7004060210300E8
:1035A0008C210300C0210300FC21030030B58FB043
:1035B0004548EEF7CBFAEA23F02235210020EEF75A
:1035C0002BFA4248EEF703FB4148EEF7D4F8414CA2
:1035D00020000830EEF704F935A0EEF701F93EA51A
:1035E0003E4822582900684607F088FA3C2805D34F
:1035F0003B4B3C4A3C493D48EEF74EF83C48EEF721
:10360000BAF86846EEF7ECF8A2692900684607F0B8
:1036100075FA3C2805D3324B364A33493348EEF726
:103620003BF83548EEF7A7F86846EEF7D9F8626838
:103630002900684607F062FA3C2805D3284B2F4A38
:1036400029492A48EEF728F82D48EEF794F86846FD
:10365000EEF7C6F8606B08F029FD2A4908F09AFADF
:1036600007F0DAFB02000B002749684607F046FA2C
:103670003C2805D31A4B254A1B491C48EEF70CF889
:10368000D048EEF778F86846EEF7AAF80FB030BCED
:1036900008BC1847342203005022030074220300A0
:1036A0009C220300003F3F00EC2203001023030094
:1036B0000D000000F4E80040342303007C230300E5
:1036C000D0230300FC2303005C4C020000203F00D9
:1036D0004C2403000400004025640D005430000019
:1036E000901B03003A05000034240300680B03001C
:1036F000782403003F050000A024030044050000D7
:10370000CC24030000002041F824030049050000F8
:10371000F8B590B07848EEF719FAEA23F02235218F
:103720000020EEF779F97548EEF751FA744C6768A6
:10373000744D954E2A00310001A807F0DFF93C28AE
:1037400005D3B34B914AB349B348EDF7A5FF904871
:10375000EEF711F801A8EEF743F8EA1B310001A8D3
:1037600007F0CCF93C2805D3A94B8A4AA949AA48B5
:10377000EDF792FF9448EDF7FEFF01A8EEF730F861
:103780006420474338002900EDF77EFF02008F498F
:1037900001A807F0B3F93C2805D39D4B8C4A9D49FD
:1037A0009D48EDF779FF8B4F3800EDF7E4FF01A856
:1037B000EEF716F8A068009098A5009A290001A8D5
:1037C00007F09CF93C2805D3914B954A91499248C2
:1037D000EDF762FF9948EDF7CEFF01A8EEF700F88C
:1037E0006420009964225143890A421A774901A84A
:1037F00007F084F93C2805D3854B914A85498648D2
:10380000EDF74AFF3800EDF7B6FF01A8EDF7E8FF46
:10381000E268290001A807F071F93C2805D37C4B28
:10382000884A7C497C48EDF737FF8748EDF7A3FFCE
:1038300001A8EDF7D5FF2269290001A807F05EF97C
:103840003C2805D3724B814A72497348EDF724FF37
:103850007F48EDF790FF01A8EDF7C2FF62692900EC
:1038600001A807F04BF93C2805D3694B794A69490F
:103870006948EDF711FFA548EDF77DFF01A8EDF7C9
:10388000AFFFA448016F002903D0006FF2F7F5FAEB
:1038900000E00020FA218900EDF7F6FE401C02004E
:1038A000310001A807F02AF93C2806D3584BB4226E
:1038B000D20058495848EDF7EFFE9748EDF75BFF07
:1038C00001A8EDF78DFF954802889FA101A807F098
:1038D00015F93C2806D34E4BB522D2004D494E482F
:1038E000EDF7DAFED048EDF746FF01A8EDF778FFD7
:1038F00011B0F0BC08BC18475C4C0200003F20002F
:1039000020E70040AF03000080B500210020EEF763
:1039100019F90020EEF709F903210120EEF708F963
:103920000020EEF7FFF880204002EEF76BF8914898
:10393000EEF70CF990480068002808D0022812D051
:103940000BD3042815D00BD305280FD014E0F52095
:10395000FFF76CFCFFF726FC14E0FFF7D9FE11E03F
:10396000FFF724FE0EE0FFF7CFFC0BE0FFF7AEFD04
:1039700008E0FFF715FD05E08E4B8F4A8F4926487A
:10398000EDF78AFE09BC1847582503005E050000C4
:103990006025030064050000E0B59548029095A0FD
:1039A000019095A000908023DB05FC2292059348AE
:1039B0000168BD48F0F7FFFD0020C04303B008BC1C
:1039C000184700000025030084250300A8250300F4
:1039D0006A050000B025030070B5002813D0934C91
:1039E00026009C369248F0F7A1FD07F0D1F930602F
:1039F0002500B0352C680020286032688D49C04809
:103A0000F8F732F92C60FEF7DDFD70BC08BC1847F2
:103A1000901B030040250300680B030025750D0073
:103A20007305000080B5914B914AB649FC20800196
:103A300006F045FE0020C0430ABC1847D02503000D
:103A40007905000082050000F42503008B050000C5
:103A5000202603009405000070B5002852D0FDF721
:103A6000B8FEFDF705FFEDF731F8F3F737FEFDF788
:103A700019FD00F055FD00F03DFD0020FBF7C5FFEE
:103A80006A4C0025B0202550F1F7AEFBEEF708FF99
:103A9000EEF728FB8548016804220A4302600168AA
:103AA0000222914301600168802291430160016814
:103AB000802212020A430260FEF714F82600A036A4
:103AC0003560A4202550AC202550A8202550012089
:103AD000BC216050EEF730FFFDF75EFE3068002835
:103AE000EAD0FAF7DFFC002802D0FDF7FBFFF8E789
:103AF000C048802149030160802189030160FDF7EE
:103B0000F1FFFCE770BC08BC18470000502603001A
:103B1000B948704770EB004084260300C0E40040C1
:103B2000E0B57948029033A0019033A00090774B24
:103B3000774A7848016FCC48F0F73DFD0020C0433C
:103B400003B008BC184700002575000010B5002818
:103B50000BD0704C3648F0F7E9FC07F019F92067F4
:103B6000226F8749C148F8F77FF8FEF72BFD10BC9C
:103B700008BC18475C4C020020E700403EB5814875
:103B800002901CA0019080480090804B00221400FD
:103B90001D006048816F994808F0DEF801002B0095
:103BA0002200B348F0F707FD0020C0433EBC08BC2C
:103BB000184700009C0B0300CE050000E026030020
:103BC00010B500280FD0534C1948F0F7AFFC002275
:103BD0008B4B07F041FD07F0DBF8A067A26F894926
:103BE000A248F8F741F8FEF7EDFC10BC08BC1847F6
:103BF000D9390100256600000000000090E900406E
:103C0000E0B59C4802909CA001909C4800909C4B81
:103C100000224048416FCD48F0F7CDFC0020C04362
:103C200003B008BC18470000B0260300F4E80040C9
:103C3000C0E900408027030010B500280BD0354CA8
:103C40009048F0F773FC07F0A3F86067626F8E4945
:103C50008648F8F709F8FEF7B5FC10BC08BC184711
:103C6000CA487047CA487047CA487047593A010065
:103C7000BC27030010B5A64CA648E067A6488021E3
:103C80006050A648C82160500023072221000C3153
:103C9000A3A0F2F7E1FAA060CA48FBF7B6FE002045
:103CA000C04310BC08BC1847FC26030044C11FE0F9
:103CB00010B500281ED0A64C95481022016810238C
:103CC0005943401801000C31200006F09FFF2200EC
:103CD000A049A148F4F78CFB00280BD0F4F7E6FBD1
:103CE000AD49884206D1AD4BAD4AB749FC208003AF
:103CF00006F0E5FCFEF766FC10BC08BC18470000A7
:103D0000E00E03008C2703004D3B01000000204122
:103D1000BD37863560EA00407047F8B57C4CA06836
:103D2000072801D0002027E027000C37260008369E
:103D30007BA5606807214843A16843180722390022
:103D40002800F2F789FA3060A068002803D0606884
:103D5000401C606008E06368072043430722390085
:103D60002800F2F779FA3060A068012801DB012011
:103D700000E000200006000EF2BC08BC184700005E
:103D8000442A0300C13B0100A02A030000007A443A
:103D9000F8B55F4C6068002801D1002026E02700BC
:103DA000083726000C365EA5636807204343DB1FF7
:103DB000072231002800F2F74FFA3860A068002887
:103DC00003D06068401E606008E0636807204343DA
:103DD000072231002800F2F73FFA3860A068012876
:103DE00001DB012000E000200006000EF2BC08BC50
:103DF000184700003CC0FF3FA82903000024744975
:103E000080842E41AC2A030038B504006F4D704900
:103E1000200000F03BF86F4968506F49200000F027
:103E200035F88D21C9006850FE218905200000F079
:103E30002DF86A496850A549200000F027F88E2126
:103E4000C9006850A249200000F020F8B849685025
:103E50008021C905200000F019F88F21C9006850A1
:103E600031BC08BC18470000D8290300342A0300DD
:103E70004C2A0300393C010025660000102B03008A
:103E800000001041C0E90040202B0300F8B588B0C5
:103E90000D00904C08F01EFD0022994B08F038FAF6
:103EA00006000F0006A8039004A80290280006F060
:103EB000B3FF0090019132003B009348FEF7D2F827
:103EC000002818D0049808F005FD0022994B08F04E
:103ED000E7FB04000D006D006D080020964908F016
:103EE00015F902000B002000290007F0B5FB06F0D1
:103EF0004FFF040006E0914BE922D200904991481F
:103F0000EDF7CAFB200009B0F0BC08BC1847000060
:103F100024E800401B3D0100913D0100B13C01003F
:103F20006C696200E0B58848019088480090E12300
:103F30009B010122864801688648F0F7C2FB0020F9
:103F4000C04303B008BC184783487047B82A030031
:103F50000C000040E42B0300AC0D030010B500285A
:103F60000ED07B4C7D4809F09DFB20602068FFF758
:103F70004BFFF9F7FFF8226879497A48F7F746FED0
:103F8000FEF720FB10BC08BC184700002C2B0300D8
:103F90006C2B0300A82B030005400080193D010095
:103FA000142C030080B570480068002806D16F4BC0
:103FB0006F4A7049FC20800306F0BFFB01200ABC59
:103FC00018470000C0B10200F42B03006CD0004081
:103FD000C3F5A83E64040000C3F5283F6C0400004C
:103FE00070B500286AD00020050063A42100634852
:103FF000F2F706FA0600002E0DD03000F1F768FD4A
:104000005F49884203D158480068002808D16D1CD8
:104010002800FEF7F1FFFDF765FD002EE5D1FFE773
:1040200021005848F2F7ECF90600002E0DD03000C0
:10403000F1F74EFD5249884203D14B4800680028F1
:1040400008D16D1C2800FEF7D7FFFDF74BFD002EB1
:10405000E6D1FFE74CA0F2F78FF90400002C0DD059
:104060002000F1F735FD4649884203D13E480068FB
:10407000002808D16D1C2800FEF7BEFFFDF732FDB9
:10408000002CE7D1FFE741A0F2F776F90400002CFD
:104090000DD02000F1F71CFD3949884203D1324888
:1040A0000068002808D16D1C2800FEF7A5FFFDF769
:1040B00019FD002CE7D1FFE7FAF773FDFBF7B9FC18
:1040C000FBF7BFFC70BC08BC18470000713DAA3F5D
:1040D000E17AD43F000080BFE0B52D4802902DA0CA
:1040E00001902DA000902D4B2D4A2E4801682E489E
:1040F000F0F761FA0020C04303B008BC1847000085
:1041000000004E40284870470000484210B5002883
:1041100009D0244C1148F0F709FA06F039FE206066
:104120002068F9F741FAFEF74DFA10BC08BC1847B1
:1041300074040000000049C000004940142D030031
:10414000FC2C0300680B03005D3F0100802D030081
:10415000E8D40040302D0300A02D0300C0E900404A
:10416000EC2D0300A80C0300A4E90040E13F01008E
:10417000042E0300C010030073707A003413030090
:10418000054000803C1303006C6F67006D63730093
:104190000D410100256600000000000000001041F4
:1041A000BD378635B0950040CC2F030038B50024CC
:1041B000994D200028722000688100F06DF8802061
:1041C000C00196490A6802430A60C849086000F0C5
:1041D000ACF90120287000F0A3F9EC6031BC08BCF8
:1041E000184780B580208001C04908601920FDF77C
:1041F0004DFC09BC184780B580208001C04908608B
:1042000000F044F809BC184744049FE5001090E50D
:10421000E004A0E3800C80E3002090E50130A0E3FF
:10422000A20013E10000000A021091E3002090E5D3
:10423000010012E30800000A8E22A0E3802C82E332
:10424000002092E5CC319FE5043093E5022093E015
:1042500000349FE5002083E5011091E3002090E504
:104260000130A0E3220113E10000000A041091E3F1
:10427000002090E50130A0E3A20113E10000000A54
:10428000081091E3001080E51EFF2FE19D480168B2
:1042900001229143016070479048016804220A435B
:1042A00002609348016801229143016001218A4321
:1042B0000221C9430A4004239A4308239A43102346
:1042C0009A4320239A4340239A4380239A438E4B58
:1042D00013408E4A1A408E4B13408E4A1A40894B27
:1042E0001A600268022313430360026811400160F0
:1042F00089498A4A11600021B24A1160016801228D
:104300000A430260704780B5B649086100F002F8C0
:1043100009BC184710B5404C207801280BD19948AA
:104320000068002809D0B0482169814203D321697F
:104330001C30814201D3002020612069002819D05F
:1043400020690088220010322169891C1160010057
:104350000904090C00290BD02169098823699B1CD9
:1043600013600904090C0004000C00F02AF801E0B5
:10437000002010602069002801D100F0D1F810BCA5
:1043800008BC184738B505000C002800EEF791FA74
:104390007C480068002811D192480178012904D195
:1043A0002100280000F00DF808E00078002805D171
:1043B000642D00D26425280000F067F831BC08BCE9
:1043C000184738B505000C000A2D06D2874BFF228E
:1043D000283287498748EDF75FF928000A21EDF771
:1043E00053F90500200000F01BF841480168012244
:1043F00091430160804909684919804A11608049E8
:104400000A68402313430B60016801220A430260DB
:1044100031BC08BC18470000ECEC004080C0FF3FF6
:1044200010B5040000F0BEF876482100EDF72CF935
:10443000401E7549086075482100EDF725F9401EBA
:1044400000F0C2F800F0A0F810BC08BC184780B516
:1044500064490A78012A06D16D4A00210004000C43
:10446000EDF7CAFC0FE00978002906D1694A00215E
:104470000004000CEDF7C0FC05E0674A00210004D1
:10448000000CEDF7B9FC09BC184710B504000A2C64
:1044900006D2624BFF22543261495648EDF7FCF8D0
:1044A00020000A21EDF7F0F8040000F019F8104898
:1044B00001680122914301604F49096809194F4A77
:1044C00011604F490A68402313430B6001680122C1
:1044D0000A43026010BC08BC18470000C4C01FE0BB
:1044E0008020C001064908607047000098C0FF3F67
:1044F000048000E08020C0014A4908607047000045
:104500009CC0FF3F148000E0FFFEFFFFFFFDFFFFA8
:10451000FFFBFFFFFFF7FFFFFF6701000C8000E0DC
:1045200080B500F03FF809BC18473F4801684022B9
:104530000A4302603D4801684900490801603C485F
:10454000016810220A4302603A4801683A4A0A4068
:104550008021490011430160002038490860384932
:104560000A6820239A430A600A6880239B01134348
:104570000B60344908603448016820220A43026015
:1045800070470000A4E900403048016802220A4355
:104590000260016801220A4302600168022291431D
:1045A0000160704710B5294C206802210143216049
:1045B000002000F009F8206808218843206010BC22
:1045C00008BC1847108000E020490A6808231343FC
:1045D0000B601F4908601C48016820220A430260E2
:1045E00070470000ECEC0040003503006C34030021
:1045F0002C34030040340300080007E0200007E0EB
:10460000140007E000A08C00188001E00050460074
:10461000082A0200402D020078300200A034030076
:104620008834030098C0FF3FC4C01FE000C0FF3FB4
:1046300040C0FF3F10C002E0FFFCFFFF0C8001E024
:104640004C8001E0148001E0508001E0048001E032
:10465000448001E028340300188000E008B4024BD5
:104660009C4608BC6047C046C4DD01008A487047CC
:1046700080B55F48006800280BD002280DD00AD30F
:1046800004280ED00BD3062801D00CD30DE05948D6
:1046900012E0594810E059480EE059480CE05948DA
:1046A0000AE0554808E0544806E0574B7B2257493A
:1046B0009848ECF7F1FF00200ABC184780B54C4839
:1046C000006800280BD002280DD00AD304280ED091
:1046D0000BD3062801D00CD30DE0704812E07048CF
:1046E00010E070480EE070480CE070480AE06C483A
:1046F00008E06B4806E0444B92226D498548ECF790
:10470000CBFF00200ABC184780B539480068002854
:104710000BD002280DD00AD304280CD00DD30628C4
:1047200001D00CD30DE07C4812E07C4810E07C48BE
:104730000EE07C480CE07C480AE07C4808E07C48BD
:1047400006E0314BAD227B497248ECF7A5FF002013
:104750000ABC1847B248704780B5B248FBF755F914
:104760000020C0430ABC184770B500210800724AF7
:10477000724BF224A4001C1925680026F643B542AA
:104780000BD0F12189005D1821682A68914202DA74
:1047900021682A6801E02268296807E0684C1C59F2
:1047A00004254D43641964680019491C8A42F5DAEE
:1047B000634959589C4A885070BC08BC184710B5CA
:1047C0005E4860498969604A815200210A005F4B56
:1047D000C2520A0005E004235343C318934C1951F5
:1047E000521C8023DB009A42F5DB10BC08BC184742
:1047F00084910040383503004835030060350300DC
:104800007835030088350300D435030020350300D4
:1048100070B50025494CF02080002550DC20F121A6
:10482000890060508248255048482018444960500B
:10483000FFF7C5FF7F4880496050F3208000255076
:10484000F42080002550F520800025507B4825501D
:104850007B4825500020C043F221890060507948F0
:10486000255035487849605078482550784825507B
:1048700096212A0077482618300006F007F86421B0
:104880002A0075482618300006F000F8FA2080014A
:10489000255070BC08BC184710350300FC350300D8
:1048A0001836030034360300483603005C36030034
:1048B000E435030070B5FA208000FBF75FFB1F4C66
:1048C000224820181E49605000255D4825505D484B
:1048D000255019485C4960505C4825500020C04371
:1048E000F2218900605064212A005B4826183000BC
:1048F00005F0CCFF594825505948255059482550B6
:1049000053482550F8F7C8FBFBF79BF8012070BC13
:1049100008BC1847A4350300883603009C36030002
:10492000B8360300D4360300EC3603000437030026
:104930002037030074360300FF030000AC5300402F
:10494000D43D0000B8EC0040F62C00002C1C000008
:1049500070B5454CD12080002018F8F7C2F9002826
:1049600001D1012058E0FA2000012018F8F7B9F928
:10497000002819D0AA48205C800708D4A9483849E3
:104980004158002910D03749405801280CDBA6486F
:104990000168491E01600020F4F7A2FAFFF7E4FE67
:1049A00001F068FCFBF775F802209D49615C02008C
:1049B000114209D0F8F7EEFCF8F722FDF8F7FAFCFF
:1049C00000209A49086013E09649254A8A1813681E
:1049D000002B0DD1234BC8500120106094480818BB
:1049E000944989690288891A01809348FFF78BFCF2
:1049F000924C206800280CD0914D2868002808D1DE
:104A00000020206002F062FC01262660F8F796FC88
:104A10002E60F8F741FB012070BC08BC184700006D
:104A20003C370300E045030004100000301C000088
:104A3000302C000020FD0000281C0000D80B0000D6
:104A4000D83D0000DC3D0000E03D0000E43D0000FA
:104A50007C3E0000602C0000E83D0000703E00003D
:104A6000783E0000743E000030920040F8B501200E
:104A70006C4E7449705074497418216800290BD029
:104A8000022946D03ED3042900D192E000D285E02D
:104A9000062932D000D3B7E000F090FC6B48C06923
:104AA000410A491C152900DB1421F120800030182F
:104AB0000268511A01606649711802680B689A42CF
:104AC00007DA0268634BF358D2180968511A491C77
:104AD000016000F073FC00F0F3FAF220800030581F
:104AE0000021C943884203D0FFF73EFE00F0B0FA30
:104AF00001F0C0FB00F07DFA8DE057497050FAF7E5
:104B0000C8FF88E000F0D8F900202060FBF75AF9D0
:104B100081E00024514834504E4835184C4836182E
:104B200028683168401A401CF12836DB4C48009058
:104B300002273068009909684018390005F0E6FE40
:104B400030602868009909684018390005F0DEFED9
:104B5000286028683168401A401C1AE0F021081AC1
:104B6000390005F0D3FE401C3168091A3160316804
:104B7000002900D534602968081828602868802139
:104B8000C900884201DBA048286028683168401AC3
:104B9000401CF028E2DBFAF77CFF3CE02F4830189D
:104BA0000168082904DA0168491C0160FAF771FFFD
:104BB00031E0002029497050254971180A68012AFE
:104BC00021DB0A680A3A0A60224AB21813680A3BD3
:104BD00013600B68002B04D513680C681B1B136053
:104BE0000860F1208000301803680C68A34202DAE4
:104BF0000968016005E011680368994201DA1168EB
:104C00000160FAF746FF06E0804BD6225200804949
:104C1000C648ECF741FD0120F2BC08BC1847000073
:104C2000A41F0000AC53004020920040249200409A
:104C3000F62C0000B8EC0040DC340300A4E900408E
:104C40002C920040703E0000D83D00005CEC00401B
:104C5000DC3D0000E03D00007C3E0000E43D000043
:104C600070570040FEB5984D01209849685098480B
:104C70002C18206800280AD0022846D03ED30428E9
:104C800000D183E077D3062832D000D3B0E000F023
:104C900095FBA1480069410A491C152900DB142134
:104CA000F12080002818026851180160A94969188C
:104CB0000A6803689A4207DA02680968511A9C4A2E
:104CC000AA588918491E016000F078FB00F0F8F935
:104CD000F220800028580021C943884203D0FFF702
:104CE00043FD00F0B5F901F0C5FA00F082F986E065
:104CF000002099496850FAF7CCFE80E0F8F71EFBD7
:104D000000202060FBF75EF879E000249F482C50DB
:104D10009048285886496958401A401C8021C9008B
:104D2000884227DA9A4801909A4D02262F68019806
:104D300000682968401A310005F0E8FD381A28603B
:104D4000954F39680091386801990968401A310017
:104D500005F0DCFD0099081838602868002800D5A7
:104D60002C6038688021C900884201DB2648386001
:104D7000FAF78FFE43E0854828180168012904DB13
:104D80000168491E0160FAF784FE38E000207F497F
:104D900068507048281801681B4A914227DA644914
:104DA00069180A680A320A6002680A3202600268F8
:104DB0008023DB009A4208DB0268A34BD2180B6801
:104DC0009B1A0B6003689A1A0260F1229200AA18DB
:104DD00013680C68A34202DA0868106005E00168F5
:104DE0001368994201DA00681060FAF752FE06E093
:104DF000064BFF22FC3295494C48ECF74DFC012054
:104E0000FEBC08BC18470000FF030000D4350300B7
:104E10005037030010B52C482C494418216800294C
:104E200007D02B4941180A68012A02DB00220A60D8
:104E300016E0274941180A68521C0A600A68072AC6
:104E400001DB00220A600968042909D1414941585F
:104E5000374A8258891A491C8022D2009142E8D0F0
:104E60001B494158052914D1F121890041180A68CC
:104E7000F2239B00C2500A68121D0A60354A80580E
:104E80000A68904202DA086808380860FFF76CFC8C
:104E90000AE0F221890040180021C94302688A42D1
:104EA00002D00160FFF760FC00202060FAF78AFF63
:104EB000012010BC08BC184780B5A148006800F06C
:104EC00009F809BC18470000AC530040703E0000D0
:104ED000D83D000070B506009A489B4944189B498C
:104EE000411821609A4DA9699A4A8152F8F72DFA22
:104EF00030000004000CF8F72FFAF8F718FA072230
:104F0000290008312068944BC418200005F052FC99
:104F100070BC08BC184700005CEC004080B58F48AE
:104F2000FBF77AF801200ABC18470000A4350300FB
:104F3000DC3D00000120704780B500F013F801202F
:104F40000ABC18477F48814941187F4A8150012097
:104F500070470000E03D00007C3E000001207047EB
:104F60000020704780B500F073F800F042F800F0C0
:104F70000BF97B4800687B49884203D100F01EFA98
:104F800000F09EF800F00AF809BC1847E43D000064
:104F900070570040889100408C91004080B5724865
:104FA000ECF715FE522378226D217820ECF734FDC2
:104FB00000210020ECF7C6FD0120ECF7B6FD012131
:104FC0000120ECF7B5FD0020ECF7ACFD6748ECF7ED
:104FD00019FD6748ECF7BAFD0120EDF7B1FEECF7DB
:104FE0005CFD6448ECF7FCFB0020EDF7A9FE09BC72
:104FF000184780B55C48ECF7EAFD2423F0224721EE
:105000000020ECF709FD00210020ECF79BFD0120BA
:10501000ECF78BFD01210120ECF78AFD0020ECF775
:1050200081FD5248ECF7EEFC5148ECF78FFD012072
:10503000EDF786FEECF731FD4F48ECF7D1FB002091
:10504000EDF77EFE09BC184701FCFFFF6037030047
:1050500030B58FB0FC208001ECF7B9FD1223F022AF
:1050600035210020ECF7D8FC0020ECF75EFD012193
:105070000120ECF75DFD0020ECF754FD3B48ECF718
:10508000C1FC3B48ECF762FD3C4800683C490A68BB
:10509000148809683B4A8D5805F0BEFE00900191C6
:1050A0002B002200C34902A805F028FD0A20ECF7D6
:1050B000D7FC02A8ECF794FB0FB030BC08BC184733
:1050C00010B58EB0FC208001ECF781FD1023F0229A
:1050D000FF2110310020ECF79FFC0020ECF725FDAC
:1050E00001210120ECF724FD0020ECF71BFD1F48F7
:1050F000ECF788FC1E48ECF729FD1248F1218900E5
:105100004118114A82580B6804246343D21852682C
:1051100000920A6802235A438018F6229200835AAA
:105120000A68A54901A805F0E9FC6420ECF798FCA1
:1051300001A8ECF755FB0EB010BC08BC18470000E6
:10514000D46F0040AC530040D43D00002C1C000044
:10515000B8EC0040F62C000008100000803C030072
:10516000E4EB0040243D030000203F00010001006B
:10517000843E0200005300409491004030D400402F
:105180008091004004100000F0B587B00024B64FB5
:105190003D681BE0B548085804226A4380184068FF
:1051A000B34A895800290DD000280BD006F07EFFA5
:1051B00005F032FEFFF752FA0022AE4B07F0A8F8D6
:1051C00007F04EFA844200D204006D1CB549AA488B
:1051D0000858A842DEDAB44803C86422EEF77AF829
:1051E000002C00D1E2E00026FF200E3000900100EC
:1051F000F021AE480390039800683A68821A521C66
:10520000F12A02DB0800110002004800069050005D
:1052100005904D4200200190002003E00199491CB7
:1052200001916408A42CF9D2512C02D2401C6400D4
:10523000FAE7AC49096840180490386800282FD074
:1052400098498A4808583A6804235A4380184068A5
:10525000874A895800290DD000280BD006F026FF78
:1052600005F0DAFDFFF7FAF90022824B07F050F85B
:1052700007F0F6F9FF210E31049A9040019AD040D0
:10528000081A0090009887214900884203DBFF201C
:105290000E30009004E000986A2801DA6A2000903D
:1052A0009148006800283AD03C6803980068A04202
:1052B0007CDB7C496D4808580422624380184068B2
:1052C0006B4A895800290DD000280BD006F0EEFE5D
:1052D00005F0A2FDFFF7C2F90022664B07F018F8AF
:1052E00007F0BEF9FF210E31049A9040019AD04098
:1052F000081A01006A39A42908D2C54A0100090424
:10530000090C30000004000CEDF717F905982D1872
:10531000012D02DB761C06982D1A641CC5E70020BF
:1053200002903F683EE06A2C33DA6A2431E05D493E
:105330004E48085804227A4380184068029A8242F4
:1053400000D2029005982D18012D2ADB0298002228
:105350000292474A895800290DD000280BD006F048
:10536000A5FE05F059FDFFF779F90022414B06F043
:10537000CFFF07F075F9FF210E31049A9040019A92
:10538000D0400C1A06982D1A872040008442CADBB0
:105390000C009F4B220000993000EEF700FB761CBA
:1053A00000947F1C03980068B842C0DA07B0F0BCD4
:1053B00008BC18477437030090370300F8B5394C20
:1053C000294D2D4820582968401A401C0090F12092
:1053D000800020582968401AF021484305F052FD0A
:1053E0000600009805F04EFD0100300006F0D2FBEB
:1053F00005F012FD0022BD4B07F052F906F05CFFEC
:10540000FF270E37824E33006A223900EEF7B0FBD9
:10541000F2208000201801680022D24391421FD060
:1054200000682968401AF021484305F02BFD04006C
:10543000009805F027FD0100200006F0ABFB05F009
:10544000EBFC0022A94B07F02BF906F035FF010019
:10545000091EF02904D233006A223900EEF788FBD6
:10546000F1BC08BC1847000088910040D43D000002
:105470007C3E000000005940E03D0000E0B5012006
:1054800002907748019077480090774B0022774848
:105490000168AB48EFF721F90020C04303B008BC16
:1054A00018470000AC530040A83703008C9100401F
:1054B00080B5002806D0764808F0F4F86B490860FB
:1054C000FFF7FAFC9F48FAF7A0FA09BC184780B525
:1054D000764A0F219C48EFF751F90020C0430ABCDF
:1054E00018470000909100406C57004010B500280C
:1054F00026D0754875494158002906D1744940188D
:105500007B4989690288891A0180614C0021200049
:1055100000F0B8F9002805D17648FEF7F4FEFEF752
:1055200041FD10E00021C943884206D17848FEF7CA
:10553000EAFE200000F0E0F805E07948FEF7E3FE1F
:10554000B848FAF762FA10BC08BC1847E0B57F48C3
:1055500002907F4801907FA000907F4B00227F48FF
:105560000168B148EFF727F80020C04303B008BC3A
:10557000184780B500280AD04548EEF7D7FF05F058
:1055800007FC76490860F7F79FFDFFF795FCA548F3
:10559000FAF73BFA09BC1847E0B5714801906DA0D5
:1055A000009096235B0000226E4801889F48EFF729
:1055B00088F80020C04303B008BC184710B5002885
:1055C0000ED0684C324808F06DF820802088F7F73C
:1055D00084FEFFF771FC228895499648F6F716FB82
:1055E0009048FAF712FA10BC08BC1847E0B5924888
:1055F000019058A00090914B914A9248018892489E
:10560000EFF75FF80020C04303B008BC1847000064
:10561000003F3F0010B500280ED08A4C1C4808F00F
:1056200041F820802088F7F76DFEFFF745FC2288BF
:1056300086498048F6F7EAFA7A48FAF7E6F910BCA4
:1056400008BC18478248704700B5824800683D4949
:10565000884201D0002000E07F4808BC18470000C5
:10566000B15401001038030020FD0000D46F004049
:1056700000B5154879494158B422920180188142F9
:1056800001D1002000E0764808BC184775487047F3
:10569000C0E9004000B56F4800682A49884201D03F
:1056A000002000E0704808BC18470000ED540100DD
:1056B00000B5684800682349884201D0002000E016
:1056C0005A4808BC18470000AC530040783E000020
:1056D000F62C000000B55F4800681A49884201D0E6
:1056E000002000E0584808BC184700000000E03FD8
:1056F000B8EC0040BC34030080B55C495C4A8A6069
:105700005C4A4A60C8605C48FAF77FF909BC1847F0
:10571000C834030080B54348FAF777F909BC184745
:10572000DC34030010B504005448ECF724F8544866
:10573000ECF721F82000ECF753F810BC08BC184730
:10574000B0370300243D03002C38030073550100DB
:10575000103903000000000000F07F4590950040E4
:10576000BD55010008950040F8B506000025300041
:1057700005F020FA04002321300007F0C3FE0700E3
:10578000002F05D030001030C01B042800DA00279D
:10579000002F0AD11020001B042801DA001F241852
:1057A000371923203870241D19E07A78B878F978F1
:1057B0001300303B0A2B00D330220300303B0A2B6E
:1057C00000D330200B00303B0A2B00D33021642360
:1057D0005A430A23584310184018C84945186D1CED
:1057E000009564260098310005F090F805003035EA
:1057F0000098310005F08AF808000A2105F086F8C3
:105800000600303600980A2105F080F830317D70AE
:10581000BE70F970102C01DA00203871F1BC08BCA0
:1058200018470000243D0300BC380300183903006A
:10583000603903004C39030015560100FF0F0000CA
:10584000B80B0000189500406C390300A039030024
:10585000AC390300E4EB0040D8390300D43D00002C
:10586000143A0300503A03008C3A030000ED004064
:10587000255701001557010004030300B83A03003F
:10588000183B0300F8B5F0B00D009D4909680029E8
:1058900002D00120C04325E106000120059099A413
:1058A00021003000F0F7C2F82F00002813D0002F9D
:1058B00011D1954DFCF716F93000FFF755FF210087
:1058C0003000F0F7B3F8002802D06D1E002DF1D1A2
:1058D0000020C04305903A0021003000F0F760F945
:1058E00001900198002801D10020FBE000200490E5
:1058F00030AD00240222854801682E00300004F0FB
:1059000059FFAD1CA41C072280480068804941183B
:105910002E00300004F04EFFED1DE41D1E227B48DA
:1059200000687C4941182E00300004F043FF1E350A
:105930001E34042275480068774941182E00300053
:1059400004F038FF2F1D241D029496252900002203
:105950000AAC200004F09AFF002412E006A805F02B
:1059600029F90600962100910AA805F023F900996B
:10597000081A864214D20F2206A90AA807F0D4FDFD
:10598000641C6648806984420ADA06A92000F3F79D
:1059900079F90028F4D00021C9438842DED1FFE71D
:1059A0002A000AA93C00200004F004FF3C009634C1
:1059B000029D96355548006840680390042203A96B
:1059C0002600300004F0F6FE201D2D1D012414E0F9
:1059D00002990170401C6D1C0EE002997F31FE2976
:1059E000F6D380210170461C022202A9370038003C
:1059F00004F0E0FEB01CED1C641C8021C9008C4248
:105A00002EDAFD2D0ADB2B0030AA04A90198F0F74D
:105A1000B1FBB94988421ED0002530A83B4909682E
:105A20000422624389184968039A8A1A02920391F0
:105A300002999F4A891A802252029142CDD37F2136
:105A40000170461C032202A93700380004F0B2FEA0
:105A5000F01C2D1DD0E70198F0F73AF8002041E046
:105A6000012D0DDB2B0030AA04A90198F0F782FB71
:105A7000A149884204D10198F0F72AF8002031E0CA
:105A8000002430AE0422214D28689C49411837007B
:105A9000380004F08FFE361D241D02222868984924
:105AA00041183700380004F085FEB61CA41C0422FF
:105AB0002868944941183500280004F07BFE301D09
:105AC000241D2300012B0CDB30AA04A90198F0F758
:105AD00051FB8949884204D10198EFF7F9FF002072
:105AE00000E0059871B0F0BC08BC184780B505A16E
:105AF000F0F738F900F014F80ABC184730EBFFFF54
:105B0000A4E9004073707A0009030000809100400E
:105B1000081000000F1000003010000004000040CA
:105B2000F1B5C4B04498002805D1774B774A78493D
:105B30007848EBF7B1FD0020029004AC00252B263D
:105B400080235B0004AA02A94498F0F7B5F90190FC
:105B500001986949884202D00198B04205DA6E4B3B
:105B60006E4A6B496B48EBF797FD022221006C4EA1
:105B7000300004F01FFEA41CAD1C07222100694E5A
:105B8000300004F017FEE41DED1D2E001E22210042
:105B9000654D280004F00EFE25001E351E36042437
:105BA00022002900614F380004F004FE2D1D361D2F
:105BB000962229005E4F380004F0FCFD963596369B
:105BC0002200290003AC200004F0F4FD0398594999
:105BD00008602D1D361D012429E0000600160090E6
:105BE000761C17E001007F22D24309060916914274
:105BF000F3D100200090022229006F46380004F003
:105C0000D9FD0098000403D500987D490143009117
:105C1000AD1CF61C0398009940180002000A79494F
:105C2000042262438918784A88500390641C8020BB
:105C3000C000844234DAFD2E18DB02980199401A24
:105C40008019029080235B0004AA02A94498F0F70F
:105C500033F9019001982849884205D16B4B6C4A71
:105C60002B492C48EBF718FD002604AD28786D1C55
:105C70000100090609167F29B4D1002000900322F3
:105C800029006F46380004F095FD0098000204D505
:105C90000098FF21090601430091ED1C361DB9E76C
:105CA000FEF762FD002045B0F0BC08BC18470000BC
:105CB0000080FFFF10B557A15748F0F753F80028B0
:105CC00001D1904815E04F4C2100F6F707F801008C
:105CD000002901D18B480CE0FE239B05F6208000B3
:105CE0002218200000F0D8FC0120F3218900605028
:105CF000002010BC08BC184705400080CC100000F4
:105D0000CA100000D0100000983B03004A050000B4
:105D1000843B0300A4350300A03B03005A050000A8
:105D2000AC800040B4900040BB900040DC9000404C
:105D3000E0900040B080004070B55FA473A12000E7
:105D4000F0F710F8002801D16E4856E02000FFF768
:105D5000CDFE2C4C594820182B49615801609F21D9
:105D6000490161186A4AA2580A60006809684843F4
:105D700006F09CF90500002635E030000006000E14
:105D80000421484320186349405831000906090E90
:105D90000422514361185C4A885030000006000E0E
:105DA0000421484320185B49405806F07FF9290038
:105DB00005F0F0FE31000906090E08225143611872
:105DC000F2225200885030000006000E401C05F000
:105DD00059F831000906090E082251436118F022D2
:105DE00052008850761C30000006000E1328C4DBD9
:105DF0000120F42189006050002070BC08BC1847C5
:105E00000000FFFFAC530040042D0000B03B030036
:105E10007E05000063616C00C83B030038B53EA4FA
:105E20003AA12000EFF79EFF002801D135483FE05E
:105E30002000FFF75BFE002108002CE0374A0B0032
:105E40001B041B0C04245C431319934C1B590C00BA
:105E50002404240C022565435419904D63530B0010
:105E60001B041B0C02245C4313198C4C1B5B0C00A1
:105E70002404240C042565435419254D6459A34278
:105E800008D003001B041B0C02245C431219844B32
:105E9000D152401C491C0A001204120C8023DB0062
:105EA0009A42CBDB01207F49086000F0E6FA00202F
:105EB00032BC08BC1847000064726B00DC130000A1
:105EC00038B579A17948EFF74DFF002801D10D4889
:105ED00015E0124C2500F0352900F5F7FFFE010012
:105EE000002901D107480AE08723DB057048221802
:105EF000280000F0D1FB0120D4496050002032BCC2
:105F000008BC184705400080E413000073707A0055
:105F1000082D00000C2D000064727700AC53004087
:105F2000F3B587B00798006806F0EEFA0400802504
:105F30006D00C74F0220604338185D49415A022066
:105F40004843290004F0E2FC211A2018012900DA54
:105F50000121C04A904200DBBF48884201DA00209C
:105F600095E000220AE0BD4BFB5804264E439B19E6
:105F70005B689A4201DA1A000C00491C8842F2DA86
:105F80000220604338184A49415A022048432900F8
:105F900004F0BCFC261A20180290012E00DA01261B
:105FA0000298AC49884201DBAB4802900298B042AB
:105FB00001DA00206BE00020002104000D0004AA9B
:105FC00003C2083A20E0A54838580421714340181C
:105FD0004068002102000B0006F070FC02000B007C
:105FE000A4185D4104A803C8009001911000190095
:105FF0003200F31706F062FC009A019B80185941A9
:1060000004AA03C2083A761C0298B042DBDA002DDB
:1060100004DC01DB012C01D2002038E004A803C815
:1060200007F0F4FB06002000290007F0EFFB010059
:10603000300005F0AFFD079908600798006804F08C
:10604000EBFE0022864B06F02BFB06F035F9040030
:106050000220604338181649405A06F03BFC0022E3
:10606000804B06F055F900227F4B05F0F5FA06F05B
:1060700023F90100601A6118012800DA0120754A2D
:10608000914200DB7449089B079A00F013F809B0AD
:10609000F0BC08BC18470000042D000028140000C4
:1060A0004C3E00008057004063616C00D03B030011
:1060B000DC0B0000FFB583B004000498001B01282E
:1060C00001DA0020BEE069480068042161434058BD
:1060D000664909680422624389184968401863497F
:1060E0000968042262438918896845185F48006876
:1060F00004990422514340585C490968049A0423D6
:106100005A4389184968401858490968049A042371
:106110005A43891889684018401B04F0B3FE0600F2
:106120000498001B0321484304F0ACFE010030003A
:1061300005F030FD0190280004F0A4FE04F06CFE90
:1061400000224B4B05F088FA06000F00200004F0F7
:1061500099FE019905F000FE04F05EFE02000B00BE
:106160003000390005F014FC04F012FE0290002506
:1061700000260020009039E03C480068042161437B
:106180004018406805F092FF0700200004F07AFEF6
:106190000100019805F0E0FD0100380005F082FEE5
:1061A000029905F07FFE07003800002104F0D8FDB9
:1061B00000D200272800390006F02CFB0500200043
:1061C00004F060FE390005F0C7FD0700300039001B
:1061D00006F020FB0600200004F054FE390005F014
:1061E000BBFD009906F016FB0090641C0498A042C9
:1061F000C2DA2800002104F0B3FD01D8002021E01C
:10620000059C3000290005F0C5FC2060009829009D
:1062100005F0C0FC05002168206805F09DFD010027
:10622000280005F03FFE002104F09AFD01D800206F
:1062300008E0069C04F0F0FD05F068FF04F0A8FDFE
:106240002060012007B0F0BC08BC1847D80B000044
:10625000AC530040FF030000FE030000D43D0000EB
:106260000000E03F00000C400000704080910040C2
:1062700000000840F0B59DB0642100273A00844E2C
:10628000A6483418200004F001FB8248305800284A
:1062900005D0F320800035182868002800D1E8E0F8
:1062A000F1208000305804F0EDFD0290F2208000D3
:1062B000301801680022D24391420FD0006804F0E8
:1062C000E1FD029906F0A6FA04F0A6FD0022802363
:1062D000DB0505F0C1F904F05BFD029003A902A8FB
:1062E000FFF71EFE002800D1C0E08D4C2868002872
:1062F00021D00298F4F732F905000298039906F0CC
:1063000089FAF4F72BF9290005F0CCFD210005F0FE
:1063100023FD290005F03EFC04F07EFD0090019174
:10632000029804F079FD02000B007E497B4830188A
:1063300004F0E4FB14E00399200005F00DFD029940
:1063400005F028FC04F068FD00900191029804F02B
:1063500063FD02000B0073497048301804F0CEFB57
:106360000298F4F7FBF804F057FD00227B4B06F08F
:1063700097F905F0A1FF04006848301804F01AFCF2
:10638000220077493018654BC01804F0B7FB02981B
:1063900004F042FD04000D00039804F03DFD0022CE
:1063A000704B05F0B5FF02000B002000290005F03E
:1063B000EFFA05F081FF0400029804F02DFD009033
:1063C0000191039804F028FD0022664B05F0A0FF20
:1063D000009A019B06F064F905F06EFF002C00D5D1
:1063E0003C008021C900884200DB78483D0007E07E
:1063F0007749715804226243891849686D18641CF2
:10640000A042F5DA64213A0004AC200004F03EFA20
:106410008948C06A012808D011D303280AD00ED2B7
:10642000864904A806F0E4F80DE0844904A806F0C3
:10643000DFF808E0824904A806F0DAF803E07F49B3
:1064400004A806F0D5F83548301804F0B3FB040072
:106450007C48006804F0E0FC009001912A0004A947
:1064600030192E4BC01804F049FB02E00D202B49D7
:1064700070541DB0F0BC08BC184780B57348006864
:10648000002803D000F008F8F7F737F809BC1847E0
:10649000AC530040D80B000038B5002420001DE0AC
:1064A000734D0220604328186749405A022148432F
:1064B0002818F6218900405A05F0F8FD08216143AB
:1064C0006918B52292008850200004F0DBFC0821F6
:1064D00061436918B42292008850641C112CDFDBE0
:1064E00031BC08BC184710B5624C6348E06763488C
:1064F000802160506248C82160500023072221009B
:106500000C3160A0EFF7A8FEA0605F48F9F77DFAB4
:106510000020C04310BC08BC18470000E83D000044
:10652000578C6B43D83B030010B504005748F9F76C
:106530006CFA002C0FD04F480168102251434018CC
:106540000C30FFF7D3FA4A48B42189014118204A98
:106550008150F9F776FA10BC08BC18470000E03FFC
:10656000EC3B030000000C40F8B5424CA068072843
:1065700001DA002026E027000C372600083641A566
:10658000636807204343DB1D072239002800EFF72B
:1065900063FE3060A068002803D06068401C606023
:1065A00008E0636807204343072239002800EFF71B
:1065B00053FE3060A068012801DB012000E00020CC
:1065C0000006000EF2BC08BC18470000FF030000E4
:1065D000D43D0000F8B5274C6068002801D10020A8
:1065E00026E02700083726000C3626A5636807201A
:1065F0004343DB1F072231002800EFF72DFE3860F0
:10660000A068002803D06068401E606008E06368EE
:1066100007204343072231002800EFF71DFE3860B2
:10662000A068012801DB012000E000200006000E28
:10663000F2BC08BC18470000E4EB0040F83B030044
:10664000143C030038D400404C3E00007857004012
:1066500080B5FCF76AF90ABC184700B50C48006819
:106660000A49884201D0002000E00A4808BC1847C7
:10667000AC53004024E8004069650100D565010085
:106680002965010073707A00C0B10200243D030047
:10669000E4EB0040303C0300FCB5DDB002000F002D
:1066A0000024230026E0082070431058029904F0CB
:1066B00057FB01D202903500761CBE42F3DB082066
:1066C00058431058082169435050029808215943F3
:1066D0005050082068431018406808215943511849
:1066E00049680826754355196960082159435118AE
:1066F00048605B1CBB4207DA0820584310580290E0
:106700001D001E00761CD8E720000FE00821414341
:1067100051583FAB04254543595108214143511875
:10672000496821AB042545435951401CB842EDDB73
:10673000174B03A8019000933A0021A93FA800F04D
:1067400029F85D9E5E9D1BE002A80190200004F0E8
:1067500099FB00903B0003AA21A93FA800F0D2F9C1
:106760000298290005F0F8FA04F056FB0022E14BEC
:1067700005F096FF05F0A0FD022161437052641CF4
:106780008020C0008442DFDB5FB0F0BC08BC18474B
:10679000CAF2C971F3B5A1B0050016001C002000B3
:1067A000D54904F041FF05D80020039003982999AA
:1067B00008602CE0BF2000062999086068682968F5
:1067C00005F070FB04F028FB02000B000020CB4911
:1067D00004F042FF009001912298406822990968D4
:1067E00005F060FB07006868296805F05BFB0100A5
:1067F000380005F0CFF9210005F054FB04F00CFB44
:10680000009A019B05F084FD04F0C2FA0390012474
:106810000296C6E0042060432858042161436918A9
:10682000091F096805F03EFB060004206043281894
:106830004068042161436918091F096805F032FBAB
:106840000100300005F0A6F90700299804216143F2
:106850004018001F0068390005F07EFA04F0DCFAE9
:1068600000228023DB0505F01BFF04F091FA0600EF
:10687000380004F0D1FA0022A14B05F011FF00907E
:106880000191300004F0C8FA02000B000098019951
:1068900004F0E2FE04F07CFA299904226243885055
:1068A00022980421614340184068229904226243DF
:1068B000895805F0F7FA00900420604328184068D2
:1068C00004216143695805F0EDFA0100009805F0D4
:1068D00061F90190229804216143405822990422D1
:1068E00062438918091F096805F0DCFA009004204A
:1068F00060432858042161436918091F096805F09D
:10690000D1FA0100009805F045F90100019805F061
:10691000C9FA03A904226243885003A804216143F1
:10692000405804F079FA0022C34B05F0F1FC0090C6
:1069300001910420604328184068042161436918CC
:10694000091F096805F0AEFA04F066FA02000B00B0
:106950000098019904F080FE0090019103A80421A1
:1069600061434018001F0068390005F0F5F904F094
:1069700053FA02000B000098019905F009F8009005
:106980000191300004F048FA02000B0000980199D0
:1069900004F062FE04F0FCF903A90422624388506B
:1069A000641C0298401E844200DA33E7289E3000BF
:1069B000514904F039FE02D800252C0049E0FC249E
:1069C000A4050298042148432818001F0068029972
:1069D0000422514369180839096805F063FA04F084
:1069E0001BFA02000B000020444904F035FE009021
:1069F000019122980299042251434018001F006817
:106A0000229B029A04214A4399180839096805F023
:106A100049FA07000298042148432818001F00681B
:106A200002990422514369180839096805F03AFAB5
:106A30000100380005F0AEF80100300005F032FA30
:106A400004F0EAF9009A019B05F062FC04F0A0F959
:106A5000050003A802990422514340180838006831
:106A6000210005F079F90100280005F01BFA04F077
:106A7000D3F906000F0029980299042251434018C7
:106A800008380068210005F067F904F0C5F9002214
:106A90006A4B05F005FE02000B003000390004F0DF
:106AA000DBFD04F075F92999029A04235A438918E9
:106AB000091F0860029CA41E15E029980421614367
:106AC00040582999042262438918496805F044F91D
:106AD00003A904226243895805F09CFE29990422E7
:106AE00062438850641E002CE7D523B0F0BC08BC7C
:106AF000184700000000E03FCDED4771000008405E
:106B00000000F0BFF1B584B00E00170000245B1E3A
:106B10001D0000E01500281B02280BDB281942107D
:106B20000A98049904235343C95804F019F9F1D37E
:106B30001400F0E7049804216943405804990422A2
:106B40006243895805F0AEF902900298002106F0E0
:106B5000E5FD01D100206AE0039701960498042125
:106B6000694340580A9905F09DF9029905F012F819
:106B700006000A98049904226243895805F092F9A4
:106B8000029905F007F80700019804216143405875
:106B9000310005F0E1F80090019804216943405864
:106BA000390005F0D9F8009905F034FE04F034F905
:106BB000009001913000310005F0CEF8310005F071
:106BC000CBF8310005F06EF90399042254430959BA
:106BD00005F0C2F804003800390005F0BDF83900AE
:106BE00005F0BAF8390005F05DF903990422554320
:106BF000495905F0B1F80100200005F00BFE010035
:106C00000C000299029805F0A7F8210005F0A4F8FD
:106C100004F002F90022084B04F01EFD009A019BCB
:106C200005F03EFD04F0B4F80B990860012005B0B2
:106C3000F0BC08BC18470000000018400000F03FFE
:106C4000F0B587B099489321C9004158002901D077
:106C5000974884E097494158002901D096487EE042
:106C6000F72189004158002901D0A04877E0FB2195
:106C700089004058002801D19E4870E09E48006875
:106C80009E490988461A002E00D50026642100245A
:106C900022009B480190019D280003F0F7FD019818
:106CA000009014252900220002AF380003F0EEFD09
:106CB00032009F4902A803F021FF02A9009804F0C6
:106CC00055FC02A803F076FF009908182100017016
:106CD000401C00902900220002AF380003F0D6FDCE
:106CE0003200934902A803F009FF02A9009804F0BA
:106CF0003DFC02A803F05EFF009908182100017016
:106D0000401C00902900220002AF380003F0BEFDB5
:106D10003200874902A803F0F1FE02A9009804F0AE
:106D200025FC02A803F046FF009908182100017015
:106D3000471C2900220002AD280003F0A7FD320005
:106D4000984902A803F0DAFE02A9380004F00EFC0C
:106D500002A803F02FFF38180470401C019807B0F8
:106D6000F0BC08BC184700B58F480078002803D055
:106D7000012803D18D4802E08D4800E0B04808BCEE
:106D8000184700B54948FB2189004158002906D021
:106D90008B21C9004058002801D1864800E0A9484D
:106DA00008BC184700B541489321C9004158002943
:106DB00003D140494158002901D0A34815E0F721EB
:106DC00089004158002901D0A0480EE0FB2189002C
:106DD0004158002908D08B21C9004058002801D013
:106DE0009B4802E09B4800E0AF4808BC1847AF480A
:106DF000704780B5AEA0FAF765FA01200ABC1847C3
:106E0000AC48704780B5F7F71BFF00F033FEF7F78B
:106E1000E5FEA948FDF777FA01200ABC1847A74804
:106E2000704780B5A648F8F7F0FD01200ABC184766
:106E300000B51E489321C9004158002903D11D49BE
:106E40004058002801D09F4800E0002008BC1847A7
:106E500080B51648F721890041180A68002A0AD02F
:106E600000220A600121F82292008150F6F70EFB01
:106E7000F6F78FFB07E001220A600021F82292005A
:106E80008150F6F7F9FA00F0E7F88F48FEF722F89C
:106E9000F6F703FBF6F700F9F8F7D3FD00F074F806
:106EA00000F034FD01200ABC184700006CD00040FF
:106EB000683D03009C0400008C3D030000B583483E
:106EC0009321C9004158002905D181494058002823
:106ED00001D1C24800E0002008BC184780B5C04876
:106EE000F8F793FD01200ABC18470000B43D0300E9
:106EF000BC487047D83D0300A0530040D86F004005
:106F000060D4004080B5714800219322D2008150A6
:106F100001226F4BC250F7239B00C250F82292000F
:106F20008150F6F7A9FAF8F78CFD01200ABC184742
:106F3000EC3D030000B5AC480068002801D00020FB
:106F400000E0AA4808BC184780B560480121932298
:106F5000D200815000225E4BC250F7239B00C150EB
:106F6000F82189004250F6F787FAF8F76AFD012008
:106F70000ABC184700B59E480068002801D00020D0
:106F800000E0CE4808BC184700B50021080004E026
:106F90004E4A04234343D150401CF028F8DB08BC80
:106FA00018470000F43D0300ECEC0040FC3D0300FA
:106FB000143E0300483E0300F8B5FFF7E5FF434CDD
:106FC0008C4F01253D60F820800025500020F021E5
:106FD00089006050F121890060508749F2229200B7
:106FE000A150F3229200A050F4229200A150F5216A
:106FF0008900605000263000F62189006052FE2092
:107000008005F92189006050AD48265000F024F831
:107010008C20C000265096208000AA496050922003
:10702000C0002650A84826509320C000255028486C
:1070300026503D60F82080002650F1BC08BC18475F
:10704000303E03007C3E03008C3E0300A43E030060
:10705000BC3E0300D43E030070B510210024220082
:107060001A4D9020C0002E18300003F00FFCFA20BB
:1070700080002C50FB2080002C50FC2080002C50E5
:107080008B20C0002C509320C0002C5001201049B0
:107090006850F1F74DFEA248A2494158C54A8150B7
:1070A00070BC08BC18470000E83E0300F83E03002F
:1070B000000000000C3F0300DC340300343F0300F9
:1070C000E04503006C3F030020FD00006CD0004051
:1070D0009C04000080B5FF204E30F8F74FFFFFF70B
:1070E000BBFFF8F7AEFC00F011FC01200ABC18470A
:1070F00010B5F5F74DFD032801DA012050E0F6F751
:1071000059F99A4C9320C0002058002841D1984842
:10711000205800283DD1F32080002058954904F0E4
:1071200083FA06D9F12080002058934904F07CFAB4
:1071300001D8012000E000200006000E9221C900C5
:1071400062181168814205D01060002802D1012028
:107150005B496050F820800023181868002822D06E
:10716000F7208000205800281DD0F22080002058F1
:10717000914903F0F5FD16D2F5F70AFD092808DB61
:10718000F6F7A6F9F6F79AF900208C49C86300F0E3
:107190001DF90020FA2189006050F8F77AFC0120DF
:1071A00010BC08BC184718680028F2D1F7208000EE
:1071B00020580028EDD18148006881498842E8D1F3
:1071C00010680028E5D1BF48006C0028E1D100F02C
:1071D00015F80028DDD10120E2E70000983F030008
:1071E000944D0300C03F030008D50040F83F030062
:1071F00004D5004048D400400000484370B55B4CC3
:10720000FA2080002058002821D0FB20800025187B
:10721000286800281BD1F7F713FD6A48F7F77FFCB1
:1072200000F028FCF7F7DAFC012028606648FDF73B
:1072300051FEF8F7C7FDF1F77BFD39483949415850
:107240005C4A8150F6F7A6F8F6F7DAF832E0FB2050
:107250008000205800282DD09B48F5F742FD0028DB
:107260001FD00120F1F73CFE0125FC2080002550B5
:107270002B4E964800884F49715888420FDBAB4827
:10728000F7F74DFCB4483018F7F750FC00F01EF843
:107290008B20C000255000F099F800200BE0F8F793
:1072A0004EFD8B20C0002058002803D1F6F772F85D
:1072B000F6F7A6F8012070BC08BC18472C40030064
:1072C0005C0400007C04000094040000F8B53B4816
:1072D000C06A032808D16846E9F708FE02009F4902
:1072E0009F4803F00BFC07E06846E9F7FFFD02004A
:1072F0009C499B4803F002FC9B489C498969028891
:10730000891A018001219648FEF7BCFA002803D1B2
:10731000FCF748FE002000E0012005B008BC18473B
:1073200004000040A053000080B51048FB218900F4
:107330004158002914D08B21C900405800280FD192
:107340008B491C48081802688A4BC95851180160BB
:107350000168AE4A914206DBE1218900016002E04A
:10736000AB48F8F752FB01200ABC18476CD000402C
:107370009C040000010096430150434780B503F090
:10738000EDF8A4480178002904D0012905D1002195
:10739000017004E00221017001E001210170FDF79C
:1073A000A9F8FDF7BDF803F0E3F8F8F70BFD0120AD
:1073B0000ABC18479C5300000100E040E4EB004089
:1073C000E04503005840030020FD000010B5F5F72C
:1073D000DFFB012807DA9048FCF795FFC820FDF78E
:1073E00054F8012060E08D499322D2008A58002A87
:1073F00003D1B34A8A58002A06D0F6F74EF8012086
:107400003049C86701204FE0072807DA8248FCF7B7
:107410007AFFC820FDF739F8012045E0F720800009
:1074200008180268002A0AD0002202600120F8220F
:1074300092008850F6F72AF8F6F7ABF824E0FB2222
:1074400092008A58002A17D08B20C0000C182068A0
:10745000002803D09948F8F7D8FA0BE03348F7F73B
:107460005EFBB348F7F762FBFFF730FF01202060B7
:10747000F8F7A8FC012017E0012202600020F822A2
:1074800092008850F5F7F8FFFFF7E6FDAA48FDF7F0
:1074900021FDF6F702F8F5F7FFFDF8F7D2FAFFF74E
:1074A00073FD00F033FA012010BC08BC184780B50A
:1074B000A048F8F7B1FD0120A049086001200ABCEE
:1074C0001847000060EA0040D0A10040D86F00409B
:1074D0000120704780B500F0A3F801200ABC1847CE
:1074E00010B54E4CFB208000205800280AD08B207D
:1074F000C0002058002805D10C48F7F710FB8C4835
:10750000F7F714FBFFF740FD9320C000201800217F
:10751000016000686A496050012010BC08BC18472F
:10752000012086490860012070470000944503004F
:1075300000B53A48FB2189004158002906D1F721BE
:1075400089004058002801D1012000E000200006F9
:10755000000E08BC18470000FC520000C4400300A5
:10756000ECD40040CC400300A2800040B8EC0040C6
:1075700004000040A053000038B5924D2800EAF7FF
:1075800026FB1023F02235210020EAF745FA0021DE
:107590000020EAF7D7FA0020EAF7C7FA0121012014
:1075A000EAF7C6FA0020EAF7BDFA8748EAF72AFAAE
:1075B0008648EAF7CBFAFA20EAF752FA8448EAF763
:1075C000DAF88024A4012300EF2267210020ECF7E1
:1075D00058FA2800EAF7FBFA1023F022692100206C
:1075E000EAF71AFA00210020EAF7ACFAFA20EAF7E3
:1075F00037FA7848EAF7BFF82300EF229B210020F2
:10760000ECF73FFA31BC08BC1847000085030000C6
:10761000240A0300ECEC0040BC3403006CD00040B2
:1076200010B5FFF7A9FF00F05DFA00F0A7F900F030
:10763000FFFA2448016C002902D000F081F839E0FB
:10764000406C002836D1644C9220C000205800289D
:1076500030D1FB208000205800280ED05F48006801
:1076600000280AD0FC20800024182068002821D09F
:1076700000F0BAF8002020601CE05948201801688A
:10768000002904D00021016000F040F912E000F070
:10769000FBF854480068784988420BD1F8208000F4
:1076A0002058002806D1F72080002058002801D15A
:1076B00000F00AF810BC08BC18470000E0450300C1
:1076C0009C04000060EA0040E0B51023F0229E21F7
:1076D0000020EAF7A1F900210020EAF733FA0020A0
:1076E000EAF723FA01210120EAF722FA0020EAF75B
:1076F00019FA80204002EAF785F93448EAF726FAB9
:107700005E48EAF764FA5E4800680321E9F7BCFFC7
:1077100002005CA1684603F0F1F90A20EAF7A0F93B
:107720007748EAF728F86846EAF75AF80FBC18478E
:10773000005300402446030020FD0000C8D4004050
:1077400080B58023F0229E210020EAF765F9002110
:107750000020EAF7F7F90120EAF7E7F90221022011
:10776000EAF7E6F90020EAF7DDF980204002EAF7BF
:1077700049F91648EAF7EAF96248807BC00702D562
:10778000FC20800300E06048EAF721FA0120EBF7D3
:10779000D7FAEAF782F97748E9F7EDFFEAF7ECF96B
:1077A00073494A6A002A01D0022200E001225043B4
:1077B000C9684018EBF7CEFA0020EBF7C1FA09BC14
:1077C0001847000000203F00020001005C4C02004E
:1077D000D4400300084103006CD000409C5300409B
:1077E0005C040000E4EB004010B58023F0229E21F1
:1077F0000020EAF711F900210020EAF7A3F901209F
:10780000EAF793F902210120EAF792F90020EAF75A
:1078100089F980204002EAF7F5F85748EAF796F927
:10782000FC208001EAF7D3F90120EBF789FAEAF7A7
:1078300034F99A48E9F79FFFA34C20000830E9F794
:10784000CFFFA2A0E9F7CCFFEAF727F9FC208003DD
:10785000EAF7BDF99E48E9F78EFF2B48EAF7B7F93A
:107860009C482018E9F7BCFFEBF774FA0020EBF70F
:1078700067FA10BC08BC1847AC010300003F2000A9
:1078800068EB004025750000F8B5934DF7208000A7
:107890002858002831D18F277F00012000903B001D
:1078A000EF22AE210120ECF7A7FCEF260420704365
:1078B000285803214843542801DB532004E01A21AF
:1078C000C943884200DA080081256D00291A009119
:1078D000002802D4FC24A40303E0002801D5FC24E2
:1078E000A40100233A00AF213000ECF758F8230040
:1078F000009A29003000ECF752F8F1BC08BC184798
:1079000058410300B8EC0040003F3F0070B5734899
:1079100003C83222EBF7DEFCBC4EF7208000305863
:10792000002822D1002515E000280ED5FC24A40152
:107930000BE01A21C943884200DA0800812149007E
:107940000A1A0028F0D4FC24A40323002800ECF732
:1079500026F86D1CF02D08DA042068433058032106
:1079600048435428E5DB5320E8E770BC08BC1847BF
:1079700030CB0040984103005C4C020030B599B018
:107980005748EAF724F92023F0227A210020EAF769
:1079900043F800210020EAF7D5F80020EAF7C5F8FF
:1079A00001210120EAF7C4F80020EAF7BBF88020A3
:1079B0004002EAF727F89648EAF7C8F84649F12066
:1079C00080000858F22292008D589222D2008A58E4
:1079D000002A04D19322D2008958002902D08D496F
:1079E000086B8D6BFE21890503F0BAF901D28A4C30
:1079F0000CE08A4903F0B4F901D2894C06E08949C8
:107A000003F0AEF901D2884C00E0884C03F004FA90
:107A100002000B002100684603F070F8C820EAF766
:107A20001FF86846E9F7DCFEA848EAF78FF800215E
:107A3000A020EAF787F8280003F0EEF90022A44B13
:107A400004F02EFE04F00CFE002800D101200200FC
:107A5000A049684603F052F86846E9F7C1FE1021D4
:107A6000A020EAF76FF8B9A0E9F7BAFE19B030BC68
:107A700008BC184700B51849F32080000858922226
:107A8000D2008A58002A04D19322D20089580029B2
:107A900001D06048406B08BC18470000104203004A
:107AA00000B50D49F420800008589222D2008A586F
:107AB000002A04D19322D2008958002901D05548C8
:107AC000806B08BC18470000040000400D00000057
:107AD00094450300FC5200006CD000403842030083
:107AE000003F3F0078B599B04A4C606C002804D143
:107AF000206C002801D1964807E09648807BC0079B
:107B000002D5FC20800300E09148EAF760F82023CA
:107B1000F02246210020E9F77FFF00210020EAF74C
:107B200011F80020EAF701F801210120EAF700F836
:107B30000020E9F7F7FF80204002E9F763FF3448AF
:107B4000EAF704F8FFF796FF0500FFF7A9FF060024
:107B5000206C00280CD0804DFE26B6057D48807B29
:107B6000C00702D5FC20800300E07948EAF72FF82F
:107B70002800FE21890503F0F3F801D2264C0EE01F
:107B80002800264903F0ECF801D2254C07E0280034
:107B9000244903F0E5F801D2234C00E0234C2800EF
:107BA00003F03AF902000B002100684602F0A6FF3C
:107BB000FA20E9F755FF6846E9F712FE4348E9F76E
:107BC000C5FF0021A020E9F7BDFF300003F024F934
:107BD00000223F4B04F064FD04F042FD0200002A45
:107BE00000D101223B49684602F088FF6846E9F768
:107BF000F7FD1021A020E9F7A5FF00F063F8E9F7F1
:107C0000BAFD1AB070BC08BC184700006CD0004028
:107C1000AC60020060EA00404042030000002041E6
:107C2000484203000000C84250420300584203008B
:107C300000B599B08023F0229E210020E9F7ECFEE8
:107C400000210020E9F77EFF0120E9F76EFF022105
:107C50000220E9F76DFF0020E9F764FF8020400271
:107C6000E9F7D0FE1948E9F771FFFC208003E9F736
:107C7000AEFF0120EBF764F8E9F70FFF6F480068EB
:107C800003F0CAF802000B006DA1684602F036FF4F
:107C9000FA20E9F7E5FE6846E9F7A2FDE9F76CFF8F
:107CA000C8494A6A002A01D0022200E0012250435A
:107CB000C9684018EBF74EF80020EBF741F819B00F
:107CC00008BC1847C0487047CB4870475C4C02005E
:107CD0000000E03F60420300E0B589481D49098982
:107CE0000160012102918749019187490091874BE9
:107CF000FA22D2000168C148ECF7EFFC0020C04333
:107D000003B008BC18471FB5002803D18048F7F717
:107D10007CFE17E07F4C804805F0C4FC9421C9002C
:107D200060507E4820180B49897A01600121029138
:107D30008C4901918C4900910C2301220168B048C3
:107D4000ECF7CBFC1FBC08BC184700006370730045
:107D5000003F3F00B8EC00400050C3477FB500280B
:107D600003D16B48F7F751FE43E06A4E6B48341875
:107D7000694805F097FC20609520C00035189348AD
:107D8000C07A2860206802280ED02068082801DB0D
:107D9000012600E000262068022102F0B7FD360629
:107DA000360E4E401E3618E09420C000341820686D
:107DB000C821490002F0AAFD00290BD02068042147
:107DC00002F0A4FD002907D12068192102F09EFDD0
:107DD000002901D01D2600E01C26012002908948C0
:107DE0000190894800903300012229689148ECF7FE
:107DF00074FC7FBC08BC18471FB5002803D1444859
:107E0000F7F703FE17E0434C434805F04BFC952180
:107E1000C9006050884820186C4909790160012127
:107E20000291864901917849009106230022016858
:107E30008348ECF752FC1FBC08BC1847C0950040B3
:107E40002566000078B58FB0002803D13048F7F7D9
:107E5000DCFD50E02F4C304805F024FC76496050A2
:107E600003A878493022EFF71DFA9620C0002518A4
:107E700000202860012007E0296803AA0423434367
:107E8000D25889182960401C244961180A68904218
:107E9000F2DB28689522D200A25880182860086872
:107EA000032817DB9420C000261830788007800F45
:107EB00000280FD13068642102F028FD002906D186
:107EC0003068C821490002F021FD002902D128684C
:107ED000401C28605C4820183C49097B0160012156
:107EE00002915A4901915A490091172300220168D1
:107EF0005848ECF7F2FB10B070BC08BC1847000003
:107F00000CD50040077D0100C0420300B80B000003
:107F1000E04503006CD00040C0E90040A40400002C
:107F20001FB5002803D14C48F7F76FFD17E04B4C05
:107F30004B4805F0B7FB444960509720C00020181B
:107F40002249497B0160012102914649019146493C
:107F500000913B23002201684448ECF7BEFB1FBCA4
:107F600008BC18475D7D01000843030038B584B0A4
:107F700000281ED0394D9720C0002C18384805F035
:107F800091FB20609420C00028580390384828585E
:107F900002909620C0002858019027482858009049
:107FA0009520C0002B5828482A5821681E20E8F741
:107FB000C5FF2948F7F729FD05B030BC08BC1847B4
:107FC0002C48704730CB004068420300B8EC0040BA
:107FD00080B5294801002C31C26A521C0A60C26A6D
:107FE000042A01DB00220A60C26A24492448F3F70C
:107FF0000DFE00200ABC1847804203009042030097
:10800000D4420300F97D01007043030000B51A4813
:10801000C06A012806D009D3032801D004D305E0A3
:10802000184804E0184802E0184800E0184808BC66
:108030001847000020430300AC040000457E010007
:108040008443030004440300B4040000217F0100C2
:108050006444030034440300E04503006CD0004056
:10806000C0E900406D7F0100B04403007844030084
:10807000A4040000CC440300E4EB004010450300DE
:108080000445030018450300384503005845030024
:1080900074450300B948704700B5A1480078052829
:1080A00001D1A04800E0B64808BC184700B59C487C
:1080B0000178032904D00078062801D0002000E0D0
:1080C000B04808BC184700B595480178032904D189
:1080D0004168002901D0AC4808E00178062902D0A7
:1080E0000078052801D1B94800E0002008BC1847F5
:1080F0000020704780B58A4800214160A34AF323DD
:108100009B00D358002B03D0B14BD258002A02D188
:108110000722027001E003220270816000214162A7
:1081200081614161C16100F002F809BC184710B5D6
:108130007B4CA068002806D0A648F0F731FB02F07F
:10814000A1FE206205E0A448F0F72AFB02F09AFEA7
:10815000206210BC08BC184780B5FFF7CBFFF5F7CD
:1081600005FAF5F717F9F5F74BF9FA208000F7F75C
:1081700005FFF7F766FC01200ABC1847F8B5002494
:108180002000964ED92080003018F4F7AAFD002870
:1081900001D1012067E0624D6868002809D1012003
:1081A0006860D82080003058A862F7F772FCF7F7B3
:1081B00009FEFA2000013018F4F793FD002801D1E0
:1081C000012050E02878002850D0012804D002284F
:1081D00067D0042868D084E081480068E968884254
:1081E00038D380480088062834DBF0F7C9FE002821
:1081F00002D1062028702DE07B4FE868FA21890023
:108200004018386000F052FA002821D174480090DC
:1082100000980068754988421CD3D8208000321825
:108220001068002105F07AFA0FD000201060F4F7F2
:108230004BFF00980460FA20C00038606C48FCF7DF
:1082400049FEF5F793F92C7004E00620287001E050
:1082500002202870F5F79EF8F5F7D2F8F7F719FC29
:10826000F7F7B0FD0120F2BC08BC18474749614848
:1082700008180268EB689A4212D35F4A895A0629A5
:108280000EDB0021E9616962296101212970046026
:10829000FA20C000E8605648FCF71CFEF5F766F9C6
:1082A000D8E700F0B5F9D5E7D8208000321810687B
:1082B000002103F0B9F911D210688B21C90502F031
:1082C0004FFD0BD2FA20C000E860454804604848E2
:1082D000FCF700FEF5F74AF92C7001E00620287043
:1082E000B8E70120BFE780B5C848F7F78EFB01204B
:1082F0000ABC184780B5F5F739F9D04881680029DC
:1083000001D1012100E000210906090E8160FFF77B
:108310000EFFF7F757FDF7F7BCFB01200ABC184723
:108320008CEC0040E446030070B5344C2078C01E4D
:1083300002D0801E01281CD80025E561FFF7F7FE5A
:10834000206AF4F7FBFEFA20C000E0600026244813
:1083500006602B480560F4F7B7FE26702448FCF74A
:10836000B9FDF5F703F9F5F715F8F5F749F8F7F75B
:1083700029FD012070BC08BC18470000C846030056
:10838000FC4603001847030048470300AC53004075
:10839000012070470120704780B500F037F80120B8
:1083A0000ABC184780B51548017805290AD001781C
:1083B000032907D04168002904D0806AA0490860D9
:1083C000F4F782FE01200ABC184700006047030052
:1083D000D80B000096020000B60500003092004065
:1083E000DC7F0040D86F004098EC00403175000001
:1083F00020FD0000302C00002C1C00008CEC004004
:10840000909500400120704700207047F0B599B06A
:108410001023F02235210020E9F7FEFA0021002088
:10842000E9F790FB0120E9F780FB01210120E9F742
:108430007FFB0020E9F776FB824F3800E9F7E2FA8C
:108440008148E9F783FB0120EAF77AFCE9F725FB8D
:108450007E48E9F7BCFB7E48E9F78DF97DA5280049
:10846000E9F7BEF97C4E3000E9F7B1FB734C207898
:1084700000284BD0022850D041D3042846D005D341
:1084800006285CD050D3072864D06DE0A06800288F
:1084900017D07248E9F76FF980204002E9F7B2FA85
:1084A000FC208003E9F793FB6D48E9F764F930009D
:1084B000E9F78DFB6B48E9F75EF93800E9F7A2FAB6
:1084C00013E06948E9F757F980204002E9F79AFA82
:1084D000FC208003E9F77BFB6448E9F74CF93000A6
:1084E000E9F775FB3800E9F78DFA2800E9F778F924
:1084F0005F48E9F740F92800E9F772F934E05D4890
:10850000E9F739F92800E9F76BF92DE05A48E9F75E
:1085100032F92800E9F764F926E05848E9F72BF921
:108520002800E9F75DF91FE0FC208001E9F74FFB27
:108530005348E9F720F92800E9F752F914E0FC2044
:108540008003E9F744FB4F48E9F715F92800E9F7FC
:1085500047F909E0FC208003E9F739FB4A48E9F7CD
:108560000AF92800E9F73CF92078072841D0802053
:108570004002E9F747FA2800E9F732F94348E9F7FA
:10858000FAF84348026843A1684602F0B7FA684621
:10859000E9F726F94048E9F7EEF8404D206A02F085
:1085A0003BFC02000B002900684602F0A7FA68466F
:1085B000E9F716F93A48E9F7DEF8E06902F02CFC31
:1085C00002000B002900684602F098FA6846E9F7B5
:1085D00007F93448E9F7CFF81948006802F01CFCA5
:1085E00002000B003049684602F088FA6846E9F755
:1085F000F7F83800E9F706FAEAF7ACFB0020EAF7EB
:108600009FFB19B0F0BC08BC18470000E045030010
:1086100010B5D64C6069A16903F006F802D80520B0
:10862000207008E0E069F4F76DFDF4F7ABFFF4F7B4
:108630009DFF0420207010BC08BC18478CEC004043
:1086400090950040010001005C4C020000203F00BA
:108650007C4703000D000000003F3F00B4470300CB
:10866000E0470300F8470300AC480300FC48030060
:108670003C4903000C4A0300604A0300B04A03006F
:10868000F04A03001C4B0300484C0300B84C0300A5
:10869000DC7F004025750D00DC4C03001C4D030001
:1086A000244D0300584D03008C4D0300F0B589B0F4
:1086B000AE4D286A02F0B0FB0022AD4B03F028FE5D
:1086C00003F0FAFD0400286A8021C90503F062FA6C
:1086D00003F01AFF69460883A6482100090409141B
:1086E00004224A438018466D002E00D500260896C5
:1086F00000206946488200206946088200206946B9
:108700008883684644830027002068622861686186
:10871000A8611BE020006A461821515E0004001485
:1087200088422FDB059808906846448200206946FD
:10873000088238000006000E002802D168464483F3
:10874000012768466946428B8A83059E20006A4657
:108750001821515E00040014884200DA00E1641E12
:10876000844821000904091404224A438018406DFA
:1087700005900598002801D50020059008980599D6
:108780008842C7DB002E14D00598301A03F0DEFEB5
:108790004900490802F0FCFA0090300002F072FB38
:1087A0000100009803F0F6F9924902F0D9FA00D2DC
:1087B00005960598864220DA20006A461821515E07
:1087C00000040014884218DB38000006000E002860
:1087D00009D168464483012769461220085E0028B3
:1087E00001D10020089069461020085E0028ACD115
:1087F0002000401C69460882A7E70598B04200DACD
:1088000000270598002807D020006A461821515EED
:1088100000040014884298DA69461020085E002897
:1088200003D12000401C6946088269461220085E78
:1088300001288ADB69461C20085E012885DB089830
:1088400002F020FB02F0E8FA0090019149486A46E4
:108850001221515E04224A4380186749405803F0B0
:1088600075FE03F053FC02000B000098019902F022
:10887000F3FE02F08DFA614E310002F0D5FE00D910
:1088800063E7686269461220085E02F0FBFAE8615D
:108890005B4828612869310003F05EFA2861286985
:1088A00002F0BAFA02900391E86902F0B5FA00907A
:1088B0000191E86902F0B0FA03F028FC009A019BEC
:1088C00003F026FD02000B000298039902F0C4FE9B
:1088D00002F05EFA286128694A4902F0A5FE01D833
:1088E000494828612E0014364848696A03F052F955
:1088F00030604749686902F033FA01D2316006E01E
:108900006869444902F090FE01D8434830600898F5
:1089100002F0B8FA020069461C20095E6B4610207E
:10892000185E00F029F8E869296A03F033F902F0CB
:1089300073FA02000B000020384903F029F84900BF
:10894000490802F025FAA861686A296902F06CFEFC
:1089500004D9E8683249884200D2F6E6012000E0F6
:10896000002009B0F0BC08BC184700008CEC0040A7
:108970000000F83F04000040F2B5060000252C007E
:1089800011E02000390003F045FF0400300000042E
:10899000001402F077FA390003F0DEF9290003F041
:1089A00039FF0500761C69460020085E3100090485
:1089B000091488420FDB1B48310009040914042202
:1089C0004A438018406D02F05DFA0700380000212C
:1089D00002F02AFED5D32000002104F09FFE05D02E
:1089E0002800210003F0D6F80F49C861F1BC08BC8B
:1089F000184700000BD7233C5420000000006040C3
:108A000000E02B4601002042000020423108AC3C2F
:108A1000A69B443BA79BC43BA69BC43B0000F03FE6
:108A200031750000040000408CEC004010B50400DB
:108A300001F094FD200001F0BDFE01F099FD10BC95
:108A400008BC184700B501F089FD006801F090FDF1
:108A500008BC184738B5040001F080FD626A21683F
:108A6000E56A280001F0A6FE60682063207A3421C0
:108A70006054E068A0630020E06001F079FD31BC43
:108A800008BC1847BB487047BB487047BB48704795
:108A900000B59248C068002801D0B94800E0B94844
:108AA00008BC1847002070478C48002101604160D5
:108AB0000121C160B449B54A8A5882600020F5227C
:108AC00092008850704780B5FF204E30F7F756FA75
:108AD000FFF7EAFFF4F7E8FCF6F7B3FF01200ABC62
:108AE0001847F8B57D4C606803F0E0FA02F094F99D
:108AF0000022A74B02F0B0FD02F04AF90100A548A0
:108B0000006803F029F905002800002104F006FEA2
:108B100027D0206803F0CAFA290003F0C3F902F055
:108B20007BF906000F00280002F076F903F0EEFA58
:108B300002000B003000390002F08EFD02F028F92F
:108B4000002102F071FD0CD2A16802F06DFD08D881
:108B500080208001CF490860FA2189003220FBF78C
:108B600011FCF1BC08BC184710B55C4CE06800284B
:108B70000BD0F4F71FFCFFF7B4FF60680321E8F7A0
:108B800083FD002901D1F6F784FF012010BC08BC49
:108B9000184780B5E048F6F738FF01200ABC1847AF
:108BA00080B5DE48F6F731FF01200ABC184780B5D2
:108BB0004A48C168002905D00021C160F7F702F9D1
:108BC000012006E0F4F770FCFFF76EFFF6F739FFBF
:108BD00001200ABC1847012070470120704780B56A
:108BE00000F07EF801200ABC1847012070470120E0
:108BF00070470020704710B5A748E8F7E8FF00204D
:108C0000E8F793FF01210120E8F792FF0020E8F741
:108C100089FFA248E8F79AFFA148E8F7F3FE10237E
:108C2000F02235210020E8F7F7FE00210020E8F7C8
:108C300089FF4620E8F714FFB948E8F79CFD802437
:108C4000A4012300EF2267210020EAF71AFF102376
:108C5000F02269210020E8F7DFFE00210020E8F77C
:108C600071FFFA20E8F7FCFEAE48E8F784FD230028
:108C7000EF229B210020EAF704FF1023F0229D2120
:108C80000020E8F7C9FE00210020E8F75BFFC820BC
:108C9000E8F7E6FEA448E8F76EFD2300EF22CF21B7
:108CA0000020EAF7EEFE1023F022D1210020E8F7A1
:108CB000B3FE00210020E8F745FF3220E8F7D0FEA0
:108CC000B948E8F758FD2300EF22FF21091D0020D5
:108CD000EAF7D7FE10BC08BC1847000010ED0040B2
:108CE00080B5FFF788FF00F021F900F0DBF800F015
:108CF00053F800F061F900F002F809BC184700B51C
:108D000085B06548E8F763FF1023F022862149000B
:108D10000020E8F781FE00210020E8F713FF002083
:108D2000E8F703FF01210120E8F702FF0020E8F740
:108D3000F9FE80204002E8F765FE5848E8F706FF94
:108D4000C820E8F78DFE9948E8F715FD114800683E
:108D500002F062F802000B009549684601F0CEFE71
:108D60006846E8F73DFDBEA0E8F73AFD05B008BC4F
:108D700018470000D84D0300E84D0300004E0300E3
:108D8000104E0300244E03006CD000406404000029
:108D900000000840A0950040D8B585B08548E8F7A8
:108DA00016FF2023F022AE210020E8F735FE002137
:108DB0000020E8F7C7FE0020E8F7B7FE01210120F8
:108DC000E8F7B6FE0020E8F7ADFE80204002E8F7A5
:108DD00019FEA448E8F7BAFEA34C606800281CD02E
:108DE000206803F063F902F017F806000F006068CE
:108DF00003F05CF902F010F800229C4B02F02CFC0E
:108E000002000B003000390002F026FC02000B00CB
:108E10009749684601F072FE03E096A1684603F0A8
:108E2000E7FBC820E8F71CFE6846E8F7D9FC1021EC
:108E3000B420E8F787FE1948E8F788FE88A0E8F72D
:108E4000CFFC0021B420E8F77DFEC820216800296E
:108E500010D0206803F03EFD03F058F902000B002B
:108E60000020854902F0F8FB0022844B03F018FC37
:108E700003F0F6FB002800D101200200804968467B
:108E800001F03CFE6846E8F7ABFC06B0D0BC08BC7D
:108E90001847000098C0FF3F00203F005C4C0200D4
:108EA0000200010000B585B04248E8F790FE20239B
:108EB000F0227A210020E8F7AFFD00210020E8F73A
:108EC00041FE0020E8F731FE01210120E8F730FEE5
:108ED0000020E8F727FE80204002E8F793FD614874
:108EE000E8F734FE6048026866A1684601F006FEB5
:108EF000C820E8F7B5FD6846E8F772FC1021B420F9
:108F0000E8F720FE6048E8F721FE60A0E8F768FC7B
:108F100005B008BC18470000E0450300240A030020
:108F20003C4E0300584E0300804E030000B585B050
:108F30002048E8F74CFE2023F02246210020E8F7E5
:108F40006BFD00210020E8F7FDFD0020E8F7EDFDB6
:108F500001210120E8F7ECFD0020E8F7E3FD802087
:108F60004002E8F74FFD3F48E8F7F0FD3E48406813
:108F70000321E8F789FB020042A1684601F0BEFD2B
:108F8000FA20E8F76DFD6846E8F72AFC1021B420C6
:108F9000E8F7D8FD3C48E8F7D9FD3DA0E8F720FC0C
:108FA00005B008BC18470000D04E0300EC4E03008B
:108FB0001C4F0300003F3F0018B585B03548E8F767
:108FC00006FE2023F022E2210020E8F725FD002103
:108FD0000020E8F7B7FD0020E8F7A7FD01210120F8
:108FE000E8F7A6FD0020E8F79DFD80204002E8F7A5
:108FF00009FD1C48E8F7AAFD274A1068FE218905EB
:1090000001F0AEFE01D2254C0CE0254901F0A8FE8E
:1090100001D2244C06E0244901F0A2FE01D2144CF6
:1090200000E0224C106801F0F7FE02000B00210066
:10903000684601F063FD6420E8F712FD6846E8F732
:10904000CFFB1021B420E8F77DFD0F48E8F77EFD47
:10905000FEF73AFEE8F78FFB06B010BC08BC1847D5
:1090600063707300AC60020010ED00400000084027
:10907000244F03002D000000000069400000E03F85
:109080002C4F0300257500005C4C0200636E7400D9
:1090900073000000003F3F0040D40040344F030005
:1090A000000020413C4F03000000C842444F030031
:1090B0000348002101604160012181607047000088
:1090C00020ED004010402DE98C459FE5400CD4E593
:1090D000000050E31300000A0000A0E33C0C84E50C
:1090E000400CC4E50F0000EA0010A0E3802B9FE5D0
:1090F000541C82E5501C82E5E014A0E37C1A81E355
:109100000000C1E56C0B9FE5041090E5011091E2B1
:10911000041080E520069FE5001090E5011091E223
:10912000001080E59D9EFFEB4C0B9FE50010D0E505
:10913000010011E30500001A8E12A0E3C01C81E3B8
:10914000001091E50C1011E20C0051E35400001ADC
:10915000E004A0E3C00C80E30000D0E57C1C94E5B3
:10916000000051E3DFFFFF1A3C1C94E55C2C94E502
:10917000020051E11E00002A3C1C94E5000051E36E
:109180000A00001A3C1C94E5000051E31A00001A82
:109190000010B0E1FF1011E2010051E30300000AEA
:1091A0000010B0E1FF1011E2020051E31200001ABA
:1091B00084159FE5002091E5012092E2002081E5E1
:1091C0003C1C94E5012091E23C2C84E5382C94E58C
:1091D0000100C2E73C0C94E5040050E30600003AAD
:1091E0003800A0E3C00E80E3000094E0B49BFFEBE6
:1091F000010000EA0300A0E3400CC4E5400CD4E504
:10920000040050E30200001A0000A0E33C0C84E5D7
:10921000400CC4E53C0C94E5020050E3C1FFFF3A6A
:10922000400CD4E5000050E3BEFFFF0A3C0C94E57F
:10923000010050E23C0C84E53C2C94E5380C94E5AC
:10924000011090E2380C94E5250600EB380C94E50B
:109250000000D0E5010050E30700000A380C94E557
:109260000000D0E5020050E30300000A3C0C94E546
:10927000020050E3ECFFFF2AAAFFFFEA0000A0E390
:10928000400CC4E53C0C94E5040050E30300003AB4
:109290003800A0E3C00E80E3000094E0889BFFEB61
:1092A000A0FFFFEA0010D0E5200011E31200000A41
:1092B0004C1C94E5502C94E5020051E10C00002A6E
:1092C00074149FE5042091E5012092E2042081E5D9
:1092D0004C1C94E5012091E24C2C84E5482C94E54B
:1092E0000110D2E7E024A0E3C02C82E30010C2E525
:1092F000010000EA0110A0E3541C84E50000D0E561
:109300000E0010E30100000A0200A0E3400CC4E5D7
:109310001040BDE81EFF2FE170B5040004252800B1
:10932000616822681278022A2ED122685278512A66
:109330000AD025D3532A0BD008D3552A1DD01AD3CF
:10934000572A1CD017D31BE0001D4BE0083049E022
:109350002268127A23685B7A0A290AD31206120E4F
:109360008026760072431B061B0ED2180832801826
:1093700000E0FF2036E0133034E0801C32E031E0C2
:109380000020022222722DE022681278012A27D1C1
:1093900022685278921E042A14D9521F19D0521EE4
:1093A00010D0521E022A0FD9D21E012A12D9121F22
:1093B0000AD0521E0DD0521E012A05D92E3A012A7A
:1093C00007D909E0001D0DE022689278521C801830
:1093D00008E007E0801C05E000200222227201E084
:1093E00002222272884209D1206800F01DFA00286A
:1093F00001D1257206E00120E06003E0884201D23D
:109400000220207270BC08BC184738B50100012941
:1094100005DB924CC62000012058884207D2984BA9
:109420009422520097499848E8F736F929E001F06C
:1094300095F800259548255095482058002803D0D8
:10944000C5200001215006E09248205800F0BFF9E5
:10945000C5210901605001208F4960508F48255077
:109460002800C421090160548D482550894820589E
:1094700000788C490870B1484168491C416001F08E
:1094800077F831BC08BC184710B5744C86482018D2
:10949000FFF7E0FAC72000012058002806D000F0AE
:1094A00008F8012020600020C549086010BC08BCF5
:1094B00018477CB5694C7D48251828680078012834
:1094C00047D128684078092843D0286840780A287E
:1094D0003FD02868407811283BD02868407802287F
:1094E00037D028684078082807D128688078002875
:1094F00003D12868C07801282BD028684078042838
:1095000008D128688078002804D12868C0781E38DF
:109510000A281ED30026F6430196009601A9684644
:10952000F3F708FB0098B04209D085482018854918
:1095300009680268914202D30168002900D14FE016
:1095400002212A6811700168891E2868F3F7ACFAB5
:1095500046E028680078022828D028684078092842
:1095600024D0286840780A2820D02868407811281C
:109570001CD028684078022818D02868407808282D
:1095800007D128688078002803D12868C07801288E
:109590000CD028684078042822D1286880780028D8
:1095A0001ED12868C0781E380A2819D23E482018D3
:1095B00000F098F9C520000120180168022908D39D
:1095C0000168C6221201A258914202D20068FFF738
:1095D0001CFFB84820180168012901D10021016051
:1095E00073BC08BC1847F8B5A449AE2080000C181D
:1095F0002068022806D31948C6221201825823681F
:109600009A4200D221E0AD229200891801252A0059
:109610000B681A702268921E09681E4BC6183768BC
:10962000380001F0C7F830684078052809D1306863
:10963000C078222805D130680079FF2801D19E48E2
:10964000C5672068801EFFF7E0FEF1BC08BC184724
:109650009A4801684160002101607047B0BE004037
:109660000120974908609748832101700521002255
:10967000954B1A600B4A117003210170704700006E
:10968000D04F0300904F0300A44F0300540C000080
:109690007C0C0000480C00004C0C00003C0C00004E
:1096A000440C000000C000E0380C0000640C000016
:1096B000F0B582488549020008320A60844A854B29
:1096C000C31813608323DB00C318834C0351822427
:1096D000E400824BC450C6231B01C3181C60002445
:1096E0007F4D445104604460250004E026007A4F19
:1096F000C7597E556D1C1E68B542F7D3230006E09E
:1097000025000E68F55425001668F5545B1C734D52
:109710004559AB42F4D3A94944502100C422120157
:109720008154A7494450A7494450C52109014450D8
:10973000A5494450F0BC08BC1847000020ED00408B
:10974000680C0000E094004070B5E12149029F4898
:1097500002680823134303603020C0439C4B1A68FF
:109760000240102414431C60C022D2431C681440E1
:10977000402525431D60974B1C68204018601868E1
:1097800002401A60504C002525604E4E83203070F8
:109790009148E7F779FF00092560BF490870032069
:1097A0003070012101430220084304210143C020FD
:1097B0000843BA4908600720206070BC08BC1847FD
:1097C000B4E9004080B5FFF7BFFF09BC184770B58A
:1097D00004000E00B248002506E001000904090C4F
:1097E000605D00F04DF86D1CB542F6DB010061557F
:1097F0006D1C0004000C000A60556D1C280070BC34
:1098000008BC184710B5020008000021012302E03F
:10981000D45C09195B1C052BFADB5171032111542F
:10982000401C10BC08BC1847F8B504000F009C4849
:109830000026350006E001000904090C605D00F017
:109840001FF86D1CB91E8D42F5DBE119491E097820
:10985000E219921E12780004000C0906090E090292
:109860001206120E0A43904201D1012000E030009E
:109870000006000EF2BC08BC184700003092004001
:1098800002B469460988090A484069460988854A38
:1098900003001B061B0ED25C4A4069464A706946AB
:1098A000814A0006000E105C08706846008801B00E
:1098B00070470000740C000060EA0040B0BE004039
:1098C0002CCB00400CC000E004C000E0E8CA00401F
:1098D00014CB004028080000480C00005C0C00007D
:1098E0007C0C000010B50400E06A00782169087063
:1098F000E06A407821694870E06A4078022818D010
:1099000004281AD008281CD009281ED00A2820D0E4
:10991000112822D0512824D0522826D0532828D0CC
:1099200054282AD055282CD056282ED0572830D04D
:1099300032E0200000F01BFD2EE0200000F06AFC69
:109940002AE0200000F058FD26E0200000F0AEF8EC
:1099500022E0200000F09CF91EE0200000F098FAC0
:109960001AE0200000F03AF816E0200000F0D2FAE9
:1099700012E0200000F046FB0EE0200000F09EFB0D
:109980000AE0200000F0CFFB06E0200000F0F4FB2E
:1099900002E0200000F01DFCE06A4078512803D16D
:1099A0000020B149086006E0E06A4078572802D1FB
:1099B0000120AD49086010BC08BC18473C0C0000F1
:1099C000440C00004C0C0000780C0000C4C01FE0E8
:1099D00000C002E040C002E000A08C00F8B5050025
:1099E000E86A80780002E96AC97808436946088015
:1099F000684600888021C900884204DB29000220D3
:109A000000F0AFFB45E0E86A00790602E86A4079B9
:109A1000064330000004000C212804D2300000046A
:109A2000000C002804D12900032000F09AFB30E04C
:109A3000002410E020228D49202358430818842157
:109A400049004118286920236343C018071D3800C6
:109A500000F0B0FE641C30000004000C84420CDAFC
:109A6000684600880019EBF70AFE81498842E1D177
:109A70002900042000F075FB0BE03604360C202092
:109A80007043010A2A69917001002A69D170001D92
:109A9000A861F1BC08BC184700C000E008C000E0A5
:109AA000FFFF00001052030010530300FEB5040036
:109AB000E06A8078062804D02100022000F051FBE3
:109AC000CEE0E06AC0780002E16A0979084369469D
:109AD0004880D0200001E16A49790902E26A92795E
:109AE0000A4302920299814204D32100022000F02D
:109AF00038FBB5E0E16AC9790D02E16A097A0D43E4
:109B000029000904090C5E4A91420BDA2900090474
:109B1000090C002906D002992A001204120C891897
:109B2000884204D22100032000F01BFB98E00026AD
:109B300010E002290DD16846008821698919C87092
:109B400007E00129F5D168460088000A21698919D2
:109B5000C870761C28000004000C864279DA02984E
:109B600080190321E7F790FD07000298801903216F
:109B7000E7F78AFD68464088424A90420DD180202E
:109B8000C000874209DA404802225743C019F62232
:109B90009200805A6A46108037E0684640883B4A07
:109BA00090420CD18020C000874208DA3648022259
:109BB0005743C019B34A805A6A46108025E0684668
:109BC0004088B14A90420CD18020C000874208DA18
:109BD0002D4802225743C019AC4A805A6A46108069
:109BE00013E068464088C94A904209D1132F07DA2A
:109BF000254804225743C019C54A8058019004E003
:109C0000002002006B461A80019068464088BF4AD7
:109C1000904216D1002905D10198000C21698919BB
:109C2000C87096E7012905D10198000A21698919B0
:109C3000C8708EE702298CD1019821698919C870F2
:109C400087E7002900D07CE7002021698919C870C6
:109C50007FE72800216988702D042D0CED1CA5617B
:109C6000F7BC08BC1847000028CB0040CCD9004006
:109C700005400080D8B100402CED004014C000E049
:109C80000104000033080000AC530040310800001C
:109C9000F8B50400E06AC0780602E06A007906437D
:109CA000E06A40790502E06A80790543E06AC0799C
:109CB0000002E16A097A084369460880E06A807810
:109CC00069460988891D884204D02100022000F0DD
:109CD00048FAD3E068460288D21DE06A811C2069F8
:109CE000871C380000F066FD684600880930A061D6
:109CF0003604360C8548361A02D0761E3FD0B9E0BD
:109D00002D042D0C002D39D10020010020E003226C
:109D10004A43E36A15002D042D0C5B195B7A1B0482
:109D2000E56A16003604360CAD19AD7A2D021D43D6
:109D3000E36A1204120C9A18D27A2A43AF4B0D0030
:109D40002D042D0C04266E439B19714D5A51491C4C
:109D50000A001204120C132AD9DB0BE0A7490422D3
:109D600042438A186A4BD25804234343C918A44B70
:109D7000CA50401C1328F1DBFCF77FFB7EE0280073
:109D80000004000C032100F0C1FD00210A0000E0E6
:109D9000D21C13006E4636881B041B0CB3421FD224
:109DA000E36A16003604360C9B199B7A1F02E36A9D
:109DB00016003604360C9B19DB7A1F438F4EB446CF
:109DC00006003604360C022373436646F6182F4B02
:109DD000F752401C03001B041B0CB34EB342D7DBED
:109DE0002800B24A12880004000C904200D10800FA
:109DF000C32000012D042D0C85423AD108000BE050
:109E00007E4A02234343D318204C1B5B0424444363
:109E100012197B4C1351401C8022D2009042EFDB80
:109E200008001CE0754B0C002404240C022565433B
:109E30005C19164D645B0D002D042D0C02266E433B
:109E40009D199B4EAD5BAC4208D004002404240C49
:109E5000022565435B19974C1953401C491C0B00A4
:109E60001B041B0C9342DDDBFCF707FB012092492E
:109E7000086003E02100022000F073F9F1BC08BC87
:109E800018470000DC0B00002F0800002814000019
:109E900010B4122102699170BC210269D1700021B5
:109EA00002691171DA4A13681B0E04696371136841
:109EB0001B0C0469A37113681B0A0469E37112681F
:109EC00003691A72042203695A72026991720C22A0
:109ED0000369DA72026911730B2203695A7302690A
:109EE000917301220369DA732C2203691A740269DF
:109EF0005174642203699A740269D1744021026921
:109F000011751521816110BC704700002E080000FA
:109F1000DC13000038B50400E06A80780502E06ACE
:109F2000C078054328000004000C8021C900884245
:109F300004DB2100022000F014F95BE02D042D0C5D
:109F40006D1C2800ECF7B2FA002804D12100022091
:109F500000F007F94EE02800EBF78FFFE16A09797E
:109F60000906E26A527912040A43E16A8979090210
:109F70001143E26AD2790A4300920099814204D3E4
:109F80002100022000F0EDF834E0E16A097A0B02CA
:109F9000E16A497A0B4319000904090C424A9142CB
:109FA0000BDA19000904090C002906D000991A00DF
:109FB0001204120C8918884204D22100032000F0F8
:109FC000D0F817E01B041B0C2069021D694628000D
:109FD000EBF772FFD149884204D12100042000F040
:109FE000C0F807E0010A2269917001002269D1706E
:109FF000001DA06131BC08BC18470000AC530040F4
:10A00000301C00001CB50400E06A80780002E16AA0
:10A01000C978084301000904090C8022D20091424A
:10A0200004DB2100022000F09CF839E00004000C61
:10A03000401CE16A09790906E26A527912040A436E
:10A04000E16A897909021143E26AD2790A430092EE
:10A05000E16A097A0B02E16A497A0B4319000904A3
:10A06000090C114A914204DA19000904090C00296B
:10A0700004D12100032000F074F811E01B041B0C34
:10A08000E16A0A000A326946ECF774F8A34988428B
:10A0900004D12100042000F064F801E00220A06156
:10A0A00013BC08BC18470000010400000000004079
:10A0B0002A1400004C3E000024CB004078B585B047
:10A0C0000400102100252A0001AE300000F0DEFB64
:10A0D0001022E06A811C01A800F098FD03212A00EB
:10A0E0006D46280000F0D2FB0322E06A0100123125
:10A0F000684600F08BFD0022010001A8EBF750FD3F
:10A10000002804D12100042000F02BF807E0401EB5
:10A11000010A226991702169C8700420A06106B00B
:10A1200070BC08BC184710B50400E06A80780002D3
:10A13000E16AC978084301000904090C8022D200B1
:10A14000914204DB2100022000F00BF806E000043D
:10A15000000C401CEBF7BCFC0220A06110BC08BC4A
:10A1600018470A695278802313430A6953700A69B1
:10A17000907003208861704778B585B00400102185
:10A1800000252A0001AE300000F080FB1022E06ABA
:10A19000811C01A800F03AFD03212A006D46280029
:10A1A00000F074FB0322E06A01001231684600F0FF
:10A1B0002DFD010001A8EBF739FC401E010A2269C0
:10A1C00091702169C8700420A06106B070BC08BC01
:10A1D00018471FB5040001A885490CC90CC00839EF
:10A1E0000838684683490A680260694601A8EBF7A7
:10A1F0001DFC002804D121000320FFF7B2FF03E07B
:10A20000D24908600220A0611FBC08BC18470000AA
:10A21000F0E7004070B50600F06AC578F06A44794E
:10A2200002206043316988700320B06117E000218B
:10A230003069B269801800F082F80BE0B548016A15
:10A240003069B269801800F06BF8B069801CB061A9
:10A250006D1C641EB069801CB0616D1C641E200002
:10A260000006000E002856D028000006000E1E280A
:10A2700014D0DCD320281ED00AD3222828D007D31C
:10A28000242832D004D32628D8D001D32728CED1F1
:10A2900031000220FFF765FF0024DBE79D48C1681D
:10A2A0003069B269801800F053F8B069801CB06161
:10A2B0006D1C641ECEE7974881693069B2698018C9
:10A2C00000F02EF8B069801CB0616D1C641EC1E7FF
:10A2D0009048016A3069B269801800F021F8B069CD
:10A2E000801CB0616D1C641EB4E78A48C06900F030
:10A2F00093FD97A20CCA02F00BF800F049FD010093
:10A300003069B269801800F00BF8B069801CB06148
:10A310006D1C641E9EE770BC08BC18470540008099
:10A3200002B46946C9780170694689784170694606
:10A330004978817069460978C17001B0704702B4EC
:10A3400069464978017069460978417001B07047E3
:10A3500002B46946C97801706946897841706946D6
:10A360004978817069460978C17001B0704730B58D
:10A37000C16AC978C26A5279FE241C40FD25254075
:10A38000FB232B40644C2468002C01D0012400E006
:10A390000024F7251D40E300082423402B435D4C97
:10A3A000A46A002C01D0012400E00024EF251D4008
:10A3B0002301102423402B43DF241C40BF232340D0
:10A3C0000469E3700369DB781B061B0ECB4001694F
:10A3D000CB700169C9780F230424A21A13410B40E2
:10A3E0000169CB700421816130BC08BC18470000B2
:10A3F000EC4F0300F44F0300F8B5FFB087B007003F
:10A400000024200039698870012528003969C87046
:10A410002000396908712000396948710620B86147
:10A420003E480068FEF7F1FF20000BE03C490422A3
:10A4300042438A183B4BD25804234343C9183A4B32
:10A44000CA50401C1528F1DB354E280037497052A0
:10A45000012137A0FBF716FA00281CD13548056208
:10A46000FA208000F7F712FB0A20E7F7F9FA00213B
:10A470000020E7F767FB63A82F498C22ECF712FF57
:10A4800063A8E7F77FF943A82C498022ECF70AFF7D
:10A4900043A8E7F777F920000AE002214143711849
:10A4A000274A895A04224243B2181F4BD150401CFC
:10A4B0008021C9008842F0DB28001C49705201212C
:10A4C00020A0FBF7DFF900281CD11A480562FA200A
:10A4D0008000F7F7DBFA0A20E7F7C2FA0021002034
:10A4E000E7F730FB20A818498C22ECF7DBFE20A808
:10A4F000E7F748F9684618498022ECF7D3FE68462A
:10A50000E7F740F9FBF7B9FFBC617FB008B0F0BCDA
:10A5100008BC184760EA0040FCD4004000CB004073
:10A52000AC530040DC130000301C00002C1C000069
:10A5300064726B00E4EB0040F84F030084500300AA
:10A54000281400006472770004510300ECDD004021
:10A550008DEDB5A0F7C6B03E905103007847C046D8
:10A5600000C00FE1C0C08CE30CF021E11EFF2FE121
:10A570007847C04600C00FE1C0C0CCE30CF021E139
:10A580001EFF2FE110B5774C6068002805D1764B8F
:10A59000332276497648E7F77FF8606810BC08BC3C
:10A5A000184774487047744870470020704700206F
:10A5B000704700206B4948608860C8600861FC22D1
:10A5C00092030A604861704780B5F5F73AFA0120B6
:10A5D0000ABC18470120704710B5624CE06800289B
:10A5E00005D1664B642266496148E7F755F8206952
:10A5F000F5F70BFA0120E16800F0DAF8012060615C
:10A60000012010BC08BC184710B5564CE068002863
:10A6100005D15A4B70225B495548E7F73DF8206950
:10A62000F5F7F3F90020E16800F0C2F8012060615D
:10A63000012010BC08BC184701207047012070475A
:10A640000120704780B500F009F801200ABC1847C6
:10A6500001207047012070470020704710B5414C21
:10A66000A068002805D1484B9C2248494048E7F79C
:10A6700013F82068E7F7ABFAEA23F022352100202F
:10A68000E7F7CAF900210020E7F75CFA0120E7F7B5
:10A690004CFA01210120E7F74BFA0020E7F742FAD4
:10A6A0003B48E7F7AFF93B48E7F750FA0A20E7F7EE
:10A6B000D7F9A068E7F75FF810BC08BC184738B5B1
:10A6C000284C0025656120606160A260E36032482B
:10A6D000006820613148F5F798F900F003F831BCC3
:10A6E00008BC184780B522E02D48006900280AD030
:10A6F000F7F7F8F92B4800681F2802D32A48F6F725
:10A70000E1FDE8F7B7FAF5F7D8FA2348016B00291D
:10A7100006D0816B002903D000218163F5F7E4FAAC
:10A72000F4F778F8002802D00020204908600D488E
:10A7300040690028D8D009BC184738B5094C002515
:10A74000656120606160A260E360144812490A6894
:10A75000824201D009682161F5F757F931BC08BC84
:10A7600018470000D4EC00405C5403001054030070
:10A77000285403007854030088540300AC540300A9
:10A7800098540300D054030000550300E454030020
:10A79000020001005C4C0200E4EB00405C55030049
:10A7A000B8EC0040A8E9004020550300B4E900409F
:10A7B000084700007847C046030011E30400000A80
:10A7C000012052E20130D1240130C024F9FFFF8A78
:10A7D0001EFF2FE1030010E31200001A102052E2C6
:10A7E0000500003A30002DE93810B1E8102052E29F
:10A7F0003810A0E8FBFFFF2A3000BDE8823EB0E140
:10A800000810B1280810A028043091440430804476
:10A81000822FB0E1B220D1200130D144B220C0203B
:10A820000130C0441EFF2FE1042052E21000003A24
:10A83000010010E30600001A043091E4042052E203
:10A84000B230C0E06338A0E1B230C0E0F9FFFF2AC7
:10A85000070000EA043091E4042052E20130C0E431
:10A860006334A0E1B230C0E06338A0E10130C0E45D
:10A87000F7FFFF2A04208232012052E20130D12466
:10A880000130C024FBFFFF8A1EFF2FE17847C0463E
:10A89000022CB0E1222482E1222882E1010080E042
:10A8A000033010E20400000A031051E01100003AE6
:10A8B000833FB0E101206045B22060210230A0E179
:10A8C00000402DE902C0A0E102E0A0E1101051E239
:10A8D0000C502029FCFFFF8A811EB0E10C002029CA
:10A8E000042020450111B0E1B22060210120604523
:10A8F0000040BDE81EFF2FE1031091E0012060152C
:10A90000020011E3012060151EFF2FE17847C046C9
:10A91000802411E200106142402032E00700000A6A
:10A9200004402DE900006022040000EB8220B0E129
:10A9300000106142000060220440BDE81EFF2FE1CC
:10A94000010050E1020051231800003A0030A0E35A
:10A95000200851E10118A09110308392200451E1A8
:10A960000114A09108308392200251E10112A091BC
:10A9700004308392200151E10111A09102308392B1
:10A98000A00051E18110A09101308392010050E0BC
:10A99000A110A0E1001061E20130D3E24A0000DA28
:10A9A000010090E00100403020C063E28CF18FE0B4
:10A9B000010011E1040D000A010050E10010A03176
:10A9C0000000A0330010A0231EFF2FE18000B1E0A3
:10A9D000010040308000B1E0010040308000B1E073
:10A9E000010040308000B1E0010040308000B1E063
:10A9F000010040308000B1E0010040308000B1E053
:10AA0000010040308000B1E0010040308000B1E042
:10AA1000010040308000B1E0010040308000B1E032
:10AA2000010040308000B1E0010040308000B1E022
:10AA3000010040308000B1E0010040308000B1E012
:10AA4000010040308000B1E0010040308000B1E002
:10AA5000010040308000B1E0010040308000B1E0F2
:10AA6000010040308000B1E0010040308000B1E0E2
:10AA7000010040308000B1E0010040308000B1E0D2
:10AA8000010040308000B1E0010040308000B1E0C2
:10AA9000010040308000B1E0010040308000B1E0B2
:10AAA000010040308000B1E0010040308000B1E0A2
:10AAB000010040303013A0E1110320E00000A0E0CD
:10AAC00002C0A0E31C0380E11EFF2FE1013093E2EE
:10AAD00001009030010040300010A0E10300A3E02D
:10AAE0001EFF2FE110402DE90040A0E1390500EBE9
:10AAF0000400A0E11040BDE81EFF2FE10CB418B522
:10AB000083B0040006A8029000200A00009001947F
:10AB100002AB01A9084878441E3004F017F8019AE6
:10AB200000211170002801D40198001B04B0019984
:10AB300010BC03B00847C046993200007847C046B1
:10AB4000003021E0030013E31100001A002FB0E1F0
:10AB50000500000A0120D0E40130D1E4010052E3F5
:10AB600003005221F8FFFF0A0E0000EA3CC09FE5F7
:10AB7000002090E5003091E5030052E10C304200E6
:10AB80000230C3018C0313010420B0050430B10569
:10AB9000F8FFFF0A0120D0E40130D1E4010052E3C4
:10ABA00003005221FAFFFF0A030052E01EFF2FE1CB
:10ABB000010101017847C046013080E2001FB0E189
:10ABC0000300000A0110D0E4000051E3FAFFFF1A6D
:10ABD0000A0000EA002090E528C09FE50C1052E032
:10ABE0000210D1E18C0311E10420B005FAFFFF0A45
:10ABF0000110D0E4000051E30110D014FCFFFF1A53
:10AC0000030050E01EFF2FE1010101017847C0461B
:10AC100001402DE9040052E30D00003A030011E366
:10AC20001800001A7CE09FE5003091E503C010E2B7
:10AC30000700001A042052E2AEC3432003C0CC2117
:10AC40000C001E21043080040430B105F8FFFF0A17
:10AC5000042092E2020012E10800000A0130D1E46F
:10AC6000012052E20130C0E4030013110130D1147D
:10AC7000FAFFFF1A0210B0E10020A0E306FFFF1B5D
:10AC80000140BDE81EFF2FE10130D1E4012052E276
:10AC90000130C0E4010053E3030011E3F9FFFF8A30
:10ACA000DFFFFF2AF2FFFFEA8080808000C09FE57F
:10ACB0001CFF2FE1DBDD010000C09FE51CFF2FE141
:10ACC0006DFB010000C09FE51CFF2FE169ED000056
:10ACD00000C09FE51CFF2FE1DFDD01000100A0E3C4
:10ACE000F1FFFFEB000050E30000000AF1FFFFEB73
:10ACF0000000A0E10000A0E30000A0E1F0FFFFEBF6
:10AD0000F2FFFFEB380C00EBFDFFFFEA7847C0468F
:10AD10000330D0E50220D0E50110D0E50000D0E5F9
:10AD2000032482E1010480E1020880E11EFF2FE19B
:10AD30007847C04600C0A0E1010011E301C0C11482
:10AD40002CC4A011B0C0C1E12CC8A0E102C0C11543
:10AD5000B2C0C1011EFF2FE1002800D5404270475C
:10AD60007847C04640C7A0E380007CE181007C9129
:10AD70001EFF2F8101C080E10C007CE10100002A50
:10AD8000010050E11EFF2FE1000051111EFF2FE1D5
:10AD90007847C046802401E2023051E0E01543E2EA
:10ADA000400951E3060000BAFF0651E31400002AEF
:10ADB000812182E18011B0E18014D1E2A00EA2E0F5
:10ADC0001EFF2FE1413AA0E1093063E2210053E385
:10ADD0000900002A8115A0E1A01A81E18005B0E1F7
:10ADE00001108113800481E320C063E2101CB0E1F4
:10ADF0008014D1E23003A2E01EFF2FE10200B0E197
:10AE00001EFF2FE10000E0E3200673E1200CA051BB
:10AE1000800B82511EFF2FE17847C046001080E072
:10AE2000211CB0E1FF0051130400000AC011A0E191
:10AE3000800EA0E17014C1E3E01581E21EFF2FE156
:10AE4000010011E10900001A801400E20004B0E1E1
:10AE50000500000AE01581E2000090E0401941E29F
:10AE6000FCFFFF5AA01581E0800AA0E11EFF2FE140
:10AE70008014B0E1701880038014E0130000B0E388
:10AE80001EFF2FE17847C046000050E39D10A0E36D
:10AE9000401F8143000070421EFF2F01400B50E312
:10AEA0000008A03110104132400750E30004A031E7
:10AEB00008104132400550E30002A0310410413235
:10AEC000400450E30001A03102104132800450E3FD
:10AED0008000A0310110413200CCB0E12004A0E19B
:10AEE00080C4DCE2810BA0E01EFF2FE100C09FE5E3
:10AEF0001CFF2FE1F5DF010000C09FE51CFF2FE1E3
:10AF00000DDE010000C09FE51CFF2FE119E10100EB
:10AF100078482DE90350A0E10240A0E18034C1E36C
:10AF20000020C0E3400953E30800002A00C0A0E36A
:10AF300000C08DE5000053E30100001A000052E359
:10AF40000C00000A0D20A0E1FD0C00EB090000EA56
:10AF5000FD60E0E370B4E0E3C06FC6E3FFB6CBE3AF
:10AF6000232A86E0C035A0E30B1001E0FE3683E320
:10AF700000208DE5031081E10420A0E10530A0E16F
:10AF8000E30400EB00E09DE581C0A0E1ACCAB0E1C4
:10AF90000C308EE00700000A000053E3050000DAE1
:10AFA000FFC0A0E370CE8CE30C0053E1000000BAB8
:10AFB000320000EA2B0000EA370000EA78482DE969
:10AFC0000350A0E10240A0E18034C1E30020C0E3CF
:10AFD000400953E30800002A00C0A0E300C08DE54B
:10AFE000000053E30100001A000052E30C00000AC5
:10AFF0000D20A0E1D20C00EB090000EAFD60E0E3C7
:10B0000070B4E0E3C06FC6E3FFB6CBE3232A86E06B
:10B01000C035A0E30B1001E0FE3683E300208DE590
:10B02000031081E10420A0E10530A0E18A0100EBDA
:10B0300000E09DE581C0A0E1ACCAB0E10C308EE03B
:10B040000700000A000053E3050000DAFFC0A0E398
:10B0500070CE8CE30C0053E1000000BA070000EA58
:10B06000000000EA0C0000EA7448BDE870C4E0E3A8
:10B07000FFC6CCE301C00CE0031A8CE11EFF2FE1F8
:10B080007448BDE80C3AA0E183C0A0E1800401E26D
:10B09000AC1080E10000A0E31EFF2FE10040C0E300
:10B0A0008054D1E30100001A000054E30100000ABB
:10B0B0000E20A0E1C20C00EB7448BDE81EFF2FE19A
:10B0C000F84C2DE900A0A0E101B0A0E10370A0E1DF
:10B0D000000052E38F00000A8014DBE30100001A35
:10B0E000000050E38B00000A8B30A0E10110A0E3C8
:10B0F000C31A91E00100001A0B06B0E18500000AB6
:10B10000C015A0E30000A0E3FF1681E3000052E3B6
:10B110001300005A004062E208629FE50F6086E07B
:10B12000816F86E20850A0E30020A0E30130A0E197
:10B13000000054E3000055134100000A010014E32D
:10B140000300000A030096E8710400EB0020A0E170
:10B150000130A0E1A440A0E1086086E2015045E290
:10B16000F2FFFFEA5B0000DAB8519FE50F5085E07F
:10B170006D5F85E20860A0E30240A0E1010014E3F6
:10B180000100000A0C0095E8610400EBC440A0E156
:10B19000085085E2016046E2000054E3010000DA55
:10B1A000000056E3F4FFFF1A0020A0E10130A0E107
:10B1B0000A00A0E10B10A0E154FFFFEB01B0A0E1F9
:10B1C00000A0A0E18014DBE30100001A000050E3BE
:10B1D0004000000A8B20A0E10110A0E3C21A91E018
:10B1E0000100001A0B06B0E13A00000A000054E327
:10B1F000380000DA0A00A0E10B10A0E1D12F8FE2A5
:10B200000C0092E841FFFFEB0020C0E38034D1E363
:10B210000100001A000052E32C00000A81C0A0E1E6
:10B220000130A0E3CC3A93E00100001A0126B0E11E
:10B230002600000A014044E2000054E3EEFFFFCA8A
:10B24000220000EA0A00A0E10B10A0E15AFFFFEB88
:10B2500001B0A0E100A0A0E18014DBE30100001A2E
:10B26000000050E31B00000A8B20A0E10110A0E3C6
:10B27000C21A91E00100001A0B06B0E11500000AA5
:10B28000000054E31300000A0A00A0E10B10A0E143
:10B29000AE2F8FE20C0092E81CFFFFEB0020C0E312
:10B2A0008034D1E30100001A000052E30700000AD5
:10B2B00081C0A0E10130A0E3CC3A93E00100001A84
:10B2C0000126B0E10100000A014054E2EFFFFF1A3D
:10B2D00000A0A0E101B0A0E10000CAE38014DBE31C
:10B2E0000100001A000050E30500000A8B20A0E1D5
:10B2F0000110A0E3C21A91E00600001A0B06B0E1AB
:10B300000400001A0000A0E1000057E300009715B8
:10B3100001108013001087150A00A0E10B10A0E1B6
:10B32000F44CBDE81EFF2FE178A20100F14D2DE99C
:10B330000380B0E114D04DE20000A0130000881596
:10B3400014409DE50150A0E102B0A0E114008DE29F
:10B35000E5FEFFEBC011A0E10800C0E301A001E29F
:10B36000010050E32600001A14109DE50200A0E33E
:10B3700000008DE504308DE20520A0E10400A0E18D
:10B38000DCFEFFEB0040B0E10000A0030010A003D2
:10B390001700000A08009DE56C0400EB020054E36E
:10B3A000130000BA0C608DE2017044E20020A0E1BD
:10B3B0000130A0E19C119FE50000A0E3D40300EB65
:10B3C0000040A0E1040096E40150A0E15F0400EB1E
:10B3D0000020A0E10130A0E10400A0E10510A0E1FF
:10B3E000AF0400EB0020A0E10130A0E1017057E2C2
:10B3F000EFFFFF1A04C09DE50830A0E10B208CE0B0
:10B400003F0000EA020050E33F00001A14109DE5DF
:10B4100000008DE504308DE20520A0E10400A0E1EC
:10B42000B7FEFFEB0040B0E10000A0030010A00356
:10B430001400000A08009DE5440400EB020054E3F8
:10B44000100000BA0C608DE2017044E24034A0E3C9
:10B450000020A0E36C3783E3AD0300EB0040A0E1E4
:10B46000040096E40150A0E1380400EB0020A0E1C4
:10B470000130A0E10400A0E10510A0E1880400EB88
:10B48000017057E2F0FFFF1A04C09DE58130A0E192
:10B49000A3EAB0E10E308CE01000000A000053E394
:10B4A0000E0000DAFFC0A0E370CE8CE30C0053E185
:10B4B000050000BA0C3AA0E183C0A0E1800401E2DB
:10B4C000AC1080E10000A0E30B0000EA70C4E0E3F0
:10B4D000FFC6CCE301C00CE0031A8CE1060000EAD1
:10B4E0000020C0E38034D1E30100001A000052E3E1
:10B4F0000100000A0C20A0E1B10B00EB0830A0E134
:10B500000B20A0E1EDFEFFEB090000EA030050E391
:10B510007014A0030000A003FF1681030400000ABA
:10B52000040050E30000E0038014C0030000A013F7
:10B530000010A01318D08DE200005AE3F04DBDE8D2
:10B54000801421121EFF2FE13CBF737FDD4F157564
:10B55000436FAC642806C80A65CDCD410030A0E336
:10B560000020A0E30010A0E36FFFFFEA020000E06C
:10B57000521C1378002BFBD10B781370002B02D0D8
:10B58000521C491CF8E7704710B404E0002C0ED0A0
:10B59000401C491C521E002A09D00B7804789C429A
:10B5A000F4D002D20020C04302E0012000E00020DD
:10B5B00010BC704770B50D78002D11D112E0491CF8
:10B5C0000E78964207D0401C290001F09BFF00280E
:10B5D00008D0010023005B1C1A78002AEFD101E09B
:10B5E0000C00F1E770BC08BC184700007847C04663
:10B5F00080C9A0E381007CE183007C911EFF2F8144
:10B6000003C081E18CC090E10CC092E10200002AED
:10B61000010053E1000052011EFF2FE10300511110
:10B62000020050011EFF2FE17847C04640C7A0E34B
:10B6300080007CE181007C911EFF2F8101C080E1B0
:10B640000C007CE10100002A000051E11EFF2FE107
:10B65000010050111EFF2FE17847C04670402DE9D0
:10B66000036021E0806406E2FF40A0E3704E84E3C3
:10B6700021CA14E0235A141004003C1104003511AF
:10B68000A600000A05C04CE001C04CE2C0E4E0E3C3
:10B6900001450EE0204B84E10005A0E103350EE0FA
:10B6A000223B83E10225B0E10210A0E31F00000A63
:10B6B00002E050E00340D4E0403483E30400002A79
:10B6C00001C04CE28EE0B0E10440A4E002E09EE064
:10B6D0000340B4E08EE0B0E10440A4E002005EE18B
:10B6E0000350D4E002E04E200540A0210110B1E05B
:10B6F000F7FFFF3A800EA0E38EE0B0E10440A4E043
:10B7000002005EE10350D4E002E04E200540A0219B
:10B710000000B0E0F7FFFF3A8EE0B0E10440A4E0A3
:10B7200002E05EE00350D4E00E001E01300000EAAB
:10B73000034054E0403483E30200002A01C04CE29D
:10B740008000B0E18440A3E0003063E2000010E13B
:10B750001100000A401E81E3000090E08440B3E045
:10B76000034044300110A1E0000090E08440B3E0C9
:10B77000034044300110A1E0000090E08440B3E0B9
:10B78000034044300110A1E0000090E08440B3E0A9
:10B79000034044300110B1E0F2FFFF3A844093E0EF
:10B7A000034044300110A1E0844093E00340443062
:10B7B0000110A1E0844093E0034044300110B1E067
:10B7C000F8FFFF3A800EA0E3844093E0034044304A
:10B7D0000000A0E0844093E0034044300000A0E07B
:10B7E000844093E0034044300000B0E0F5FFFF3AAE
:10B7F000844093E08044A0230040A033404484135D
:10B80000810A80E1A115A0E140CE9CE20C0000DAA3
:10B81000040074E10000B0E20C1AB1E0400971E3E9
:10B82000061081E10100004A7040BDE81EFF2FE1D3
:10B83000FF1686E3701481E30000A0E37040BDE8CA
:10B840001EFF2FE1401981E301C07CE220505CE241
:10B85000080000AA20506CE2040014E1A440A0E11A
:10B8600001408413104594E1300CA0E1110580E102
:10B87000311CA0E1080000EA34005CE30B0000CAC0
:10B8800020C065E2804094E13045A0E1014084138E
:10B890003105A0E1114C94E10010A0E38044D4E212
:10B8A0000000B0E20610B1E07040BDE81EFF2FE1DD
:10B8B0000000A0E30610A0E17040BDE81EFF2FE1EC
:10B8C0000C001CE10700001A050015E10C00001A2D
:10B8D00001C04CE28000B0E10110A1E0400911E399
:10B8E000FAFFFF0A01C08CE201C08CE28220B0E1C5
:10B8F0000330A3E0400913E3FAFFFF0A02C04CE261
:10B9000061FFFFEA015085E28000B0E10110A1E093
:10B91000400911E3FAFFFF0A00C065E25AFFFFEA9F
:10B92000235A04E004003CE1040035110B00000A36
:10B9300081E090E183E09211E0FFFF1A81E090E165
:10B940000000A0E30610A0E1041A81117040BDE8D8
:10B950001EFF2F1183C092E10010E0031EFF2FE1B4
:10B9600080E9A0E30000A0E381007EE183007E91F6
:10B9700081007E010010E0230200002A83007EE1A6
:10B980000610A001041A86117040BDE81EFF2FE1C9
:10B990007847C04610402DE903C031E0803423428F
:10B9A0004303004A024050E003E0D1E00400002AD3
:10B9B00080E42EE2040050E00E10D1E0042092E07A
:10B9C0000E30B3E080C9A0E381007CE18340DC302D
:10B9D0008044A0E35600002A21CAA0E123EA4CE0FB
:10B9E00036005EE3500000CA01005EE3290000CA91
:10B9F0000CCAA0E1833584E1A23A83E18225A0113B
:10BA00000225A001A330A001811584E1A01A81E1E3
:10BA1000800572E00310D1E01600004A0010A0017A
:10BA20000000A00300E0A01320E0A003010011012A
:10BA30003D00000A0300004A01E08EE2000090E0B1
:10BA40000110B1E0FBFFFF5AECCFA0E18ECA5CE031
:10BA500001E0DCE3ECC0A0E10600008A80E97EE2C0
:10BA6000AEEAA0E180C40CE2300EA0E1710E20E04D
:10BA7000311EA0E1010020E0A005B0E1810A80E1D3
:10BA80008014C1E3A040B0210000B0E2A115ACE0F9
:10BA90001040BDE81EFF2FE1833584E1A335A0E10E
:10BAA000811584E1A115A0E120005EE3080000DA21
:10BAB00020E05EE20220B011734EA0E1334E24E09C
:10BAC00001408413004074E2330ED0E00010C1E264
:10BAD000080000EA724EA0E1322EA0E1024024E00C
:10BAE000732E22E0333EA0E1032022E0004074E206
:10BAF0000200D0E00310C1E0400911E30500001A84
:10BB000001C04CE28C2AB0E10200000A8440B0E19E
:10BB10000000B0E00110A1E04019C1E3A030B0E1A5
:10BB20008034D4E20000B0E20C1AA1E01040BDE87D
:10BB30001EFF2FE181007CE11100002A8034C3E365
:10BB400083E092E10A00000A8CC0A0E181005CE180
:10BB50000500008A21CAA0E101E04CE234005EE366
:10BB6000CEFFFFDA1040BDE81EFF2FE1020050E0DB
:10BB70000310D1E081E090E10010A0031040BDE887
:10BB80001EFF2FE183007C010010E0231040BDE880
:10BB90001EFF2FE17847C046FF30A0E3A0CB13E0A3
:10BBA000A12B131003003C11030032112D00000AD9
:10BBB00002C04CE08024A0E3013020E0023003E02A
:10BBC000011482E1000482E12021A0E12111A0E121
:10BBD000400FA0E3012052E001C04C3282208130AE
:10BBE000822071E0022081300000A0E0822071E01C
:10BBF000022081300000A0E0822071E0022081302C
:10BC00000000A0E0822071E0022081300000B0E05E
:10BC1000F2FFFF3A7FC09CE2070000DAA000B0E12B
:10BC20008C0BB0E080087053030080E11EFF2F51A1
:10BC3000FF00A043800B83411EFF2FE102C07CE286
:10BC4000400780E319005CE3040000CA20106CE2A6
:10BC5000102192E18014D2E2300CA3E01EFF2FE10C
:10BC60000300A0E11EFF2FE14027A0E3800072E166
:10BC7000810072310B00003A800072E10400003A4A
:10BC8000810072E10000E023800411E3800420427F
:10BC90001EFF2FE1810072E10000E013010020008F
:10BCA000800400021EFF2FE180C0B0E181C0B0110E
:10BCB0000700001A80C0B0E1010020E0800400E22B
:10BCC000830B80111EFF2F1181C0B0E10000E00343
:10BCD0001EFF2FE1A0CB13E01500001AA1CB13E04B
:10BCE000013020E0803403E20900001A0004A0E1E2
:10BCF00000C0A0E38000B0E101C04C52FCFFFF5A3D
:10BD00000114A0E18110B0E101C08C52FCFFFF5A88
:10BD1000ACFFFFEA00C06CE20004A0E18000B0E1EB
:10BD200001C04C52FCFFFF5A0114A0E1801481E3D2
:10BD3000A4FFFFEA013020E0803403E20114A0E117
:10BD40008110B0E101C08C52FCFFFF5A0004A0E159
:10BD5000800480E39BFFFFEA7847C046FF20A0E312
:10BD6000A0CB12E0A13B121002003C1102003311E3
:10BD70001500000A012020E003C08CE08034A0E31D
:10BD8000011483E1000483E1913080E0802402E229
:10BD9000001090E0000080307FC0DCE2350000BA87
:10BDA000A330A0E1003C93E12004A0E18014D3E2A1
:10BDB0008C0BB0E080087053000082E11EFF2F5111
:10BDC000FF00A043800B82411EFF2FE1A13B02E058
:10BDD00002003CE1020033111A00000A8020B0E1A9
:10BDE0008120B0110200001A010020E0800400E26E
:10BDF0001EFF2FE1012020E0802402E20C001CE164
:10BE00000900001A030013E12300000A03C0A0E1A7
:10BE10000004B0E18000B0E101C04C52FCFFFF5AC9
:10BE20000114A0E1801481E3D6FFFFEA0114B0E120
:10BE30008110B0E101C04C52FCFFFF5A0004A0E1A8
:10BE4000800480E3CFFFFFEA8030B0E18130B011A1
:10BE50000000E0034037A0E3810073E10100A0810E
:10BE6000800073911EFF2F81010020E0800400E21A
:10BE7000820B80E11EFF2FE108C07CE220005CE322
:10BE8000050000CA20106CE2A330B0E1103193E14C
:10BE90008014D3E2300CA2E01EFF2FE10200A0E1EB
:10BEA0001EFF2FE17847C046010030E18014214297
:10BEB0005B02004A000051E180C42082800421829C
:10BEC0000C10A0814037A0E3800073E18100533162
:10BED0002B00002AA0CBA0E1A13BDCE00800003A47
:10BEE0008024A0E3011482E11800008A800471E03C
:10BEF0000600003AA004B0E1A010B0218C0BA0E035
:10BF00001EFF2FE1010050E01EFF2F018004B0E171
:10BF10000120A0E30120825200009050FCFFFF5A54
:10BF2000000080E0A004A0E16C34A0E1023C53E0FA
:10BF3000E30080801EFF2F81800880E343CCA0E1D6
:10BF4000833FA0E101C06CE2300C83E11EFF2FE1D2
:10BF5000180053E31EFF2FC13123A0E1121371E03B
:10BF600001208233800472E00000803000C0CCE207
:10BF7000802BB0E1A004A0E18014D2E28C0BA0E001
:10BF80001EFF2FE1800073E10E00002A8120B0E146
:10BF90000900000AA0CBA0E1A13B4CE0020053E362
:10BFA000040000BA8114A0E18024A0E3170053E349
:10BFB000E8FFFFDA1EFF2FE1A20040E0000070E181
:10BFC0000000A0031EFF2FE1810073E10000E023C9
:10BFD0001EFF2FE17847C046000051E1013082305A
:10BFE00003005031F3F9FF2A020080E0030013E35D
:10BFF0000400000A012052E201107325011060259F
:10C00000F9FFFF8A1EFF2FE1030010E31200001A60
:10C01000102052E20500003A30002DE9321033E9D9
:10C02000102052E2321020E9FBFFFF2A3000BDE869
:10C03000102082E2042052E204103325041020254F
:10C04000FBFFFF8A04208232012052E20110732597
:10C0500001106025FBFFFF8A1EFF2FE1042052E242
:10C06000F7FFFF3A010010E30600001A041033E561
:10C07000042052E2B41060E16118A0E1B210C0E106
:10C08000F9FFFF2AEEFFFFEA041033E5042052E235
:10C09000041060E56114A0E1B110C0E16118A0E1F5
:10C0A0000310C0E5F7FFFF2AE5FFFFEA7847C04627
:10C0B000000050E31EFF2F019D10A0E3400B50E352
:10C0C0000008A03110104132400750E30004A031B5
:10C0D00008104132400550E30002A0310410413203
:10C0E000400450E30001A03102104132800450E3CB
:10C0F0008000A0310110413200CCB0E12004A0E169
:10C1000080C4DCE2810BA0E01EFF2FE17847C0462F
:10C11000FF30A0E3703E83E321CAB0E103207C102E
:10C120004400009A10402DE90C1AC1E1401981E346
:10C13000FDC08CE2C0CF8CE2ACC0B0E10100003A9F
:10C14000000090E00110B1E00111A0E1201F81E1A9
:10C150000001A0E1C049A0E30030A0E38024A0E3F7
:10C1600040E9A0E3901851E20700004AAEE0B0E1D8
:10C170001D00002A041051E00E4094E0000090E001
:10C180000110B1E00E1051E0F7FFFF5AAEE0B0E150
:10C190000A00002A041091E00E4054E0000090E0F4
:10C1A0000110B1E00E1051E0EFFFFF5AAEE0B0E138
:10C1B000F7FFFF3A010000EAA220B0E11700000AF1
:10C1C000030090E00410B1E0023053E00E40D4E0F0
:10C1D000000090E00110B1E0020050E00E10D1E04C
:10C1E000F4FFFF4AA220B0E10A00000A030050E079
:10C1F0000410D1E0023093E00E40B4E0000090E083
:10C200000110B1E0020050E00E10D1E0E9FFFF4A5A
:10C21000A220B0E1F4FFFF1A013093E20E40B4E037
:10C220000CCAA0E1A300B0E1840F90E1A4108CE05F
:10C230001040BDE81EFF2FE1812090E10800002A98
:10C2400003003C111EFF2F0110402DE9000090E07B
:10C250000110B1E0400911E301C04C02FAFFFF0AEE
:10C26000B2FFFFEA400971E31EFF2F8181C090E118
:10C270008014E0130000A0E11EFF2FE17847C046C4
:10C2800080C9A0E381007CE183007C911EFF2F81A7
:10C2900001C083E18CC090E10CC092E10200002A51
:10C2A000030051E1020050011EFF2FE10100531174
:10C2B000000052011EFF2FE17847C04681C0A0E177
:10C2C000ACCAA0E1FEC04CE2C0CF5CE20D0000DAD7
:10C2D00020C07CE2C12FA0E1050000DA8115A0E1B9
:10C2E000A01A81E1800481E3300C82E0020020E0AA
:10C2F0001EFF2FE1E1008CE2C00F90E20220E0116E
:10C30000800422121EFF2FE10000A0E31EFF2FE198
:10C310007847C04670402DE9FF40A0E3704E84E3AB
:10C32000036021E0806406E221CA14E0235A14105D
:10C3300004003C11040035112400000A05C08CE003
:10C34000843AC3E1403983E38115A0E1801481E39D
:10C35000A05A81E180E5A0E10210A0E19E0282E006
:10C36000000050E30000A0E39521A0E00010A0E34E
:10C37000932EA1E001208213010090E00010A0E3C1
:10C380000110A1E09305A1E040CE4CE20156B0E1DE
:10C390000200002A8220B0E10000B0E00110B1E00C
:10C3A00001C0BCE23D0000DAA050B0E18024D2E23E
:10C3B0000000B0E20C1AB1E0401941E2061081E140
:10C3C000041A86410000A0437040BDE81EFF2FE123
:10C3D000235A04E004003CE1040035112300000A64
:10C3E00081E090E183E092110300001A0610A0E1C1
:10C3F0000000A0E37040BDE81EFF2FE10C001CE12F
:10C4000005C08CE01200001A050015E1F6FFFF0AD6
:10C410000116B0E10010A0010000A0031450450275
:10C42000201A91E10006A0E105C0A0E10300004A46
:10C4300001C04CE28000B0E10110B1E0FBFFFF5A07
:10C4400000E0A0E10150A0E1843AC3E1403983E378
:10C45000C0FFFFEA01C04CE28220B0E10330A3E05C
:10C46000400913E3FAFFFF0A01C08CE2B5FFFFEABF
:10C4700081E090E183E092110010E0038059A0E395
:10C48000830075E10310A08181007591D8FFFF8AB8
:10C49000041A86E10000A0E37040BDE81EFF2FE112
:10C4A00001C07CE220505CE2080000AA20506CE24F
:10C4B000020012E1A220A0E101208213102592E1E6
:10C4C000300CA0E1110580E1311CA0E1080000EA78
:10C4D00035005CE3C4FFFFCA20C065E2802092E122
:10C4E0003025A0E1012082133105A0E1112C92E159
:10C4F0000010A0E38024D2E20000B0E20610B1E018
:10C500007040BDE81EFF2FE17847C0468010A0E1D3
:10C51000211CA0E17E1051E220C071C2C02FA0E119
:10C52000040000DA0004A0E1800480E3300C82E023
:10C53000020020E01EFF2FE1000051E30000A0D325
:10C540000200E0C1800420C21EFF2FE17847C046F0
:10C550000010B0E11EFF2F0100006042C214A04392
:10C560004214A053400B50E30008A0314017413261
:10C57000400750E30004A03180184132400550E3E9
:10C580000002A03140184132400450E30001A031C4
:10C5900080194132800450E38000A03140194132BB
:10C5A000C01941E2A01581E0800AA0E11EFF2FE141
:10C5B0007847C0460730D0E50620D0E505C0D0E575
:10C5C0000410D0E5032482E10330D0E50C1481E1AE
:10C5D00001C0D0E5021881E10220D0E50000D0E5DD
:10C5E000032482E10C0480E1020880E11EFF2FE1B8
:10C5F0007847C04601402DE9013020E0030013E3F5
:10C600000E00001A030010E30400000A0130D1E418
:10C610000130C0E4000033E3F9FFFF1A0C0000EA28
:10C6200034C09FE5002091E50C3052E00230D3E1A8
:10C630008C0313E1042080040420B105F9FFFF0AF4
:10C640000130D1E40130C0E4000033E30130D11403
:10C65000FBFFFF1A0140BDE81EFF2FE101010101B0
:10C660007847C046011091E0A00AA0E1010580E1F1
:10C670000800002AA11AA0E1401E41E2011091E247
:10C68000800480E3030000BA1F1071E23001A05162
:10C690000000E0431EFF2FE10000A0E31EFF2FE19A
:10C6A0007847C04610402DE903C031E08034234272
:10C6B000BBFCFF4A024050E003E0D1E00300002A47
:10C6C000040050E00E10D1E0042092E00E30B3E000
:10C6D00080C9A0E381007CE18340DC308044A0E39A
:10C6E0002B00002A21CAA0E123EA4CE035005EE3DA
:10C6F000370000CA833584E1A335A0E1811584E1C8
:10C70000C115A0E120005EE3080000DA20E05EE24F
:10C710000220B011734EA0E1334E24E00140841397
:10C72000330E90E00010B1E20800002A0B0000EA8E
:10C73000724EA0E1322EA0E1024024E0732E22E0EE
:10C74000332E22E0020090E0331EB1E00300003AF5
:10C75000A110B0E16000B0E16440B0E10140842389
:10C76000401981E2A020B0E18024D4E20000B0E2D0
:10C770000C1AA1E01040BDE880C9A0E381007CE173
:10C780001EFF2F310000A0E3211AA0E1011AA0E151
:10C790001EFF2FE181007CE10D00002A83E092E181
:10C7A0000B00000A81005CE10600008A21CAA0E1BA
:10C7B0000430C3E101E04CE234005EE3CEFFFFDA77
:10C7C0001040BDE81EFF2FE18034C3E3020090E07B
:10C7D0000310B1E01040BDE81EFF2FE17847C046CE
:10C7E000000010E18010A0E1211CA0E17F10515257
:10C7F0000500004A1F1071E20004A051800480531C
:10C800003001A0510000E0431EFF2FE10000A0E333
:10C810001EFF2FE17847C046010030E1801421421D
:10C82000A3FDFF4A01C050E00C0040300C108130E5
:10C83000FF20A0E3A0CB02E0A13B12E002003C11EC
:10C840008024A0E31300000A03C04CE018005CE35E
:10C850001EFF2FC1011482E1A03BA0E1000482E190
:10C86000310C90E00200C031A000822119C06CE2BE
:10C87000521CC1E1001C91E12004A0E102C0D1E002
:10C88000830BA0E04037A0E3800073E11EFF2F314F
:10C89000420400E01EFF2FE1FF005CE31EFF2F01BA
:10C8A0008114B0E10C001C11A10480001EFF2F01B7
:10C8B000170053E3E7FFFFDA1EFF2FE17847C0467A
:10C8C00090030CE091C22CE0920081E00C1081E01A
:10C8D0001EFF2FE17847C0460010B0E11EFF2F0178
:10C8E0004214A0E3400B50E30008A031401741324E
:10C8F000400750E30004A03180184132400550E366
:10C900000002A03140184132400450E30001A03140
:10C9100080194132800450E38000A0314019413237
:10C92000C01941E2A01581E0800AA0E11EFF2FE1BD
:10C93000F04D2DE930D04DE20150A0E150109DE5C1
:10C940000260A0E10040A0E1000051E350209D15ED
:10C950000000A0130370A0E10000821500A0C6E350
:10C9600080B4D7E30100001A00005AE30F00000A68
:10C97000C015A0E30000A0E3FF1681E30420A0E1BE
:10C980000530A0E16F0300EB0800000A801481E38A
:10C990006C0300EB0800001A8710A0E10120A0E35F
:10C9A000C12A92E00400001A0706B0E10200001A52
:10C9B0000000A0E3C015A0E3D70000EA8500A0E1D5
:10C9C0000110A0E3C01A91E00800000A0020C4E3AF
:10C9D0008034D5E30100001A000052E30300000A8E
:10C9E0008700A0E10110A0E3C01A91E0CE00001A78
:10C9F0008520A0E10110A0E3C21A91E00300001A13
:10CA00000506B0E10400A0110510A011A002001A53
:10CA10008710A0E10120A0E3C12A92E00300001AE0
:10CA20000706B0E10600A0110710A0119802001A35
:10CA300001C0A0E38700A0E1C01A9CE06C00000ADE
:10CA40000600A0E10710A0E10130A0E1002090E085
:10CA50000330B3E00300001A000052E30D00A00110
:10CA6000C00080081700000A33E0A0E340EE8EE328
:10CA7000A32A4EE0350052E3050000BA8034A0E35B
:10CA80000000A0E3031001E00DE0A0E103008EE848
:10CA90000C0000EA200052E3202042C23102A0C173
:10CAA0001012A0C1000000CA0100001A0000A0E39B
:10CAB000020000EA000052E33002A0C11002A0C14F
:10CAC0000D20A0E1030082E80730A0E10620A0E1EC
:10CAD000000053E3060000AA0000A0E38014A0E3D6
:10CAE000020050E00310C1E008E08DE203008EE890
:10CAF000010000EA08A08DE20C008AE803009DE82E
:10CB0000000051E3030000AA0020A0E38034A0E36A
:10CB1000000052E00110C3E008E08DE2000C9EE846
:10CB200001005BE10100001A00005AE10000000A68
:10CB300000C0A0E30C009DE80310A0E1020092E019
:10CB40000110B1E00200001A000050E30C009D0843
:10CB50001200000A34E0A0E340EE8EE3A10A4EE0AA
:10CB6000350050E38014A0A30020A0A3013003A04F
:10CB70000A0000AA200050E3200040C23310A0C1E8
:10CB80001130A0C1000000CA0100001A0020A0E37B
:10CB9000020000EA000050E33210A0C11120A0C141
:10CBA00000005CE31200000A03009DE8000051E36E
:10CBB000030000AA00A0A0E380B4A0E300005AE0B4
:10CBC0000110CBE0000053E3030000AA00A0A0E3A3
:10CBD00080B4A0E302205AE00330CBE0030051E12F
:10CBE0000200001A020050E100C0A0030000000A89
:10CBF00001C0A0E38510A0E10120A0E3C12A92E0DA
:10CC00000700001A0506B0E10500001AA54FB0E1C3
:10CC10001600001AA76FB0E10000A0E33D00000A73
:10CC2000340000EA8710A0E10120A0E3C12A92E0CD
:10CC30001600001A0706B0E11400001A8014C5E3BC
:10CC40000000C4E3400951E31C00002A00208DE5E8
:10CC5000000051E30100001A000050E31B00000A2D
:10CC60000D20A0E10510A0E1B50500EB170000EADA
:10CC7000A76FB0E10100001A00005CE3220000EAA7
:10CC800000005CE30000A0E31A00000A070000EACD
:10CC900000005CE30040A003A54FA011A76FB0E126
:10CCA0001800001A000054E30000A0E31100000A7D
:10CCB00030D08DE2F04DBDE88014A0E31EFF2FE1DF
:10CCC000FD20E0E3C02FC2E3210A82E000008DE5F1
:10CCD00000109DE5A76FB0E10300001A000051E3CA
:10CCE0000000A0E30B0000CA020000EA000051E3CC
:10CCF0000000A0E3070000DA30D08DE2F04DBDE87F
:10CD00000010A0E31EFF2FE1000054E30000A0E3A9
:10CD1000F014A0130000001A7014A0E330D08DE2CC
:10CD2000F04DBDE8FF1681E31EFF2FE107B0A0E143
:10CD30000B10A0E10A009AE00110B1E00100001A16
:10CD4000000050E31200000A3320A0E3402E82E3EB
:10CD5000A10A42E0350050E38034A0A300A0A0A3C4
:10CD600003B00BA00A0000AA200050E3200040C23C
:10CD70003B10A0C111B0A0C1000000CA0100001A00
:10CD800000A0A0E3020000EA000050E33A20A0C1A6
:10CD900012A0A0C1A50FB0E11F00000A0710A0E17A
:10CDA0000600A0E1000051E3060000AA0020A0E375
:10CDB0008034A0E3000052E00110C3E00DC0A0E108
:10CDC00003008CE8010000EA0DE0A0E103008EE81A
:10CDD0000B10A0E10A00A0E1000051E3030000AA4B
:10CDE0000020A0E38034A0E3000052E00110C3E083
:10CDF0000C009DE8010053E10100001A000052E11F
:10CE00000500000A0000A0E130D08DE2F04DBDE841
:10CE10000000E0E38014C0E31EFF2FE18034C5E38F
:10CE20000020C4E3400953E30C00002A0000A0E303
:10CE300000008DE5000053E30100001A000052E3FA
:10CE40001000000A0D20A0E10400A0E10510A0E1FF
:10CE50003B0500EB0040A0E10150A0E1090000EA21
:10CE6000FD00E0E37014E0E3C00FC0E3FF16C1E390
:10CE7000230A80E0C035A0E3015005E0FE3683E3DD
:10CE800000008DE5035085E1A50FB0E10020A0036F
:10CE90002E00000A0A00A0E10B10A0E10130A0E181
:10CEA000002090E08054C5E30330B3E00100001A95
:10CEB000000052E31200000A34C0A0E340CE8CE32D
:10CEC000A32A4CE0350052E38034A0A30000A0A3C5
:10CED000031001A00A0000AA200052E3202042C251
:10CEE0003102A0C11012A0C1000000CA0100001A46
:10CEF0000000A0E3020000EA000052E33002A0C1FB
:10CF00001002A0C100005BE3030000AA0020A0E320
:10CF10008034A0E30AA052E00BB0C3E0000051E36C
:10CF2000030000AA0020A0E38034A0E3000052E048
:10CF30000110C3E001005BE10300001A00005AE1A8
:10CF40000000A00308008D050100000A0120A0E3F5
:10CF500008208DE500209DE5010052E32C00001A19
:10CF6000AE2F8FE20C0092E80400A0E10510A0E1D2
:10CF7000C2FCFFEB2600002AC015A0E30000A0E3DE
:10CF8000FF1681E310208DE2030082E88530A0E1E6
:10CF9000A32AB0E10080A0E3011082E21000000AA1
:10CFA000000051E30E0000DAFF20A0E3702E82E3C0
:10CFB000020051E1050000BA021AA0E18120A0E1BF
:10CFC000800405E2A25080E10040A0E32F0000EAC7
:10CFD0007024E0E3FF26C2E3052002E0015A82E16B
:10CFE0002A0000EA00A0C4E380B4D5E30100001ADF
:10CFF00000005AE32500000A0120A0E30400A0E19C
:10D000000510A0E1EE0400EB0040A0E10150A0E11A
:10D010001E0000EA4014A0E30000A0E3501881E3E2
:10D020000420A0E10530A0E1B9FCFFEB0130A0E154
:10D030000020A0E1C015A0E30000A0E3FE1681E3FC
:10D0400097FDFFEB9CFCFFEB208040E20800A0E195
:10D050003EFDFFEB0130A0E10020A0E1C015A0E300
:10D060000000A0E3F91681E3A9FCFFEB0130A0E189
:10D070000020A0E1C015A0E30000A0E3FE1681E3BC
:10D0800087FDFFEB10208DE2030082E88882A0E19B
:10D0900010C08DE20C009CE80400A0E10510A0E1A6
:10D0A0003BFAFFEB10E08DE20C009EE800A0A0E14F
:10D0B00001B0A0E10400A0E10510A0E178FDFFEBC4
:10D0C0000020A0E10130A0E10A00A0E10B10A0E1E6
:10D0D00061F9FFEB18C08DE203008CE818E08DE2E7
:10D0E0000C009EE88AFCFFEB20C08DE20040A0E12E
:10D0F000000C8CE80150A0E1E80F8FE2030090E8FB
:10D100000420A0E10530A0E181FCFFEB0020A0E1BC
:10D110000130A0E1E30F8FE2030090E860FDFFEB38
:10D120000420A0E10530A0E179FCFFEB0020A0E1A4
:10D130000130A0E1DE0F8FE2030090E858FDFFEB25
:10D140000420A0E10530A0E171FCFFEB0020A0E18C
:10D150000130A0E1D80F8FE2030090E850FDFFEB13
:10D160000420A0E10530A0E169FCFFEB0020A0E174
:10D170000130A0E1D20F8FE2030090E848FDFFEB01
:10D180000420A0E10530A0E161FCFFEB0020A0E15C
:10D190000130A0E1CC0F8FE2030090E840FDFFEBEF
:10D1A0000420A0E10530A0E159FCFFEB0020A0E144
:10D1B0000130A0E1C60F8FE2030090E838FDFFEBDD
:10D1C00028208DE210C08DE2030082E80C009CE86C
:10D1D000C015A0E30000A0E3FF1681E3ECF9FFEB2C
:10D1E0008130A0E1A3CAB0E101308CE21300000A53
:10D1F000000053E3110000DAFFC0A0E370CE8CE31F
:10D200000C0053E1070000BA0C3AA0E183C0A0E192
:10D21000800401E2ACB080E100A0A0E3110000EACC
:10D22000CD3B7F669EA0E63F70C4E0E3FFC6CCE343
:10D2300001C00CE003BA8CE100A0A0E1090000EA03
:10D240000020C0E38034D1E30200001A000052E362
:10D2500000A0A0030200000A0120A0E3580400EB94
:10D2600000A0A0E101B0A0E128C08DE20C009CE884
:10D270000400A0E10510A0E125FCFFEB20E08DE219
:10D280000C009EE8C2F9FFEB0A20A0E10B30A0E100
:10D2900003FDFFEB0020A0E10130A0E118C08DE20A
:10D2A00003009CE81AFCFFEB20C08DE20C009CE818
:10D2B000F8E19FE50FE08EE07DEF8EE208E08EE082
:10D2C00004E08DE5F6FCFFEB00A0A0E100009DE589
:10D2D00001B0A0E19DFCFFEB04E09DE50C009EE8A1
:10D2E000EFFCFFEB0040A0E10150A0E17A0F8FE2DC
:10D2F000030090E80A20A0E10B30A0E104FCFFEB62
:10D300000420A0E10530A0E1E5FCFFEB0620A0E150
:10D310000730A0E1FEFBFFEBC034A0E30020A0E358
:10D32000E03883E3D5FBFFEB5600003A0120A0E391
:10D330008034C3E3ADF8FFEB4800009AA12FB0E1C1
:10D340000020A0E37F34831240374302D4FCFFEB7C
:10D35000D9FBFFEB0080A0E10620A0E10730A0E1AF
:10D360000A00A0E10B10A0E1E9FBFFEB01B0A0E196
:10D3700004109DE500A0A0E1082091E50C3091E5A6
:10D38000100091E5141091E5C5FCFFEB0620A0E12B
:10D390000730A0E1DEFBFFEB512F8FE20C0092E89B
:10D3A000DBFBFFEB0A20A0E10B30A0E1BCFCFFEBB4
:10D3B00000A0A0E101B0A0E10620A0E10730A0E1BB
:10D3C0000400A0E10510A0E1D1FBFFEB0040A0E1CB
:10D3D0000150A0E10800A0E15CFCFFEB0020A0E10F
:10D3E0000130A0E10400A0E10510A0E168F9FFEB25
:10D3F0000020A0E10130A0E1E4008FE2030090E80A
:10D40000C3FBFFEB0A20A0E10B30A0E1A4FCFFEB83
:10D4100050E09DE5C035A0E300005EE300808E157E
:10D420000080A01300808DE50020A0E3FF3683E399
:10D43000320400EB0020C0E38034D1E30100001A85
:10D44000000052E30F00000A81C0A0E10130A0E318
:10D45000CC3A93E00400001A0126B0E10200001A61
:10D460007014A0E30000A0E3FF1681E308309DE5FF
:10D47000000053E30600000A30D08DE2F04DBDE815
:10D48000801421E21EFF2FE10000A0E30010A0E3C2
:10D49000F5FFFFEA30D08DE2F04DBDE81EFF2FE131
:10D4A000F7DE29BFD8F8C23FF4B3FECC1A99C33FC8
:10D4B0003881010062CB68D96F46C73FC6C912DA0E
:10D4C000C471CC3F4AE98A942449D23FF75F9799C7
:10D4D0009999D93FBC5555555555E53FFE822B6569
:10D4E0004715F73FEF39FAFE422EE63F00502DE98F
:10D4F00000C0A0E300C08DE50CFDFFEB0440BDE8DB
:10D500001EFF2FE17847C0460020D0E5FF1001E262
:10D51000010052E3020031E10120F085FBFFFF8AA8
:10D520000000A0131EFF2FE110B4030000E05B1CFD
:10D530001C78002CFBD1002A07D00C78002C04D0DA
:10D540001C70491C5B1C521EF5E70021197010BCB1
:10D5500070470000FCB587B0002B02D0089C002368
:10D5600023600390050000E06D1C28780300093B50
:10D57000052BF9D32028F7D02D2801D02B2803D153
:10D580006B4618706D1C02E02B206B4618700191E1
:10D59000002A03D4012A01D0252A03DB080055D034
:10D5A000039852E0002A0ADD102A16D12878302884
:10D5B00013D168782021014378290ED10AE0287818
:10D5C000302801D00A2208E0687820210143782918
:10D5D00002D11022AD1C00E00822069500E06D1C6F
:10D5E00028783028FBD02E497944B4310B002833F9
:10D5F0006E4600247370059502920494284E7E4472
:10D600009E3609E069464A7804946D1C871A029890
:10D610003F0644433F0EE4192978080041381A2890
:10D6200000D22031029A3000283001F037FA002869
:10D63000E8D1069A029938002F00049DBA4207D11A
:10D640000198002802D0039801990860002022E088
:10D65000059A735CBA1AD21A002A11D405DC201A72
:10D6600003D3E4F711F8A8420AD0C046C046089890
:10D67000002802D00899012008600024E44305E056
:10D68000684601782D2901D16042040001980028E4
:10D6900000D00760200009B0F0BC08BC1847C046A5
:10D6A0006883010080B5FFE700230A220021FFF70D
:10D6B00051FF0ABC184730B4020006E0A54209D069
:10D6C0005B1C1C78002CF9D1521C1578002D01D060
:10D6D0000B00F6E730BC101A70470000C04602008D
:10D6E0000906090E002000E0521C13788B4200D17D
:10D6F0001000002BF8D1704730B4020000E0521C3B
:10D700001378002B07D00D0002E0A342F7D06D1C68
:10D710002C78002CF9D130BC101A70477847C046DD
:10D7200001C080E10C007CE11EFF2F01010050E1EF
:10D730001EFF2F1100C080E040077CE30C005C91CD
:10D740001EFF2FE17847C046020050E11EFF2F1157
:10D7500003C081E18CC090E11EFF2F01030051E165
:10D760001EFF2F1180C9A0E381007CE10C003C3139
:10D770001EFF2FE17847C04620C4A0E10000C2E5AB
:10D7800001C0C2E52CC4A0E102C0C2E52CC4A0E1E6
:10D7900003C0C2E521C4A0E10410C2E505C0C2E592
:10D7A0002CC4A0E106C0C2E52CC4A0E107C0C2E5BC
:10D7B0001EFF2FE17847C04600502DE98120A0E1EF
:10D7C0000130A0E3C23A93E00800001A0100001AF9
:10D7D00001C6B0E10A00001AA12FB0E10800000A5A
:10D7E0000440BDE80000A0E30010A0E31EFF2FE10D
:10D7F0000020A0E3C035A0E300208DE5FF3683E3E1
:10D800003E0300EB0440BDE81EFF2FE17847C04611
:10D8100080C411E200007012010011E10010F14219
:10D820000020A0132020A0030010B0011EFF2F0134
:10D83000400B51E30118A03110208232400751E320
:10D840000114A03108208232400551E30112A031B9
:10D8500004208232400451E30111A03102208232BF
:10D86000800451E38110A03101208232200052E374
:10D870000400002A202062E2301281E1202062E2CE
:10D880001002B0E101108113BD2062E2822B8CE115
:10D89000010CB0E18004D0E22104B2E01EFF2FE1D0
:10D8A000F04D2DE90060A0E10170A0E18700A0E14A
:10D8B0000110A0E310D04DE20280A0E1C01A91E077
:10D8C0000700001A0100001A0726B0E10100001A43
:10D8D000A70FB0E12600001A0600A0E10710A0E1A2
:10D8E000160100EA8014C7E30000C6E3400951E3D3
:10D8F0000B00002A0020A0E300208DE5000051E38A
:10D900000100001A000050E30F00000A0D20A0E102
:10D910000710A0E18A0200EB0060A0E10170A0E125
:10D92000090000EA7054E0E3FF56C5E3FD20E0E3A0
:10D93000055007E0C02FC2E3C075A0E3210A82E0D2
:10D94000FE7687E300008DE5077085E10000C6E301
:10D950008014D7E30300001A000050E3F014A00382
:10D96000FF168103F500000A0710A0E1A10FB0E146
:10D970000500000A0000A0E110D08DE2F04DBDE8E6
:10D980000000E0E38014C0E31EFF2FE10600A0E1E9
:10D99000000051E3030000AA0020A0E38034A0E3CC
:10D9A000000052E00110C3E0C52F8FE20C0092E8A6
:10D9B000000053E3030000AA0040A0E38054A0E36A
:10D9C000022054E00330C5E0030051E1250000CA05
:10D9D000010000BA020050E12200002A8710A0E1F5
:10D9E000A12AB0E1011082E21000000A000051E318
:10D9F0000E0000DAFF20A0E3702E82E3020051E166
:10DA0000050000BA021AA0E18120A0E1800407E22B
:10DA1000A27080E10060A0E30F0000EA7024E0E360
:10DA2000FF26C2E3072002E0017A82E10A0000EA51
:10DA30000040C6E38054D7E30100001A000054E31D
:10DA40000500000A0120A0E30600A0E10710A0E104
:10DA50005B0200EB0060A0E10170A0E100109DE519
:10DA600001C041E200C08DE5B014A0E30000A0E3D6
:10DA7000FF1681E30620A0E10730A0E108FBFFEBE1
:10DA80000150A0E10040A0E1C015A0E30000A0E328
:10DA9000FF1681E30620A0E10730A0E100FBFFEBC9
:10DAA0000020A0E10130A0E10400A0E10510A0E108
:10DAB000E9F6FFEB0060A0E10170A0E10620A0E123
:10DAC0000730A0E112FAFFEB00A0A0E101B0A0E155
:10DAD0009D0F8FE2030090E80A20A0E10B30A0E147
:10DAE0000BFAFFEB9A2F8FE20C0092E8ECFAFFEBB7
:10DAF0000A20A0E10B30A0E105FAFFEB962F8FE2A0
:10DB00000C0092E8E6FAFFEB0A20A0E10B30A0E15E
:10DB1000FFF9FFEB922F8FE20C0092E8E0FAFFEBA7
:10DB20000A20A0E10B30A0E1F9F9FFEB8E2F8FE284
:10DB30000C0092E8DAFAFFEB0A20A0E10B30A0E13A
:10DB4000F3F9FFEB8A2F8FE20C0092E8D4FAFFEB97
:10DB50000A20A0E10B30A0E1EDF9FFEB862F8FE268
:10DB60000C0092E8CEFAFFEB0A20A0E10B30A0E116
:10DB7000E7F9FFEB0020A0E10130A0E10400A0E103
:10DB80000510A0E182F7FFEB0620A0E10730A0E13D
:10DB9000DFF9FFEB0060A0E100009DE50170A0E16E
:10DBA0006AFAFFEB00A0A0E101B0A0E1000058E399
:10DBB0001400001A720F8FE2030090E80A20A0E11F
:10DBC0000B30A0E1D2F9FFEB0620A0E10730A0E185
:10DBD0006FF7FFEB0420A0E10530A0E1B0FAFFEB06
:10DBE0000150A0E1A0119FE50040A0E1C004A0E326
:10DBF0000A20A0E10B30A0E1C5F9FFEB0420A0E171
:10DC00000530A0E14C0000EA2F0000DA7C119FE50E
:10DC10000000A0E30420A0E10530A0E1BCF9FFEB87
:10DC200008008DE50C108DE5590F8FE2030090E898
:10DC30000420A0E10530A0E1B5F9FFEB03008DE879
:10DC4000550F8FE2030090E80A20A0E10B30A0E11D
:10DC5000AFF9FFEB522F8FE20C0092E80040A0E1F9
:10DC60000150A0E10600A0E10710A0E1A8F9FFEB38
:10DC70000020A0E10130A0E10400A0E10510A0E136
:10DC800043F7FFEB00209DE504309DE584FAFFEBB0
:10DC900008209DE50C309DE581FAFFEB0170A0E1C5
:10DCA00004119FE50060A0E10000A0E30A20A0E1CC
:10DCB0000B30A0E196F9FFEB0620A0E10730A0E1D0
:10DCC0001D0000EACD3B7F669EA0E63FDC109FE58D
:10DCD0006004A0E30420A0E10530A0E18CF9FFEB93
:10DCE00003008DE8C8008FE2030090E80420A0E163
:10DCF0000530A0E186F9FFEB0040A0E10150A0E172
:10DD0000B4008FE2030090E80620A0E10730A0E114
:10DD10007FF9FFEB0020A0E10130A0E10400A0E1C9
:10DD20000510A0E11AF7FFEB00209DE504309DE50A
:10DD30005BFAFFEB0A20A0E10B30A0E158FAFFEB01
:10DD400010D08DE2F04DBDE81EFF2FE1F7DE29BFB8
:10DD5000D8F8C23FF4B3FECC1A99C33F62CB68D95E
:10DD60006F46C73FC6C912DAC471CC3F4AE98A94EC
:10DD70002449D23FF75F97999999D93FBC5555559A
:10DD80005555E53F9EBC9AF71C7D7F3E422EE63FEF
:10DD90007BCBDB3FABA6320EE526553E7CC4BC7F79
:10DDA000DE27743E0EE526157BCBDB3F1344D33FC5
:10DDB0004715F73F44DF5DF80BAE543EFE822B65FE
:10DDC0004715F73F0020A0E3B4FEFFEA1EFF2FE156
:10DDD0000268531C0360117070470120704780B5C2
:10DDE00000F0A8FE09BC18477847C04600502DE94E
:10DDF0000000A0E12630A0E3803B83E30310A0E114
:10DE00001800A0E3563412EFFBFFFFEAF5B592B01D
:10DE100019981E00C4000023221802932D2A00DD49
:10DE20002D22336000247460080001E0401C0124AE
:10DE300001783029FAD00025310006783700303FCC
:10DE40000A2F00D3A7E0954207DB0C68641C0C6026
:10DE50000678302E05D0012303E0303E06AC66552F
:10DE60006D1C401C0124E8E7020004E00868521C15
:10DE7000401E0860012410783028F7D0137818006D
:10DE800030380A2800D391E01998854207DA303BF0
:10DE900006AC635508686D1C401E086003E0302B1B
:10DEA00001D001200090521C0124E7E706A8401E83
:10DEB000415D00290AD120686D1E401C2060002DA4
:10DEC000F4DC03D100206946087601250398002878
:10DED00052D000200490280009210927FCF716FDE4
:10DEE0007F1A38000921FCF711FD002901D001201B
:10DEF00002900094029C0595049D0598854264DA81
:10DF000006A9485D092102903800FCF7FFFC0029B2
:10DF10000AD00098A10040180268029993009B184B
:10DF20005B005918016004E002980099641CA2008B
:10DF300088507F1C6D1CE0E72B260023002209E09F
:10DF40002B48824204DA93009A1852005218303A51
:10DF50006D1C01232978080030380A28F0D3019578
:10DF60002D2E01D1504202000098016889180160ED
:10DF7000002B01D1049801901399002906D0039831
:10DF8000002801D0019800E012980860029814B0AF
:10DF9000F0BC08BC18471992009302782E2A00D1D1
:10DFA000401C002D00D15FE7020067E7199801923D
:10DFB000009A0394002A06D006AB5B1E1A5C06ABDF
:10DFC0005B1E521C1A540C0079E7019802940178E8
:10DFD00020220A43652ACFD1019804900198451C5C
:10DFE0002E782B2E01D02D2EA6D16D1CA5E7C04674
:10DFF00000E1F505F1B481B000680E0007000022D1
:10E0000000E07F1C3B781C00093C052CF9D3202B39
:10E01000F7D02D2B01D1082201E02B2B00D17F1C42
:10E020003B78202520241D4300966E2D25D17A783B
:10E0300020231343612B03D1BA7814436E2C02D0F2
:10E040000700002044E0FF1C39000A780420282A39
:10E050003ED1491C0A7813001C00613C1A2CF8D3ED
:10E060001C00413C1A2CF4D3303B0A2BF1D35F2A1D
:10E07000EFD0292A2CD14F1C2AE0692D2CD17B7896
:10E0800020251D436E2D04D1BB7820251D43662D10
:10E0900002D0070000201BE0FF1C3978032010434A
:10E0A00020220A43692A13D1797820220A436E2A52
:10E0B0000ED1B97820220A43692A09D1F9782022A1
:10E0C0000A43742A04D139790C43792C00D17F1D7D
:10E0D00031001DD037601BE0302B17D17878044316
:10E0E000782C13D1B81C01782E2900D1401C00785F
:10E0F00001006139052906D901004139052902D9F4
:10E1000030380A2802D2BF1C022000E00120104350
:10E1100001990F60F6BC7047F5B58FB016980022D4
:10E12000C400201A0292232800DD23201A60002454
:10E130005C60002601E0491C01260A78302AFAD0EA
:10E1400073A200920D001F001690297870A016226D
:10E1500000F0A4FC002800D1A7E01699A14203DA40
:10E160003868401C386007E0009AC0466EA1801AEB
:10E17000095C04AB1955641C6D1C0126E5E7386881
:10E180006D1C401E3860012628783028F7D0297889
:10E190005FA41622200000F081FC002800D18DE051
:10E1A0001699009A91420BDB5FA1001B0A5C009953
:10E1B00004AB5A540098401C00903868401E3860E8
:10E1C0006D1C0126E3E704A8401E415D00290AD129
:10E1D00020686D1E401C2060002DF4DC03D100205F
:10E1E0006946087401252068810021600398002891
:10E1F0004CD000200D90280007210726FCF786FB55
:10E20000761A30000721FCF781FB002901D001209C
:10E210000290029F00950D9D0098854264DA04A942
:10E22000485D072102903000FCF770FB002907D001
:10E23000B800201801680A0102995118016003E032
:10E2400002987F1CB9006050761C6D1CE4E72B24FB
:10E250000025002609E02D4DAE4204DAB700BE19B4
:10E260007600B618303E5B1C01251A781700303F47
:10E270000A2FF0D301932D2C01D171420E00009989
:10E280000A6892190A60002D00D1019010990029A6
:10E2900006D00398002801D0019800E00F9808608C
:10E2A000029811B0F0BC08BC1847009428782E28BA
:10E2B00000D16D1C200000D069E765E71698019534
:10E2C000009D3C000396A84286DA04A90A5C072A4E
:10E2D00005DD04AA531E195C521E491C1154050089
:10E2E0002068401C206077E701980094029701782D
:10E2F00020220A43702AC9D10198431C1C782B2C78
:10E3000001D02D2CA3D15B1CA2E7000000E1F50594
:10E31000303132333435363738396162636465669B
:10E32000414243444546000000010203040506073C
:10E3300008090A0B0C0D0E0F0A0B0C0D0E0F000036
:10E340007847C04610402DE90240A0E1020000EBF2
:10E35000002084E51040BDE81EFF2FE1FFC0A0E3D0
:10E3600070CE8CE3212A1CE00C0032112CC1A011CC
:10E370008C204210021A41101EFF2F110C0032E1B6
:10E3800081C090110B00000A80C401E2012042E22A
:10E390008000B0E10110A1E0400911E3FAFFFF0A9B
:10E3A0000C1081E1FC2F42E20D2042E2FC1581E2DB
:10E3B000D01881E21EFF2FE10020A0E31EFF2FE115
:10E3C0007847C046020012E11E00004AFFC0A0E3E9
:10E3D00070CE8CE3213A1CE00C0033110800000AD7
:10E3E000023093E00C0053E1021A81301EFF2F31FE
:10E3F000801401E20C1A81E10000B0E30000A0E10A
:10E400001EFF2FE10C0033E1813090111EFF2F0120
:10E41000020012E11EFF2F01803401E2000090E0B3
:10E420000110A1E0012052E20100000A400911E3BD
:10E43000F9FFFF0A031081E1013082E2020012E1DC
:10E44000E7FFFF1A1EFF2FE1002072E2FFC0A0E3EA
:10E4500070CE8CE3213A1CE00C0033112000000A3E
:10E4600003C052E0021A41301EFF2F3101208CE21E
:10E47000031AC1E1401981E380C401E2350052E38F
:10E480001B0000CA10002DE90C1021E0203052E2E0
:10E49000050000AA203062E21043B0E13002A0E1A2
:10E4A000110380E13112A0E1060000EA000070E1F2
:10E4B0003043A0E1014084133103A0E1203063E246
:10E4C000114394E10010B0E38024D4E20000B0E2F4
:10E4D0000C10B1E0040014E11000BDE80000A0E160
:10E4E0001EFF2FE10C0033E181C09011E1FFFF1A04
:10E4F0001EFF2FE10C10A0E10000B0E3BEFFFFEA19
:10E50000FC4D2DE90040A0E10150A0E18500A0E113
:10E510000110A0E30260A0E10370A0E1C01A91E045
:10E520001500000A0020C4E38034D5E30100001A7E
:10E53000000052E31000000A8700A0E10110A0E3F0
:10E54000C01A91E00C00000A0020C6E38034D7E333
:10E550000100001A000052E30700000A0510A0E1C4
:10E56000000051E3700000AA0020A0E38034A0E383
:10E57000040052E00110C3E06B0000EA8510A0E146
:10E580000120A0E3C12A92E00100001A0506B0E1D3
:10E590002B01001A8710A0E10120A0E3C12A92E01C
:10E5A0000100001A0706B0E13B00001A0020C6E394
:10E5B0008034D7E30800001A000052E30600001A76
:10E5C0008510A0E10120A0E3C12A92E03200001AE8
:10E5D0000506B0E13000001A0A0000EA0120A0E3BD
:10E5E000C12A92E00C00001A0706B0E10A00001AE6
:10E5F0008510A0E10120A0E3C12A92E02600001AC4
:10E600000506B0E12400001A0000A0E1FC4DBDE8C1
:10E610000000E0E38014C0E31EFF2FE10000C4E32C
:10E620008014D5E32000001A000050E31E00001AF9
:10E6300028309DE58720A0E1A22AB0E1021083E006
:10E640002600001A0000C6E38014D7E30100001A78
:10E65000000050E30400000A0320A0E10710A0E13D
:10E6600057FFFFEB0060A0E10170A0E10000C6E3EE
:10E670008014D7E30100001A000050E30500000AEF
:10E680008720A0E10110A0E3C21A91E00200001A65
:10E690000706B0E10000001A0000A0E10600A0E1BA
:10E6A0000710A0E1FC4DBDE81EFF2FE18510A0E1A1
:10E6B0000120A0E3C12A92E01900001A0506B0E18A
:10E6C0001700001A0620A0E10730A0E10400A0E135
:10E6D0000510A0E108D08DE2F04DBDE80CF7FFEA8F
:10E6E000000051E3D6FFFFDAFF20A0E3702E82E3A3
:10E6F000020051E1050000BA021AA0E18120A0E168
:10E70000800407E2A27080E10060A0E3D6FFFFEA88
:10E710007024E0E3FF26C2E3072002E0017A82E1F1
:10E72000D1FFFFEA801407E2D80000EA20339FE51A
:10E73000000053E380B4A0B30330CBB0030051E139
:10E74000801407B2160000BA08139FE50000A0E38A
:10E75000000051E38034A0B30110C3B00530A0E144
:10E760000420A0E1000053E3020000AA80B4A0E36B
:10E77000022050E00330CBE0030051E1090000CA61
:10E78000010000BA020050E10600002A7014A0E364
:10E79000FF1681E38120A0E1800407E20000A0E1F0
:10E7A000A21080E1B90000EAAB0F8FE2030090E80D
:10E7B0000420A0E10530A0E1D5F6FFEBC035A0E3D1
:10E7C000FE3683E383C0A0E180E401E2AC308EE159
:10E7D0000020A0E3B2F7FFEBB7F6FFEB0080A0E16B
:10E7E0005AF7FFEB01B0A0E174129FE500A0A0E191
:10E7F000F804A0E30A20A0E10B30A0E1C4F6FFEB8F
:10E800000020A0E10130A0E10400A0E10510A0E19A
:10E810005FF4FFEB0040A0E10150A0E1910F8FE217
:10E82000030090E80A20A0E10B30A0E1B8F6FFEB6E
:10E830000020A0E10130A0E10400A0E10510A0E16A
:10E8400053F4FFEB0150A0E1C035A0E38014C5E311
:10E850000020A0E3C93683E30040A0E187F6FFEB88
:10E860000640A0310750A0314800003A0420A0E142
:10E870000530A0E10510A0E1A5F6FFEB00A0A0E1A6
:10E8800001B0A0E1790F8FE2030090E80A20A0E137
:10E890000B30A0E19EF6FFEB762F8FE20C0092E8A2
:10E8A0007FF7FFEB0A20A0E10B30A0E198F6FFEB29
:10E8B0000DC0A0E103008CE8700F8FE2030090E828
:10E8C0000A20A0E10B30A0E191F6FFEB6D2F8FE263
:10E8D0000C0092E872F7FFEB0A20A0E10B30A0E1F8
:10E8E0008BF6FFEB0130A0E10020A0E1C015A0E312
:10E8F0000000A0E3FE1681E369F7FFEB0420A0E12E
:10E900000530A0E182F6FFEB0040A0E10150A0E15C
:10E9100003009DE80420A0E10530A0E160F7FFEBD3
:10E920000130A0E10020A0E1C015A0E30000A0E3B9
:10E93000FF1681E35AF7FFEB00A0A0E101B0A0E1D0
:10E9400003009DE80420A0E10530A0E110F4FFEBF6
:10E950000130A0E10020A0E1C015A0E30000A0E389
:10E96000FF1681E34EF7FFEB0020A0E10130A0E1AC
:10E970000A00A0E10B10A0E137F3FFEB0620A0E1B5
:10E980000730A0E162F6FFEB0040A0E10150A0E1FA
:10E9900028009DE58510A0E1082080E0A13AB0E1C3
:10E9A000031082E01000000A000051E30E0000DABC
:10E9B000FF20A0E3702E82E3020051E1050000BABF
:10E9C000021AA0E18120A0E1800405E2A25080E1CA
:10E9D0000040A0E30E0000EA7024E0E3FF26C2E35B
:10E9E000052002E0015A82E1090000EA0060C4E368
:10E9F0008074D5E30100001A000056E30400000A09
:10EA00000400A0E10510A0E16DFEFFEB0040A0E1D5
:10EA10000150A0E10000C4E38014D5E30100001A16
:10EA2000000050E30500000A8520A0E10110A0E3EA
:10EA3000C21A91E00200001A0506B0E10000001AB7
:10EA40000000A0E10400A0E10510A0E1FC4DBDE83C
:10EA50001EFF2FE100C89CC000C89C40FE822B65B1
:10EA60004715F73F422EE63FF2E4D5BCE7E84B3EC0
:10EA7000112E5781A03F503F5843128C8F71BC3FDD
:10EA80004BE8A541B752013F0BBDF3DAE8708C3F6C
:10EA9000FC4DBDE80000A0E31EFF2FE17847C04613
:10EAA000FF1001E2030010E30500000A012052E21A
:10EAB0001C00003A0130D0E4030031E1F8FFFF1AF6
:10EAC000160000EA082052E20E00003A042082E21A
:10EAD00010002DE9011481E1011881E14CC09FE58E
:10EAE000043090E4042052E201302320AC43432060
:10EAF0000340C4210C001421F8FFFF0A1000BDE8F8
:10EB0000FF1001E2040050E2082092E20130D0E45C
:10EB1000012052E203003121FBFFFF8A0100A01314
:10EB2000010050E21EFF2FE10000B0E31EFF2FE1C5
:10EB3000808080807847C0460070B0E10700B0E177
:10EB4000A9FCFFEBFDFFFFEA0EF0B0E1F0B5A1B0CC
:10EB5000269C049102A93B254C5500270D97019056
:10EB6000140000930BE00498019A00F061FF0490F8
:10EB7000002800D1A3E00D98641C401C0D90217862
:10EB8000002909D02529EED10797089709970A97F8
:10EB90000B970C97002104E00D9892E008000121EA
:10EBA0000143641C20782028F8D023280DD02B287E
:10EBB00004D02D2805D030280AD086E00800022194
:10EBC000EEE70A0004211143EBE708000821E7E71C
:10EBD0000A001021F7E7474B0F9709E00F9898427A
:10EBE00005DA85002D186D00A81830380F90641CC8
:10EBF0002278100030380A28F0D320782E2803D04D
:10EC00000020C0430E9028E0641C20782A280AD1F6
:10EC10000098009A0068641C10600268009B001D48
:10EC200018600E9219E02D2802D12D22641C00E0FC
:10EC30000022304D0E970BE0002A08D10E98A84212
:10EC400005DA860036187600F01830380E90641C0D
:10EC50002378180030380A28EED302AD29872678A9
:10EC600025A03100FEF74EFC002801D0641C00E016
:10EC700000263A202E543A21685C682804D1207876
:10EC8000682809D1622005E06C2805D120786C281D
:10EC900002D171206854641C009A12A8069023784F
:10ECA000019802A900F06AF8641C002807D10198B5
:10ECB00012AA02A900F0BCF9002800D45FE70020E6
:10ECC000C04321B0F0BC08BC18472A2800D082E716
:10ECD0000098026802601068009B121D1A600F9075
:10ECE000002804D54242080004210F920143641C0D
:10ECF00083E70000CBCCCC0C686A6C747A4C0000C3
:10ED00000B0062281ED068280DD06A2803D06C281A
:10ED100027D0712825D11A680720D21D82431A6096
:10ED200003CA1A6070471968002A1960086804D07D
:10ED3000091D0004196000141AE0091D000419607F
:10ED4000000C19E01968002A1960086804D0091D30
:10ED50000006196000160BE0091D00061960000E80
:10ED60000AE01968002A1960086803D0091D1960B3
:10ED7000C1177047091D19600021704770B50C005C
:10ED800025691E0011003000253800D116E11C381D
:10ED900068D0001F022865D9133842D0093861D0E5
:10EDA000801E16D0401E1ED0401E02285AD9001FB9
:10EDB00019D0401F00D17EE0401E32D0401E00D14D
:10EDC000C9E0C01E00D1D7E0801E2AD0C01E28D0C6
:10EDD000FAE06069421C62610A680A601368121DE9
:10EDE0000A602B54FAE03A23E05C0122FFF788FF27
:10EDF00003C4083C002904DA60692D22411C6161CA
:10EE00000DE0208F810704D560692B22411C6161D0
:10EE100005E0C00721D560692022411C61612A54A8
:10EE20001BE03A20205C0022FFF76AFF03C4083C85
:10EE30003821605C020710D503CC083C002901D1C1
:10EE400000280AD020203043782806D1606930217C
:10EE50002954401C421C62612E54606931002818FC
:10EE6000E06085E008680722C01D904308600CC878
:10EE700008600CC4083C03CC083CC80F04D060698F
:10EE80002D22411C61610DE0208F810704D560694E
:10EE90002B22411C616105E0C00704D56069202276
:10EEA000411C61612A54606931002818E06020002B
:10EEB00000F004FA92E03B20225C002A04D00024F7
:10EEC000E443C04647A062E03A20225C622A08D0B0
:10EED000682A23D06A2A12D06C2A2ED0712A0ED02A
:10EEE0002BE00A680A601068121D0A60002803D12E
:10EEF0000024E44341A04AE0E16A01706EE0086842
:10EF000008600268001D0860002A03D10024E44361
:10EF10003AA03CE0E06AC11703C25FE00A680A60F9
:10EF20001068121D0A60002804D10024E443C04682
:10EF300032A02CE0E16A018050E00A680A601068A3
:10EF4000121D0A60002803D10024E4432BA01EE018
:10EF5000E16A016042E0086808600268001D08601C
:10EF60000020C0430021104003C4083CE560782124
:10EF7000200000F0E9F831E0086808600568001D2D
:10EF80000860E560002D06D10024E44321A000F0D4
:10EF9000BDFD201A23E0266B002E03D52800FBF7C9
:10EFA00009FE09E0320000212800FFF777FD002864
:10EFB00001D0401B00E03000A0610FE06069252215
:10EFC000411C61612A5409E061692522481C606185
:10EFD0006A54310002D0411C61612E54002070BC83
:10EFE00008BC18477072696E74665F733A20256EAC
:10EFF00020646973616C6C6F776564007072696E10
:10F0000074663A2062616420256E20617267756DB6
:10F01000656E74007072696E74665F733A20626127
:10F020006420257320617267756D656E7400000041
:10F03000FEB506000D00686B69691700411A286A61
:10F04000081AA969411A686A081AE969411AA86A7E
:10F05000081A01903821685C410710D420206946C5
:10F060000870019800280ADD019C01236A462900E6
:10F07000300000F0C0FC002860D1641EF5D16B693F
:10F080003A002900300000F0B6FC002856D13027A5
:10F09000684607702C6A002C09DD01236A462900A6
:10F0A000300000F0A8FC002848D1641EF5D1AB69FF
:10F0B000EA682900300000F09EFC00283ED1684636
:10F0C00007706C6A002C09DD01236A4629003000B4
:10F0D00000F091FC002831D1641EF5D1E868A969DF
:10F0E000EB6942182900300000F085FC002825D18A
:10F0F00068460770AC6A002C09DD01236A462900C6
:10F10000300000F078FC002818D1641EF5D13821B9
:10F11000685C410710D520206946087001980028D6
:10F120000ADD019C01236A462900300000F063FCDF
:10F13000002803D1641EF5D1002001E00020C04367
:10F1400003B0F0BC08BC1847F2B586B004002569CE
:10F150006F2901D1082706E020220A43782A01D02E
:10F160000A2700E0102703CC04AA03C26B461A7ECC
:10F170003C26083C642A03D06A46137E692B09D1D9
:10F18000002907DA04A803C800220023121A8B41C1
:10F1900004A80CC004AA03CA002922D1002820D147
:10F1A000206B00281DD1082F51D13821605C010748
:10F1B0004DD53B26302049E000290ED53821625C30
:10F1C00014231340102B08D1616B62698A1A216ADB
:10F1D000511A081A002800DD206207B0F0BC08BCF4
:10F1E00018470294009504A830C83A00200029006E
:10F1F000FB1700F01FFC30321006761E000E019641
:10F200003A2803DB6846017E5139521800982900DC
:10F21000825520003A00FB1700F00CFC04000D00A2
:10F2200001D1002C05D00298C16800988019814254
:10F23000DBD3029C009D082F09D13821605C0107B7
:10F2400005D5A85D302802D0761E3020A8553C2177
:10F25000881B216BAA19A061E2608842ACDA081A07
:10F2600014492062208F01402187B6E7F8B5124F7C
:10F27000002604000D00009214E0C10707D53200FB
:10F280003B0020002900FDF743F804000D00009822
:10F29000320041100091300039003B00FDF738F892
:10F2A00006000F0000980028E7D120002900F4BCD8
:10F2B00008BC1847EFFF0000000024400200F3B52F
:10F2C00093B003CA02AB03C314AA107820216A4684
:10F2D000014305AE117061290BD01398006B002813
:10F2E00001D5062003E004D1672902D1012013993A
:10F2F0000863139803C84C006215521C16D10A0308
:10F3000014D013990320886114AA107861381A2840
:10F3100004D25B497944FF31693103E059497944AA
:10F32000FF316331139B0322D86813E06215521C2E
:10F3300013D10A0311D113990320886114AA1078FC
:10F3400061381A281CD350497944FF313D31139854
:10F350000322C068FBF72EFADAE110AC03C410AD4B
:10F360000CCD9AA430CC1D40802314405B039D42F9
:10F370000FD200270197002D07D1002C05D114E0F2
:10F3800042497944FF31C91DE1E701AAFEF7D8FFE0
:10F390000BE089A003C82C0D0019019010AA03CA24
:10F3A00087A430CC0D4088492943139A03C268468C
:10F3B0000178612912D113983021C0680170139926
:10F3C000821CCA6014AA1178612901D1782100E059
:10F3D0005821417013994869801C4861139830C8BE
:10F3E0007AA003C82040294004D1002802D16A46EF
:10F3F000108181E168460178612900D0B3E013985B
:10F40000006B002801D5212000E0401C0090009FE7
:10F4100002AE03CE7F1C00220023FCF72FFF02D296
:10F420008020000645400198001F01906846027543
:10F4300005AA561C002F00DC72E1200029000022E2
:10F440000023FCF7D3F800D36AE169004A0D1100EC
:10F450001C31002A1CD000291ADDBC4A914209DB6C
:10F46000110580204A002B00000652080340134378
:10F47000002003E0B64A0B052A401343190015E0AB
:10F48000D8650100D8650100DC650100D465010084
:10F490000020C04341082040294003D1002801D169
:10F4A000290003E01C222900FEF78AFF04000D005A
:10F4B000FCF702FFFF1F0290002F09DDFDF746F861
:10F4C00002000B0020002900FCF762FA04000D0086
:10F4D000029AF01D072104E01607401E360F067041
:10F4E0001211002A01DD491EF6D5491E00D513E18F
:10F4F000401E00220270F8E70022030005ACE41869
:10F5000001E0401E641E25785B1E9542F9D00F2A4B
:10F5100004D14C1CE25C491C521CCA54002B04D57B
:10F52000019905AE091D401C0191421E12D414A977
:10F530000978B3181C78303425062D0E3A2D02DBDD
:10F540000D003A3D64191C70521E5B1E002AF1D555
:10F5500014AA117013990A6B002A00D4C9E0139AF7
:10F56000411E1163C5E07B4902A830C801986D00B7
:10F57000484379496D08FBF7C9F9019001990720C3
:10F58000411A0291080005DD020020002900FFF762
:10F590006DFE0AE0714942420020FFF767FE02005B
:10F5A0000B0020002900FCF757F86A461378662BF9
:10F5B00010D1019A0A320EE002FCFFFFFFFFFFFFAD
:10F5C000FFFFFFFFFFFF0F800000E03FFFFFFFFF97
:10F5D000FFFFFF7F0622139B1C6BA218142A00DD7D
:10F5E000142230236C46237505AD6C1C02E0049A8E
:10F5F00002A803C8002A3CDD02AB03C3049202A8A0
:10F6000003C80834FDF72CF80F90060004253000DD
:10F610000A21E2F739F80F0030000A21E2F734F846
:10F6200006003037601E077030000A21E2F72CF820
:10F630000F0030000A21E2F727F80600A41E303739
:10F6400027706D1EE3D10498083408380490002810
:10F65000CDDD0F98FDF73EF902000B0002A803C8AC
:10F66000FCF796F93E4B0022FCF752FE02AA03C2B9
:10F67000C5E705A8411C05AA611A561C04E00198BB
:10F68000491E401E0190761C30783028F7D068461D
:10F690000278662A02D10198401C04E0652A01D153
:10F6A000012000E00020139A136B1818814200DA41
:10F6B000481E00281DD4884204DA315C352901DB5C
:10F6C000392100E030210200731E9C1801E0401E29
:10F6D000641E2578521E8D42F9D0392902D1B15CC1
:10F6E000491CB154002A04D501991E00491C401C34
:10F6F0000191694608810198694600040014009050
:10F7000008200B5E139814AC2178320000F02AF820
:10F7100015B0F0BC08BC1847C61D002F00DD8CE6F4
:10F7200005A9481C321A009805AB5E1C824200DC19
:10F730001000002800D50DE7904200DBDCE64A1CF3
:10F74000135C072B00DCD7E60F22D6E6FF0700008C
:10F75000FFFF0F8097750000A08601000000F03FBA
:10F7600084D79741F6B583B00600346B1D00002D99
:10F7700003DCC0469FA0012504900F0020203843E1
:10F78000662803D16846078D7F1C1CE0672800D0DF
:10F790008DE0694628200A5E0323DB439A4200DAA3
:10F7A00089E0A24200DB86E06846078D3821705C64
:10F7B0007F1C010702D4A54200DA2C003804001493
:10F7C000241A00D50024B169F0683A0440181214D4
:10F7D000002A28DC491C30220270002C03DC38226D
:10F7E000B05C020703D5F2682E205054491C38043F
:10F7F000B161001441428C4200DA67423F043F1479
:10F800007842E4197062AC4200DA2500F368B0690E
:10F810002D042D14F56104992A001818FAF7CAFF6F
:10F82000601BB062CAE0954218DA04992A00FAF720
:10F83000C1FFB0693F043F1441197A1BB161726284
:10F84000002C03DC3822B05C020705D5F2682E20BC
:10F850005054F069401CF061B462AFE00499ED1BB4
:10F86000FAF7A8FFB169380400140918002C03DC6A
:10F870003823F25C130703D5F3682E225A54491C2F
:10F88000B161290409148C4200DA25000499B36996
:10F890000918F0682A041214C018FAF78BFFB0692F
:10F8A0002D042D144019611BB061716286E0612F37
:10F8B00011D1702712E0A54204DA3822B05C0207A9
:10F8C00000D42C00641E00D50024672F01D16527C9
:10F8D00004E0452702E0412F00D15027B069411CC8
:10F8E000B161049A1378F26813540498421C04928C
:10F8F000002C03DC3822B05C02071AD5F368481CE0
:10F90000B0612E225A54002C13DD6D1E29040914F7
:10F910008C4200DA2500F36804992A04121418189E
:10F92000FAF748FFB0692D042D144019611BB0612E
:10F930007162F068B1696B46401807702822995EC1
:10F94000002904D42B214170801C049006E02D2254
:10F9500042704A42801C694604900A856946282004
:10F96000085E00246D4605E00A21FAF7CFFF2970F2
:10F97000641C6D1C000400140028F5DC012C09DC5B
:10F9800020203843652805D1049930200870049858
:10F99000411C0491002C29D104993020087004984E
:10F9A000411C06E0641E105D30300870491C002CBC
:10F9B000F8DCF068B2698218891AF1613820315C8C
:10F9C00014220A40102A0DD17069B1694118706A79
:10F9D0000818F1694118B06A0818716B884201DA99
:10F9E000081A306205B0F0BC08BC184704996A4692
:10F9F000DDE700003000F8B50024002B14D007002C
:10FA00000E0014001D002178B06800F012F8B060FC
:10FA1000002807D0F06A641C401CF0626D1EF2D111
:10FA2000002401E00024E4432000F2BC08BC184795
:10FA3000104738477847C04601C093E10C00001AD0
:10FA400000502DE90210A0E1BCEBFFEB0120A0E18A
:10FA50000010A0E30030A0E30050BDE81EFF2FE13E
:10FA60000130A0E10020A0E10010A0E30000A0E32D
:10FA70001EFF2FE1020050E103C0D1E0F7FFFF3A83
:10FA800003C092E13400000A30002DE900C0A0E379
:10FA9000022092E00330B3E00300002A030051E1AA
:10FAA0000200500101C08C22F8FFFF2A6330B0E150
:10FAB0006220A0E18054A0E320405CE23544A02114
:10FAC0000050A023355CA0310040A033010000EAC3
:10FAD000A330B0E16220A0E1020050E103C0D1E018
:10FAE000020040200C10A0210440B4E00550B5E015
:10FAF000F6FFFF3A0020A0E10130A0E10400A0E100
:10FB00000510A0E13000BDE81EFF2FE180B5002800
:10FB100001D1C04608A007490B68002B04D022225F
:10FB2000002100F019F801E000F01AF80ABC2220C8
:10FB30001847000094ED0040636F6E737472616942
:10FB40006E742068616E646C65723A206261642034
:10FB50006D65737361676500184700001EFF2FE134
:10FB600080B50120FEF740F909BC184710B50949D6
:10FB700079442031084C7C441E3405E00A68081D95
:10FB8000891800F00BF80100A142F7D110BC08BCA5
:10FB90001847C046EC04FEFF0C05FEFF084770B492
:10FBA0000123002413E00168001D194202D04D46D4
:10FBB0006D1E49190C60091D121F042AFAD20D008E
:10FBC000960701D50C80AD1C1A4000D02C7002683D
:10FBD000001D002AE7D170BC704730B401220168D3
:10FBE000001D00290FD003684468C3180830144270
:10FBF00002D04D466D1E64191D681B1D2560241D15
:0AFC0000091FECD0F8E730BC704794
:10FC0C00426C7565746F6F74685F73656E64536571
:10FC1C007175656E63650000443A5C55736572736B
:10FC2C005C43686972696B616C6F5C41524D5F70CB
:10FC3C00726F6A5C53505244325F355C626C75650E
:10FC4C00746F6F74682E630053656E6420736571F6
:10FC5C0075656E636520697320746F6F206C6F6EB1
:10FC6C0067000000426C7565746F6F74685F736534
:10FC7C006E6453657175656E6365457800000000B0
:10FC8C000252030000000000025204140000130092
:10FC9C005261645365617263686572202325303547
:10FCAC007500000000000000000010002534752EC7
:10FCBC00253032752E2530327520253032753A2597
:10FCCC003032753A2530327500000000253032751F
:10FCDC003A253032753A25303275000025303275B0
:10FCEC002530327525303275253032752530327518
:10FCFC00000000004C494E4B204F4E004C494E4BDF
:10FD0C00204F4E004C494E4B204F4E00D1E2FFE7A6
:10FD1C00FC20E2EAEB0000004C494E4B204F4646DB
:10FD2C00004C494E4B204F4646004C494E4B204F01
:10FD3C00464600D1E2FFE7FC20E2FBEA00000000AF
:10FD4C006261636B006261636B006261636B00ED07
:10FD5C00E0E7E0E400000000736574757000736503
:10FD6C0074757000736574757000EEEFF6E8E8005A
:10FD7C006F6666006F6666006F666600E2FBEAEB14
:10FD8C00000000006F6E006F6E006F6E00E2EAEB19
:10FD9C00000000006D656E75006D656E75006D651B
:10FDAC006E7500ECE5EDFE00526563656976656481
:10FDBC003A0042656B6F6D6D656E3A005265636516
:10FDCC00697665643A00CFF0E8EDFFF2EE3A000098
:10FDDC005472616E736D69747465643A0041627338
:10FDEC00656E64756E673A005472616E736D6974FA
:10FDFC007465643A00CFE5F0E5E4E0EDEE3A00001E
:10FE0C004D6F64756C65206E616D653A0D004D6FBC
:10FE1C0064756C65206E616D653A0D004D6F64758F
:10FE2C006C65206E616D653A0D00C8ECFF20ECEE40
:10FE3C00E4F3EBFF3A0D0000626C7565746F6F7440
:10FE4C0068436F6E74726F6C00000000636F6D6DB1
:10FE5C005F706F7765725F7374617465000000008A
:10FE6C004F4E3A20616374697665004F4E3A2061BB
:10FE7C006374697665004F4E3A20616374697665E8
:10FE8C0000C2CACB3A20E0EAF2E8E2EDEE00000054
:10FE9C004F4E3A206D616E75616C6C79004F4E3A25
:10FEAC00206D616E75616C6C79004F4E3A206D61FE
:10FEBC006E75616C6C7900C2CACB3A20E2F0F3F734
:10FECC00EDF3FE00491000001E3F00005D10000025
:10FEDC006110000065100000791000008710000010
:10FEEC00A7100000B5100000C3100000E1100000C6
:10FEFC00EF100000F3100000FF10000007110000CD
:10FF0C00031100009B1000004D454E553A204C4902
:10FF1C004E4B004D454E553A204C494E4B004D45ED
:10FF2C004E553A204C494E4B00CCC5CDDE3A20D133
:10FF3C00C2DFC7DC00000000000000000000000071
:10FF4C0000000000000000000000000000000000A5
:10FF5C00000000000000000001000000FF11000084
:10FF6C000000000000000000000000000000000085
:10FF7C000000000000000000000000000000000075
:10FF8C00000000002512000000000000000000002E
:10FF9C000000000000000000000000000000000055
:10FFAC000000000000000000000000002530327846
:10FFBC000000000000000000963007772C610EEE68
:10FFCC00BA51099919C46D078FF46A7035A563E9A4
:10FFDC00A395649E3288DB0EA4B8DC791EE9D5E0CB
:10FFEC0088D9D2972B4CB609BD7CB17E072DB8E7CA
:04FFFC00911DBF9004
:020000040002F8
:100000006410B71DF220B06A4871B9F3DE41BE84B6
:100010007DD4DA1AEBE4DD6D51B5D4F4C785D38312
:1000200056986C13C0A86B647AF962FDECC9658AB6
:100030004F5C0114D96C0663633D0FFAF50D088D12
:10004000C8206E3B5E10694CE44160D5727167A2B6
:10005000D1E4033C47D4044BFD850DD26BB50AA512
:10006000FAA8B5356C98B242D6C9BBDB40F9BCAC36
:10007000E36CD832755CDF45CF0DD6DC593DD1AB92
:10008000AC30D9263A00DE518051D7C81661D0BFB6
:10009000B5F4B42123C4B3569995BACF0FA5BDB812
:1000A0009EB802280888055FB2D90CC624E90BB1B6
:1000B000877C6F2F114C6858AB1D61C13D2D66B612
:1000C0009041DC760671DB01BC20D2982A10D5EF76
:1000D0008985B1711FB5B606A5E4BF9F33D4B8E8D2
:1000E000A2C9077834F9000F8EA8099618980EE176
:1000F000BB0D6A7F2D3D6D08976C6491015C63E6D2
:10010000F4516B6B62616C1CD83065854E0062F2F5
:10011000ED95066C7BA5011BC1F4088257C40FF551
:10012000C6D9B06550E9B712EAB8BE8B7C88B9FC75
:10013000DF1DDD62492DDA15F37CD38C654CD4FBD1
:100140005861B24DCE51B53A7400BCA3E230BBD475
:1001500041A5DF4AD795D83D6DC4D1A4FBF4D6D3D1
:100160006AE96943FCD96E34468867ADD0B860DA75
:10017000732D0444E51D03335F4C0AAAC97C0DDDD1
:100180003C710550AA41022710100BBE86200CC9F5
:1001900025B56857B3856F2009D466B99FE461CE51
:1001A0000EF9DE5E98C9D9292298D0B0B4A8D7C775
:1001B000173DB359810DB42E3B5CBDB7AD6CBAC0D1
:1001C0002083B8EDB6B3BF9A0CE2B6039AD2B174ED
:1001D0003947D5EAAF77D29D1526DB048316DC7349
:1001E000120B63E3843B64943E6A6D0DA85A6A7AED
:1001F0000BCF0EE49DFF099327AE000AB19E077D49
:1002000044930FF0D2A3088768F2011EFEC206696C
:100210005D5762F7CB67658071366C19E7066B6EC8
:10022000761BD4FEE02BD3895A7ADA10CC4ADD67EC
:100230006FDFB9F9F9EFBE8E43BEB717D58EB06048
:10024000E8A3D6D67E93D1A1C4C2D83852F2DF4FEC
:10025000F167BBD16757BCA6DD06B53F4B36B24848
:10026000DA2B0DD84C1B0AAFF64A0336607A0441EC
:10027000C3EF60DF55DF67A8EF8E6E3179BE694648
:100280008CB361CB1A8366BCA0D26F2536E268526C
:1002900095770CCC03470BBBB91602222F260555C8
:1002A000BE3BBAC5280BBDB2925AB42B046AB35CEC
:1002B000A7FFD7C231CFD0B58B9ED92C1DAEDE5B48
:1002C000B0C2649B26F263EC9CA36A750A936D022C
:1002D000A906099C3F360EEB856707721357000588
:1002E000824ABF95147AB8E2AE2BB17B381BB60CAC
:1002F0009B8ED2920DBED5E5B7EFDC7C21DFDB0B08
:10030000D4D2D38642E2D4F1F8B3DD686E83DA1F2B
:10031000CD16BE815B26B9F6E177B06F7747B71887
:10032000E65A0888706A0FFFCA3B06665C0B01112B
:10033000FF9E658F69AE62F8D3FF6B6145CF6C1687
:1003400078E20AA0EED20DD75483044EC2B303392B
:10035000612667A7F71660D04D476949DB776E3E87
:100360004A6AD1AEDC5AD6D9660BDF40F03BD837AB
:1003700053AEBCA9C59EBBDE7FCFB247E9FFB53007
:100380001CF2BDBD8AC2BACA3093B353A6A3B4242B
:100390000536D0BA9306D7CD2957DE54BF67D92387
:1003A0002E7A66B3B84A61C4021B685D942B6F2A2B
:1003B00037BE0BB4A18E0CC31BDF055A8DEF022D87
:1003C000446973706C61795F7365745465787457B0
:1003D000696E0000443A5C55736572735C436869EA
:1003E00072696B616C6F5C41524D5F70726F6A5CD9
:1003F00053505244325F355C646973706C61792E7E
:1004000063000000546578742077696E646F77200C
:100410006973206F7574206F6620626F756E6473E8
:1004200000000000446973706C61795F73686F77D6
:1004300053796D626F6C000053796D626F6C206C44
:10044000656E20696E20666F6E74206D7573742002
:100450006265203E30000000446973706C61795F12
:100460006F75747075745F626D7000004269746DB1
:100470006170206C656E206D757374206265203E1E
:100480003000000000000000EF003F01446973707D
:100490006C61795F426C696E6B5245444C45440017
:1004A0004C454420626C696E6B2064656C617920F8
:1004B0006973206F7574206F662072616E676500C6
:1004C0005741524D55500D00414E5741524D0D0070
:1004D0005741524D55500D00CFD0CEC3D0C5C20D9F
:1004E00000000000494E2050524F47524553530DD3
:1004F0000D00455246554C4C554E470D0D00494E8A
:100500002050524F47524553530D0D00C2DBCFCE02
:10051000CBCDDFC5D2D1DF0D0D000000506C656181
:10052000736520776169742E2E2E0042697474659C
:100530002077617274656E2E2E2E00506C6561738B
:100540006520776169742E2E2E00CFEEE6E0EBF386
:10055000E9F1F2E020E6E4E8F2E52E2E2E000000BC
:1005600070656374726F6D65747269630D0000006D
:100570006572736F6E616C0D0000000061646961EB
:1005800074696F6E0D00000065746563746F7200AE
:1005900053656172636865720D0D0000415431331B
:1005A00032310D0D0000000041544F4D5445580D9F
:1005B00000000000A9323031312D323031320D00CF
:1005C00073637265656E0000424DB8040000000060
:1005D0000000360000002800000018000000100095
:1005E0000000010018000000000082040000120B4F
:1005F0000000120B000000000000000000000000DE
:100600000000000000000000FFFF00FFFF00FFFFF0
:1006100000FFFF00FFFF00FFFF00FFFF00FFFF00E4
:10062000FFFF00FFFF00FFFF00FFFF00FFFF00FFD5
:10063000FF00FFFF00FFFF00FFFF00FFFF00FFFFC5
:1006400000000000000000000000000000000000AA
:10065000FFFF00000000000000000000000000009C
:10066000000000000000000000000000000000008A
:10067000000000000000000000000000000000007A
:10068000000000000000FFFF00000000000000006C
:100690000000000000000000FFFF0000000000005C
:1006A000000000000000000000000000000000004A
:1006B000000000000000000000000000000000003A
:1006C0000000000000000000000000000000FFFF2C
:1006D000000000000000000000000000000000001A
:1006E000FFFF00000000000000000000000000000C
:1006F00000000000000000000000000000000000FA
:1007000000000000000000000000000000000000E9
:10071000000000000000FFFF0000000000000000DB
:100720000000000000000000FFFF000000000000CB
:1007300000000000000000000000000000000000B9
:1007400000000000000000000000000000000000A9
:100750000000000000000000000000000000FFFF9B
:1007600000FFFF00FFFF000000000000000000008D
:10077000FFFF00000000000000000000000000007B
:100780000000000000000000000000000000000069
:100790000000000000000000000000000000000059
:1007A000000000000000000000000000FFFF00004B
:1007B0000000000000000000FFFF0000000000003B
:1007C0000000000000000000000000000000000029
:1007D0000000000000000000000000000000000019
:1007E0000000000000000000000000000000000009
:1007F00000000000FFFF00000000000000000000FB
:10080000FFFF0000000000000000000000000000EA
:1008100000000000000000000000000000000000D8
:1008200000000000000000000000000000000000C8
:10083000000000000000000000000000FFFF0000BA
:100840000000000000000000FFFF000000000000AA
:100850000000000000000000000000000000000098
:100860000000000000000000000000000000000088
:100870000000000000000000000000000000000078
:1008800000000000FFFF000000000000000000006A
:10089000FFFF00000000000000000000000000005A
:1008A0000000000000000000000000000000000048
:1008B0000000000000000000000000000000000038
:1008C000000000000000000000000000FFFF00002A
:1008D0000000000000000000FFFF0000000000001A
:1008E0000000000000000000000000000000000008
:1008F00000000000000000000000000000000000F8
:1009000000000000000000000000000000000000E7
:1009100000000000FFFF00000000000000000000D9
:10092000FFFF0000000000000000000000000000C9
:1009300000000000000000000000000000000000B7
:1009400000000000000000000000000000000000A7
:10095000000000000000FFFF00FFFF00FFFF00009D
:100960000000000000000000FFFF00000000000089
:100970000000000000000000000000000000000077
:100980000000000000000000000000000000000067
:100990000000000000000000000000000000FFFF59
:1009A0000000000000000000000000000000000047
:1009B000FFFF000000000000000000000000000039
:1009C0000000000000000000000000000000000027
:1009D0000000000000000000000000000000000017
:1009E000000000000000FFFF000000000000000009
:1009F0000000000000000000FFFF000000000000F9
:100A000000000000000000000000000000000000E6
:100A100000000000000000000000000000000000D6
:100A20000000000000000000000000000000FFFFC8
:100A300000000000000000000000000000000000B6
:100A4000FFFF00FFFF00FFFF00FFFF00FFFF00FFB1
:100A5000FF00FFFF00FFFF00FFFF00FFFF00FFFFA1
:100A600000FFFF00FFFF00FFFF00FFFF00FFFF0090
:100A7000FFFF00FFFF00FFFF00000000000000007C
:100A8000424DB804000000000000360000002800BD
:100A90000000180000001000000001001800000015
:100AA000000082040000120B0000120B0000000086
:100AB0000000000000000000000000000000000036
:100AC000FFFF00FFFF00FFFF00FFFF00FFFF00FF31
:100AD000FF00FFFF00FFFF00FFFF00FFFF00FFFF21
:100AE00000FFFF00FFFF00FFFF00FFFF00FFFF0010
:100AF000FFFF00FFFF00FFFF0000000000000000FC
:100B00000000000000000000FFFF000000000000E7
:100B100000000000000000000000000000000000D5
:100B200000000000000000000000000000000000C5
:100B30000000000000000000000000000000FFFFB7
:100B400000000000000000000000000000000000A5
:100B5000FFFF000000008080008080008080000097
:100B60000000000000000000000000000000000085
:100B70000000000000000000000000000000000075
:100B8000000000000000FFFF000000000000000067
:100B90000000000000000000FFFF00000000808057
:100BA0000080800080800000000000000000000045
:100BB0000000000000000000000000000000000035
:100BC0000000000000000000000000000000FFFF27
:100BD0000000000000000000000000000000000015
:100BE000FFFF000000008080008080008080000007
:100BF00000000000000000000000000000000000F5
:100C000000000000000000000000000000000000E4
:100C1000000000000000FFFF00FFFF00FFFF0000DA
:100C20000000000000000000FFFF000000008080C6
:100C300000808000808000000000000000000000B4
:100C400000000000000000000000000000000000A4
:100C50000000000000000000000000000000000094
:100C600000000000FFFF0000000000000000000086
:100C7000FFFF000000008080008080008080000076
:100C80000000000000000000000000000000000064
:100C90000000000000000000000000000000000054
:100CA000000000000000000000000000FFFF000046
:100CB0000000000000000000FFFF00000000808036
:100CC0000080800080800000000000000000000024
:100CD0000000000000000000000000000000000014
:100CE0000000000000000000000000000000000004
:100CF00000000000FFFF00000000000000000000F6
:100D0000FFFF0000000080800080800080800000E5
:100D100000000000000000000000000000000000D3
:100D200000000000000000000000000000000000C3
:100D3000000000000000000000000000FFFF0000B5
:100D40000000000000000000FFFF000000008080A5
:100D50000080800080800000000000000000000093
:100D60000000000000000000000000000000000083
:100D70000000000000000000000000000000000073
:100D800000000000FFFF0000000000000000000065
:100D9000FFFF000000008080008080008080000055
:100DA0000000000000000000000000000000000043
:100DB0000000000000000000000000000000000033
:100DC000000000000000000000000000FFFF000025
:100DD0000000000000000000FFFF00000000808015
:100DE0000080800080800000000000000000000003
:100DF00000000000000000000000000000000000F3
:100E00000000000000000000000000000000FFFFE4
:100E100000FFFF00FFFF00000000000000000000D6
:100E2000FFFF0000000080800080800080800000C4
:100E300000000000000000000000000000000000B2
:100E400000000000000000000000000000000000A2
:100E5000000000000000FFFF000000000000000094
:100E60000000000000000000FFFF00000000808084
:100E70000080800080800000000000000000000072
:100E80000000000000000000000000000000000062
:100E90000000000000000000000000000000FFFF54
:100EA0000000000000000000000000000000000042
:100EB000FFFF000000000000000000000000000034
:100EC0000000000000000000000000000000000022
:100ED0000000000000000000000000000000000012
:100EE000000000000000FFFF000000000000000004
:100EF0000000000000000000FFFF00FFFF00FFFFF8
:100F000000FFFF00FFFF00FFFF00FFFF00FFFF00EB
:100F1000FFFF00FFFF00FFFF00FFFF00FFFF00FFDC
:100F2000FF00FFFF00FFFF00FFFF00FFFF00FFFFCC
:100F30000000000000000000424DB8040000000066
:100F4000000036000000280000001800000010001B
:100F50000000010018000000000082040000120BD5
:100F60000000120B00000000000000000000000064
:100F70000000000000000000FFFF00FFFF00FFFF77
:100F800000FFFF00FFFF00FFFF00FFFF00FFFF006B
:100F9000FFFF00FFFF00FFFF00FFFF00FFFF00FF5C
:100FA000FF00FFFF00FFFF00FFFF00FFFF00FFFF4C
:100FB0000000000000000000000000000000000031
:100FC000FFFF000000000000000000000000000023
:100FD0000000000000000000000000000000000011
:100FE0000000000000000000000000000000000001
:100FF000000000000000FFFF0000000000000000F3
:101000000000000000000000FFFF000000008080E2
:1010100000808000808000000000808000808000D0
:1010200080800000000000000000000000000000C0
:101030000000000000000000000000000000FFFFB2
:1010400000000000000000000000000000000000A0
:10105000FFFF000000008080008080008080000092
:101060000000808000808000808000000000000080
:101070000000000000000000000000000000000070
:10108000000000000000FFFF000000000000000062
:101090000000000000000000FFFF00000000808052
:1010A0000080800080800000000080800080800040
:1010B0008080000000000000000000000000000030
:1010C0000000000000000000000000000000FFFF22
:1010D00000FFFF00FFFF0000000000000000000014
:1010E000FFFF000000008080008080008080000002
:1010F00000008080008080008080000000000000F0
:1011000000000000000000000000000000000000DF
:10111000000000000000000000000000FFFF0000D1
:101120000000000000000000FFFF000000008080C1
:1011300000808000808000000000808000808000AF
:10114000808000000000000000000000000000009F
:10115000000000000000000000000000000000008F
:1011600000000000FFFF0000000000000000000081
:10117000FFFF000000008080008080008080000071
:10118000000080800080800080800000000000005F
:10119000000000000000000000000000000000004F
:1011A000000000000000000000000000FFFF000041
:1011B0000000000000000000FFFF00000000808031
:1011C000008080008080000000008080008080001F
:1011D000808000000000000000000000000000000F
:1011E00000000000000000000000000000000000FF
:1011F00000000000FFFF00000000000000000000F1
:10120000FFFF0000000080800080800080800000E0
:1012100000008080008080008080000000000000CE
:1012200000000000000000000000000000000000BE
:10123000000000000000000000000000FFFF0000B0
:101240000000000000000000FFFF000000008080A0
:10125000008080008080000000008080008080008E
:10126000808000000000000000000000000000007E
:10127000000000000000000000000000000000006E
:1012800000000000FFFF0000000000000000000060
:10129000FFFF000000008080008080008080000050
:1012A000000080800080800080800000000000003E
:1012B000000000000000000000000000000000002E
:1012C000000000000000FFFF00FFFF00FFFF000024
:1012D0000000000000000000FFFF00000000808010
:1012E00000808000808000000000808000808000FE
:1012F00080800000000000000000000000000000EE
:101300000000000000000000000000000000FFFFDF
:1013100000000000000000000000000000000000CD
:10132000FFFF0000000080800080800080800000BF
:1013300000008080008080008080000000000000AD
:10134000000000000000000000000000000000009D
:10135000000000000000FFFF00000000000000008F
:101360000000000000000000FFFF0000000000007F
:10137000000000000000000000000000000000006D
:10138000000000000000000000000000000000005D
:101390000000000000000000000000000000FFFF4F
:1013A000000000000000000000000000000000003D
:1013B000FFFF00FFFF00FFFF00FFFF00FFFF00FF38
:1013C000FF00FFFF00FFFF00FFFF00FFFF00FFFF28
:1013D00000FFFF00FFFF00FFFF00FFFF00FFFF0017
:1013E000FFFF00FFFF00FFFF000000000000000003
:1013F000424DB80400000000000036000000280044
:10140000000018000000100000000100180000009B
:10141000000082040000120B0000120B000000000C
:1014200000000000000000000000000000000000BC
:10143000FFFF00FFFF00FFFF00FFFF00FFFF00FFB7
:10144000FF00FFFF00FFFF00FFFF00FFFF00FFFFA7
:1014500000FFFF00FFFF00FFFF00FFFF00FFFF0096
:10146000FFFF00FFFF00FFFF000000000000000082
:101470000000000000000000FFFF0000000000006E
:10148000000000000000000000000000000000005C
:10149000000000000000000000000000000000004C
:1014A0000000000000000000000000000000FFFF3E
:1014B000000000000000000000000000000000002C
:1014C000FFFF00000000808000808000808000001E
:1014D000000080800080800080800000000080800C
:1014E00000808000808000000000000000000000FC
:1014F000000000000000FFFF0000000000000000EE
:101500000000000000000000FFFF000000008080DD
:1015100000808000808000000000808000808000CB
:1015200080800000000080800080800080800000BB
:101530000000000000000000000000000000FFFFAD
:10154000000000000000000000000000000000009B
:10155000FFFF00000000808000808000808000008D
:10156000000080800080800080800000000080807B
:10157000008080008080000000000000000000006B
:10158000000000000000FFFF00FFFF00FFFF000061
:101590000000000000000000FFFF0000000080804D
:1015A000008080008080000000008080008080003B
:1015B000808000000000808000808000808000002B
:1015C000000000000000000000000000000000001B
:1015D00000000000FFFF000000000000000000000D
:1015E000FFFF0000000080800080800080800000FD
:1015F00000008080008080008080000000008080EB
:1016000000808000808000000000000000000000DA
:10161000000000000000000000000000FFFF0000CC
:101620000000000000000000FFFF000000008080BC
:1016300000808000808000000000808000808000AA
:10164000808000000000808000808000808000009A
:10165000000000000000000000000000000000008A
:1016600000000000FFFF000000000000000000007C
:10167000FFFF00000000808000808000808000006C
:10168000000080800080800080800000000080805A
:10169000008080008080000000000000000000004A
:1016A000000000000000000000000000FFFF00003C
:1016B0000000000000000000FFFF0000000080802C
:1016C000008080008080000000008080008080001A
:1016D000808000000000808000808000808000000A
:1016E00000000000000000000000000000000000FA
:1016F00000000000FFFF00000000000000000000EC
:10170000FFFF0000000080800080800080800000DB
:1017100000008080008080008080000000008080C9
:1017200000808000808000000000000000000000B9
:10173000000000000000000000000000FFFF0000AB
:101740000000000000000000FFFF0000000080809B
:101750000080800080800000000080800080800089
:101760008080000000008080008080008080000079
:101770000000000000000000000000000000FFFF6B
:1017800000FFFF00FFFF000000000000000000005D
:10179000FFFF00000000808000808000808000004B
:1017A0000000808000808000808000000000808039
:1017B0000080800080800000000000000000000029
:1017C000000000000000FFFF00000000000000001B
:1017D0000000000000000000FFFF0000000080800B
:1017E00000808000808000000000808000808000F9
:1017F00080800000000080800080800080800000E9
:101800000000000000000000000000000000FFFFDA
:1018100000000000000000000000000000000000C8
:10182000FFFF0000000000000000000000000000BA
:1018300000000000000000000000000000000000A8
:101840000000000000000000000000000000000098
:10185000000000000000FFFF00000000000000008A
:101860000000000000000000FFFF00FFFF00FFFF7E
:1018700000FFFF00FFFF00FFFF00FFFF00FFFF0072
:10188000FFFF00FFFF00FFFF00FFFF00FFFF00FF63
:10189000FF00FFFF00FFFF00FFFF00FFFF00FFFF53
:1018A0000000000000000000424DB80400000000ED
:1018B00000003600000028000000180000001000A2
:1018C0000000010018000000000082040000120B5C
:1018D0000000120B000000000000000000000000EB
:1018E0000000000000000000FFFF00FFFF00FFFFFE
:1018F00000FFFF00FFFF00FFFF00FFFF00FFFF00F2
:10190000FFFF00FFFF00FFFF00FFFF00FFFF00FFE2
:10191000FF00FFFF00FFFF00FFFF00FFFF00FFFFD2
:1019200000000000000000000000000000000000B7
:10193000FFFF0000000000000000000000000000A9
:101940000000000000000000000000000000000097
:101950000000000000000000000000000000000087
:10196000000000000000FFFF000000000000000079
:101970000000000000000000FFFF00000000808069
:101980000080800080800000000080800080800057
:101990008080000000008080008080008080000047
:1019A0000000808000808000808000000000FFFF39
:1019B0000000000000000000000000000000000027
:1019C000FFFF000000008080008080008080000019
:1019D0000000808000808000808000000000808007
:1019E00000808000808000000000808000808000F7
:1019F000808000000000FFFF0000000000000000E9
:101A00000000000000000000FFFF000000008080D8
:101A100000808000808000000000808000808000C6
:101A200080800000000080800080800080800000B6
:101A30000000808000808000808000000000FFFFA8
:101A400000FFFF00FFFF000000000000000000009A
:101A5000FFFF000000008080008080008080000088
:101A60000000808000808000808000000000808076
:101A70000080800080800000000080800080800066
:101A8000808000000000000000000000FFFF000058
:101A90000000000000000000FFFF00000000808048
:101AA0000080800080800000000080800080800036
:101AB0008080000000008080008080008080000026
:101AC0000000808000808000808000000000000016
:101AD00000000000FFFF0000000000000000000008
:101AE000FFFF0000000080800080800080800000F8
:101AF00000008080008080008080000000008080E6
:101B000000808000808000000000808000808000D5
:101B1000808000000000000000000000FFFF0000C7
:101B20000000000000000000FFFF000000008080B7
:101B300000808000808000000000808000808000A5
:101B40008080000000008080008080008080000095
:101B50000000808000808000808000000000000085
:101B600000000000FFFF0000000000000000000077
:101B7000FFFF000000008080008080008080000067
:101B80000000808000808000808000000000808055
:101B90000080800080800000000080800080800045
:101BA000808000000000000000000000FFFF000037
:101BB0000000000000000000FFFF00000000808027
:101BC0000080800080800000000080800080800015
:101BD0008080000000008080008080008080000005
:101BE00000008080008080008080000000000000F5
:101BF00000000000FFFF00000000000000000000E7
:101C0000FFFF0000000080800080800080800000D6
:101C100000008080008080008080000000008080C4
:101C200000808000808000000000808000808000B4
:101C3000808000000000FFFF00FFFF00FFFF0000AA
:101C40000000000000000000FFFF00000000808096
:101C50000080800080800000000080800080800084
:101C60008080000000008080008080008080000074
:101C70000000808000808000808000000000FFFF66
:101C80000000000000000000000000000000000054
:101C9000FFFF000000008080008080008080000046
:101CA0000000808000808000808000000000808034
:101CB0000080800080800000000080800080800024
:101CC000808000000000FFFF000000000000000016
:101CD0000000000000000000FFFF00000000000006
:101CE00000000000000000000000000000000000F4
:101CF00000000000000000000000000000000000E4
:101D00000000000000000000000000000000FFFFD5
:101D100000000000000000000000000000000000C3
:101D2000FFFF00FFFF00FFFF00FFFF00FFFF00FFBE
:101D3000FF00FFFF00FFFF00FFFF00FFFF00FFFFAE
:101D400000FFFF00FFFF00FFFF00FFFF00FFFF009D
:101D5000FFFF00FFFF00FFFF000000000000000089
:101D6000424D38030000000000003600000028004B
:101D7000000010000000100000000100180000002A
:101D8000000002030000120B0000120B0000000014
:101D90000000000000000000000000000000000043
:101DA000000000000000000000FF0000FF0000FF36
:101DB0000000FF0000FF0000FF0000FF0000000027
:101DC0000000000000000000000000000000000013
:101DD000000000000000FF00FF0000FF0000FF0007
:101DE00000FF0000FF0000FF0000FF000000FF00F8
:101DF00000000000000000000000000000000000E3
:101E0000000000FF00FF0000FF0000FF0000FF00D7
:101E10000000FF00FF0000FF0000FF0000FF0000C7
:101E200000FF0000000000000000000000000000B3
:101E3000FF00FF0000FF0000FF0000FF0000FF00A8
:101E40000000FF0000FF00FF0000FF0000FF000097
:101E5000FF000000FF000000000000000000000084
:101E6000FF00FF0000FF0000FF0000FF0000FF0078
:101E70000000FF00FF000000FF00FF0000FF000067
:101E8000FF000000FF000000000000000000000054
:101E9000FF00FF0000FF0000FF000000FF00FF0048
:101EA0000000FF00FF0000FF000000FF00FF000037
:101EB000FF000000FF000000000000000000000024
:101EC000FF00FF0000FF0000FF0000FF000000FF18
:101ED0000000FF00FF000000FF00FF0000FF000007
:101EE000FF000000FF0000000000000000000000F4
:101EF000FF00FF0000FF0000FF0000FF0000FF00E8
:101F00000000FF0000FF00FF0000FF0000FF0000D6
:101F1000FF000000FF0000000000000000000000C3
:101F2000FF00FF0000FF0000FF0000FF0000FF00B7
:101F30000000FF0000FF00FF0000FF0000FF0000A6
:101F4000FF000000FF000000000000000000000093
:101F5000FF00FF0000FF0000FF0000FF000000FF87
:101F60000000FF00FF000000FF00FF0000FF000076
:101F7000FF000000FF000000000000000000000063
:101F8000FF00FF0000FF0000FF000000FF00FF0057
:101F90000000FF00FF0000FF000000FF00FF000046
:101FA000FF000000FF000000000000000000000033
:101FB000FF00FF0000FF0000FF0000FF0000FF0027
:101FC0000000FF00FF000000FF00FF0000FF000016
:101FD000FF000000FF000000000000000000000003
:101FE000FF00FF0000FF0000FF0000FF0000FF00F7
:101FF0000000FF0000FF00FF0000FF0000FF0000E6
:10200000FF000000FF0000000000000000000000D2
:10201000000000FF00FF0000FF0000FF0000FF00C5
:102020000000FF00FF0000FF0000FF0000FF0000B5
:1020300000FF0000000000000000000000000000A1
:10204000000000000000FF00FF0000FF0000FF0094
:1020500000FF0000FF0000FF0000FF000000FF0085
:102060000000000000000000000000000000000070
:10207000000000000000000000FF0000FF0000FF63
:102080000000FF0000FF0000FF0000FF0000000054
:102090000000000000000000424DB80400000000F5
:1020A00000003600000028000000180000001000AA
:1020B0000000010018000000000082040000120B64
:1020C0000000120B000000000000000000000000F3
:1020D0000000800000800000800000800000800080
:1020E00000800000800000000000800000800000F0
:1020F0008000000000000000000000000000000060
:10210000000080000080000080000080000080004F
:1021100000800000800000000000800000FF000040
:10212000FF0000FF0000FF0000FF00008000000033
:102130000000800000FF00008000000000000000A0
:1021400000000000000000000000800000FF000010
:10215000FF0000FF0000FF0000FF00008000000003
:102160000000800000FF0000800000800000800070
:1021700000FF0000800000000000800000FF000061
:1021800080000000000000000000000000000000CF
:102190000000800000FF0000800000800000800040
:1021A00000FF0000800000000000800000FF000031
:1021B000800000000000800000FF000080000000A0
:1021C0000000800000FF0000800000000000000010
:1021D00000000000000000000000800000FF000080
:1021E000800000000000800000FF00008000000070
:1021F0000000800000FF0000800000000000800060
:1022000000FF0000800000000000800000FF0000D0
:10221000800000000000000000000000000000003E
:1022200000008000008000008000000000008000AE
:1022300000FF0000800000000000800000FF0000A0
:10224000800000000000800000FF0000800000000F
:102250000000800000FF000080000000000000007F
:10226000000000000000000000000000000000006E
:10227000000000000000800000FF0000800000005F
:102280000000800000FF000080000080000080004F
:1022900000FF0000800000000000800000FF000040
:1022A00080000080000080000080000080000000AE
:1022B000000080000080000080000080000080009E
:1022C00000FF0000800000000000800000FF000010
:1022D000800000800000FF0000FF00008000000080
:1022E0000000800000FF0000FF0000FF0000FF0072
:1022F00000FF0000800000000000800000FF0000E0
:10230000FF0000FF0000FF0000FF00008000000051
:102310000000800000FF00008000008000008000BE
:1023200000800000800000000000800000FF00002E
:10233000800000800000800000FF0000800000009E
:102340000000800000FF000080000080000080008E
:1023500000800000800000000000800000FF0000FE
:1023600080000000000000000000000000000000ED
:102370000000800000FF00008000000000008000DE
:1023800000FF0000800000000000800000FF00004F
:1023900080000000000000000000000000000000BD
:1023A0000000800000FF000080000000000000002E
:1023B00000000000000000000000800000FF00009E
:1023C000800000000000800000FF0000800000008E
:1023D0000000800000FF00008000000000000000FE
:1023E00000000000000000000000800000FF00006E
:1023F00080000000000080000080000080000000DD
:102400000000800000FF000080000000000080004D
:1024100000FF0000800000000000800000FF0000BE
:1024200080000000000080000080000080000000AC
:102430000000800000FF000080000000000080001D
:1024400000FF0000800000000000800000FF00008E
:10245000800000000000800000FF000080000000FD
:102460000000800000FF00008000000000008000ED
:1024700000FF0000800000000000800000FF00005E
:10248000800000800000800000FF0000800000004D
:102490000000800000FF000080000080000080003D
:1024A00000FF0000800000000000800000FF00002E
:1024B000800000800000800000FF0000800000001D
:1024C0000000800000FF0000FF0000FF0000FF0090
:1024D00000FF0000800000000000800000FF0000FE
:1024E000FF0000FF0000FF0000FF00008000000070
:1024F0000000800000FF0000FF0000FF0000FF0060
:1025000000FF00008000000000008000008000004C
:10251000800000800000800000800000800000003B
:10252000000080000080000080000080000080002B
:10253000008000008000000000008000008000009B
:10254000800000800000800000800000800000000B
:10255000424DB804000000000000360000002800D2
:10256000000018000000100000000100180000002A
:10257000000082040000120B0000120B000000009B
:10258000000000000000000000000080000080004B
:10259000008000000000008000008000008000003B
:1025A00000000080000080000080000080000080AB
:1025B000000080000080000000000080000080001B
:1025C000008000000000008000008000008000000B
:1025D000000000800000FF0000800000000000807C
:1025E0000000FF0000800000000000800000FF00ED
:1025F00000FF0000FF0000FF0000FF00008000005F
:10260000000000800000FF0000800000000000804B
:102610000000FF0000800000000000800000FF00BC
:1026200000800000000000800000FF00008000002B
:10263000000000800000FF0000800000800000809B
:102640000000800000800000000000800000FF000B
:1026500000800000000000800000FF0000800000FB
:10266000000000800000FF000080000000000080EB
:102670000000FF0000800000000000800000FF005C
:1026800000800000000000000000000000000000CA
:10269000000000800000FF000080000000000080BB
:1026A0000000FF0000800000000000800000FF002C
:1026B00000800000000000800000FF00008000009B
:1026C000000000800000FF0000800000000000000B
:1026D0000000000000000000000000800000FF007B
:1026E00000800000000000800000FF00008000006B
:1026F000000000800000FF0000800000000000805B
:102700000000FF0000800000000000800000FF00CB
:102710000080000000000000000000000000000039
:10272000000000800000FF0000800000000000802A
:102730000000FF0000800000000000800000FF009B
:1027400000800000000000800000FF00008000000A
:10275000000000800000FF0000800000000000007A
:102760000000000000000000000000800000FF00EA
:1027700000800000000000800000FF0000800000DA
:10278000000000800000FF000080000000000080CA
:102790000000FF0000800000000000800000FF003B
:1027A0000080000080000080000080000000000029
:1027B000000000800000FF0000800000000000809A
:1027C0000000FF0000800000000000800000FF000B
:1027D00000800000000000800000FF00008000007A
:1027E000000000800000FF0000FF0000FF0000FF6D
:1027F0000000800000000000000000800000FF00DA
:1028000000800000000000800000FF000080000049
:10281000000000800000FF000080000080000080B9
:102820000000FF0000800000000000800000FF00AA
:102830000080000080000080000080000000000098
:10284000000000800000FF00008000008000008089
:102850000000FF0000800000000000800000FF007A
:1028600000800000FF0000800000FF0000800000EA
:10287000000000800000FF00008000000000000059
:102880000000000000000000000000800000FF00C9
:1028900000800000FF0000800000FF0000800000BA
:1028A000000000800000FF0000800000FF000080AA
:1028B0000000FF0000800000000000800000FF001A
:1028C0000080000000000000000000000000000088
:1028D000000000800000FF0000800000FF0000807A
:1028E0000000FF0000800000000000800000FF00EA
:1028F00000FF0000800000FF0000FF0000800000DB
:10290000000000800000FF000080000000000000C8
:102910000000000000000000000000800000FF0038
:1029200000FF0000800000FF0000FF0000800000AA
:10293000000000800000FF00008000008000008098
:102940000000FF0000800000000000800000FF0089
:1029500000800000800000800000800000800000F7
:10296000000000800000FF00008000008000008068
:102970000000FF0000800000000000800000FF0059
:1029800000800000000000800000FF0000800000C8
:10299000000000800000FF0000FF0000FF0000FFBB
:1029A0000000FF0000800000000000800000FF0029
:1029B00000800000000000800000FF000080000098
:1029C0000000008000008000008000000000008007
:1029D00000008000008000000000008000008000F7
:1029E0000080000080000080000080000080000067
:1029F00000000080000080000080000000000080D7
:102A00000000800000800000424D380300000000FC
:102A10000000360000002800000010000000100038
:102A20000000010018000000000002030000120B6B
:102A30000000120B00000000000000000000000079
:102A40000000000000000000000000000000000086
:102A50000000000000000000000000000080800076
:102A60008080008080008080000000000000000066
:102A70000000000000000000000000000000000056
:102A800000000000000000000000808000FFFF0048
:102A9000FFFF00FFFF00808000000000000000003A
:102AA0000000000000000000000000000000000026
:102AB00000000000000000808000FFFF00FFFF001A
:102AC000FFFF00FFFF00808000000000000000000A
:102AD00000000000000000000000000000000000F6
:102AE00000000000808000FFFF00FFFF00FFFF00EC
:102AF000FFFF00FFFF0080800000000000000000DA
:102B000000000000008080008080008080008080C5
:102B100000808000FFFF00FFFF00FFFF00FFFF00BD
:102B2000FFFF00FFFF0080800000000000000000A9
:102B30000000000000808000FFFF00FFFF00FFFF9B
:102B400000FFFF00FFFF00FFFF00FFFF00FFFF008F
:102B5000FFFF00FFFF008080000000000000000079
:102B60000000000000808000FFFF00FFFF00FFFF6B
:102B700000FFFF00FFFF00FFFF00FFFF00FFFF005F
:102B8000FFFF00FFFF008080000000000000000049
:102B90000000000000808000FFFF00FFFF00FFFF3B
:102BA00000FFFF00FFFF00FFFF00FFFF00FFFF002F
:102BB000FFFF00FFFF008080000000000000000019
:102BC0000000000000808000FFFF00FFFF00FFFF0B
:102BD00000FFFF00FFFF00FFFF00FFFF00FFFF00FF
:102BE000FFFF00FFFF0080800000000000000000E9
:102BF0000000000000808000FFFF00FFFF00FFFFDB
:102C000000FFFF00FFFF00FFFF00FFFF00FFFF00CE
:102C1000FFFF00FFFF0080800000000000000000B8
:102C20000000000000808000FFFF00FFFF00FFFFAA
:102C300000FFFF00FFFF00FFFF00FFFF00FFFF009E
:102C4000FFFF00FFFF008080000000000000000088
:102C50000000000000808000808000808000808074
:102C600000808000FFFF00FFFF00FFFF00FFFF006C
:102C7000FFFF00FFFF008080000000000000000058
:102C80000000000000000000000000000000000044
:102C900000000000808000FFFF00FFFF00FFFF003A
:102CA000FFFF00FFFF008080000000000000000028
:102CB0000000000000000000000000000000000014
:102CC00000000000000000808000FFFF00FFFF0008
:102CD000FFFF00FFFF0080800000000000000000F8
:102CE00000000000000000000000000000000000E4
:102CF00000000000000000000000808000FFFF00D6
:102D0000FFFF00FFFF0080800000000000000000C7
:102D100000000000000000000000000000000000B3
:102D200000000000000000000000000000808000A3
:102D30008080008080008080000000000000000093
:102D4000424D36030000000000003600000028005D
:102D5000000010000000100000000100180000003A
:102D6000000000030000120B0000120B0000000026
:102D700000000000000000000000F2FF0000000062
:102D80000000000000000000000000000000000043
:102D90000000000000000000000000000000000033
:102DA00000F2FF00000000F2FF0000000000000041
:102DB0000000000000000000000000000000000013
:102DC0000000000000F2FF00000000000000F2FF21
:102DD00000000000000000000000F2FF0000000002
:102DE00000000000000000000000000000000000E3
:102DF0000000F2FF00F2FF000000000000000000F1
:102E000000F2FF00000000000000000000F2FF24BC
:102E10001CED00000000000000000000000000F2B7
:102E2000FF00F2FF00F2FF000000241CED00000094
:102E300000000000F2FF00000000F2FF00000000B0
:102E40000000241CED00000000000000F2FF00F272
:102E5000FF00F2FF00F2FF241CED00000000000064
:102E600000F2FF00000000F2FF0000000000000080
:102E7000000000F2FF241CED00F2FF00F2FF00F260
:102E8000FF00F2FF241CED00000000000000F2FF34
:102E900000000000000000000000F2FF0000000041
:102EA000000000F2FF00F2FF241CED00F2FF00F230
:102EB000FF241CED00F2FF000000000000000000F5
:102EC00000F2FF00000000000000000000F2FF0020
:102ED000000000F2FF00F2FF00F2FF241CED241CB2
:102EE000ED00F2FF00F2FF00000000000000000013
:102EF00000000000F2FF00000000F2FF00000000F0
:102F0000000000F2FF00F2FF00F2FF241CED241C81
:102F1000ED00F2FF00F2FF000000000000000000E2
:102F200000F2FF00000000F2FF00000000000000BF
:102F3000000000F2FF00F2FF241CED00F2FF00F29F
:102F4000FF241CED00F2FF00000000000000F2FF73
:102F500000000000000000000000F2FF0000000080
:102F6000000000F2FF241CED00F2FF00F2FF00F26F
:102F7000FF00F2FF241CED00000000000000000034
:102F800000F2FF00000000000000000000F2FF005F
:102F90000000241CED00000000000000F2FF00F221
:102FA000FF00F2FF00F2FF241CED00000000000013
:102FB00000000000F2FF00000000F2FF000000240B
:102FC0001CED00000000000000000000000000F206
:102FD000FF00F2FF00F2FF000000241CED000000E3
:102FE00000F2FF00000000F2FF00000000000000FF
:102FF00000000000000000000000000000000000D1
:103000000000F2FF00F2FF00000000000000F2FFED
:1030100000000000000000000000F2FF00000000BF
:1030200000000000000000000000000000000000A0
:103030000000000000F2FF0000000000000000009F
:1030400000F2FF00000000000000000000F2FF009E
:103050000000000000000000000000000000000070
:103060000000000000000000000000000000000060
:1030700000000000F2FF0000424D38030000000095
:1030800000003600000028000000100000001000C2
:103090000000010018000000000002030000120BF5
:1030A0000000120B00000000000000000000000003
:1030B0000000000000000000000000000000000010
:1030C0000000000000000000000000000080800000
:1030D00080800080800080800000000000000000F0
:1030E000FF0000FF000000000000000000000000E2
:1030F00000000000000000000000808000FFFF00D2
:10310000FFFF00FFFF0080800000FF0000FF0000C5
:10311000000000FF0000FF000000000000000000B1
:1031200000000000000000808000FFFF00FFFF00A3
:10313000FFFF00FFFF0000FF0000FF000000000095
:10314000000000000000FF0000FF00000000000081
:1031500000000000808000FFFF00FFFF00FFFF0075
:10316000FFFF0000FF0000FF000000000000000063
:10317000000000000080800000FF0000FF00808051
:1031800000808000FFFF00FFFF00FFFF00FFFF0047
:1031900000FF0000FF008080000000000000000031
:1031A0000000000000808000FFFF0000FF0000FF23
:1031B00000FFFF00FFFF00FFFF00FFFF0000FF0018
:1031C00000FF00FFFF008080000000000000000002
:1031D0000000000000808000FFFF00FFFF0000FFF4
:1031E0000000FF00FFFF00FFFF0000FF0000FF00E6
:1031F000FFFF00FFFF0080800000000000000000D3
:103200000000000000808000FFFF00FFFF00FFFFC4
:103210000000FF0000FF0000FF0000FF00FFFF00B4
:10322000FFFF00FFFF0080800000000000000000A2
:103230000000000000808000FFFF00FFFF00FFFF94
:1032400000FFFF0000FF0000FF00FFFF00FFFF0086
:10325000FFFF00FFFF008080000000000000000072
:103260000000000000808000FFFF00FFFF00FFFF64
:103270000000FF0000FF0000FF0000FF00FFFF0054
:10328000FFFF00FFFF008080000000000000000042
:103290000000000000808000FFFF00FFFF0000FF33
:1032A0000000FF00FFFF00FFFF0000FF0000FF0025
:1032B000FFFF00FFFF008080000000000000000012
:1032C000000000000080800080800000FF0000FF00
:1032D00000808000FFFF00FFFF00FFFF0000FF00F5
:1032E00000FF00FFFF0080800000000000000000E1
:1032F000000000000000000000FF0000FF000000D0
:1033000000000000808000FFFF00FFFF00FFFF00C3
:1033100000FF0000FF0080800000000000000000AF
:10332000000000000000FF0000FF0000000000009F
:1033300000000000000000808000FFFF00FFFF0091
:10334000FFFF0000FF0000FF000000000000000081
:10335000000000FF0000FF0000000000000000006F
:1033600000000000000000000000808000FFFF005F
:10337000FFFF00FFFF0000FF0000FF000000000053
:10338000FF0000FF0000000000000000000000003F
:10339000000000000000000000000000008080002D
:1033A00080800080800080800000FF0000FF00001F
:1033B00009000000000000000003FFCF073F0000ED
:1033C000003F000F000C60FCF00F6FFCF00F6F0C63
:1033D00060000BF0E118C2FFFF18C4387815FE003A
:1033E00083018301FEF0000FF0000F7F80C180C1D8
:1033F000007F0F3E3FC3E0C3C33E4E0038C0E7002E
:1034000080033F0007F00F0E7001800701800E70EF
:10341000F00F0B360008007F00080036000F000395
:1034200000030003F87F0003000300030500800091
:10343000400F000100010001000100010001000136
:103440000300C00900E0001FF0000E000BFC3F0766
:10345000E003C007E0FC3F070CC0FFFF00C00B0605
:10346000F003C803C687C17CC00B066003C0C3C09D
:10347000E3E03E3F0BC00330030E03FFFF00030BEE
:10348000FFE0C3C0C3C0C3E1033F0BF83F8EE0C3FE
:10349000C0C3E1003F0B030003F0030FF3000F0074
:1034A0000B3C3EC3E183C0C3E13E3E0BFC0087C33F
:1034B00003C30771FC1F030707070060073F0001F4
:1034C0000F00038004800440082010201010200FFB
:1034D000C00CC00CC00CC00CC00CC00CC00C0F1039
:1034E00020201020104008800480040003090700F9
:1034F00003CF83017E0013E01F1C60E28F111011C7
:1035000010F11F02100C10F00F0D00FCF00F0F0C4B
:103510000F0CF00F00FC0BFFFFC3C0C3C0C3E13EA4
:103520003F0DF81F0E7003C003C003C006600DFFFF
:10353000FF03C003C007E00E70F00F0BFFFFC3C016
:10354000C3C0C3C003C00BFFFFC300C300C300C39D
:10355000000DF81F0E7003C003C303C3067F0DFFE9
:10356000FFC000C000C000C000FFFF0703C0FFFF96
:1035700003C00900C003C003C0FF7F0BFFFFC001F1
:10358000300E0E3001C009FFFF00C000C000C00FA8
:10359000FFFF1F00E001000EE0011F00FFFF0DFF15
:1035A000FF0F00F800800F00F8FFFF0FF81F0E70EC
:1035B00003C003C003C00E70F81F0BFFFF0303031B
:1035C000038701FC000FF81F0E7003C003C003C087
:1035D0000E70F81F0DFFFF03030307870DFC70003B
:1035E000800B7C60C7C083C183E3063E0B030003EE
:1035F00000FFFF030003000DFF3F006000C000C09C
:103600000060FF3F0B3F00C01F00E0C01F3F0013E2
:103610001F00E01F00E0E01F1F00E01F00E0E01FB0
:103620001F000F01800660381CC003700E0E700171
:10363000800B0F00700080FF70000F000B03F00381
:10364000CEC3C133C00FC007FFFF01000100090E48
:1036500000F001001E00E00704800480FCFF0B4026
:103660000038000600380040001300800080008011
:10367000008000800080008000800080070200043D
:103680000008000B003860CC60C66066C0FF0BFF0E
:10369000FFC0C060C0E0E0803F09803FE0E060C064
:1036A00060C00B803FE0E060C06060FFFF0B803FC8
:1036B000E06660C660C6806707FFFF610061000BBF
:1036C000800FE0D860906090E07F0BFFFFC000604B
:1036D000006000C0FF03E3FF0560C0E37F0BFFFF56
:1036E0000006800DC03020C003FFFF0FE0FF400048
:1036F0006000C0FF40006000C0FF0BE0FFC0006042
:10370000006000C0FF0B803FE0E060C0E0E0803F71
:103710000BE0FFC0306030E038801F0B800FE038D6
:1037200060306010E0FF07E0FFC000600009C0E308
:1037300060C260C4E07807FC7F60C060C00BE07FBF
:1037400000C000C00060E0FF0BE000001F00E000D0
:103750001FE0000FE00F00F0001FE000001F00E07E
:10376000E01F0B2080C071000EC07120800BE001B3
:10377000009E0060001EE0010960E060DC60C3E0C4
:10378000C0098000C0017E7F018003FFFF09018026
:103790007E7FC00180000F0C00060006000E000CAA
:1037A000000C00060009FEFF02800280FEFF1906E1
:1037B00000060006000600FEFFC600C600C6C0C622
:1037C000C0C0C08061003F0FFEFF0600060006007B
:1037D00006000600060005000000C00DE0FF6000C6
:1037E00068006400620060000B000000C000000080
:1037F0000000C00B00C0000000C0000000C00F604F
:103800000060006000FEFF6000600060000F6080EC
:1038100060806080FEFF60806080608011C006E094
:103820000FDC76C6C6C6C006C00C60301821FC008E
:10383000868102618619FC07C07E30C30C8102C3F9
:10384000007E0000007E00C3008100C3007E1F00D8
:10385000C000C0FE7F0600060006000600FEFF80D6
:10386000C180C180C180C180C10063003E090004E5
:10387000001B803140401BFEFF80018001800180E1
:1038800001FEFF80C180C180C180C180C100630092
:103890003E11FEFF00038000E001180604180260DC
:1038A0000080170600060006000600FEFFC600C6E0
:1038B00000C600C600800100FF11FEFF00C000C06E
:1038C00000C000C000C000C0FEFF110C00FEFFCC15
:1038D000006C006C006000E00080FF053C0002000E
:1038E0000520001E00093C0002003C0002000920E7
:1038F000001E0020001E00090007800F800F000737
:103900000D0004000400040004000400041D000471
:103910000004000400040004000400040004000487
:103920000004000400040004000409FEFF028002F9
:1039300080FEFF1502000200FE0002000200FE00F1
:103940003E00C0003E00FE001D00C000C0E07F60E1
:1039500000600060006000E0FF00C600C600C60016
:10396000C600C400780940408031001B000419E003
:10397000FF0006000600060006E0FF00C600C600C5
:10398000C600C600C400780FE0FF00040802840DE2
:10399000421020600080110C00FEFFCC006C006023
:1039A000006000E000C0FF0FE0FF00C000C000C0EA
:1039B00000C000C0E0FF011502001CC060C080C351
:1039C000003C000C800360001C0002000FE00006B9
:1039D0000F087008800C780607E0000D007000C02A
:1039E00000C000C000E0FE3F0FB037E01C60186070
:1039F000186018E01CB0370FFEFF06000600060036
:103A000006000600070003FEE10F380FE618C63077
:103A10008661064304E60C3C11FEFF86C186C18622
:103A2000C186C186C186C106C017E00F18300440A8
:103A3000C287329812901290228804401830E00F0A
:103A400017F01F98318C6186C186C186C106C006F9
:103A5000C00C60183020080F0004001B8031404467
:103A6000001B803140400FC000C000C000C000C03B
:103A700000C000C00F09000C000C000C000C17E087
:103A80000F18300440E29F22822282228EC29104CB
:103A9000401830E00F050000FEFF091C0022002244
:103AA000001C000F00C300C300C3F0FF00C300C32D
:103AB00000C303FEFF03E6FF0DE0FF60006000604F
:103AC0000060007C000BF0FF001000100010F01FE1
:103AD000117800FC00FE01FEFF06000600FEFF0656
:103AE000000300030F803FCC6660C660C660C6CC92
:103AF000C680671BFEFF3C00F0008003001E0078BC
:103B0000FEFF0000E031183618361836F033110089
:103B10001FC06660C660C660C660C0404080200F9F
:103B200040408031001B40448031001B00040500F0
:103B300000E6FF137818CC6086E086C186C106C116
:103B400006C30C62183C0DC06360C660C660C460EA
:103B5000CCC078070C00E0FF0C000F00E0801FFCD9
:103B6000060306FC06801F00E00BFFFF83C183C134
:103B700083C1007F0DFFFF83C183C183C1C7E17C87
:103B80003E0BFFFF03000300030003000F00C00013
:103B9000F8FFC703C003C0FFFF00C00BFFFF83C1D6
:103BA00083C183C183C11703800770780C80030031
:103BB00001FFFF00018003780C077003800B1C38A5
:103BC00007E083C1C3E37C3F0DFFFF00380007E03F
:103BD000001C00FFFF0DFFFF00380007E0001C0085
:103BE000FFFF0BFFFF0001F0060E3803C00D00C001
:103BF000FF7F030003000300FFFF0FFFFF3E00C035
:103C00000F00F0E00F1E00FFFF0DFFFF800180019D
:103C100080018001FFFF0FF00F0E7003C003C0038F
:103C2000C00E70F00F0DFFFF030003000300030040
:103C3000FFFF0BFFFF030303030303FE000DF80F59
:103C40000E7003C003C006601C180B03000300FFC6
:103C5000FF030003000B0FC0F0E1001EE0011F0096
:103C60000FE00718180C30FFFF0C301818E0070D94
:103C700003C01C3CE003E0071C3803C00FFFFF003B
:103C8000C000C000C000C0FFFF00C00BFF01000764
:103C900000060003FFFF13FFFF00C000C000C0FFCD
:103CA000FF00C000C000C0FFFF17FFFF00C000C042
:103CB00000C0FFFF00C000C000C0FFFF0080008008
:103CC0000F03000300FFFF80C180C180C1007F0F90
:103CD000FFFF80C180C180C1007F0000FFFF0BFF9C
:103CE000FF80C180C180C1007F0D0C3807E083C117
:103CF00083C18E71F81F13FFFF8001F80F0E300390
:103D0000C003C003C00C70F00F0D7EE0C71D83031D
:103D100083018301FFFF0BC07C30C630C63063E0F7
:103D2000FF0BFC3F67E033C073E0C33F09F0FF3097
:103D3000C630C6E07D07F0FF300030000B00F0F029
:103D4000CF30C0F0FF00C00BC03F706330C330E322
:103D5000C0330F30C0E03D0002F0FF0002E03D3014
:103D6000C009C07030C030C6E07D0BF0FF003800E5
:103D700007C000F0FF0BF0FF03380407C300F0FF9B
:103D800009F0FF0002D03D30C00B00C0F0FF300052
:103D90003000F0FF0FF0FFF001003E00C0003EF0E9
:103DA00001F0FF0BF0FF000600060006F0FF0BC05D
:103DB0003F70E030C070E0C03F0BF0FF30003000DB
:103DC0003000F0FF0BF07F601030207030C01F0B10
:103DD000C03F70E030C030C0C0300B30003000F069
:103DE000FF300030000B7000809F00E0801FF0006B
:103DF0000FC03F30C030C0FFFF30C030E0C03F0BCD
:103E000030C0C03C000FE07010800DF0FF00C0001B
:103E1000C000C0F0FF00C00BF007000E000C000C4B
:103E2000F0FF0BF0FF00C0F0FF00C0F0FF0FF0FF4D
:103E300000C0F0FF00C0F0FF00C000C00B3000F079
:103E4000FF00C600C6007C0FF0FF00C300C300C324
:103E5000007E0000F0FF0BF0FF00C300C300C300B2
:103E60007E0BC03030C030C670E6C03F0FF0FF00A0
:103E700006C03F70E030C070E0C03F09E0F3300E94
:103E80003006F0FF09000000000000000003FECF34
:103E9000093E00000000003E0013000420F4E00F83
:103EA0003E04200420F4E00F3E0420000FE030B078
:103EB000611843FCFF18423066203C19FC00860163
:103EC00002818661FC180007C001307E0CC30281AC
:103ED00000C3007E15003C3C63C6C186C1C6C33C1E
:103EE000C600680038006400C2033E0009C00F78B5
:103EF0003C0C4002800706803870E01F0BC0008039
:103F000006E0018006C0000F000100010001E00F83
:103F100000010001000105008000400F00010001C8
:103F2000000100010001000100010300C00900E0E0
:103F3000001FF0000E0011F01FFC7FFEFF06C00600
:103F4000C0FEFFFC7FF01F0D600030001800FCFF7A
:103F5000FEFFFEFF1318C01CF01EF806FE06DF86EB
:103F6000CFFEC7FCC3F8C01118301C701EF086C10C
:103F7000C6C1FEFFFC7F783E13001C001FE01978CD
:103F800018FEFFFEFFFEFF0018001811E031FE7161
:103F9000DEF0C6C0C6C1C6FF867F001F11F01FFC41
:103FA0007FFCFF86C186C19EFF1C7F183E11060064
:103FB000060006F886FFE6FFFE077E000E001138B9
:103FC0003C7C7EFEFF86C186C1FEFF7C7E383C11B4
:103FD000F830FC71FEF306C306C3FE7FFC7FF01FC2
:103FE00005183018300718300018F0000F00038053
:103FF00004800440082010201010200FC00CC00CBA
:10400000C00CC00CC00CC00CC00C0F102020102025
:104010001040088004800400030F18000C00060004
:1040200006CE06038C0078001DC00F703018608C1F
:104030004FC498649026902288229EE49F64900C3E
:1040400098180CF0071700C00038000FC00C380C8F
:10405000060C380CC00C000F003800C011FEFF86A3
:10406000C186C186C186C186C1CC63303E15E00FD2
:1040700018300C6006C006C006C006C00C601830C0
:10408000200813FEFF06C006C006C006C006C00C0E
:10409000601830E00F11FEFF86C186C186C186C15F
:1040A00086C186C106C011FEFF8601860186018693
:1040B0000186018601060015E00F18300C6006C06D
:1040C00006C006C006C30C63183320FF11FEFF8034
:1040D0000180018001800180018001FEFF070280D4
:1040E000FEFF02800D007000C000C000C000C0FED6
:1040F0007F11FEFF00068001E0011806061800602F
:1041000000800FFEFF00C000C000C000C000C00063
:10411000C013FEFF3800C003001C00E0001CC003F9
:104120003800FEFF0FFEFF1C0060008003000C0043
:1041300070FEFF15E00F18300C6006C006C006C008
:1041400006C00C601830E00F11FEFF0603060306E0
:1041500003060306038C01780015E00F18300C608D
:1041600006C006C006D006D00C601878E08F13FE9B
:10417000FF060306030603060306038C05703800DA
:10418000C0137818CC6086E086C186C106C106C31C
:104190000C62183C130600060006000600FEFF062F
:1041A0000006000600060011FE3F006000C000C0CF
:1041B00000C000C00060FE3F1706003800C00100CC
:1041C00006003800C000380006C001380006001F95
:1041D0000E0070008003001C00F0000FF0000E00C5
:1041E000F000000F00F0001C800370000E001702AA
:1041F00080044018302008C0060001C006200818BE
:1042000030044002801706000800300040008001A2
:1042100000FE800140003000080006001106E006A4
:10422000D006CC06C286C166C016C00EC007FCFF11
:1042300004800480090E00F001001E00E0070480E5
:104240000480FCFF0B4000380006003800400013DB
:10425000008000800080008000800080008000805E
:1042600000800702000400080011807840C460C686
:1042700060C660C660C6C07F00C00FFEFFC0606041
:10428000C060C060C0C060803F0F803FC06060C041
:1042900060C060C060C0C0600F003FC06060C060B0
:1042A000C060C0C060FEFF0F803FC06660C660C6D1
:1042B00060C6C0C680670B60006000FCFF660066D9
:1042C000000FC04F60D86098609860986098E07F59
:1042D0000FFEFFC000600060006000E000C0FF0350
:1042E000E6FF09008000800080F67F0FFEFF0004DB
:1042F0000003800C40102060008003FEFF17E0FFE9
:10430000C000600060006000C0FFC000600060008E
:104310006000C0FF0FE0FFC000600060006000E0D0
:1043200000C0FF0F803FC06060C060C060C0C06060
:10433000803F0FE0FF60186018601860186018C0B8
:104340000F0FC00F60186018601860186018E0FF49
:1043500009E0FFC000600060000DC06360C660C679
:1043600060C460CCC0780B60006000FCFF60C0607F
:10437000000FE07F00E000C000C000C00060E0FF70
:104380000FE0000003001C00E0001C0003E0001729
:10439000E000000F00F000180007E0000007001820
:1043A00000F0000FE0000F2080C060001B00040040
:1043B0001BC0602080112000C0800087007800189A
:1043C0000007C00020000D60E060D060CC60C260DB
:1043D000C1E0C00B000C001EFCF30600060003FE4B
:1043E000FF0B06000600FCF3001E000C0F0C00067D
:1043F0000006000E000C000C00060009FEFF028003
:104400000280FEFF190600060006000600FEFFC639
:1044100000C600C6C0C6C0C0C08061003F0FFEFF1E
:104420000600060006000600060006000500000063
:10443000C00DE0FF600068006400620060000B00D7
:104440000000C00000000000C00B00C0000000C061
:10445000000000C00F600060006000FEFF600060B0
:104460000060000F608060806080FEFF6080608080
:10447000608011C006E00FDC76C6C6C6C006C00C60
:1044800060301821FC00868102618619FC07C07E1D
:1044900030C30C8102C3007E0000007E00C3008197
:1044A00000C3007E1F00C000C0FE7F06000600069D
:1044B000000600FEFF80C180C180C180C180C100B4
:1044C00063003E090004001B803140401BFEFF805A
:1044D00001800180018001FEFF80C180C180C18018
:1044E000C180C10063003E11FEFF00038000E001B7
:1044F0001806041802600080170600060006000671
:1045000000FEFFC600C600C600C600800100FF1105
:10451000FEFF00C000C000C000C000C000C0FEFF21
:10452000110C00FEFFCC006C006C006000E000800D
:10453000FF053C0002000520001E00093C000200AF
:104540003C0002000920001E0020001E0009000798
:10455000800F800F00070D00040004000400040019
:104560000400041D0004000400040004000400040E
:10457000000400040004000400040004000400041B
:1045800009FEFF02800280FEFF1502000200FE000D
:1045900002000200FE003E00C0003E00FE001D00C2
:1045A000C000C0E07F6000600060006000E0FF00CD
:1045B000C600C600C600C600C4007809404080316D
:1045C000001B000419E0FF0006000600060006E0DC
:1045D000FF00C600C600C600C600C400780FE0FF9A
:1045E00000040802840D421020600080110C00FEBF
:1045F000FFCC006C0060006000E000C0FF0FE0FF37
:1046000000C000C000C000C000C0E0FF01150200F3
:104610001CC060C080C3003C000C800360001C0014
:1046200002000FE000060F087008800C780607E013
:10463000000D007000C000C000C000E0FE3F0FB0E1
:1046400037E01C601860186018E01CB0370FFEFFE0
:1046500006000600060006000600070003FEE10F44
:10466000380FE618C6308661064304E60C3C11FE9E
:10467000FF86C186C186C186C186C186C106C017B4
:10468000E00F18300440C2873298129012902288AE
:1046900004401830E00F17F01F98318C6186C186F6
:1046A000C186C106C006C00C60183020080F000487
:1046B000001B80314044001B803140400FC000C0CF
:1046C00000C000C000C000C000C00F09000C000CFA
:1046D000000C000C17E00F18300440E29F228222E9
:1046E00082228EC29104401830E00F050000FEFFC8
:1046F000091C00220022001C000F00C300C300C3DD
:10470000F0FF00C300C300C303FEFF03E6FF0DE09C
:10471000FF60006000600060007C0011E0FFE0FFCF
:10472000001000100010E00FE01F0010117800FCD6
:1047300000FE01FEFF06000600FEFF060003000368
:104740000F803FCC6660C660C660C6CCC680671B63
:10475000FEFF3C00F0008003001E0078FEFF00001A
:10476000E031183618361836F03311001FC0666075
:10477000C660C660C660C0404080200F40408031A7
:10478000001B40448031001B0004050000E6FF13BD
:104790007818CC6086E086C186C106C106C30C626B
:1047A000183C0DC06360C660C660C460CCC07807AA
:1047B0000C00E0FF0C001700C00038000FC00C38E0
:1047C0000C060C380CC00C000F003800C011FEFFA6
:1047D00086C186C186C186C186C10663003E11FEC0
:1047E000FF86C186C186C186C186C1CC63303E0FBB
:1047F000FEFF06000600060006000600060019007F
:10480000C000F8FEC706C006C006C006C006C00647
:10481000C0FEFF00C000C011FEFF86C186C186C178
:1048200086C186C186C106C01B02800440083030A4
:104830000C40028001FEFF80014002300C08300471
:104840004002801318300C6006C086C186C186C144
:10485000CCC17863003E0FFEFF0070001E8003F0A5
:10486000001C00FEFF0FFEFF0070011E8103F1001F
:104870001C00FEFF11FEFF00038000E0011806048B
:1048800018026000801500C000C0FE7F0600060010
:104890000600060006000600FEFF13FEFF3800C0FB
:1048A00003001C00E0001CC0033800FEFF11FEFFE7
:1048B000800180018001800180018001FEFF15E000
:1048C0000F18300C6006C006C006C006C00C601889
:1048D00030E00F11FEFF060006000600060006008D
:1048E0000600FEFF11FEFF0603060306030603068D
:1048F000038C01780015E00F18300C6006C006C06C
:1049000006C006C00C60183020081306000600061A
:10491000000600FEFF060006000600060015020065
:104920001CC060C080C3003C000C800360001C0001
:1049300002001B8003600C3018183018301830FE4D
:10494000FF1830183018303018600C8003170280C0
:10495000044018302008C0060001C00620081830A6
:104960000440028015FEFF00C000C000C000C0006F
:10497000C000C0FEFF00C000C013FE01000300061F
:1049800000060006000600060003FEFF17FEFF00FB
:10499000C000C000C000C0FEFF00C000C000C000DA
:1049A000C0FEFF1BFEFF00C000C000C000C0FEFF35
:1049B00000C000C000C000C0FEFF00C000C015065F
:1049C0000006000600FEFF80C180C180C180C100DA
:1049D00063003C13FEFF80C180C180C180C10063C1
:1049E000003E0000FEFF0FFEFF80C180C180C1803D
:1049F000C10063003E17200818300C6006C006C0D6
:104A000086C186C186C18C619831F01F17FEFF8078
:104A1000018001F00F1C300EE006C006C00EE01C45
:104A200070E00F1370C08C390605060306030603F9
:104A300006030603FEFF11807840CC60C660C660A6
:104A4000C660E6C07F00C00FF01FDC6066C066C0B5
:104A500066C0C660833F0FE0FF60C660C660C66088
:104A6000C660C6C0790DE0FF6000600060006000B5
:104A700060001300C000F0E0CF60C060C060C060A4
:104A8000C0E0FF00C00F803FC06660C660C660C661
:104A9000C0C680671720804040803000090006E0D3
:104AA000FF000600098030404020800FC060604059
:104AB00060C060C660C660E6C0790FE0FF006000BD
:104AC00038000E8003C000E0FF0FE0FF06600838EA
:104AD000080E8C03C600E0FF0FE0FF000400028018
:104AE0000D4010206000801300C000C0E07F600017
:104AF0006000600060006000E0FF13E0FFE0018004
:104B00000F007C00C0007C800FE001E0FF0FE0FFA1
:104B100000060006000600060006E0FF0F803FC00A
:104B20006060C060C060C0C060803F0FE0FF600098
:104B30006000600060006000E0FF0FE0FF60186050
:104B400018601860186018C00F0F803FC06060C008
:104B500060C060C060C0C0600F600060006000E0C6
:104B6000FF600060006000112000E0808087007C12
:104B7000001C8007E000200017801FC0304020404C
:104B8000204030E0FF4030402040204030801F0F68
:104B90002080C060001B0004001BC060208013E068
:104BA000FF00C000C000C000C000C0E0FF00C000A7
:104BB000C00FE007000E000C000C000C000CE0FF22
:104BC00017E0FF00C000C000C000C0E0FF00C00050
:104BD000C000C000C0E0FF1BE0FF00C000C000C07C
:104BE00000C0E0FF00C000C000C000C0E0FF00C087
:104BF00000C01360006000E0FF00C600C600C600F1
:104C0000C600C4007813E0FF00C600C600C600C698
:104C100000C400780000E0FF0FE0FF00C600C600FF
:104C2000C600C600C40078118020404060C060C645
:104C300060C660C6C066001F15E0FF000600068063
:104C40003FC06060C060C060C0C060803F0FC08374
:104C50006066601C600C600C600CE0FF11000000DE
:104C60000000000000000000000000000007FECF70
:104C7000FECFFECF133E003E003E000000000000CD
:104C8000003E003E003E001B000660C660FEE0FFE6
:104C9000F83FFEC77EFEE6FFF83FFE077E0666068B
:104CA00060001538607CE0FEC0CEC1FEFFFEFF064E
:104CB000E706FE0E7E0C3C1F38807CC0FEE0C6700E
:104CC000C63CFE1E7C0FB83BE07DF0FE78C61CC6DD
:104CD0000EFE067C02381F001C007E007FBCF3FC29
:104CE000E1FEC3C6C7E6CF7EDE7EFC1CF000F80006
:104CF000FF009F0007073E003E003E0011C007F086
:104D00001FF83F3C781C700EE006C006C01106C0BC
:104D100006C00EE01C703C78F83FF01FC00717403B
:104D2000004000C004C00EF80F38033803C00FC0A5
:104D30000EC00440001B80018001800180018001C1
:104D4000F83FF83FF83F8001800180018001800139
:104D50000900B800F80078003817000300030003CA
:104D6000000300030003000300030003000300032B
:104D70000900E000E000E000E013008000E000F83F
:104D8000007FC01FF007FC013C000C0019E00FF889
:104D90003FFC7F1EF00EE006C006C00EE01EF0FCD9
:104DA0007FF83FE00F1708C00CC00CC00CC0FEFF1E
:104DB000FEFFFEFF00C000C000C000C0150CE00EEA
:104DC000F006F806FC06CE06C78EC3FEC1FCC0780E
:104DD000C0130CE08EE186C186C186C1CEE3FEFF22
:104DE0007C7F383C19000C000F800FC00DF00C7850
:104DF0000C3C0CFEFFFEFFFEFF000C000C13FEC17E
:104E0000FEC1FEC186C186C386E3067F067F063CDF
:104E100017E00FF83FFC7F3CF38EC186C186C18648
:104E2000E38E7F0C7F001E17060006C006F006FC0E
:104E3000063F860FE603F6003E001E000E00170038
:104E40003C387E7CFFFEE3C6C1C6C1CEC3FEE77E12
:104E50007F3C7E003C17F000FC61FCE38EC306C380
:104E600006C306E39E79FC7FF83FE00F09703870B7
:104E700038703870380970B870F87078703815006C
:104E800001000180038003C006C006600C600C7046
:104E90001C30181560066006600660066006600635
:104EA0006006600660066006153018701C600C60B5
:104EB0000CC006C0068003800300010001171C001F
:104EC0001E001E0006CC06CE06CF8603CE01FE00D5
:104ED0007C0038001DC00FF03FF87F3C708CEFE67F
:104EE000DFE29F3298129C16CFFEDFFC1FF81F00F6
:104EF000101F00C000F000FC807FE00FFC0F7E0C54
:104F00001E0CFE0CFC0FE01F807F00FC00F000C0B8
:104F100017FEFFFEFFFEFF86C186C186C1CEC3FE1F
:104F2000E77CFF387E003C1BC007F01FF83F3C7851
:104F30001C700EE006C006C006C006C006C00EE02B
:104F40000C6019FEFFFEFFFEFF06C006C006C0068D
:104F5000E00EE01C70FC7FF83FE00F17FEFFFEFF45
:104F6000FEFF86C186C186C186C186C186C106C0D4
:104F700000C017FEFFFEFFFEFF0603060306030642
:104F80000306030603060306001BC007F01FF83FD5
:104F90003C781C700EE006E006C306C306C306FF9D
:104FA0000EFF0C7F17FEFFFEFFFEFF8001800180D9
:104FB0000180018001FEFFFEFFFEFF1706C006C054
:104FC00006C006C0FEFFFEFFFEFF06C006C006C00C
:104FD00006C01300C006C006C006C006C006E0FE3C
:104FE000FFFE7FFE1F1BFEFFFEFFFEFF8003E007AC
:104FF000F00F781E3C3C1E780EF006E002C00080E8
:1050000017FEFFFEFFFEFF00C000C000C000C00092
:10501000C000C000C000C01BFEFFFEFFFEFFFE0080
:10502000FC07E01F001EC01FF807FE00FEFFFEFF8A
:10503000FEFF19FEFFFEFFFEFF7E00F801E003C049
:105040000F003F00FCFEFFFEFFFEFF1BE00FF83FDE
:10505000FC7F1C700EE006C006C006C00EE01C708F
:10506000FC7FF83FE00F17FEFFFEFFFEFF06030682
:1050700003060386038E03FE01FC0178001DE00F8A
:10508000F83FFC7F1C700EE006C006C006C00EE0B4
:105090001CF0FC7FF8FFE0EF00C019FEFFFEFFFEF2
:1050A000FF06030603060F8E1FFE3DFC7878F00016
:1050B000E000C0177860FCE0FEE0CEC186C186C388
:1050C00086C306E70E7F0C7E003C1B06000600062A
:1050D0000006000600FEFFFEFFFEFF0600060006BB
:1050E000000600060017FE1FFE7FFE7F00E000C0E6
:1050F00000C000C000E0FE7FFE7FFE1F1F02001EFA
:10510000007E00FC03F00F807F00FE00F800FC80B2
:105110007FF00FFC037E001E0002001F0E00FE0742
:10512000FEFFC0FF00FCC0FFF01FF001F03FE0FFFA
:1051300000FCC0FFFEFFFE030E001F028006C00E33
:10514000E03EF87C3CF01EE00FC007E00FF01E7C54
:105150007C1EF80EE006C002801F02000E001E003A
:105160007E00F801E0FF80FFC0FFE001F000780062
:105170001E000E00060002001B00E006F006F80606
:10518000FC06DE06CFC6C7E6C1F6C07EC03EC01E26
:10519000C00EC011FEFFFEFFFEFF06C006C006C027
:1051A00006C006C0170C001C007C00F801E003805C
:1051B0000F003F007C00F000E000801106C006C038
:1051C00006C006C006C0FEFFFEFFFEFF1900040079
:1051D00007C007E003F8003E003E00F800E003C00F
:1051E00007000700041F00C000C000C000C000C0CE
:1051F00000C000C000C000C000C000C000C000C0AF
:1052000000C000C00902000600060004001B0038B0
:10521000607E70FE30E730C330C330C33063F07F50
:10522000E0FFE0FF00C000C017F0FFF0FFF0FF005C
:10523000E600C300C300C300E700FF007E003C1986
:10524000801FC03FE07FE07070E030C030C030C0F1
:1052500030C030C070E0606017003C007E00FF008E
:10526000E700C300C300C300E7F0FFF0FFF0FF1743
:10527000801FC03FE07FF0E630E630C630C670C623
:10528000F0C7E0E7806715000300030003E0FFF0CC
:10529000FFF0FF300330033003300317C007E04F47
:1052A000F0DF70DC30D830D830D870CCF0FFF07F31
:1052B000F03F17F0FFF0FFF0FF00060003000300CF
:1052C00003000300FF00FF00FE0D00030003300396
:1052D00030FF30FF30FF0F004000C300C330C33049
:1052E000FF307F303F19F0FFF0FFF0FF0018003C67
:1052F000003E007F00F700E300C1008000800B103B
:10530000001000F0FFF0FFF0FF1BF0FFF0FFF0FFD8
:10531000F0003000F0FFF0FFE0FFF0003000F0FFA1
:10532000F0FFE0FF17F0FFF0FFF0FFE0007000304B
:105330000030007000F0FFE0FFC0FF19801FC03F89
:10534000E07FF0F070E030C030C070E0F0F0E07F5F
:10535000C03F801F17F0FFF0FFF0FF601C301830D7
:10536000183018701CF01FE00FC00717C007E00FBF
:10537000F01F701C301830183018700CF0FFF0FF60
:10538000F0FF15F0FFF0FFF0FFE00070003000309C
:1053900000F000F000F00015C061E0E3F0C330C79A
:1053A00030C730C630EE30FE307C003813C000C04D
:1053B00000F07FF0FFF0FFC0C0C0C0C0C0C0C01789
:1053C000F03FF07FF0FF00E000C000C000E00070A0
:1053D000F0FFF0FFF0FF1B1000F000F003F00F8073
:1053E0007F00FE00F000FC007FE00FF003F00010F3
:1053F000001F7000F00FF0FFC0FF00F880FFE01FFB
:10540000E001E01FC0FF00FC00FFF0FFF0073000EC
:105410001B108030C070E0F0F8E03F801F000F806C
:105420003FE079F0F070E030C0108017100070C0DD
:10543000F0C1E0E780FF007E801FC007F001700030
:1054400010001930C030E030F030F830DC30CE30B1
:10545000C7B0C3F0C1F0C070C030C011800180017E
:10546000FC7FFEFF7EFE06C006C006C007FEFFFEF4
:10547000FFFEFF1106C006C006C07EFEFEFFFC7FD9
:10548000800180011500038003800180018003807A
:1054900003000300038003800113F8FFF8FF088076
:1054A0000880088008800880F8FFF8FF1D180018A1
:1054B0000018001800F8FFF8FFF8FF980398C1984B
:1054C000C198E380FF007F003E190E000F0003002B
:1054D00007003FF0FCFFC0FFF0017E001F00070047
:1054E00001000900E000E000E000E017E0FFE0FF5D
:1054F000E0FF640066006700630061006000600018
:1055000060001500E000E000E000E00000000000A6
:10551000E000E000E000E01B00C000C000C00000B0
:10552000000000C000C000C00000000000C000C0BB
:1055300000C017C000C000C000C000FEFFFEFFFE9C
:10554000FFC000C000C000C00017C030C030C03075
:10555000C030FEFFFEFFFEFFC030C030C030C030A4
:105560001BC006E00FF83FFC7FDC76CEE6C6E6C641
:10557000C6C6C6C6C6C6C00EE00C601F7C80FEE074
:105580008278FE1E7C7FC0FFF0823CFE0E7C020013
:10559000007C00FE008200FE007C1F00C000C0F8FE
:1055A000FFF8FFF87F18001800F8FFF8FFF8FF0079
:1055B000C300E700FF007E003C0F0004000E001F48
:1055C000803BC071C06040401DF8FFF8FFF8FF004D
:1055D000030003F8FFF8FFF8FF00C300C300E70073
:1055E0007F007E003C19F8FFF8FFF8FF00038103FD
:1055F000C107E01EF03C787838F018C000801B1816
:105600000018001800F8FFF8FFF8FF180398019839
:1056100001800180FF80FF00FF19F8FFF8FFF8FF0D
:1056200000C000C000C000C000C000C0F8FFF8FF0C
:10563000F8FF1B04000400FFFFFFFFFFFFC401E4AD
:1056400000640064006000E0FFE0FFC0FF093C0070
:105650003F003F0039000927003F003F000F0015C1
:105660003E003F003F003900000000003E003F00C8
:105670003F0039001527003F003F001F00000000D9
:105680000027003F003F001F0011000F000F801F88
:10569000801F801F801F000F000F170002000200F4
:1056A00002000200020002000200020002000200EA
:1056B000021B0002000200020002000200020002BF
:1056C00000020002000200020002000213F8FFF8CC
:1056D000FF08800880088008800880F8FFF8FF1B1A
:1056E00002000200FE00FE00FE000200FE00FE00BE
:1056F0007E007C00FE00FE00FE001F00C000E0E017
:10570000FFE07FE01F6000E0FFE0FFE0FF00C60079
:10571000C600EE00FE007C00380F4040C060C07143
:10572000803B001F000E00041DE0FFE0FFE0FF00D3
:10573000060006E0FFE0FFE0FF00C600C600EE0046
:10574000FE007C003817E0FFE0FFE0FF04060607DC
:10575000871FC33FE179E0F060C000801B040004B4
:1057600000FFFFFFFFFFFFC401E400640060006072
:1057700000E0FFE0FFC0FF15E0FFE0FFE0FF00C03A
:1057800000C000C000C0E0FFE0FFE0FF011F080014
:1057900038C078C0F8C1E1E781FF017E013E011FFA
:1057A0008107E003F0007800180008001B2000E0EB
:1057B00000E303C70F0E3F0CFC0CF00EFC073FC3C9
:1057C0000FE003E00020001300C018C018C018C08C
:1057D00018C018E0F8FFF87FF83F190810D81BF838
:1057E0001FF00F700E300C300C700EF00FF81FD839
:1057F0001B081017F8FFF8FFF8FF18001800180032
:10580000180018001F001F001F00077FF87FF87F97
:10581000F8153807FC0FFE1FE61CC638C631867126
:1058200086FF06FF00C617F8FFF8FFF9FF19C31936
:10583000C318C318C318C319C319C001C021F00F7E
:10584000FC3FFE7F1E78E7E7F7EF73CE33CC33CC17
:1058500033CC37EC07E01E78FE7FFC3FF00F1B8057
:105860000FE03FF07F707338E338E318C318C318B4
:10587000C318C318C038E03060190004000E001FC0
:10588000803BC071C064404E001F803BC071C0604F
:1058900040401B80018001800180018001800180E7
:1058A00001800180018001801F801F801F1700037D
:1058B00000030003000300030003000300030003D0
:1058C0000003000319F001F8030C06060CFA0BFAAA
:1058D0000BCA09FA0B360E0C06F803F0011718C0B4
:1058E00019C019C019C0F8FFF8FFF8FF19C019C096
:1058F00019C018C00D1C003E00220022003E001CF2
:10590000001BC030C030C030C030C030F837F8376E
:10591000F837C030C030C030C030C0301718C018A1
:10592000C018C018C0F8FFF8FFF8FF18C018C0185A
:10593000C018C00F6000600060006300E3FFE3FF79
:10594000E3FF19E0FFE0FFE0FF600060006000603F
:1059500000600060007C007C007C0015F0FFF0FF20
:10596000F0FF001C00180018001CF01FF01FF01FB3
:10597000153C007E00FE00FE00FEFFFEFF0200025E
:1059800000FEFFFEFF09000E000E000E000E1700C5
:105990001E807F807FC0EDD0CCD0CCD0CCC0CDD00D
:1059A000CF90CF104F1DFEFFFEFFFC01E00F007FE8
:1059B000FEFFFEFF0000C0CFE0DFE0DFE0DFE0DF62
:1059C000C0CF17001FC07FC07FE0E660E660C66002
:1059D000C660C660C060E06060194040C060C071D1
:1059E000803B001F404EC064C071803B001F000E12
:1059F000000413000060006000600060006300E3CA
:105A0000FFE3FFE3FF17E060F0E1F8E198C318C39C
:105A100018C718C618E638FE307C003815C061C0BB
:105A2000E3E0C760C660C660CE60CC60FC607C000E
:105A300038136000600066006600E6FFE0FFE6FFE6
:105A4000060006001F008000F000FC807FE00FFCD5
:105A50000F7E0C1E0CFE0CFC0FE01F807F00FC0074
:105A6000F0008017FEFFFEFFFEFF86C186C186C1E3
:105A700086C186E3867F067F001E17FEFFFEFFFEBF
:105A8000FF86C186C186C1CEC3FEE77CFF387E009B
:105A90003C17FEFFFEFFFEFF0600060006000600A4
:105AA00006000600060006001F00C000C000F0004F
:105AB000FEFEFFFEDFFEC106C006C006C0FEFFFE02
:105AC000FFFEFF00C000C017FEFFFEFFFEFF86C105
:105AD00086C186C186C186C186C106C000C01F06B8
:105AE000800EE03EF87CFEF81FE007FEFFFEFFFEA2
:105AF000FFE007F81F7CFE1EF80EE00680170CE0A2
:105B00000EE086C186C186C186C186C3CEE3FE7F14
:105B10007C7F383E19FEFFFEFFFEFF007C003F80C9
:105B20000FE003F8017C00FEFFFEFFFEFF19FEFF01
:105B3000FEFFFEFF007C023F820FE203FA017C00C1
:105B4000FEFFFEFFFEFF19FEFFFEFFFEFF8001C00D
:105B500003E007780F7C3E1E7C0EF006E000801903
:105B600000C000C000E0FEFFFE7FFE1F0600060032
:105B70000600FEFFFEFFFEFF1BFEFFFEFFFEFFFE18
:105B800000FC07E01F001EC01FF807FE00FEFFFE1E
:105B9000FFFEFF17FEFFFEFFFEFF80018001800178
:105BA00080018001FEFFFEFFFEFF1BE00FF83FFCBF
:105BB0007F1C700EE006C006C006C00EE01C70FC24
:105BC0007FF83FE00F17FEFFFEFFFEFF0600060016
:105BD000060006000600FEFFFEFFFEFF17FEFFFEAA
:105BE000FFFEFF06030603060386038E03FE01FC89
:105BF0000178001BC007F01FF83F3C781C700EE0D6
:105C000006C006C006C006C006C00EE00C601F0637
:105C10000006000600060006000600FEFFFEFFFE6E
:105C2000FF0600060006000600060006001F020030
:105C30000EC03EC0FCC0F0E3C0FF007F003F800FFD
:105C4000E003F8017C001E000E0002001FC007E008
:105C50000FF01F383838381830FEFFFEFFFEFF18EF
:105C60003038383838F01FE00FC0071F028006C0F8
:105C70000EE03EF87C3CF01EE00FC007E00FF01E87
:105C80007C7C1EF80EE006C002801BFEFFFEFFFEBD
:105C9000FF00C000C000C000C000C0FEFFFEFFFE4D
:105CA000FF00C000C017FE01FE03FE07000700064C
:105CB000000600070003FEFFFEFFFEFF1BFEFFFEC7
:105CC000FFFEFF00C000C0FEFFFEFFFEFF00C000A1
:105CD000C0FEFFFEFFFEFF1FFEFFFEFFFEFF00C037
:105CE00000C0FEFFFEFFFEFF00C000C0FEFFFEFF83
:105CF000FEFF00C000C01906000600FEFFFEFFFE0A
:105D0000FF80C180C180C180E3807F007F003E1999
:105D1000FEFFFEFFFEFF80C180C180E3807F007F29
:105D2000001EFEFFFEFFFEFF17FEFFFEFFFEFF80D0
:105D3000C180C180C180C180E3807F007F001E19C7
:105D40000C600EE006C086C186C186C18EE18EE180
:105D50009C79FC3FF81FE00F1FFEFFFEFFFEFF8057
:105D600001F00FFC3FFC7F1EF006C006C006C01EFF
:105D7000F0FC7FF83FE00F1B008000C078E0FCF1F2
:105D8000FC798E3D860F060706030603FEFFFEFF25
:105D9000FEFF1B0038607E70FE30E730C330C3303A
:105DA000C33063F07FE0FFE0FF00C000C019801F38
:105DB000C07FE07FF0E670C330C330C330C330E74C
:105DC000307F307E003C17F0FFF0FFF0FF30C63030
:105DD000C630C630C630CFF0FFF0FDE07917F0FFD7
:105DE000F0FFF0FF300030003000300030003000B5
:105DF000300030001B00C000E000FCF0FFF0DFF0DE
:105E0000C330C030C0F0FFF0FFF0FF00C000C0178B
:105E1000801FC03FE07FF0E630E630C630C670C677
:105E2000F0C7E0E780671F008030C0F0F0F0FBC0F3
:105E30003F001FF0FFF0FFF0FF001FC03FF0FBF03E
:105E4000F030C0008015606070E030C330C330C3F4
:105E500030C330E7F0FFF07FE03C17F0FFF0FFF0D9
:105E6000FF003C001E000F8007C003F0FFF0FFF0B2
:105E7000FF17F0FFF0FFF0FF003C101E100F90071F
:105E8000C003F0FFF0FFF0FF17F0FFF0FFF0FF009E
:105E9000060007C01FE03FF07970F030C0008019A5
:105EA00000C000E000F8F07FF03FF00F300030005D
:105EB0003000F0FFF0FFF0FF19F0FFF0FFF0FFF00F
:105EC00007800F003C003C800FF007F0FFF0FFF070
:105ED000FF17F0FFF0FFF0FF0006000600060006C7
:105EE0000006F0FFF0FFF0FF19801FC03FE07FF0D9
:105EF000F070E030C030C070E0F0F0E07FC03F8074
:105F00001F17F0FFF0FFF0FF3000300030003000CE
:105F10003000F0FFF0FFF0FF17F0FFF0FFF0FF6040
:105F20001C301830183018701CF01FE00FC0071913
:105F3000801FC03FE07FE07070E030C030C030C0F4
:105F400030C030C070E060601B3000300030003086
:105F5000003000F0FFF0FFF0FF3000300030003084
:105F600000300019100070C0F0C1F0C3C0FF007F06
:105F7000003E800FE003F001700010001BC007F02E
:105F80001FF01F301C3018F0FFF0FFF0FF3018300A
:105F900018F01FF01FC0071B108030C070E0F0F039
:105FA000E07F801F000F803FE079F0F070E030C0AC
:105FB000108019F0FFF0FFF0FF00C000C000C0002B
:105FC000C0F0FFF0FFF0FF00C000C017F003F007C3
:105FD000F00F000E000C000C000C000EF0FFF0FFA4
:105FE000F0FF1BF0FFF0FFF0FF00C000C0F0FFF07B
:105FF000FFF0FF00C000C0F0FFF0FFF0FF1FF0FF58
:10600000F0FFF0FF00C000C0F0FFF0FFF0FF00C0A5
:1060100000C0F0FFF0FFF0FF00C000C017300030FC
:1060200000F0FFF0FFF0FF00C600C600E600FE0033
:106030007C003C19F0FFF0FFF0FF00C600C600E650
:1060400000FE007C0038F0FFF0FFF0FF15F0FFF0DD
:10605000FFF0FF00C600C600C600C600FE007C00C0
:106060003C17606070E030C030C630C630C630E6E5
:1060700070F6E07FE03F801F1DF0FFF0FFF0FF00B3
:1060800006801FE07FF0FF70E030C030C070E0F0AD
:10609000FFE07F801F170080E0E1E0FBF0FF303F72
:1060A000300E30063006F0FFF0FFF0FF2100000058
:1060B00000000000000000000000000000000000E0
:1060C000000000000000000000000000001DFE0FA6
:1060D000007EFEFF1F7EFEFF7F7EFEFF7F7EFEFFB7
:1060E0007F7EFEFF3F7EFE0F007E49FE000000FE29
:1060F000070000FE070000FE070000FE070000FE8C
:10610000070000FE0000000000000000000000008A
:1061100000000000000000FE000000FE070000FE7E
:10612000070000FE070000FE070000FE070000FE5B
:1061300000000065001E7800001E7860001E787E5A
:10614000001EF87F001EFF7F00FEFF7F80FFFF1F05
:10615000F8FFFF01FEFF7F00FEFF7800FE1F7800C2
:10616000FE1E78000E1E7860001E787E001EF87FEE
:10617000001EFF7F00FEFF7F80FFFF1FF8FFFF0173
:10618000FEFF7F00FEFF7800FE1F7800FE1E7800F5
:106190000E1E7800001E78005D0000C000C00FC019
:1061A00003E03FC007F07FE00FF8FFE01FFCFFE0D7
:1061B0003FFCFFC13FFEF8813FFEF0017F7EE00320
:1061C0007EFFFFFFFFFFFFFFFFFFFFFFFF7EC00718
:1061D0007EFEC0077EFCC1073FFC838F3FFC83FF30
:1061E0003FF883FF1FF001FF0FE001FF0F8001FE6A
:1061F000070000F8017DE00F0000F83F0000FC7F81
:106200000000FEFF00001EF000000EE000000EE0A7
:1062100000401EF00070FEFF007CFC7F007FF83F16
:10622000C07FE00FF01F0000FC070000FF0100C06E
:106230007F0000F01F0000FC070000FF0100C07F8E
:106240000000F01FF007FC07FC1FFE01FE3F7E0070
:10625000FF7F1E000F780600077000000770000027
:106260000F780000FF7F0000FE3F0000FC1F0000D1
:10627000F007810000F0010000FC070000FE0F00A5
:1062800000FE1FC003FF1FE08FFF3FF09FFF3FF89E
:10629000FF0F3FF8FF077EF8FF037CFCFF037C7CC9
:1062A000FE037C3CF8077C3CF00F7C3CF81F7C3CF8
:1062B000F83F7E7CFC7F7EFCFFFF3FF83FFF3FF80E
:1062C0003FFE3FF81FFC1FF00FF80FE00FF00FC06C
:1062D00003FC0F0000FE1F0000FE3F0000FE3F0019
:1062E000007C7F00001C7E0000001E0000000C00EF
:1062F0000000041DFC010000FC0F0000FC0F00006A
:10630000FC0F0000FC0F0000FC0F0000FC0100006F
:106310003100F00F0000FC7F0000FFFF01C0FFFF15
:1063200007E0FFFF0FF0FFFF1FF8FFFF3FFC0FE04C
:106330007FFC01007F3C0000781C0000600400002E
:106340004031040000401C0000603C000078FC016B
:10635000007FFC0FE07FFCFFFF3FF0FFFF1FE0FF2F
:10636000FF0FC0FFFF0700FFFF0100FC7F0000F0F0
:106370000F00410080000000E0100000E038000045
:10638000C0390000C07D0000C03F0000FC1F0000BD
:10639000FC070000FC070000BC0F0000803F00006D
:1063A000C07D0000C0390000E0380000E0100000AF
:1063B0008000006500C00F0000C00F0000C00F008B
:1063C00000C00F0000C00F0000C00F0000C00F0091
:1063D00000C00F0000C00F0080FFFF0780FFFF0715
:1063E00080FFFF0780FFFF0780FFFF0780FFFF0799
:1063F00080FFFF0700C00F0000C00F0000C00F00AB
:1064000000C00F0000C00F0000C00F0000C00F0050
:1064100000C00F0000C00F002100000000000000BD
:106420003F0000003F0000003F0000003F00000070
:10643000FF000000FF000000FF3100C00F0000C09F
:106440000F0000C00F0000C00F0000C00F0000C010
:106450000F0000C00F0000C00F0000C00F0000C000
:106460000F0000C00F0000C00F001D000000FC0066
:106470000000FC000000FC000000FC000000FC002C
:106480000000FC000000FC39000000600000007CFF
:106490000000807F0000F87F0000FF7F00E0FF1F0A
:1064A00000FCFF03C0FF7F00F8FF0F00FCFF0100AE
:1064B000FC1F0000FC0300007C0000000C0000003A
:1064C0005D00F83F0000FFFF01C0FFFF07E0FFFF96
:1064D0000FF0FFFF1FF8FFFF3FF8FFFF3FF807C077
:1064E0003FFC01007FFC00007EFC00007EFC000001
:1064F0007EFC00007EFC00007EFC01007FF807C0EF
:106500003FF8FFFF3FF8FFFF3FF0FFFF1FE0FFFFF7
:106510000FC0FFFF0700FFFF0100F83F0041007EB2
:106520000000003E0000003F0000003F0000801F10
:106530000000801F0000C00F0000E0070000E00323
:106540000000F8FFFF7FFCFFFF7FFCFFFF7FFCFFE9
:10655000FF7FFCFFFF7FFCFFFF7FFCFFFF7F5D00F5
:10656000000060000E0078800F007EE00F007FF0DA
:106570000F807FF00FC07FF80FC07FF80FE07FFC27
:1065800003F07FFC01F87FFC00FC7EFC007C7EFCBD
:10659000003E7EFC003F7EFC811F7EFCC30F7EFC24
:1065A000FF077EF8FF077EF8FF037EF0FF017EE025
:1065B000FF007EC07F007E801F007E5D0000C00067
:1065C0000006E0038007E007E007E00FF00FE01FA0
:1065D000F00FE03FF80FE03FF80F803FFC03007F33
:1065E000FC81037EFCC0037EFCC0037EFCE0037ED6
:1065F000FCF1037EFCFF077FF8FF8F3FF8FFFF3FB2
:10660000F07FFF3FE03FFE1FC01FFE1F800FFC0F0B
:106610000000F8070000F001650000F8010000FC30
:10662000010000FE010000FF010080FF0100E0FF0B
:106630000100F0F70100F8F30100FCF10100FEF0A9
:1066400001807FF001C01FF001E00FF001F007F0C2
:1066500001F8FFFF7FFCFFFF7FFCFFFF7FFCFFFFD8
:106660007FFCFFFF7FFCFFFF7FFCFFFF7F0000F050
:10667000010000F0010000F0010000F0015D0000E9
:10668000C0000000E60300E0EF0700FEEF0FF0FFA0
:10669000EF1FFCFFEF3FFCFFEF3FFCFF8F7FFCFF96
:1066A000077FFCEF037EFCE0037EFCF0037EFCF042
:1066B000037EFCF0037EFCF0077FFCF08F3FFCF0D4
:1066C000FF3FFCE0FF3FFCE0FF1FFCC0FF0FFC8032
:1066D000FF070000FF030000FC005D00F83F000022
:1066E000FFFF0180FFFF07E0FFFF0FE0FFFF1FF04C
:1066F000FFFF1FF8FFFF3FF8071F3FFC811F7FFCD4
:10670000810F7EFCC00F7EFCC00F7EFCC00F7EFCA4
:10671000C00F7EFCC11F7EFCC71F7FF887FF3FF8BC
:1067200087FF3FF087FF3FE007FF1FC007FE0F0016
:1067300003FC070000F0015DFC000000FC0000000D
:10674000FC000000FC000000FC000078FC00807FE2
:10675000FC00F07FFC00FC7FFC00FF7FFC80FF7FE3
:10676000FCE0FF7FFCF0FF03FCF83F00FCFC0700AF
:10677000FCFE0100FC7F0000FC3F0000FC0F00005D
:10678000FC070000FC030000FC0000007C0000008F
:106790003C0000005D0000F0018007FC07E01FFEE8
:1067A0000FF03FFF1FF03FFF1FF8FFFF3FF8FFFF15
:1067B0003FFCFF0F7FFCF8037C7CF001783CE0019C
:1067C000783CE001783CE001787CF00178FCF8034B
:1067D0007CFCFF077EF8FFFF3FF8FFFF3FF03FFF25
:1067E0001FF03FFF1FE01FFE0F8007FC070000F8AF
:1067F000015D001F0000C07F8001E0FFC007F0FFC7
:10680000C10FF8FFC31FF8FFC33FF8FFC33FFCF100
:10681000C77FFCF0077FFCE0077EFCE0077EFCE022
:10682000077EFCE0077EFCE0037EFCE1033FF8F11D
:10683000C13FF8FFFF3FF0FFFF1FF0FFFF0FE0FF3A
:10684000FF0FC0FFFF0300FFFF0100F83F001D0026
:106850007E003F007E003F007E003F007E003F0044
:106860007E003F007E003F007E003F21007E003F13
:10687000007E003F007E003F007E003F007E00FF64
:10688000007E00FF007E00FF000000006100C00FDE
:106890000000C00F0000C00F0000E01F0000E01F5C
:1068A0000000E01F0000F03F0000F03F0000F03E5D
:1068B0000000F87C0000F87C0000FCFC00007CF884
:1068C00000007CF800007EF801003EF001003EF080
:1068D00001003FF003003FF003001FE003801FE0D2
:1068E00007801FE007800FC007C00FC00F6500FCC6
:1068F000F00300FCF00300FCF00300FCF00300FCDC
:10690000F00300FCF00300FCF00300FCF00300FCCB
:10691000F00300FCF00300FCF00300FCF00300FCBB
:10692000F00300FCF00300FCF00300FCF00300FCAB
:10693000F00300FCF00300FCF00300FCF00300FC9B
:10694000F00300FCF00300FCF00300FCF00300FC8B
:10695000F00361C00FC00F800FC007801FE00780E9
:106960001FE007001FE003003FF003003FF00300BB
:106970003EF001003EF001007EF801007CF80000CE
:106980007CF80000FC7C0000F87C0000F87C000033
:10699000F03C0000F03F0000F03F0000E01F00006E
:1069A000E01F0000E01F0000C00F0000C00F00004B
:1069B000C00F0065000E0000800F0000C00F000037
:1069C000E00F0000F00F0000F00F0000F80F0000D3
:1069D000F8070000FC01787EFC017E7EFC007F7ED3
:1069E000FC007F7EFC807F7EFCC07F7EFCC07F7EC3
:1069F000FCE00F00FCF10700F8F90300F8FF0100CC
:106A0000F8FF0100F0FF0000F07F0000E07F0000D1
:106A1000C03F0000000F00008100C03F0000F8FFF1
:106A20000000FEFF0300FFFF07803FE00FC00700EC
:106A30001FE0831F3EF0E07F3CF0F8FF7878FCFF1A
:106A400078387EF071383EE0713C1FE0E11C0FE0C9
:106A5000E11C0FE0E01C0FF0E01C0F78E01C1EFEB4
:106A6000E01CFCFFE11CFEFFE11CFFFFE138FFFF23
:106A7000E138FFC371780FC070F000E078F0017862
:106A800078E0077E3CC0FF3F3E80FF1F1E00FF07EF
:106A90000E00FC0106000000027D00000040000026
:106AA00000780000007E0000807F0000F07F000082
:106AB000FC7F0000FF7F00E0FF0F00F8FF0300FEF7
:106AC000FF00C0FFFF00F0FFFF00FCFFFC00FC1F09
:106AD000FC00FC07FC00FC00FC00FC07FC00FC1FA9
:106AE000FC00FCFFFC00F0FFFF0080FFFF0000FE49
:106AF000FF0000F8FF0300C0FF0F0000FF7F000051
:106B0000FC7F0000E07F0000807F0000007E00002E
:106B100000700000004075FCFFFF7FFCFFFF7FFC62
:106B2000FFFF7FFCFFFF7FFCFFFF7FFCFFFF7FFC81
:106B3000FFFF7FFCC00F7EFCC00F7EFCC00F7EFC01
:106B4000C00F7EFCC00F7EFCC00F7EFCC00F7EFC21
:106B5000C00F7EFCC00F7EFCC00F7EFCC00F7EFC11
:106B6000C00F7EFCE10F7EFCF11F7FFCFF1F7FF852
:106B7000FFFF3FF8FFFE3FF0FFFE3FE07FFC1FC03E
:106B80003FFC0F800FF8070000E0037D00F01F00BE
:106B900000FC7F0000FFFF0180FFFF03C0FFFF0735
:106BA000E0FFFF0FE0FFFF1FF01FF01FF807C03FDF
:106BB000F803803FF801003FF801007FFC00007EF1
:106BC000FC00007EFC00007EFC00007EFC00007EDD
:106BD000FC00007EFC00007EFC00007FFC01007FCA
:106BE000F803803FF803C03FF80FF03FF01FF81F95
:106BF000F01FF81FE01FF00FC01FF007800FF00319
:106C0000000FE0000008200075FCFFFF7FFCFFFF85
:106C10007FFCFFFF7FFCFFFF7FFCFFFF7FFCFFFF90
:106C20007FFCFFFF7FFC00007EFC00007EFC00007C
:106C30007EFC00007EFC00007EFC00007EFC00006C
:106C40007EFC00007EFC00007EFC00007EFC01005B
:106C50007EFC01007FF803003FF807803FF81FE04B
:106C60003FF0FFFF1FF0FFFF1FE0FFFF0FC0FFFF20
:106C70000780FFFF0300FEFF0000F01F006DFCFF18
:106C8000FF7FFCFFFF7FFCFFFF7FFCFFFF7FFCFF20
:106C9000FF7FFCFFFF7FFCFFFF7FFCC00F7EFCC07F
:106CA0000F7EFCC00F7EFCC00F7EFCC00F7EFCC0C0
:106CB0000F7EFCC00F7EFCC00F7EFCC00F7EFCC0B0
:106CC0000F7EFCC00F7EFCC00F7EFCC00F7EFCC0A0
:106CD0000F7EFCC00F7EFCC00F7EFCC00F7EFCC090
:106CE0000F7EFC00007E0000007E61FCFFFF7FFC49
:106CF000FFFF7FFCFFFF7FFCFFFF7FFCFFFF7FFCB0
:106D0000FFFF7FFCFFFF7FFCE00700FCE00700FCCB
:106D1000E00700FCE00700FCE00700FCE00700FCE7
:106D2000E00700FCE00700FCE00700FCE00700FCD7
:106D3000E00700FCE00700FCE00700FCE00700FCC7
:106D4000E00700FC000000FC0000008100E00F00F4
:106D500000FC7F0000FFFF0180FFFF03C0FFFF0773
:106D6000E0FFFF0FE0FFFF0FF01FF81FF007E01F2D
:106D7000F803C03FF803803FF801003FFC01003FEB
:106D8000FC00007EFC00007EFC00007EFC00007E1B
:106D9000FC00007EFC003F7EFC003F7EFC003F7E4E
:106DA000FC013F7EFC013F7EF8033F3FF8073F3F79
:106DB000F80F3F3FF01FFF1FF01FFF1FE01FFF1FD7
:106DC000C01FFF0F800FFF07000FFF076DFCFFFFC5
:106DD0007FFCFFFF7FFCFFFF7FFCFFFF7FFCFFFFCF
:106DE0007FFCFFFF7FFCFFFF7F00E0070000E00764
:106DF0000000E0070000E0070000E0070000E007F7
:106E00000000E0070000E0070000E0070000E007E6
:106E10000000E0070000E0070000E00700FCFFFFC3
:106E20007FFCFFFF7FFCFFFF7FFCFFFF7FFCFFFF7E
:106E30007FFCFFFF7FFCFFFF7F1DFCFFFF7FFCFF50
:106E4000FF7FFCFFFF7FFCFFFF7FFCFFFF7FFCFF5E
:106E5000FF7FFCFFFF7F590000E0010000E007001A
:106E600000E00F0000F01F0000F03F0000F03F00C6
:106E700000F03F0000807F0000007F0000007E00E7
:106E800000007E0000007E0000007E0000007F0009
:106E900000807FFCFFFF3FFCFFFF3FFCFFFF3FFC4C
:106EA000FFFF1FFCFFFF0FFCFFFF07FCFFFF017947
:106EB000FCFFFF7FFCFFFF7FFCFFFF7FFCFFFF7FEE
:106EC000FCFFFF7FFCFFFF7FFCFFFF7F00E03F0038
:106ED00000F01F0000F00F0000F8070000FC0300A6
:106EE00000FE030000FF070080FF1F00C0FF3F00FF
:106EF000E0FF7F00F0DFFF01F88FFF03F807FF07D7
:106F0000FC03FC1FFC01F83FFC00F07F7C00C07F0D
:106F10007C00807F3C00007F1C00007C0C0000781F
:106F2000040000700000004065FCFFFF7FFCFFFFD5
:106F30007FFCFFFF7FFCFFFF7FFCFFFF7FFCFFFF6D
:106F40007FFCFFFF7F0000007E0000007E0000004D
:106F50007E0000007E0000007E0000007E00000039
:106F60007E0000007E0000007E0000007E00000029
:106F70007E0000007E0000007E0000007E00000019
:106F80007E0000007E0000007E0000007E7DFCFF91
:106F9000FF7FFCFFFF7FFCFFFF7FFCFFFF7FFCFF0D
:106FA000FF7FFCFFFF7FFC000000FC0F0000FCFFE8
:106FB0000000FCFF0F00FCFFFF0080FFFF0F00F848
:106FC000FF7F0080FF7F0000F87F0000007F00004F
:106FD000F87F0080FF7F00F8FF7F80FFFF0FFCFF3E
:106FE000FF00FCFF0F00FCFF0000FC0F0000FC0096
:106FF0000000FCFFFF7FFCFFFF7FFCFFFF7FFCFF2B
:10700000FF7FFCFFFF7FFCFFFF7F6DFCFFFF7FFC2E
:10701000FFFF7FFCFFFF7FFCFFFF7FFCFFFF7FFC8C
:10702000FFFF7FFCFFFF7FFC3F0000F0FF0000E060
:10703000FF0100C0FF030000FF0F0000FE1F000063
:10704000F87F0000F0FF0000E0FF010080FF070074
:1070500000FF0F0000FC3F0000F87FFCFFFF7FFCFB
:10706000FFFF7FFCFFFF7FFCFFFF7FFCFFFF7FFC3C
:10707000FFFF7FFCFFFF7F7D00F01F0000FEFF0091
:1070800000FFFF0180FFFF03C0FFFF07E0FFFF0FCE
:10709000F01FF01FF007C01FF803803FF801803F8A
:1070A000F801003FFC01007FFC00007EFC00007E38
:1070B000FC00007EFC00007EFC00007EFC00007EE8
:1070C000FC00007EFC01007FF801003FF801803FDA
:1070D000F803803FF007C01FF01FF01FE0FFFF0F15
:1070E000C0FFFF0780FFFF0300FFFF0100FEFF005E
:1070F00000F01F006DFCFFFF7FFCFFFF7FFCFFFF28
:107100007FFCFFFF7FFCFFFF7FFCFFFF7FFCFFFF9B
:107110007FFCC00F00FCC00F00FCC00F00FCC00FC4
:1071200000FCC00F00FCC00F00FCC00F00FCC00F33
:1071300000FCC00F00FCC00F00FCC00F00FCE10F02
:1071400000FCF30F00F8FF0700F8FF0700F8FF034B
:1071500000F0FF0300E0FF0100C0FF0000003F005F
:10716000008100F01F0000FEFF0000FFFF01C0FFD4
:10717000FF07C0FFFF07E0FFFF0FF01FF01FF00742
:10718000C01FF803803FF803003FF801003FFC01F7
:10719000007FFC00007EFC00007EFC00407EFC00C6
:1071A000F07EFC00F07EFC00E07EFC00E07FFC0155
:1071B000E07FF801C03FF801C03FF803C03FF0078F
:1071C000E03FF01FF87FE0FFFF7FE0FFFFFFC0FF21
:1071D000FFFB00FFFFF100FE7FF000F01FF000005A
:1071E00000207DFCFFFF7FFCFFFF7FFCFFFF7FFC9B
:1071F000FFFF7FFCFFFF7FFCFFFF7FFCFFFF7FFCAB
:10720000E00700FCE00700FCE00700FCE00700FCF2
:10721000E00700FCE00700FCE00F00FCE01F00FCC2
:10722000E03F00FCE07F00FCE0FF00FCE0FF01FC31
:10723000F1FF07FCF1FB0FF8FFFB1FF8FFF17FF8F0
:10724000FFE17FF0FFC07FF0FF007FC07F007E8006
:107250001F007C000000700000006000000040750E
:1072600000006000800FE001C03FE007E07FF00F0A
:10727000F07FF01FF0FFF01FF8FFF03FF8FFE13F55
:10728000F8F1813FFCF1017FFCE0037FFCE0037E2D
:10729000FCE0037EFCE0037EFCC0037EFCC0037EBA
:1072A000FCC0077EFCC0077EFCC1077EF8C1077FDB
:1072B000F8870F7FF88F8F3FF08FFF3FF00FFF3F72
:1072C000E00FFF1FC00FFE1F800FFE0F000EFC0718
:1072D0000000F0016DFC000000FC000000FC00005C
:1072E00000FC000000FC000000FC000000FC0000AE
:1072F00000FC000000FC000000FC000000FCFFFFA0
:107300007FFCFFFF7FFCFFFF7FFCFFFF7FFCFFFF99
:107310007FFCFFFF7FFCFFFF7FFC000000FC000004
:1073200000FC000000FC000000FC000000FC00006D
:1073300000FC000000FC000000FC000000FC00005D
:10734000006DFCFFFF00FCFFFF03FCFFFF07FCFFDD
:10735000FF0FFCFFFF1FFCFFFF3FFCFFFF3F000094
:10736000C03F0000807F0000007F0000007E000022
:10737000007E0000007E0000007E0000007E000015
:10738000007E0000007E0000007F0000007F000003
:10739000C03FFCFFFF3FFCFFFF3FFCFFFF1FFCFF68
:1073A000FF1FFCFFFF0FFCFFFF03FCFFFF007D043E
:1073B0000000003C000000FC010000FC0F0000FC8D
:1073C0003F0000FCFF0100FCFF0F00FCFF3F00E05E
:1073D000FFFF0100FFFF0F00F8FF7F00C0FF7F00ED
:1073E00000FE7F0000F07F0000807F0000007C0036
:1073F00000807F0000F07F0000FE7F00C0FF7F0064
:10740000F8FF7F00FFFF0FE0FFFF01FCFF3F00FCE4
:10741000FF0F00FCFF0100FC3F0000FC0F0000FC20
:107420000100003C000000040000007DFC010000A1
:10743000FC1F0000FCFF0300FCFF7F00FCFFFF07B8
:10744000F0FFFF7F00FEFF7F00C0FF7F0000F87F9E
:1074500000C0FF7F00FEFF7FF0FFFF7FFCFFFF0704
:10746000FCFF3F00FCFF0300FC1F0000FCFF0300CB
:10747000FCFF3F00FCFFFF07F0FFFF7F00FEFF7FE8
:1074800000C0FF7F0000F87F00C0FF7F00FEFF7F8D
:10749000F0FFFF7FFCFFFF07FCFF7F00FCFF030006
:1074A000FC3F0000FC0100007D00000040040000E3
:1074B000701C0000783C00007C7C00007EFC00809A
:1074C0007FFC03C07FFC07E07FFC0FF83FF83FFC28
:1074D0001FF07FFE0FE0FFFF0380FFFF0100FFFFB3
:1074E0000000FE7F0000FC1F0000FE7F0000FFFF89
:1074F0000080FFFF01E0FFFF03F07FFE0FF83FFC7D
:107500001FFC0FF83FFC07E07FFC03C07FFC0080FE
:107510007F7C00007E3C00007C1C000078040000A2
:1075200070000000407D040000001C0000003C00D2
:1075300000007C000000FC010000FC030000FC07D0
:107540000000FC1F0000F83F0000E07F0000C0FFCB
:10755000010000FF030000FEFF7F00F8FF7F00F046
:10756000FF7F00C0FF7F00F0FF7F00F8FF7F00FE7D
:10757000FF7F00FF0300C0FF0100E07F0000F83F35
:107580000000FC1F0000FC070000FC030000FC01E1
:1075900000007C0000003C0000001C000000040013
:1075A0000000750000007E0000007FFC00807FFC72
:1075B00000C07FFC00E07FFC00F07FFC00F87FFC57
:1075C00000FC7FFC00FE7FFC00FF7FFC80FF7FFC57
:1075D000C0FF7EFCE07F7EFCF03F7EFCF81F7EFC5F
:1075E000FC0F7EFCFE077EFCFF037EFCFF017EFCA1
:1075F000FF007EFC7F007EFC3F007EFC1F007EFCC7
:107600000F007EFC07007EFC03007EFC01007EFC78
:1076100000007E0000007E25FCFFFF7FFCFFFF7F57
:10762000FCFFFF7FFCFFFF7FFCFFFF7F3C0000783B
:107630003C0000783C0000783C000078390C0000E9
:10764000007C000000FC030000FC3F0000FCFF0188
:1076500000F0FF0F0080FF7F0000FCFF0700E0FF4D
:107660003F0000FF7F0000F07F0000807F000000EF
:107670007C00000060253C0000783C0000783C0065
:1076800000783C000078FCFFFF7FFCFFFF7FFCFFE1
:10769000FF7FFCFFFF7FFCFFFF7F59000001000020
:1076A000C0010000E0010000F8010000FE010080C0
:1076B000FF0100C0FF0100F0FF0000FC3F0000FCE4
:1076C000070000FC010000FC010000FC070000FCBA
:1076D0003F0000F0FF0000E0FF010080FF0100001C
:1076E000FE010000F8010000E0010000C001000000
:1076F00000010051000000700000007000000070E8
:1077000000000070000000700000007000000070B9
:1077100000000070000000700000007000000070A9
:107720000000007000000070000000700000007099
:107730000000007000000070000000700000007089
:107740000000007029040000000C0000001C000074
:10775000003C0000007C000000FC000000FC000079
:1077600000F8000000E0000000800000005D000064
:10777000000F0000C31F00C0C33F00E0E33F00F064
:10778000E77F00F8E77F00F8F77F00FC737F00FCDD
:10779000707E00FC707E00FC307E00FC303E00FC01
:1077A000383E00FC391F00FCFF0F00FCFF1F00F8F3
:1077B000FF7F00F8FF7F00F8FF7F00F0FF7F00C031
:1077C000FF7F000000700000004065FCFFFF7FFCB1
:1077D000FFFF7FFCFFFF7FFCFFFF7FFCFFFF7FFCC5
:1077E000FFFF7FFCFFFF7F00F0830F00F0011F0011
:1077F000F8013F00F8003E00FC007E00FC007E0027
:10780000FC007E00FC007E00FC017F00FC017F008C
:10781000FC837F00F8FF3F00F8FF3F00F0FF1F00F0
:10782000F0FF1F00E0FF0F00C0FF030000FE005D3F
:107830000000FE000080FF0300E0FF0F00E0FF0FEC
:1078400000F0FF1F00F8FF3F00F8FF3F00F8833F04
:1078500000FC017F00FC007E00FC007E00FC007E3E
:1078600000FC007E00FC007E00FC017F00FC837FAA
:1078700000F8E73F00F8E73F00F0E71F00F0E70FF0
:1078800000E0C3070080C3030000C200650000FEE3
:107890000000C0FF0300E0FF0F00F0FF1F00F0FF3B
:1078A0001F00F8FF3F00F8FF3F00FC837F00FC0152
:1078B0007F00FC017F00FC007E00FC007E00FC00DD
:1078C0007E00FC007E00F8003E00F8013F00F00161
:1078D0001F00F0830FFCFFFF7FFCFFFF7FFCFFFF1B
:1078E0007FFCFFFF7FFCFFFF7FFCFFFF7FFCFFFFB4
:1078F0007F5D0000FE000080FF0300C0FF0F00E07E
:10790000FF1F00F0FF1F00F8FF3F00F8FF3F00FCE3
:10791000BB3F00FC397F00FC387E00FC387E00FC59
:10792000387E00FC387E00FC387E00FC397E00F892
:107930003B7F00F8BF3F00F8BF3F00F0BF3F00E0D3
:10794000BF1F00E03F0F00803F0700003E014900DD
:10795000FC000000FC000000FC000000FC0000E057
:10796000FFFF7FF0FFFF7FF8FFFF7FF8FFFF7FFC47
:10797000FFFF7FFCFFFF7FFCFFFF7FFCFC0000FCA4
:10798000FC0000FCFC0000FCFC0000FCFC0000F81B
:10799000000000F80000006100801F0000E07F1C74
:1079A00000F0FF3C00F0FF3C00F8FF7D00F8FF799D
:1079B00000FCFFFB00FCF0FB007CE0F3003CC0F3AC
:1079C000003CC0F3003CC0F3003CC0F30038C0F101
:1079D0000038C0F10070E0F000E070F800FCFFFF3C
:1079E00000FCFF7F00FCFF7F00FCFF7F00FCFF3FEF
:1079F00000FCFF1F00FCFF0F61FCFFFF7FFCFFFF8F
:107A00007FFCFFFF7FFCFFFF7FFCFFFF7FFCFFFF92
:107A10007FFCFFFF7F00C0070000E0010000F001D5
:107A20000000F8000000F8000000FC000000FC006E
:107A30000000FC000000FC010000FC010000FCFF55
:107A40007F00FCFF7F00F8FF7F00F8FF7F00F0FF62
:107A50007F00E0FF7F00C0FF7F1D7CFCFF7F7CFC80
:107A6000FF7F7CFCFF7F7CFCFF7F7CFCFF7F7CFC3E
:107A7000FF7F7CFCFF7F3100000078000000780071
:107A8000000078000000780000007C3CFFFF7F3C95
:107A9000FFFF7F3CFFFF7F3CFFFF3F3CFFFF3F3C82
:107AA000FFFF1F3CFFFF0F5DFCFFFF7FFCFFFF7F21
:107AB000FCFFFF7FFCFFFF7FFCFFFF7FFCFFFF7FE2
:107AC000FCFFFF7F0000FC0000007E0000003F0084
:107AD00000803F0000C0FF0000E0FF0100F0FF0752
:107AE00000F8FF0F00FCF93F00FCE07F007CC07F46
:107AF000003C007F001C007E001C0078000C007021
:107B0000000400401DFCFFFF7FFCFFFF7FFCFFFF28
:107B10007FFCFFFF7FFCFFFF7FFCFFFF7FFCFFFF81
:107B20007F6D00FCFF7F00FCFF7F00FCFF7F00FCFF
:107B3000FF7F00FCFF7F00F0030000F8010000F869
:107B4000000000FC000000FC000000FC010000FC44
:107B5000FF7F00F8FF7F00F8FF7F00E0FF7F0080DD
:107B6000FF7F00E0030000F0010000F8000000FCCF
:107B7000000000FC000000FC010000FCFF7F00FC96
:107B8000FF7F00F8FF7F00F0FF7F00C0FF7F6100F4
:107B9000FCFF7F00FCFF7F00FCFF7F00FCFF7F00FD
:107BA000FCFF7F00FCFF7F00FCFF7F00E007000080
:107BB000F0010000F8010000F8000000F8000000EB
:107BC000FC000000FC000000FC000000FC010000C4
:107BD000FC030000FCFF7F00FCFF7F00F8FF7F003C
:107BE000F8FF7F00F0FF7F00E0FF7F00C0FF7F69AC
:107BF0000000FE000080FF0300C0FF0700E0FF0F51
:107C000000F0FF1F00F0FF1F00F8FF3F00F8833F68
:107C100000F8013F00FC017F00FC007E00FC007EBC
:107C200000FC007E00FC007E00FC007E00FC007E6C
:107C300000FC017F00F8013F00F8833F00F8FF3FA0
:107C400000F0FF1F00F0FF1F00E0FF0F00C0FF0764
:107C50000080FF030000FE006100FCFFFF00FCFF4E
:107C6000FF00FCFFFF00FCFFFF00FCFFFF00FCFF2C
:107C7000FF00FCFFFF00F0F0000078E0010038C0DA
:107C800001003CC003003CC003003CC003003CC0FA
:107C900003003CC003007CE00300FCF00300FCFF99
:107CA0000300F8FF0100F8FF0100F0FF0000F0FF03
:107CB0000000E07F0000801F006100801F0000E0E6
:107CC0003F0000F0FF0000F0FF0000F8FF0100F8A7
:107CD000FF0100FCFF0300FCF003007CE003003C1C
:107CE000C003003CC003003CC003003CC003003C98
:107CF000C0010038E0010078E00100F0F00000FC75
:107D0000FFFF00FCFFFF00FCFFFF00FCFFFF00FC8B
:107D1000FFFF00FCFFFF00FCFFFF4500FCFF7F00B2
:107D2000FCFF7F00FCFF7F00FCFF7F00FCFF7F006B
:107D3000FCFF7F00FCFF7F00F0030000F800000064
:107D4000F80000007C0000007C0000007C000000C7
:107D50007C0000007C0000007C0000000800006146
:107D60000000000400C0030C00E00F1C00F00F1E18
:107D700000F81F3E00F81F3E00F83F3E00FC3F7C2D
:107D8000007C3E7C003C3C78003C7C78003C7C786D
:107D9000003C7C78003C7878003C7878007C7878EF
:107DA00000FCF87C00F8F87F00F8F03F00F8F03FA6
:107DB0000070F01F0060E01F0040E00F000080072F
:107DC0003D00FC000000FC000000FC0000C0FFFFC4
:107DD0000FE0FFFF3FE0FFFF3FF0FFFF7FF0FFFFFF
:107DE0007FF0FFFF7FF8FFFF7F00FC007E00FC00BC
:107DF0007E00FC007E00FC003E00FC003F6100FCB9
:107E0000FF0700FCFF0F00FCFF1F00FCFF3F00FC12
:107E1000FF3F00FCFF7F00FCFF7F0000807F000031
:107E2000007F0000007E0000007E0000007E000059
:107E3000007E0000003E0000003F0000001F000028
:107E4000800F00FCFF7F00FCFF7F00FCFF7F00FC39
:107E5000FF7F00FCFF7F00FCFF7F00FCFF7F6500D1
:107E60000C0000003C000000FC000000FC030000CF
:107E7000FC0F0000FC3F0000FCFF0100F0FF0700CA
:107E800080FF1F0000FE7F0000F87F0000C07F0021
:107E900000007E0000C07F0000F87F0000FE7F0031
:107EA00080FF1F00F0FF0700FCFF0100FC7F0000C7
:107EB000FC1F0000FC030000FC0000003C00000070
:107EC0000C00007D003C000000FC010000FC0F00E5
:107ED00000FC7F0000FCFF0300FCFF1F00C0FF7FD1
:107EE0000000FE7F0000E07F0000007F0000E07FD8
:107EF0000000FE7F00C0FF1F00FCFF0700FCFF002A
:107F000000FC0F0000FCFF0000FCFF0700C0FF1F8B
:107F10000000FC7F0000E07F0000007F0000E07FA9
:107F20000000FE7F00C0FF7F00FCFF1F00FCFF037E
:107F300000FC7F0000FC0F0000FC0100003C000082
:107F4000650000004000040060001C0078003C0058
:107F50007C007C007E00FC007F00FC837F00FCE74F
:107F60007F00FCFF3F00F8FF0F00E0FF0700C0FFAD
:107F7000010000FF0000C0FF0300F0FF0700F8FF52
:107F80001F00FCFF3F00FCE37F00FC817F00FC0042
:107F90007F007C007E003C007C000C007800040028
:107FA00060000000406500040000001C0000007C30
:107FB00000E000FC00E000FC03E000FC0FE000FC3F
:107FC0003FE000F07FF000C0FFF90000FFFF00007D
:107FD000FC7F0000F07F0000C07F0000F03F000049
:107FE000FC0F0000FF0700C0FF0100F07F0000FC55
:107FF0003F0000FC0F0000FC030000FC0000007CC0
:108000000000001C0000000400005D0000007E0075
:10801000FC007F00FC807F00FC807F00FCC07F00B4
:10802000FCE07F00FCE07F00FCF07F00FCF87F00BC
:10803000FCF87E00FC7C7E00FC7C7E00FC3E7E002A
:10804000FC3F7E00FC1F7E00FC0F7E00FC0F7E00CC
:10805000FC077E00FC037E00FC037E00FC017E002A
:10806000FC007E0000007E450080070000800700C5
:108070000080070000C00F0000E01F00C0FFFF0FDE
:10808000E0FFFF1FF0FFFF3FF0FFFC3FF8FFF87F2E
:10809000F83FF07FF800007C7800007878000078E6
:1080A00078000078780000787800007815F8FFFFF5
:1080B000FFF8FFFFFFF8FFFFFFF8FFFFFFF8FFFFEC
:1080C000FF45780000787800007878000078780024
:1080D000007878000078F800007CF83FF07FF87FA7
:1080E000FC7FF0FFFC3FF0FFFF3FE0FFFF1FC0FF02
:1080F000FF0F00E01F0000C00F000080070000809D
:108100000700008007006500E0010000F0000000AB
:10811000F000000078000000780000007800000007
:10812000780000007800000078000000780000006F
:10813000F8000000F0000000F0000000F000000077
:10814000F0010000E0010000E0010000E00100009B
:10815000E0010000E0010000E0010000E00100009B
:10816000F0000000F000000078000061E0FFFF0177
:10817000200000012000000120000001200000017B
:10818000200000012000000120000001200000016B
:10819000200000012000000120000001200000015B
:1081A000200000012000000120000001200000014B
:1081B000200000012000000120000001200000013B
:1081C0002000000120000001E0FFFF0179FC000019
:1081D00000FC000000FC000000FC000000FC0000AF
:1081E00000FC000000FC000000FC000000FCFFFFA1
:1081F0007FFCFFFF7FFCFFFF7FFCFFFF7FFCFFFF9B
:108200007FFCC00F00FCE00F00FCE00700FCE00773
:1082100000FCF00300FCF00338FCF0037EFCF003EC
:108220007E00F0037E00F0037E00F0077F00E08F09
:108230003F00E0FF3F00C0FF1F0080FF0F0000FF76
:10824000070000FC014DF0010000F80100003C00B7
:1082500000001C0000001C0000003C000000F801B1
:108260000000F03F807F80FFFF7F00F0FF7F00C0B5
:10827000FF3F00FC0300C0FF0000F83F0000FC0FC0
:108280000000FC0100007C0000001C000000040055
:108290000000150000808F000080CF000080FF00EC
:1082A00000807F0000803F3100E0FF7F00E0FF7F23
:1082B00000E4FF7F00E7FF7F80E7FF7FC0E7030068
:1082C000C0E30300C0E10300C0E0030040E003009E
:1082D00000E0030000E00300350000C0470000C0DC
:1082E000E70000C07F0000C03F0000C01F0000008A
:1082F0000000000000000000000000C0470000C0B7
:10830000E70000C07F0000C03F0000C01F750000F4
:10831000007C0000007C0000007C0000007C00006D
:10832000007C0000000000000000000000000000D1
:10833000000000000000000000000000000000003D
:10834000007C0000007C0000007C0000007C00003D
:10835000007C0000000000000000000000000000A1
:10836000000000000000000000000000000000000D
:10837000007C0000007C0000007C0000007C00000D
:10838000007C45800F0000800F0000800F000080FF
:108390000F0000800F0000800F0000FFFFFF3FFF75
:1083A000FFFF3FFFFFFF3FFFFFFF3FFFFFFF3F805C
:1083B0000F0000800F0000800F0000800F00008081
:1083C0000F0000800F00004D800FC007800FC00716
:1083D000800FC007800FC007800FC007800FC00745
:1083E000800FC007FCFFFFFFFCFFFFFFFCFFFFFF4C
:1083F000FCFFFFFFFCFFFFFF800FC007800FC007DF
:10840000800FC007800FC007800FC007800FC00714
:10841000800FC007690060180000701C0000701C0D
:108420000000F01F0000FEFF0000FFFF0180FFFFC3
:1084300003C0FFFF07E0FFFF0FF0FFFF1FF07FFC0F
:108440001FF877DC3FF8739C3FF8711C3FFC711CF0
:108450007FFC701C7EFC701C7EFC701C7EFC701C03
:108460007EFC701C7EFC701C7EFC701C7EFC710C03
:108470007EF831003FF803003F3800803F7DF01F59
:108480000000FC7F0000FC7F00001EF000000EE0FA
:1084900000001EF00078FC7F007FFC7FE07FF01F73
:1084A000FC0F00C0FF0000F81F0000FF0300F03FBA
:1084B000F80FFE07FC3FFE00FE3F0E000F780000A5
:1084C000077000000F780000FE3F0000FE3F000034
:1084D000F80F000000000000F80F0000FE3F000051
:1084E000FE3F00000F780000077000000F780000CA
:1084F000FE3F0000FE3F0000F80F790000003F0043
:1085000000003F0000003FFEFFFF3FFEFFFF1FFE99
:10851000FFFF1FFEFFFF077E0000007E0000007EC1
:108520000000007E0000007E0000007E000000FED3
:10853000FFFF3FFEFFFF3FFEFFFF3FFEFFFF3F004D
:10854000E0073F00E0073F00E0073F00E0073F0093
:10855000E0073F00E0073F00E0073F00E0073F0083
:10856000E08F3F00C0FF1F0080FF1F0000FF0700DB
:1085700000FC011D0000180000007E0000C0FF0389
:1085800000F0FF0F00F8E31F0078001F000800183C
:108590006DFEFFFF3FFEFFFF3FFEFFFF3FFEFFFFC1
:1085A0003F00F0030000F0030000F0030000F003C0
:1085B0000000F0030000F00300FEFFFF3FFEFFFF9E
:1085C0003FFEFFFF3FFEFFFF3F00F0033F00F003D1
:1085D0003F00F0033F00F0033F00F0033F00F003D3
:1085E0003F00F0033F00F0033F00F0873F00E0FF53
:1085F0001F00C0FF0F0080FF070000FE013DE0FFED
:10860000FF3FE0FFFF3FE0FFFF3FE0FFFF3F0000D5
:108610000F0004000F0007C01F0003F87F0001FFD8
:10862000FD0180FFF80FC03FF03FE007C03FE001D1
:10863000003FE0010038E001002059E0030000E0C5
:10864000030000E0030000E0030000E0030000E09E
:10865000030000E0FFFF3FE0FFFF3FE0FFFF3FE0E0
:10866000FFFF3FE0830F00E0830700E0C30700E067
:10867000C30700E0C30700E0C3070000C00F00000D
:10868000C01F000080FF3F0080FF3F0000FF3F0051
:1086900000FC3F41FCFFFF07FCFFFF07FCFFFF075B
:1086A000FCFFFF070000C0070000C0070000C0FF7C
:1086B0000000C0FF0000C0FF0000C0FF0000C007B6
:1086C0000000C007FCFFFF07FCFFFF07FCFFFF07E0
:1086D000FCFFFF073D3000000030000000FCFFFF02
:1086E00007FCFFFF07FCFFFF07FCFFFF07307800D8
:1086F00000301E0000301E00E0301F00E0303F0060
:10870000E000FFFFFF00FEFFFF00FEFFFF00F8FF9D
:108710007F11E01F0000F81F00001C1F0000081F51
:108720000000117C0800007C1C0000FC0F0000FC15
:108730000300002DE01F0000F81F00001C1F0000B8
:10874000081F000000000000000000000000000002
:10875000E01F0000F81F00001C1F0000081F0000A1
:108760002D7C0800007C1C0000FC0F0000FC0300B6
:10877000000000000000000000000000007C080075
:10878000007C1C0000FC0F0000FC0300002100E046
:10879000010000F8070000FC0F0000FC0F0000FCC7
:1087A0000F0000FC0F0000F8070000E0010041008E
:1087B000800F0000800F0000800F0000800F00007D
:1087C000800F0000800F0000800F0000800F00006D
:1087D000800F0000800F0000800F0000800F00005D
:1087E000800F0000800F0000800F0000800F0071DC
:1087F00000800F0000800F0000800F0000800F003D
:1088000000800F0000800F0000800F0000800F002C
:1088100000800F0000800F0000800F0000800F001C
:1088200000800F0000800F0000800F0000800F000C
:1088300000800F0000800F0000800F0000800F00FC
:1088400000800F0000800F0000800F0000800F00EC
:1088500000800F0000800F0000800F0000800F00DC
:108860003DE0FFFF0720000004200000042000007E
:108870000420000004200000042000000420000068
:108880000420000004200000042000000420000058
:10889000042000000420000004E0FFFF07551C0036
:1088A00000001C0000001C000000FCFF0000FCFF9A
:1088B00000001C0000001C0000001C000000000064
:1088C0000000FCFF0000FCFF00007C000000FC0337
:1088D0000000E03F000000FE000000FC0000E03F60
:1088E0000000FC0700007C000000FCFF0000FCFF13
:1088F0000000690000C0070000C0070000C00700BA
:10890000FFFF0700FFFF0700FFFF0300FFFF01005D
:108910001F0000001F0000001F0000001F000000DB
:108920001F000000FFFF0700FFFF0700FFFF070019
:10893000FFFF070000070700000707000007070008
:108940000007070000070700008F070000FF07006F
:1089500000FE030000FE030000F8001D00080002F6
:108960000078C00300F8F10300F0FF0100C07F00B1
:1089700000001F0000000C005900FFFF0700FFFF70
:108980000700FFFF0700FFFF0700800F0000800FB8
:108990000000800F0000800F0000FFFF0700FFFFB6
:1089A0000700FFFF0700FFFF0700800F0700800F91
:1089B0000700800F0700800F0700800F0700809FCF
:1089C000070080FF070000FF030000FF030000FC1A
:1089D000003100FFFF0700FFFF0700FFFF0700FF58
:1089E000FF07200007003C800F001EF8FF000EFE6E
:1089F000FD07063FF8070207E007000780070000B1
:108A000000043D3000000030000000FCFFFF07FCC8
:108A1000FFFF07FCFFFF07FCFFFF07307800003077
:108A20001E0000301E0000301F0000303F0000001C
:108A3000FFFF0700FEFF0700FEFF0700F8FF0731FA
:108A400000FFFF0700FFFF0700FFFF0700FFFF0712
:108A50000000C0FF0000C0FF0000C0FF0000C0FF1A
:108A600000FFFF0700FFFF0700FFFF0700FFFF07F2
:108A70000145C0000000C0030000C01F0000C07F0F
:108A8000007C83FF017C07FE077C0EF81F7F0CE053
:108A9000FF3F0C00FF1F0C00FE070EC0FF0007F891
:108AA0003F0003FF0700C0FF0100C03F0000C007F8
:108AB0000000C00100003D000C0000007C00E00050
:108AC000FC03E018FC0FE038F07FF07000FFFF605F
:108AD00000F87F6000C03F6000F81F7000FF03389F
:108AE000F07F0018FC1F0000FC0300007C00000069
:108AF0000C0000350000C0030000C00F0000C03FA4
:108B00000000C03F0000007E0000007C0000007CF0
:108B10000000007C0000007EC0FFFF3FC0FFFF3F61
:108B2000C0FFFF1FC0FFFF03450018600000DCEF1F
:108B30000000FEFF0100FEFF0100FCFF000078784E
:108B400000003CF000001CE000001CE000001CE005
:108B500000003CF0000078780000FCFF0000FEFF01
:108B60000100FEFF0100DCEF000018600039F0FF9B
:108B7000FF07F0FFFF07F0FFFF07F0FFFF07F0FF21
:108B8000FF07F0000000F0000000F0000000F0001F
:108B90000000FF000000FF000000FF000000FF00D9
:108BA0000000FF00000011FE3FF87FFE3FF87FFE4F
:108BB0003FF87FFE3FF87F4900F0010000F8030610
:108BC000F0FC070EF8FD0F1EFCFF0F3EFE8F1F3E50
:108BD000FE0F3F7C9E0F3E780E1F7E700E3F7C7016
:108BE0001E7EF8703E7CF8793CFCF87F3CF8FF3F35
:108BF00038F8FF3F30F0DF1F00E08F0F00C00700A4
:108C00004D00FFFF7F00FFFF7F00FFFF7F38FFFF6A
:108C10007F38FFFF7F380F1E78380F1E78000F1E39
:108C200078000F1E78000F1E78000F1E78380F1E78
:108C300078380F1E78380F1E78380F1E78000F1EF8
:108C400078000F1E78000F0078000000786D00009B
:108C50007F0000C0FF0100E0FF0300F0C1070078C3
:108C6000000F001C001C000C0018000E3E3800868F
:108C7000FF3000C6FF3100C3C16100E30063006341
:108C80000063006300630063006300E3806300C36C
:108C9000C16100C6C13000064130000E0038000C32
:108CA0000018001C001C0078000F00F0C10700E055
:108CB000FF0300C0FF0100007F005900007F00009B
:108CC000E0FF0300F0FF0700F8FF0F00FCFF1F00AC
:108CD0007C9E3F003E1E3E001E1E3C000F1E7C0080
:108CE0000F1E78000F1E78000F1E78000F1E7800F0
:108CF0000F0078001F007C001E003E003E003F0079
:108D00007EC01F007CC01F007CC00F0038800700A1
:108D100020800145000040000000F0010000F80341
:108D20000000FE0F0000FF1F00809F3F00800F3EED
:108D300000800338008040200000F0010000F803AC
:108D40000000FE0F0000FF1F00809F3F00800F3ECD
:108D500000800338008000204900C0030000C003E9
:108D60000000C0030000C0030000C0030000C003F7
:108D70000000C0030000C0030000C0030000C003E7
:108D80000000C0030000C0030000C0030000C0FFDB
:108D90000100C0FF0100C0FF0100C0FF0100C0FFD3
:108DA00001290000E0010000E0010000E0010000F6
:108DB000E0010000E0010000E0010000E00100002F
:108DC000E0010000E0010000E0016D00007F000014
:108DD000C0FF0100E0FF0300F0C1070078000F00B2
:108DE0001C001C000C0018000E003800E6FF3300C9
:108DF000E6FF3300E3FF6300631860006318600060
:108E000063386000E37C6000E3EF6100C3EF630060
:108E100086873300060032000E0038000C00180070
:108E20001C001C0078000F00F0C10700E0FF0300E9
:108E3000C0FF0100007F0031380000003800000052
:108E40003800000038FFFF7F00FFFF7F00FFFF7F3B
:108E500000FFFF7F00FFFF7F3800000038000000A8
:108E600038000000380000002D0078000000FC00F1
:108E70000000FE010000CF0300008703000087030D
:108E8000000087030000CF030000FE010000FC008B
:108E900000007800004D008007780080077800808F
:108EA00007780080077800800778008007780080C6
:108EB000077800FEFF7900FEFF7900FEFF7900FED3
:108EC000FF7900FEFF790080077800800778008036
:108ED0000778008007780080077800800778008096
:108EE00007781500FFFF7F00FFFF7F00FFFF7F0077
:108EF000FFFF7F00FFFF7F1500C7FF7F00C7FF7FD9
:108F000000C7FF7F00C7FF7F00C7FF7F3500C0FF9E
:108F10007F00C0FF7F00C0FF7F00C0FF7F00C0FF59
:108F20007F00C0030000C0030000C0030000FC037A
:108F30000000FC030000FC030000FC030000FC0335
:108F4000004500FCFFFF00FCFFFF00FCFFFF00FCF2
:108F5000FFFF00FCFFFF0000E0010000C003000075
:108F6000800700008007000080070000C0030000A9
:108F7000E00100FCFF0700FCFF0700FCFF0700FC0E
:108F8000FF0700FCFF0751001F0000C07F0000E04A
:108F9000FF0000E0FF0000F0FF0100F0FF0100F023
:108FA000FF0100F0FFFFFFF0FFFFFFF0FFFFFFF00A
:108FB000FFFFFF700000007000000070000000F074
:108FC000FFFFFFF0FFFFFFF0FFFFFFF0FFFFFF706D
:108FD000000000700000001500C0030000C0030086
:108FE00000C0030000C0030000C00300490000F8F7
:108FF000030000FE0F0000FF1F000EFF3F008EFF6A
:109000003F008EEF3E00CEE77C00C0E37800C0E377
:109010007800C0E37800C0E37800CEE778008EE700
:109020007C008EFF3C000EFF3C0000FF3C0000FC7B
:10903000180000F0087100FFFF7F00FFFF7F00FFB6
:10904000FF7F00FFFF7F00FE030000F80F0000F02D
:109050001F0000C07F000000FF010000FC070000AF
:10906000F80F0000E03F00FFFF7F00FFFF7F00FFE1
:10907000FF7F00FFFF7F0000000000C00F3C00E00A
:109080003F3C00F07F3C00F8FF3C0078F03C0038AB
:10909000E03C0078F03C00F8FF3C00F07F3C00E052
:1090A0003F3C00800F00350000F8030000FE0F0079
:1090B00080FF3F0080FF3F00C0E77C00C0E37800F6
:1090C000C0E37800C0E37800C0077C00C00F3F0019
:1090D000800F3F0000071E000004063500800020BE
:1090E0000080073C00801F3F0000FF1F0000FC07BE
:1090F0000000F0010080C0200080073C00801F3F7E
:109100000000FF1F0000FC070000F0010000C0008D
:109110001D000000E0000000E0000000E080F3FF20
:10912000FF80F3FFFF80F3FF7F80F3FF3F450000E8
:10913000C00100F8C00700FEC31F00FFC73F00FFCB
:10914000073F801F0F7E800F0E7C800F0E7C800FEC
:109150000E7C800F1E7C800F1C7C801F1C7E007F7D
:109160003C3E007EF83F007CF81F0070F01F0000BE
:10917000C0073D00001F0000803F0800C07F1800AE
:10918000C07F3C00E0797C00E0F87800E0F07000FF
:10919000E0F07000E0F07100E0E07900E0E17F00D5
:1091A000C0C33F00C0C31F0080010F0000010025A5
:1091B000000700000007000000E7FF7F00E0FF7FDE
:1091C00000E0FF7F00E0FF7F0007000000070000D5
:1091D000000700007D000000400000007800000053
:1091E0007E0000807F0000F07F0000FC7F0000FF19
:1091F0007F00E0FF0F00F8FF0300FEFF00C0FFFF4D
:1092000000F0FFFF00FCFFFC00FC1FFC00FC07FC63
:1092100000FC00FC00FC07FC00FC1FFC00FCFFFC49
:1092200000F0FFFF0080FFFF0000FEFF0000F8FFDE
:109230000300C0FF0F0000FF7F0000FC7F0000E084
:109240007F0000807F0000007E00000070000000B2
:109250004075FCFFFF7FFCFFFF7FFCFFFF7FFCFFF3
:10926000FF7FFCFFFF7FFCFFFF7FFCFFFF7FFCC059
:109270000F7EFCC00F7EFCC00F7EFCC00F7EFCC0CA
:109280000F7EFCC00F7EFCC00F7EFCC00F7EFCC0BA
:109290000F7EFCC00F7EFCC00F7EFCC00F7EFCC0AA
:1092A0000F7EFCC01F7FFCC01F7FFC80FF3FFC8047
:1092B000FF3FFC80FF3FFC00FF1F0000FE0F00008F
:1092C000FC070000F00175FCFFFF7FFCFFFF7FFC47
:1092D000FFFF7FFCFFFF7FFCFFFF7FFCFFFF7FFCAA
:1092E000FFFF7FFCC00F7EFCC00F7EFCC00F7EFC2A
:1092F000C00F7EFCC00F7EFCC00F7EFCC00F7EFC4A
:10930000C00F7EFCC00F7EFCC00F7EFCC00F7EFC39
:10931000C00F7EFCE10F7EFCF11F7FFCFF1F7FF87A
:10932000FFFF3FF8FFFE3FF0FFFE3FE07FFC1FC066
:109330003FFC0F800FF8070000E00361FCFFFF7F98
:10934000FCFFFF7FFCFFFF7FFCFFFF7FFCFFFF7F39
:10935000FCFFFF7FFCFFFF7FFC000000FC00000023
:10936000FC000000FC000000FC000000FC0000000D
:10937000FC000000FC000000FC000000FC000000FD
:10938000FC000000FC000000FC000000FC000000ED
:10939000FC000000FC000000FC0000008100000058
:1093A0007E0000007E0000007E0000007F0000E0E4
:1093B0007F0000FF7FFCFFFF7FFCFFFF7FFCFFFFC4
:1093C0007FFCFFFF7FFCFFFF7EFCFF1F7EFCFF009A
:1093D0007EFC00007EFC00007EFC00007EFC0000A5
:1093E0007EFC00007EFC00007EFC00007EFC000095
:1093F0007EFC00007EFCFFFF7FFCFFFF7FFCFFFF89
:109400007FFCFFFF7FFCFFFF7FFCFFFF7FFCFFFF78
:109410007F0000007E0000007E0000007E6DFCFFEB
:10942000FF7FFCFFFF7FFCFFFF7FFCFFFF7FFCFF58
:10943000FF7FFCFFFF7FFCFFFF7FFCC00F7EFCC0B7
:109440000F7EFCC00F7EFCC00F7EFCC00F7EFCC0F8
:109450000F7EFCC00F7EFCC00F7EFCC00F7EFCC0E8
:109460000F7EFCC00F7EFCC00F7EFCC00F7EFCC0D8
:109470000F7EFCC00F7EFCC00F7EFCC00F7EFCC0C8
:109480000F7EFC00007E0000007E7D3C0000403C22
:109490000000783C00007E7C00807FFC00E07FF8CC
:1094A00007F87FF03FFE1FE07FFF0380FFFF000013
:1094B000FC3F0000F00F0000E0030000C00300FCD0
:1094C000FFFF7FFCFFFF7FFCFFFF7FFCFFFF7FFCB8
:1094D000FFFF7F00C0030000E0030000F00F00006A
:1094E000FC3F0080FFFF00E07FFF03F03FFE1FF81E
:1094F00007F87FFC00F07F7C00807F3C00007E3C12
:109500000000783C000040710000800000068003ED
:109510008007C007C007C00FE00FC01FF00FE03F7B
:10952000F00FE03FF80FC03FF807807FFC03007F9B
:10953000FC01007FFC00007EFCC0037EFCC0037EBB
:10954000FCC0037EFCC0037EFCC0037EFCE0037E07
:10955000FCE1077FFCF3077FF8FF8F3FF8FFFF3F39
:10956000F87FFF3FF03FFF1FE01FFE1FE01FFE0FD1
:109570008007FC070000F0016DFCFFFF7FFCFFFF90
:109580007FFCFFFF7FFCFFFF7FFCFFFF7FFCFFFFF7
:109590007FFCFFFF7F0000F83F0000FE1F0000FF80
:1095A0000F0080FF0300E0FF0100F0FF0000F83F24
:1095B0000000FE1F0000FF0F0080FF0300E0FF011E
:1095C00000F0FF0000F83F0000FCFFFF7FFCFFFF02
:1095D0007FFCFFFF7FFCFFFF7FFCFFFF7FFCFFFFA7
:1095E0007FFCFFFF7F6DFCFFFF7FFCFFFF7FFCFF29
:1095F000FF7FFCFFFF7FFCFFFF7FFCFFFF7FFCFF87
:10960000FF7F0000F83F0000FE1F0000FF0F0780F3
:10961000FF0307E0FF0107F0FF0007F83F0007FE28
:109620001F0007FF0F0087FF0300E0FF0100F0FFAE
:109630000000F83F0000FCFFFF7FFCFFFF7FFCFF06
:10964000FF7FFCFFFF7FFCFFFF7FFCFFFF7FFCFF36
:10965000FF7F69FCFFFF7FFCFFFF7FFCFFFF7FFCBC
:10966000FFFF7FFCFFFF7FFCFFFF7FFCFFFF7F0012
:10967000C0030000C0030000C0030000E0070000BA
:10968000F80F0000FC3F0000FF7F00C07FFF01E0FB
:109690007FFF03F03FFE0FF80FFC3FF803F87FFC5D
:1096A00000F07F7C00C07F3C00007F3C00007E3CDF
:1096B0000000783C0000603C000040750000007E27
:1096C0000000007E0000007E0000007E0000007FA1
:1096D000FCFFFF7FFCFFFF7FFCFFFF7FFCFFFF3FE6
:1096E000FCFFFF3FFCFFFF1FFCFFFF07FC0000002B
:1096F000FC000000FC000000FC000000FC0000007A
:10970000FC000000FC000000FC000000FC00000069
:10971000FC000000FCFFFF7FFCFFFF7FFCFFFF7FE2
:10972000FCFFFF7FFCFFFF7FFCFFFF7FFCFFFF7F55
:109730007DFCFFFF7FFCFFFF7FFCFFFF7FFCFFFF47
:109740007FFCFFFF7FFCFFFF7FFC000000FC0F00A1
:1097500000FCFF0000FCFF0F00FCFFFF0080FFFF8C
:109760000F00F8FF7F0080FF7F0000F87F000000FF
:109770007F0000F87F0080FF7F00F8FF7F80FFFF01
:109780000FFCFFFF00FCFF0F00FCFF0000FC0F00C0
:1097900000FC000000FCFFFF7FFCFFFF7FFCFFFFE1
:1097A0007FFCFFFF7FFCFFFF7FFCFFFF7F6DFCFF67
:1097B000FF7FFCFFFF7FFCFFFF7FFCFFFF7FFCFFC5
:1097C000FF7FFCFFFF7FFCFFFF7F00E0070000E062
:1097D000070000E0070000E0070000E0070000E0ED
:1097E000070000E0070000E0070000E0070000E0DD
:1097F000070000E0070000E0070000E00700FCFFB2
:10980000FF7FFCFFFF7FFCFFFF7FFCFFFF7FFCFF74
:10981000FF7FFCFFFF7FFCFFFF7F7D00F01F00004C
:10982000FEFF0000FFFF0180FFFF03C0FFFF07E016
:10983000FFFF0FF01FF01FF007C01FF803803FF875
:1098400001803FF801003FFC01007FFC00007EFC2E
:1098500000007EFC00007EFC00007EFC00007EFC20
:1098600000007EFC00007EFC01007FF801003FF854
:1098700001803FF803803FF007C01FF01FF01FE09A
:10988000FFFF0FC0FFFF0780FFFF0300FFFF010086
:10989000FEFF0000F01F006DFCFFFF7FFCFFFF7F5D
:1098A000FCFFFF7FFCFFFF7FFCFFFF7FFCFFFF7FD4
:1098B000FCFFFF7FFC000000FC000000FC0000003B
:1098C000FC000000FC000000FC000000FC000000A8
:1098D000FC000000FC000000FC000000FC00000098
:1098E000FC000000FC000000FCFFFF7FFCFFFF7F8E
:1098F000FCFFFF7FFCFFFF7FFCFFFF7FFCFFFF7F84
:10990000FCFFFF7F6DFCFFFF7FFCFFFF7FFCFFFF85
:109910007FFCFFFF7FFCFFFF7FFCFFFF7FFCFFFF63
:109920007FFCC00F00FCC00F00FCC00F00FCC00F8C
:1099300000FCC00F00FCC00F00FCC00F00FCC00FFB
:1099400000FCC00F00FCC00F00FCC00F00FCE10FCA
:1099500000FCF30F00F8FF0700F8FF0700F8FF0313
:1099600000F0FF0300E0FF0100C0FF0000003F0027
:10997000007D00F01F0000FC7F0000FFFF0180FF62
:10998000FF03C0FFFF07E0FFFF0FE0FFFF1FF01F17
:10999000F01FF807C03FF803803FF801003FF801CF
:1099A000007FFC00007EFC00007EFC00007EFC00CE
:1099B000007EFC00007EFC00007EFC00007EFC00BF
:1099C000007FFC01007FF803803FF803C03FF80FE1
:1099D000F03FF01FF81FF01FF81FE01FF00FC01F2F
:1099E000F007800FF003000FE000000820006DFC7E
:1099F000000000FC000000FC000000FC000000FC77
:109A0000000000FC000000FC000000FC000000FC66
:109A1000000000FC000000FCFFFF7FFCFFFF7FFC5C
:109A2000FFFF7FFCFFFF7FFCFFFF7FFCFFFF7FFC52
:109A3000FFFF7FFC000000FC000000FC000000FCB9
:109A4000000000FC000000FC000000FC000000FC26
:109A5000000000FC000000FC000000790400000091
:109A60001C0000003C000000FC000000FC010000A5
:109A7000FC07007EFC0F007EFC3F007EF07F007E36
:109A8000E0FF017EC0FF037F00FF8F7F00FEFF3FEE
:109A900000F8FF3F00F0FF1F00C0FF0F0080FF072E
:109AA00000E0FF0100F87F0000FE3F0080FF0F0094
:109AB000E0FF0300F8FF0000FC7F0000FC1F000037
:109AC000FC070000FC0100007C0000003C000000DE
:109AD0000C0000008100E00F0000FC7F0000FEFF92
:109AE0000000FFFF0180FFFF0380FFFF03C03FF87E
:109AF00007C01FF007C00FE007E007C00FE007C076
:109B00000FE007C00FE007C00FFCFFFF7FFCFFFF67
:109B10007FFCFFFF7FFCFFFF7FFCFFFF7FFCFFFF61
:109B20007FE007C00FE007C00FE007C00FE007C0ED
:109B30000FC00FE007C01FF007C03FF80780FFFF0E
:109B40000380FFFF0300FFFF0100FEFF0000FC7F1A
:109B50000000E00F007D00000040040000701C00C9
:109B600000783C00007C7C00007EFC00807FFC03D1
:109B7000C07FFC07E07FFC0FF83FF83FFC1FF07F41
:109B8000FE0FE0FFFF0380FFFF0100FFFF0000FE6C
:109B90007F0000FC1F0000FE7F0000FFFF0080FF31
:109BA000FF01E0FFFF03F07FFE0FF83FFC1FFC0FFB
:109BB000F83FFC07E07FFC03C07FFC00807F7C0057
:109BC000007E3C00007C1C00007804000070000057
:109BD00000407DFCFFFF7FFCFFFF7FFCFFFF7FFC61
:109BE000FFFF7FFCFFFF7FFCFFFF7FFCFFFF7F008D
:109BF00000007E0000007E0000007E0000007E006D
:109C000000007E0000007E0000007E0000007E005C
:109C100000007E0000007E0000007E0000007E004C
:109C200000007E0000007EFCFFFF7FFCFFFF7FFC4A
:109C3000FFFF7FFCFFFF7FFCFFFF7FFCFFFF7FFC40
:109C4000FFFF7F0000007E0000007E0000007E69B4
:109C5000FC7F0000FCFF0100FCFF0300FCFF07008D
:109C6000FCFF0F00FCFF0F00FCFF0F0000E01F00D7
:109C700000C01F0000801F0000801F0000801F0028
:109C800000801F0000801F0000801F0000801F0058
:109C900000800F0000C00F0000C00F00FCFFFF7F1E
:109CA000FCFFFF7FFCFFFF7FFCFFFF7FFCFFFF7FD0
:109CB000FCFFFF7FFCFFFF7F7DFCFFFF7FFCFFFFC2
:109CC0007FFCFFFF7FFCFFFF7FFCFFFF7F000000AA
:109CD0007E0000007E0000007E0000007E0000008C
:109CE0007E0000007E0000007E0000007EFCFFFF82
:109CF0007FFCFFFF7FFCFFFF7FFCFFFF7FFCFFFF80
:109D00007F0000007E0000007E0000007E0000005A
:109D10007E0000007E0000007E0000007E0000004B
:109D20007EFCFFFF7FFCFFFF7FFCFFFF7FFCFFFF50
:109D30007FFCFFFF7F81FCFFFF7FFCFFFF7FFCFFBD
:109D4000FF7FFCFFFF7FFCFFFF7F0000007E000025
:109D5000007E0000007E0000007E0000007E00000B
:109D6000007E0000007E0000007EFCFFFF7FFCFF05
:109D7000FF7FFCFFFF7FFCFFFF7FFCFFFF7F0000FA
:109D8000007E0000007E0000007E0000007E0000DB
:109D9000007E0000007E0000007E0000007EFCFFD0
:109DA000FF7FFCFFFF7FFCFFFF7FFCFFFF7FFCFFCF
:109DB000FF7F0000007E817C0000007C0000007CB2
:109DC0000000007C0000007C0000007C0000007CA3
:109DD0000000007C000000FCFFFF7FFCFFFF7FFC19
:109DE000FFFF7FFCFFFF7FFCFFFF7FFCFFFF7F008B
:109DF000C0077C00C0077C00C0077C00C0077C0057
:109E0000C0077C00C0077C00C0077C00C0077C0046
:109E1000C0077C00C0077C00C00F7E00C01F7F0011
:109E200080FF3F0080FF3F0000FF3F0000FF1F005A
:109E300000FC0F0000F00381FCFFFF7FFCFFFF7FB1
:109E4000FCFFFF7FFCFFFF7FFCFFFF7FFCFFFF7F2E
:109E500000C0077C00C0077C00C0077C00C0077CF6
:109E600000C0077C00C0077C00C0077C00C0077CE6
:109E700000C0077C00C0077C00C00F7E00C01F7FB1
:109E80000080FF3F0080FF3F0000FF3F0000FF1FFA
:109E90000000FC0F0000F0030000000000000000C4
:109EA00000000000FCFFFF7FFCFFFF7FFCFFFF7F47
:109EB000FCFFFF7FFCFFFF7F69FCFFFF7FFCFFFFD4
:109EC0007FFCFFFF7FFCFFFF7FFCFFFF7FFCFFFFAE
:109ED0007F00C00F7E00C00F7E00C00F7E00C00F4D
:109EE0007E00C00F7E00C00F7E00C00F7E00C00F3E
:109EF0007E00C00F7E00C00F7E00C00F7E00C00F2E
:109F00007E00C01F7F00801F7F0080FF3F0080FF1A
:109F10003F0000FF1F0000FE0F0000FC070000F0E4
:109F2000037D000C6000000FE001800FF003C01FF4
:109F3000F007E01FF00FF01FF81FF01FF81FF80FD9
:109F4000E03FF807C03FF803803FFC01007FFC01C1
:109F5000007FFCE0077EFCE0077EFCE0077EFCE083
:109F6000077EFCE0077EFCE0077EFCE0077EFCE16C
:109F7000077FF8E1073FF8E3873FF8E3C73FF0EFDB
:109F8000E71FF0FFFF1FE0FFFF0FC0FFFF0780FF8D
:109F9000FF0300FFFF0100FC7F0000E01F0081FCC9
:109FA000FFFF7FFCFFFF7FFCFFFF7FFCFFFF7FFCCD
:109FB000FFFF7F00C00F0000C00F0000C00F0000B7
:109FC000C00F0000F87F0000FFFF0180FFFF07E0E7
:109FD000FFFF0FF0FFFF1FF00FF03FF803C03FF847
:109FE00001003FFC01007FFC00007EFC00007EFCC5
:109FF00000007EFC00007EFC00007EFC01007FF87B
:10A0000001003FF803803FF00FF01FF0FFFF1FE05B
:10A01000FFFF0F80FFFF0300FFFF0100F83F007DFF
:10A02000000000400000006000000070801F007C05
:10A03000C07F007EF0FF007FF0FFC07FF8FFE17F70
:10A04000F8FFF17FF8FFFB1FFCF1FB0FFCF1FF07AE
:10A05000FCE0FF01FCE0FF00FCE07F00FCE03F00D3
:10A06000FCE01F00FCE00F00FCE00700FCE0070044
:10A07000FCE00700FCE00700FCE00700FCE0070054
:10A08000FCFFFF7FFCFFFF7FFCFFFF7FFCFFFF7FEC
:10A09000FCFFFF7FFCFFFF7FFCFFFF7F5D000000F8
:10A0A0000F0000C31F00C0C33F00E0E33F00F0E724
:10A0B0007F00F8E77F00F8F77F00FC737F00FC70FB
:10A0C0007E00FC707E00FC307E00FC303E00FC38E0
:10A0D0003E00FC391F00FCFF0F00FCFF1F00F8FFD3
:10A0E0007F00F8FF7F00F8FF7F00F0FF7F00C0FFD8
:10A0F0007F00000070000000406900F83F0000FF92
:10A10000FF01C0FFFF07E0FFFF0FF0FFFF1FF08F11
:10A11000FF1FF8C7FF3FF8E3C73FF8F1013FFCF925
:10A12000017FFCF8007EFCFC007EFCFC007EFCFC59
:10A13000007EFCFC007EFCFC007EFCFC017FFCFC45
:10A14000013FFCF8C73FFCF8FF3FFEF0FF1F7EF029
:10A15000FF1F7EE0FF0F3EC0FF070E80FF030000E1
:10A16000FE006500FCFF7F00FCFF7F00FCFF7F001E
:10A17000FCFF7F00FCFF7F00FCFF7F00FCFF7F00F7
:10A180003C3C78003C3C78003C3C78003C3C78000F
:10A190003C3C78003C3C78003C3C78003C3C7800FF
:10A1A0003C3C78007C7E7800FC7F7C00FCFF7F00DC
:10A1B000FCFF7F00F8FF3F00F8F73F00F0E33F00AF
:10A1C000E0C11F000080074500FCFF7F00FCFF7F0F
:10A1D00000FCFF7F00FCFF7F00FCFF7F00FCFF7F97
:10A1E00000FCFF7F00FC000000FC000000FC000001
:10A1F00000FC000000FC000000FC000000FC00006F
:10A2000000FC000000FC000000FC000079000000E1
:10A21000FE000000FE000000FE000000FE000080C6
:10A22000FF0000E0FF0000FEFF00FCFF7F00FCFFDE
:10A230007F00FCFF7F00FCFF7E00FC7F7E00FC0FA8
:10A240007E00FC007E00FC007E00FC007E00FC0026
:10A250007E00FC007E00FC007E00FC007E00FCFF17
:10A260007F00FCFF7F00FCFF7F00FCFFFF00FCFF86
:10A27000FF00FCFFFF00FCFFFF000000FE000000ED
:10A28000FE000000FE5D0000FE000080FF0300C035
:10A29000FF0F00E0FF1F00F0FF1F00F8FF3F00F876
:10A2A000FF3F00FCBB3F00FC397F00FC387E00FC18
:10A2B000387E00FC387E00FC387E00FC387E00FCD6
:10A2C000397E00F83B7F00F8BF3F00F8BF3F00F049
:10A2D000BF3F00E0BF1F00E03F0F00803F070000CE
:10A2E0003E018100000040003C0070003C0078000E
:10A2F0003C007E007C807F00FCC17F00F8E37F0093
:10A30000F8F71F00F0FF0700C0FF010000FF00008A
:10A31000003C0000003C0000FCFF7F00FCFF7F00D1
:10A32000FCFF7F00FCFF7F00FCFF7F00FCFF7F0045
:10A33000003C0000003C0000007F0000C0FF010066
:10A34000F0FF0700F8F71F00F8E37F00FCC17F0073
:10A350007C807F003C007E003C0078003C00700068
:10A3600000004055000000020080000E00E0001ECA
:10A3700000F0001F00F0013F00F8013F00F8017EEF
:10A3800000FC007C007C0078003C3C78003C3C7881
:10A39000003C3C78003C3C78007C7E7C00FCFF7FED
:10A3A00000F8FF3F00F8F73F00F0F73F00F0E31F31
:10A3B00000C0C10F000080076100FCFF7F00FCFFB0
:10A3C0007F00FCFF7F00FCFF7F00FCFF7F00FCFFA5
:10A3D0007F00FCFF7F0000C03F0000E01F0000F096
:10A3E0000F0000F8030000FE010000FF0000803FA6
:10A3F0000000E01F0000F00F0000F8070000FCFF65
:10A400007F00FCFF7F00FCFF7F00FCFF7F00FCFF64
:10A410007F00FCFF7F00FCFF7F6100FCFF7F00FCF2
:10A42000FF7F00FCFF7F00FCFF7F00FCFF7F0CFC38
:10A43000FF7F3CFCFF7F7C00C03F7800E01FF00006
:10A44000F00FE000F803E000FE01E000FF00E08014
:10A450003F00E0E01F00F0F00F0078F807007CFC00
:10A46000FF7F3CFCFF7F0CFCFF7F00FCFF7F00FCBC
:10A47000FF7F00FCFF7F00FCFF7F5900FCFF7F0097
:10A48000FCFF7F00FCFF7F00FCFF7F00FCFF7F00E4
:10A49000FCFF7F00FCFF7F000078000000780000D8
:10A4A00000FC000000FE0100C0FF0700F0FF0F00ED
:10A4B000F8EF3F00F8C77F00FCC37F00FC807F00FF
:10A4C0003C007F003C007C003C0078003C006000C9
:10A4D000000040710000007E0000007E0000007E51
:10A4E0000000007E0000007E00FCFF7F00FCFF7F7C
:10A4F00000FCFF7F00FCFF7F00FCFF3F00FCFF1F14
:10A5000000FCFF0F00FC000000FC000000FC00004D
:10A5100000FC000000FC000000FC000000FC00004B
:10A5200000FC000000FC000000FCFF7F00FCFF7F3F
:10A5300000FCFF7F00FCFF7F00FCFF7F00FCFF7F33
:10A5400000FCFF7F7500FCFF7F00FCFF7F00FCFF2D
:10A550007F00FCFF7F00FCFF7F00FCFF7F00FC030F
:10A560000000FC1F0000FC7F0000E0FF010080FFF6
:10A570000F0000FC3F0000F07F0000C07F000000E3
:10A580007E0000C07F0000F07F0000FC3F0080FFE5
:10A590000F00E0FF0100F87F0000FC1F0000FC033B
:10A5A0000000FCFF7F00FCFF7F00FCFF7F00FCFF42
:10A5B0007F00FCFF7F00FCFF7F6100FCFF7F00FC51
:10A5C000FF7F00FCFF7F00FCFF7F00FCFF7F00FCA3
:10A5D000FF7F00FCFF7F0000FC000000FC0000008B
:10A5E000FC000000FC000000FC000000FC0000007B
:10A5F000FC000000FC000000FC000000FC0000FC6F
:10A60000FF7F00FCFF7F00FCFF7F00FCFF7F00FC62
:10A61000FF7F00FCFF7F00FCFF7F690000FE000061
:10A6200080FF0300C0FF0700E0FF0F00F0FF1F00E6
:10A63000F0FF1F00F8FF3F00F8833F00F8013F00E4
:10A64000FC017F00FC007E00FC007E00FC007E0020
:10A65000FC007E00FC007E00FC007E00FC017F0010
:10A66000F8013F00F8833F00F8FF3F00F0FF1F00B4
:10A67000F0FF1F00E0FF0F00C0FF070080FF030096
:10A6800000FE006100FCFF7F00FCFF7F00FCFF7FFD
:10A6900000FCFF7F00FCFF7F00FCFF7F00FCFF7FD2
:10A6A00000FC000000FC000000FC000000FC0000BA
:10A6B00000FC000000FC000000FC000000FC0000AA
:10A6C00000FC000000FC000000FCFF7F00FCFF7F9E
:10A6D00000FCFF7F00FCFF7F00FCFF7F00FCFF7F92
:10A6E00000FCFF7F6500FCFFFF00FCFFFF00FCFF9C
:10A6F000FF00FCFFFF00FCFFFF00FCFFFF00FCFF72
:10A70000FF00F0830F00F0011F00F8013F00F80088
:10A710003E00FC007E00FC007E00FC007E00FC0091
:10A720007E00FC017F00FC017F00FC837F00F8FFBE
:10A730003F00F8FF3F00F0FF1F00F0FF1F00E0FFA9
:10A740000F0080FF030000FE005D0000FE0000809F
:10A75000FF0300E0FF0F00E0FF0F00F0FF1F00F815
:10A76000FF3F00F8FF3F00F8833F00FC017F00FC43
:10A77000007E00FC007E00FC007E00FC007E00FCF1
:10A78000007E00FC017F00FC837F00F8E73F00F8BB
:10A79000E73F00F0E71F00F0E70F00E0C30700808D
:10A7A000C3030000C2005D00FC000000FC000000CC
:10A7B000FC000000FC000000FC000000FC000000A9
:10A7C000FC000000FC000000FCFF7F00FCFF7F009D
:10A7D000FCFF7F00FCFF7F00FCFF7F00FCFF7F0091
:10A7E000FCFF7F00FC000000FC000000FC000000FB
:10A7F000FC000000FC000000FC000000FC00000069
:10A80000FC00006500040000001C0000007C00E06B
:10A8100000FC00E000FC03E000FC0FE000FC3FE077
:10A8200000F07FF000C0FFF90000FFFF0000FC7F98
:10A830000000F07F0000C07F0000F03F0000FC0F30
:10A840000000FF0700C0FF0100F07F0000FC3F0098
:10A8500000FC0F0000FC030000FC0000007C000076
:10A86000001C000000040000810000FE0000C0FF8A
:10A870000700E0FF0F00F0FF1F00F8FF3F00F8FFA8
:10A880007F00FC837F00FC017F00FC007E00FC0059
:10A890007E00F8003E00F8013F00F0831FFCFFFF40
:10A8A000FFFCFFFFFFFCFFFFFFFCFFFFFFFCFFFFC4
:10A8B000FFFCFFFFFF00F0831F00F8013F00F800DE
:10A8C0003E00FC007E00FC007E00FC017F00FC835B
:10A8D0007F00FCFF7F00F8FF3F00F0FF1F00E0FF5C
:10A8E0000F00C0FF070000FE0065000000400004EC
:10A8F0000060001C0078003C007C007C007E00FCB6
:10A90000007F00FC837F00FCE77F00FCFF3F00F836
:10A91000FF0F00E0FF0700C0FF010000FF0000C0C4
:10A92000FF0300F0FF0700F8FF1F00FCFF3F00FCE3
:10A93000E37F00FC817F00FC007F007C007E003C08
:10A94000007C000C007800040060000000406900FA
:10A95000FCFF7F00FCFF7F00FCFF7F00FCFF7F000F
:10A96000FCFF7F00FCFF7F00FCFF7F0000007E00FB
:10A9700000007E0000007E0000007E0000007E00DF
:10A9800000007E0000007E0000007E0000007E00CF
:10A99000FCFF7F00FCFF7F00FCFF7F00FCFFFF004F
:10A9A000FCFFFF00FCFFFF00FCFFFF000000FE00BB
:10A9B0000000FE000000FE5900FC030000FC0F0038
:10A9C00000FC1F0000FC3F0000FC3F0000FC3F00BB
:10A9D00000FC7F0000007E0000007C00000078008A
:10A9E00000007800000078000000780000003800C7
:10A9F0000000380000FCFF7F00FCFF7F00FCFF7FB1
:10AA000000FCFF7F00FCFF7F00FCFF7F00FCFF7F5E
:10AA10007900FCFF7F00FCFF7F00FCFF7F00FCFF54
:10AA20007F00FCFF7F00FCFF7F0000007E00000035
:10AA30007E0000007E0000007E0000007E0000001E
:10AA40007E00FCFF7F00FCFF7F00FCFF7F00FCFF1F
:10AA50007F00FCFF7F00FCFF7F0000007E00000005
:10AA60007E0000007E0000007E0000007E000000EE
:10AA70007E00FCFF7F00FCFF7F00FCFF7F00FCFFEF
:10AA80007F00FCFF7F00FCFF7F8100FCFF7F00FC5C
:10AA9000FF7F00FCFF7F00FCFF7F00FCFF7F00FCCE
:10AAA000FF7F0000007E0000007E0000007E0000AE
:10AAB000007E0000007E0000007E00FCFF7F00FCA6
:10AAC000FF7F00FCFF7F00FCFF7F00FCFF7F00FC9E
:10AAD000FF7F0000007E0000007E0000007E00007E
:10AAE000007E0000007E0000007E00FCFF7F00FC76
:10AAF000FF7F00FCFF7F00FCFFFF00FCFFFF00FC6E
:10AB0000FFFF000000FE000000FE7500FC000000DA
:10AB1000FC000000FC000000FC000000FC00000045
:10AB2000FC000000FC000000FCFF7F00FCFF7F0039
:10AB3000FCFF7F00FCFF7F00FCFF7F00FCFF7F002D
:10AB40000078780000787800007878000078780045
:10AB50000078780000787800007878000078780035
:10AB60000078780000F87C0000F87F0000F87F0093
:10AB700000F03F0000F03F0000E01F000080078170
:10AB800000FCFF7F00FCFF7F00FCFF7F00FCFF7FDD
:10AB900000FCFF7F00FCFF7F0000787800007878E1
:10ABA00000007878000078780000787800007878E5
:10ABB0000000787800007878000078780000F87C51
:10ABC0000000F87F0000F83F0000F03F0000F03F79
:10ABD0000000E01F000080070000000000000000EF
:10ABE000000000000000000000FCFF7F00FCFF7F71
:10ABF00000FCFF7F00FCFF7F00FCFF7F00FCFF7F6D
:10AC00005D00FCFF7F00FCFF7F00FCFF7F00FCFF7E
:10AC10007F00FCFF7F00FCFF7F0000787800007859
:10AC20007800007878000078780000787800007864
:10AC30007800007878000078780000787800007854
:10AC4000780000F87C0000F87F0000F03F0000F082
:10AC50003F0000F03F0000E01F000080075D0000A3
:10AC60008000000082030080830F00E0C31F00F01B
:10AC7000C71F00F8C73F00F8C73F00F8877F00FCF8
:10AC8000037F00FC3D7E00FC3C7E00FC3C7E00FC23
:10AC90003C7E00FC3C7E00FC3C7F00FCBD7F00F85D
:10ACA000FF3F00F8FF3F00F0FF1F00F0FF1F00E034
:10ACB000FF0F0080FF030000FE008100FCFF7F000B
:10ACC000FCFF7F00FCFF7F00FCFF7F00FCFF7F009C
:10ACD000FCFF7F0000FC000000FC000000FC000006
:10ACE00000FC000000FC000000FF0300C0FF0700A4
:10ACF000E0FF1F00F0FF1F00F8FF3F00F8FF3F00DC
:10AD0000F8837F00FC017F00FC007E00FC007E00D9
:10AD1000FC007E00FC007E00FC007E00FC017F0049
:10AD2000F8833F00F8FF3F00F0FF3F00F0FF1F00F7
:10AD3000E0FF0F0080FF070000FE006900000040F8
:10AD40000000006000C0077000F00F7800F81F7C62
:10AD500000F83F7E00F83F7F00FCBF7F00FCFF7FD4
:10AD6000007CFC3F003CF81F003CF807003CF80367
:10AD7000003CF801003CF800003C7800003C780002
:10AD8000003C7800003C780000FCFF7F00FCFF7F67
:10AD900000FCFF7F00FCFF7F00FCFF7F00FCFF7FCB
:10ADA00000FCFF7F446973706C61795F66696C6C4D
:10ADB0005265637400000000443A5C557365727319
:10ADC0005C43686972696B616C6F5C41524D5F7086
:10ADD000726F6A5C53505244325F355C64697370C1
:10ADE0006C6179322E6300005245435420686569D6
:10ADF0006768742A7769647468206D75737420625B
:10AE000065203E3000000000446973706C61795F1A
:10AE1000636C656172526563740000004544495477
:10AE20000045444954004544495400C2C2CEC400C0
:10AE300073796D626F6C0073796D626F6C007379FA
:10AE40006D626F6C00F1E8ECE2EEEB00646967693B
:10AE50007400646967697400646967697400F6E87E
:10AE6000F4F0E0006E657874006E657874006E65CD
:10AE7000787400E4E0EBFCF8E5000000706F696EA8
:10AE80007400706F696E7400706F696E7400F2EE1A
:10AE9000F7EAE000656E74657200656E74657200B5
:10AEA000656E74657200E2E2EEE4000063616E6359
:10AEB000656C0063616E63656C0063616E63656CF5
:10AEC00000EEF2ECE5EDE000252E3066000000001B
:10AED000456469744D6F64655F4F6E52696768744D
:10AEE00000000000443A5C55736572735C43686906
:10AEF00072696B616C6F5C41524D5F70726F6A5C1E
:10AF000053505244325F355C656469742E630000AF
:10AF1000496E76616C696420706172616D657465FB
:10AF200072730000456469744D6F64655F4F6E55C0
:10AF300070000000456469744D6F64655F4F6E4436
:10AF40006F776E00456469744D6F64655F73686FF9
:10AF5000774D6F6465486561646572005B252E30CE
:10AF600066202D20252E30665D0000004564697442
:10AF70004D6F64655F73686F7756616C756550726D
:10AF800065760000456469744D6F64655F73686F32
:10AF90007744696D656E73696F6E0000CEF1F2E003
:10AFA000EBEEF1FC20F1E8ECE22E3A202564000003
:10AFB00052656D61696E696E672073796D626F6C41
:10AFC000733A2025640000003D450000143F140042
:10AFD00041450000554500005945000083450000EB
:10AFE000B94700005948000001490000914900009C
:10AFF000514A00007D4A0000814A00008D4A00004D
:10B00000954A0000914A0000554800004C495354AD
:10B01000004C495354004C49535400D1CFC8D1CEB1
:10B02000CA00000046696C654C6973744D6F6465B5
:10B030005F4F6E49646C6500443A5C55736572738A
:10B040005C43686972696B616C6F5C41524D5F7003
:10B05000726F6A5C53505244325F355C66696C654E
:10B060005F6C6973742E63007052657446756E630D
:10B0700074696F6E206D757374206E6F74206265D5
:10B08000204E554C4C000000506C65617365207774
:10B090006169742E2E2E0042697474652077617286
:10B0A00074656E2E2E2E00506C656173652077617D
:10B0B00069742E2E2E00CFEEE6E0EBF3E9F1F2E01C
:10B0C00020E6E4E8F2E52E2E2E00000046696C65CD
:10B0D0004C6973744D6F64655F6D656E75315F703B
:10B0E000756E6B7431000000704F6E4E6578745051
:10B0F000616765206D757374206E6F7420626520C2
:10B100004E554C4C000000003E3E4E657874207059
:10B11000616765003E3E4E6578742070616765002A
:10B120003E3E4E6578742070616765003E3ED1EB0F
:10B13000E5E4F3FEF9E0FF20F1F2F02E000000005C
:10B1400046696C654C6973744D6F64655F6D656EBF
:10B1500075315F70756E6B7432000000704F6E5009
:10B1600072657650616765206D757374206E6F74BB
:10B17000206265204E554C4C000000003C3C507253
:10B180006576696F75732070616765003C3C50722D
:10B190006576696F75732070616765003C3C50721D
:10B1A0006576696F75732070616765003C3CCFF010
:10B1B000E5E4FBE4F3F9E0FF20F1F2F02E000000FB
:10B1C00095520000003F2B005BFF00005FFF000076
:10B1D00057FF000053FF0000D7520000F952000053
:10B1E000F5520000FD520000015300000F53000013
:10B1F0004353000087530000955300009153000013
:10B20000F152000053656C656374206974656D00CC
:10B2100053656C656374206974656D0053656C6576
:10B220006374206974656D00C2FBE1E5F0E8F2E546
:10B2300020EFF3EDEAF20000000000000000000043
:10B2400000000000000000000000000000000000FE
:10B25000000000000900000099530000C1530000E5
:10B260007B5400007B5400007B5400007B540000A2
:10B270007B5400007B5400007B5400000000000061
:10B28000BD530000E55300008F540000B35400008C
:10B29000D7540000FB5400001F5500004355000028
:10B2A000675500000000000066696C65737973746F
:10B2B000656D5F6765745F66696C657265636F7203
:10B2C00064496E6465780000443A5C557365727336
:10B2D0005C43686972696B616C6F5C41524D5F7071
:10B2E000726F6A5C53505244325F355C66696C65BC
:10B2F00073797374656D2E630000000066696C6578
:10B300007265636F7264206973206F7574206F6655
:10B310002072616E6765000066696C65737973748D
:10B32000656D5F726561645F66696C657265636FA8
:10B330007264737461626C6500000000736563740D
:10B340006F72206E756D626572206973206F7574FF
:10B35000206F662072616E676500000066696C652B
:10B3600073797374656D5F77726974655F66696C14
:10B37000657265636F7264737461626C650000006E
:10B3800066696C6573797374656D5F6765745F6614
:10B39000697273745F66696C657265636F72644924
:10B3A0006E64657800000000696E76616C696420E7
:10B3B00066696C65207265636F72640066696C65AE
:10B3C00073797374656D5F66696E645F66726565D7
:10B3D0005F66696C657265636F72640066696C654F
:10B3E00073797374656D5F726561645F636C6173BB
:10B3F0007465727461626C650000000066696C655A
:10B4000073797374656D5F77726974655F636C617E
:10B41000737465727461626C6500000066696C65C6
:10B4200073797374656D5F726561645F636C61737A
:10B4300074657200636C6173746572206E756D6201
:10B440006572206973206F7574206F662072616E5B
:10B450006765000066696C6573797374656D5F7705
:10B46000726974655F636C617374657200000000DB
:10B4700066696C6573797374656D5F6765745F6326
:10B480006C6173746572496E64657800636C617396
:10B490007465725F6E756D626572206973206F7579
:10B4A00074206F662072616E6765000066696C6566
:10B4B00073797374656D5F66696E645F66726565E6
:10B4C0005F636C61737465720000000066696C658F
:10B4D00073797374656D5F66696E645F66696C65C8
:10B4E0000000000066696C6573797374656D5F6454
:10B4F000656C6574655F66696C650000696E766190
:10B500006C696420636C6173746572207265636F2B
:10B510007264000066696C6573797374656D5F634E
:10B5200072656174655F66696C65000066696C656B
:10B5300073797374656D5F72656E616D655F666961
:10B540006C650000496E76616C696420706172619F
:10B550006D6574657273000066696C6573797374E8
:10B56000656D5F726561645F66726F6D5F706F734A
:10B570006974696F6E000000696E76616C696420A1
:10B5800066696C6520636C6173746572000000000D
:10B5900066696C6573797374656D5F66696C655F08
:10B5A0006368616E67655F6C656E00006C656E2038
:10B5B000706172616D65746572206D757374206E53
:10B5C0006F74206265203000696E76616C6964205A
:10B5D00066696C650000000066696C657379737458
:10B5E000656D5F6765745F64697200006974656D9D
:10B5F000734E756D203C203100000000656E657251
:10B60000677900007369676D6100000066696C65A9
:10B6100073797374656D5F6F70656E5F6669727361
:10B620007400000046696C6573797374656D2066FB
:10B6300061696C656400000066696C657379737498
:10B64000656D5F6F70656E5F6669727374457800D3
:10B65000000000000000100066696C657379737467
:10B66000656D5F636865636B5F616E645F72657370
:10B67000746F726500000000496E697469616C69DD
:10B680007A6174696F6E2E2E2E0D00496E69746991
:10B69000616C697A6174696F6E2E2E2E0D00496E91
:10B6A000697469616C697A6174696F6E2E2E2E0DF2
:10B6B00000C8EDE8F6E8E0EBE8E7E0F6E8FF2E2E5C
:10B6C0002E0D0000526567656E65726174696E6764
:10B6D000206D656D6F72792E2E2E0D005265676597
:10B6E0006E65726174696E67206D656D6F72792E1B
:10B6F0002E2E0D00526567656E65726174696E6706
:10B70000206D656D6F72792E2E2E0D00D0E5E3E56C
:10B71000EDE5F0E0F6E8FF20EFE0ECFFF2E82E2E9A
:10B720002E0D000070726F67726573732000707267
:10B730006F6772657373200070726F6772657373E1
:10B740002000E2FBEFEEEBEDE5EDE8E52000000088
:10B750002564252500000000436865636B696E67FA
:10B76000206D656D6F72792E2E2E0D004368656316
:10B770006B696E67206D656D6F72792E2E2E0D00D0
:10B78000436865636B696E67206D656D6F72792EB6
:10B790002E2E0D00CFF0EEE2E5F0EAE020EFE0EC37
:10B7A000FFF2E82E2E2E0D00436865636B696E670D
:10B7B0002066696C65732E2E2E0D00436865636BE1
:10B7C000696E672066696C65732E2E2E0D004368C6
:10B7D00065636B696E672066696C65732E2E2E0D2E
:10B7E00000CFF0EEE2E5F0EAE020F4E0E9EBEEE293
:10B7F0002E2E2E0D0000000044656C6574652062DD
:10B8000061642066696C65732E2E2E004162737030
:10B810006569636865726E207363686C65636874DC
:10B820002066696C65732E2E2E0044656C65746508
:10B83000206261642066696C65732E2E2E00D3E44D
:10B84000E0EBE5EDE8E520EFEBEEF5E8F520F4E0E0
:10B85000E9EBEEE22E2E2E0044656C6574696E678E
:10B86000206261642066696C65732E2E2E00416231
:10B8700073706569636865726E207363686C656375
:10B8800068742066696C65732E2E2E0044656C65A5
:10B8900074696E67206261642066696C65732E2E20
:10B8A0002E00D3E4E0EBE5EDE8E520EFEBEEF5E884
:10B8B000F520F4E0E9EBEEE22E2E2E00443A5C5542
:10B8C000736572735C43686972696B616C6F5C412C
:10B8D000524D5F70726F6A5C53505244325F355CF8
:10B8E00066696C6573797374656D322E6300000050
:10B8F000696E76616C696420636C61737465722033
:10B900007265636F726400004D656D6F72792066B9
:10B910006F726D617474696E672E2E2E00446174AF
:10B92000656E737065696368657220666F726D61BC
:10B9300074696572656E2E2E2E004D656D6F72797D
:10B9400020666F726D617474696E672E2E2E00D43E
:10B95000EEF0ECE0F2E8F0EEE2E0EDE8E520EFE01A
:10B96000ECFFF2E82E2E2E00454550524F4D20663A
:10B9700061696C65642100004552524F52210046B6
:10B9800045484C455221004552524F522100CED8D5
:10B99000C8C1CAC02100000046696C652073797374
:10B9A00074656D204641494C454421204974206905
:10B9B00073207265636F6D6D656E64656420746F6E
:10B9C00020726573746F726520666163746F72793B
:10B9D0002064656661756C7473210D416C6C206622
:10B9E000696C65732077696C6C206265206C6F737D
:10B9F00074210D0D436F6E6669726D2E2E2E0046FA
:10BA0000696C652073797374656D204641494C45B6
:10BA10004421204974206973207265636F6D6D65E0
:10BA20006E64656420746F20726573746F72652034
:10BA3000666163746F72792064656661756C747396
:10BA4000210D416C6C2066696C65732077696C6CA4
:10BA5000206265206C6F7374210D0D436F6E6669F3
:10BA6000726D2E2E2E0046696C6520737973746595
:10BA70006D204641494C454421204974206973207A
:10BA80007265636F6D6D656E64656420746F20729E
:10BA90006573746F726520666163746F7279206478
:10BAA000656661756C7473210D416C6C2066696C00
:10BAB00065732077696C6C206265206C6F737421EC
:10BAC0000D0D436F6E6669726D2E2E2E00D1C1CEA4
:10BAD000C920D4E0E9EBEEE2EEE920F1E8F1F2E58D
:10BAE000ECFB2120D0E5EAEEECE5EDE4EEE2E0ED62
:10BAF000EE20E2EEF1F1F2E0EDEEE2E8F2FC20E71A
:10BB0000E0E2EEE4F1EAE8E520F3F1F2E0EDEEE266
:10BB1000EAE8210DC2F1E520E4E0EDEDFBE520E1EE
:10BB2000F3E4F3F220F3E4E0EBE5EDFB210D0DCFC0
:10BB3000EEE4F2E2E5F0E4E8F2E52E2E2E0000005D
:10BB4000436C65616E696E67206D656D6F72792EED
:10BB50002E2E0D00446174656E73706569636865AF
:10BB600072207265696E6967756E672E2E2E0D00E4
:10BB7000436C65616E696E67206D656D6F72792EBD
:10BB80002E2E0D00CEF7E8F1F2EAE020EFE0ECFF18
:10BB9000F2E82E2E2E0D000066696C6573797374C1
:10BBA000656D5F636F70795F66696C655F64617412
:10BBB00061000000496E7465726E616C206572727E
:10BBC0006F72210066696C6573797374656D5F636C
:10BBD00075745F66696C6500496E76616C69642096
:10BBE000706172616D65746572730000746D705F71
:10BBF0002573000066696C6573797374656D5F63A6
:10BC0000616C635F7370656369616C5F66696C65C5
:10BC1000735F6E756D6265720000000046696C6549
:10BC200073797374656D206661696C6564000000EA
:10BC300066696C6573797374656D5F63616C635F6E
:10BC4000667265655F6D656D6F72790047656967DE
:10BC500065725F70726F6365737344617461000035
:10BC6000443A5C55736572735C43686972696B61D1
:10BC70006C6F5C41524D5F70726F6A5C53505244FE
:10BC8000325F355C6765696765722E63000000008E
:10BC9000474D20636F756E746572206661696C65CF
:10BCA00064000000526164696174696F6E207361A1
:10BCB0006665747920616C61726D210053747261E4
:10BCC000686C756E677373696368657268656974BB
:10BCD00020416C61726D2100526164696174696F09
:10BCE0006E2073616665747920616C61726D2100EC
:10BCF000D2F0E5E2EEE3E020F0E0E4E8E0F6E8EEA2
:10BD0000EDEDEEE920E1E5E7EEEFE0F1EDEEF1F249
:10BD1000E82100004F5645524C4F41442100554206
:10BD200045524C4144554E4721004F5645524C4FC9
:10BD300041442100CFC5D0C5C3D0D3C7CAC021005C
:10BD400024505352463130312C2D3236383637306C
:10BD5000302C2D343330343230302C3338353136CA
:10BD600032342C39363030302C3439373236302CAE
:10BD70003932312C31322C3400000000245053521F
:10BD8000463130312C2D323638363730302C2D3488
:10BD90003330343230302C333835313632342C397C
:10BDA000363030302C3439373236302C3932312C71
:10BDB00031322C33000000002450535246313031D0
:10BDC0002C2D323638363730302C2D343330343257
:10BDD00030302C333835313632342C39363030303F
:10BDE0002C3439373236302C3932312C31322C3236
:10BDF0000000000024505352463130312C2D323691
:10BE000038363730302C2D343330343230302C3318
:10BE10003835313632342C39363030302C343937ED
:10BE20003236302C3932312C31322C3100000000C6
:10BE30000000000000001000475053204F4E004704
:10BE40005053204F4E00475053204F4E0047505301
:10BE500020C2CACB00000000475053204F46460086
:10BE6000475053204F464600475053204F46460008
:10BE700047505320C2DBCACB000000006261636BF5
:10BE8000006261636B006261636B00EDE0E7E0E418
:10BE9000000000006C696E6B006C696E6B006C6971
:10BEA0006E6B00F1E2FFE7FC000000006F6E006FB8
:10BEB0006E006F6E00E2EAEB0000000067706767DB
:10BEC000610067706767610067706767610067702E
:10BED000676761006770677361006770677361000F
:10BEE000677067736100677067736100677067737D
:10BEF00076006770677376006770677376006770A7
:10BF0000677376006770726D63006770726D6300AF
:10BF10006770726D63006770726D6300636F6D6D43
:10BF20006F6E00636F6D6D6F6E00636F6D6D6F6E22
:10BF300000EEE1F9E8E500006D656E75006D656E77
:10BF400075006D656E7500ECE5EDFE004E6F2047E7
:10BF50005053207265636569766572004E6F2047A5
:10BF60005053207265636569766572004E6F204795
:10BF7000505320726563656976657200CDE5F220E5
:10BF800047505320EFF0E8E5ECEDE8EAE000000070
:10BF9000475053204F464600475053204F464600D7
:10BFA000475053204F46460047505320C2DBCACB70
:10BFB000DED7C5CD000000002564B0256427252EFE
:10BFC0003266272720257300436F6D6D6F6E2064E6
:10BFD0006174613A0D00436F6D6D6F6E2064617422
:10BFE000613A0D00436F6D6D6F6E20646174613A4C
:10BFF0000D00CEE1F9E8E520E4E0EDEDFBE50D0014
:10C000004C61743D25730D004C6F6E3D25730D0022
:10C01000416C743D252E32660D0000005370643D66
:10C02000252E32660D0000004469723D252E3266D1
:10C030000D000000536174733D25640D0000000085
:10C0400052656365697665204572726F7200000003
:10C0500047504747413A0D00436C6F636B3D2530B5
:10C0600032753A253032753A253032750D000000B0
:10C070004750535175616C6974793D25750D000009
:10C080004E756D4F6653617473496E5573653D25EA
:10C09000750D000048444F503D252E33660D0000BD
:10C0A000566572742073706565643D252E32660D89
:10C0B0000000000047504753413A0D004D6F646542
:10C0C0003D25730D000000004669784D6F64653DA5
:10C0D00025750D0050444F503D252E33660D000050
:10C0E00056444F503D252E33660D00005361747346
:10C0F000496E536F6C7574696F6E3D0D00000000E2
:10C1000025752C2025752C2025750D00475047538B
:10C11000563A20536174733D257500000D69643DE6
:10C1200025752C20757365643D25752C2073713D34
:10C13000257500000D69643D2D2C20757365643DE7
:10C140002D2C2073713D2D004750524D433A0D0068
:10C15000446174653D25753A253032753A25303293
:10C16000750D000047726F756E64207370656564AD
:10C170003D252E32660D0000436F757273653D25B7
:10C180002E32660D000000004D61675661723D253C
:10C19000660D00004461746156616C69643D2573ED
:10C1A0000D0000004F4E3A20616C77617973004FAB
:10C1B0004E3A20616C77617973004F4E3A20616C82
:10C1C0007761797300C2CACB3A20E2F1E5E3E4E09B
:10C1D000000000004F4E3A206D616E75616C6C7905
:10C1E000004F4E3A206D616E75616C6C79004F4E58
:10C1F0003A206D616E75616C6C7900C2CACB3A20D1
:10C20000E2F0F3F7EDF3FE004F4E3A2061637469FC
:10C210007665004F4E3A20616374697665004F4E33
:10C220003A2061637469766500C2CACB3A20E0EABD
:10C23000F2E8E2EDEE000000436F6C64207374617D
:10C24000727400436F6C6420737461727400436F86
:10C250006C6420737461727400D5EEEBEEE4EDFB58
:10C26000E920EFF3F1EA00005761726D2073746109
:10C270007274005761726D2073746172740057613B
:10C28000726D20737461727400D2B8EFEBFBE92019
:10C29000EFF3F1EA203200005761726D2073746190
:10C2A0007274005761726D2073746172740057610B
:10C2B000726D20737461727400D2B8EFEBFBE920E9
:10C2C000EFF3F1EA00000000486F742073746172AC
:10C2D0007400486F7420737461727400486F742026
:10C2E000737461727400C3EEF0FFF7E8E920EFF3B6
:10C2F000F1EA0000475053436F6E74726F6C000098
:10C300006770735F73746174650000005475726EBA
:10C31000204F4646005475726E204F4646005475B5
:10C32000726E204F464600C2FBEAEBFEF7E8F2FCD5
:10C33000000000004D454E553A20475053004D45F2
:10C340004E553A20475053004D454E553A204750E0
:10C350005300CCC5CDDE3A2047505300000000000A
:10C3600000000000000000000000000000000000CD
:10C3700000000000000000000000000000000000BD
:10C380000000000006000000F9810000818000002C
:10C390008D80000099800000A5800000358100009C
:10C3A000000000000000000000000000000000008D
:10C3B000718100001D81000009810000F1800000F2
:10C3C000D3800000B18000000000000000000000E9
:10C3D0000000000000000000457900001E3F000042
:10C3E000597900005D790000617900009D790000B5
:10C3F000A9790000C9790000D7790000E37900002D
:10C400000F7A00001D7A0000217A00002D7A0000CA
:10C41000357A0000317A0000BD7900006964656EEC
:10C4200074696679000000006964656E74696679F4
:10C43000436F6E74726F6C006C69627261727946E0
:10C44000696C654E616D65004D494E454E455247DC
:10C45000590000004D4158454E45524759000000D3
:10C460005343414C45494E53544142494C49545918
:10C4700000000000746573744E756C6C5065616BE0
:10C48000000000006E7369676D615F7065616B63CA
:10C490006865636B5F6C6566740000006E73696746
:10C4A0006D615F7065616B636865636B5F7269671F
:10C4B000687400006D7369676D615F7065616B63BF
:10C4C0006865636B000000006E7369676D615F7380
:10C4D00065617263687065616B7300007468726592
:10C4E00073686F6C640000006964656E74696679D6
:10C4F00053746172744465616454696D6500000031
:10C500006964656E746966795F77726974655F697D
:10C5100064656E746966795F696E695F696E7400DF
:10C52000443A5C55736572735C43686972696B6108
:10C530006C6F5C41524D5F70726F6A5C5350524435
:10C54000325F355C6964656E746966792E630000DC
:10C55000496E76616C6964206964656E7469667998
:10C560002E696E69000000006964656E7469667901
:10C570005F77726974655F6964656E746966795F17
:10C58000696E695F737472696E670000636F6D6DC9
:10C590006F6E000064774C6962566572000000009F
:10C5A0004E55434C4E554D006E5F25640000000013
:10C5B0004C256465000000004C25646E00000000FE
:10C5C0004C256473000000005572616E69756D0042
:10C5D000506C75746F6E69756D0000004E657074F7
:10C5E000756E69756D000000416E6E6968696C61F9
:10C5F00074696F6E20726164696174696F6E0000A6
:10C600004272656D7373747261686C756E67000059
:10C610004E657574726F6E206361707475726520FB
:10C6200067616D6D61207261797300004E6575748C
:10C63000726F6E2063617074757265004C6F772045
:10C640006275726E2D7570205075000048696768BC
:10C65000206275726E2D757020507500496E64757C
:10C6600073747269616C3A2000496E6475737472F8
:10C6700069653A2000496E647573747269616C3A39
:10C680002000CFF0EEECFBF8EBE5EDEDFBE93A2016
:10C69000000000004D65646963696E653A20004DD5
:10C6A0006564697A696E3A20004D65646963696EF4
:10C6B000653A2000CCE5E4E8F6E8EDF1EAE8E93A8D
:10C6C000200000004E75636C6561723A20004E7563
:10C6D0006B6C6561723A20004E75636C6561723AED
:10C6E0002000DFE4E5F0EDFBE93A20004E4F524D2B
:10C6F0003A20004E4F524D3A20004E4F524D3A20B4
:10C7000000C5F1F2E5F1F2E2E5EDEDFBE93A2000DA
:10C710004E657574726F6E3A20004E657574726F57
:10C720006E3A20004E657574726F6E3A2000CDE54A
:10C73000E9F2F0EEEDEDFBE93A2000000D4E6F74EA
:10C7400020696E20746865206C696272617279007C
:10C750000D4E6F7420696E20746865206C6962727A
:10C76000617279000D4E6F7420696E2074686520C7
:10C770006C696272617279000DCDE5F220E220E110
:10C78000E8E1EBE8EEF2E5EAE50000004E6F742028
:10C790006964656E746966696564004E6F742069CA
:10C7A00064656E746966696564004E6F74206964BF
:10C7B000656E74696669656400CDE8F7E5E3EE20AF
:10C7C000EDE520E8E4E5EDF2E8F4E8F6E8F0EEE285
:10C7D000E0EDEE0044495341424C45440044495386
:10C7E00041424C45440044495341424C454400C7F2
:10C7F000C0C1CBCECAC8D0CEC2C0CDC000000000E0
:10C800006964656E746966795F4170706C794669B8
:10C810006C746572000000006E3E3D535243484701
:10C820005348504E554D0000818181818181818125
:10C8300082828282828283838383848484858585C5
:10C8400086868787888888898A8A8B8B8C8C8D8E50
:10C850008E8F8F90919292939494959697989899A1
:10C860009A9B9C9D9E9E9FA0A1A2A3A4A5A6A7A8BB
:10C87000A9AAABACADAEAFB0B1B2B3B4B5B7B8B9AD
:10C88000BABBBCBDBEBFC1C2C3C4C5C6C8C9CACB82
:10C89000CCCDCED0D1D2D3D4D5D7D8D9DADBDCDE4B
:10C8A000DFE0E1E2E3E5E6E7E8E9EAEBEDEEEFF011
:10C8B000F1F2F3F4F5F6F8F9FAFBFCFDFEFF0001E6
:10C8C00002030405060708090A0B0C0D0E0F0F10D2
:10C8D000111213141516161718191A1A1B1C1D1DE0
:10C8E0001E1F202021222223242425262627272814
:10C8F00029292A2A2B2B2C2C2D2D2E2E2F2F303070
:10C9000030313132323233333334343434353535F7
:10C9100035363636363737373737373838383838A8
:10C92000383838383838393939393939393939397D
:10C930003939393838383838383838383838383775
:10C940003737373737373636363636353535353586
:10C9500034343434343333333332323232313131AC
:10C96000313030302F2F2F2F2E2E2E2D2D2D2D2CE0
:10C970002C2C2B2B2B2A2A2A2A292929282828271C
:10C98000272726262625252524242424232323225D
:10C9900022222121212020201F1F1F1F1E1E1E1D9D
:10C9A0001D1D1C1C1C1C1B1B1B1A1A1A19191919DA
:10C9B0001818181817171716161616151515151412
:10C9C0001414141313131312121212111111111142
:10C9D000101010100F0F0F0F0F0E0E0E0E0E0D0D6C
:10C9E0000D0D0D0D0C0C0C0C0C0B0B0B0B0B0B0A8B
:10C9F0000A0A0A0A0A0A09090909090909080808A4
:10CA000008080808070707070707070707060606B5
:10CA100006060606060606050505050505050505BF
:10CA200005050404040404040404040404040404C4
:10CA300003030303030303030303030303030303C6
:10CA400003020202020202020202020202020202C5
:10CA500002020202020202020202010101010101BC
:10CA600001010101010101010101010101010101B6
:10CA700001010101010101010101010101010101A6
:10CA8000010101010101010101010100000000009B
:10CA90000000000000000000000000000000000096
:10CAA0000000000000000000000000000000000086
:10CAB0000000000000000000000000000000000076
:10CAC0000000000000000000000000000000000066
:10CAD0000000000000000000000000000000000056
:10CAE0000000000000000000000000000000000046
:10CAF0000000000000000000000000000000000036
:10CB00000000000000000000000000000000000025
:10CB10000000000000000000000000000000000015
:10CB20000000000000000000000000000000000005
:10CB300000000000000000000000000000000000F5
:10CB400000000000000000003B6964656E746966C7
:10CB5000792E696E690D5B6964656E7469667943E7
:10CB60006F6E74726F6C5D0D4D494E454E45524768
:10CB7000593D32300D4D4158454E455247593D3390
:10CB80003030300D6E7369676D615F73656172631C
:10CB9000687065616B733D31360D5343414C4549B7
:10CBA0004E53544142494C4954593D32300D7465FD
:10CBB00073744E756C6C5065616B3D310D6E7369AD
:10CBC000676D615F7065616B636865636B5F6C6502
:10CBD00066743D32360D6E7369676D615F706561B5
:10CBE0006B636865636B5F72696768743D32340DAF
:10CBF0006D7369676D615F7065616B636865636BB9
:10CC00003D32300D7468726573686F6C643D330D2E
:10CC10006964656E746966795374617274446561A0
:10CC20006454696D653D36300D6C6962726172796C
:10CC300046696C654E616D653D6D61696E0D000004
:10CC40005B636F6D6D6F6E5D0D64774C69625665E9
:10CC5000723D320D4E55434C4E554D3D32390D5BB4
:10CC60006E5F315D0D4E3D502D482D310D4C6E3DAA
:10CC7000310D4C31653D323233300D4C316E3D3625
:10CC8000353533340D4C31733D36353533340D5B2A
:10CC90006E5F325D0D4E3D492D416D2D3234310DAB
:10CCA0004C6E3D330D4C31653D3132300D4C316EA3
:10CCB0003D323630300D4C31733D300D4C32653DD8
:10CCC00036300D4C326E3D36353533340D4C3273C3
:10CCD0003D36353533340D4C33653D32360D4C33EE
:10CCE0006E3D300D4C33733D300D5B6E5F335D0D2B
:10CCF0004E3D492D42612D3133330D4C6E3D380D83
:10CD00004C31653D3435350D4C316E3D300D4C3177
:10CD1000733D300D4C32653D3335360D4C326E3D32
:10CD200033323036310D4C32733D36353533340DB8
:10CD30004C33653D3239320D4C336E3D313136382E
:10CD4000310D4C33733D300D4C34653D3135370D6D
:10CD50004C346E3D300D4C34733D300D4C35653DDB
:10CD60003131380D4C356E3D353030300D4C35732A
:10CD70003D300D4C36653D38310D4C366E3D363507
:10CD80003533340D4C36733D310D4C37653D3533FD
:10CD90000D4C376E3D300D4C37733D300D4C3865C2
:10CDA0003D33310D4C386E3D300D4C38733D300DF8
:10CDB0005B6E5F345D0D4E3D492D43642D3130393E
:10CDC0000D4C6E3D320D4C31653D38380D4C316E99
:10CDD0003D36353533340D4C31733D3635353334CE
:10CDE0000D4C32653D32320D4C326E3D34323539A8
:10CDF000370D4C32733D300D5B6E5F355D0D4E3D32
:10CE0000492D436F2D35370D4C6E3D350D4C316539
:10CE10003D3639350D4C316E3D300D4C31733D3062
:10CE20000D4C32653D3235320D4C326E3D300D4C7D
:10CE300032733D300D4C33653D3132320D4C336E23
:10CE40003D36353533340D4C33733D36353533345B
:10CE50000D4C34653D38350D4C346E3D300D4C3441
:10CE6000733D300D4C35653D33330D4C356E3D30E3
:10CE70000D4C35733D300D5B6E5F365D0D4E3D499B
:10CE80002D436F2D36300D4C6E3D350D4C31653DCB
:10CE9000313333330D4C316E3D35373539350D4C2B
:10CEA00031733D35373539350D4C32653D313137CC
:10CEB000330D4C326E3D36353533340D4C32733DC7
:10CEC00036353533340D4C33653D3931300D4C3307
:10CED0006E3D32353030300D4C33733D300D4C34B7
:10CEE000653D3232300D4C346E3D300D4C34733D67
:10CEF000300D4C35653D37380D4C356E3D300D4CA1
:10CF000035733D300D5B6E5F375D0D4E3D492D43F2
:10CF1000732D3133340D4C6E3D380D4C31653D3140
:10CF20003336370D4C316E3D300D4C31733D300D85
:10CF30004C32653D313137300D4C326E3D300D4C49
:10CF400032733D300D4C33653D313034350D4C334B
:10CF50006E3D300D4C33733D300D4C34653D3739EB
:10CF6000340D4C346E3D35303637390D4C34733D0D
:10CF700035333535350D4C35653D3630310D4C3555
:10CF80006E3D36353533340D4C35733D36353533DE
:10CF9000340D4C36653D3437350D4C366E3D300D15
:10CFA0004C36733D300D4C37653D3338300D4C37C2
:10CFB0006E3D300D4C37733D300D4C38653D313989
:10CFC000300D4C386E3D300D4C38733D300D5B6E7E
:10CFD0005F385D0D4E3D492D43732D3133370D4C78
:10CFE0006E3D380D4C31653D313332300D4C316E74
:10CFF0003D3135300D4C31733D300D4C32653D3691
:10D0000036320D4C326E3D36353533340D4C32737D
:10D010003D36353533340D4C33653D3434320D4CAB
:10D02000336E3D300D4C33733D300D4C34653D3324
:10D0300032300D4C346E3D313030300D4C34733D58
:10D04000300D4C35653D3230330D4C356E3D300D75
:10D050004C35733D300D4C36653D3138360D4C3610
:10D060006E3D363736320D4C36733D300D4C3765DC
:10D070003D37380D4C376E3D300D4C37733D300D1C
:10D080004C38653D33320D4C386E3D300D4C3873A5
:10D090003D300D5B6E5F395D0D4E3D492D45752D63
:10D0A0003135320D4C6E3D31350D4C31653D3134ED
:10D0B00030380D4C316E3D313931370D4C31733DC7
:10D0C000300D4C32653D313130330D4C326E3D32D6
:10D0D0003535390D4C32733D300D4C33653D3936A5
:10D0E000340D4C336E3D300D4C33733D300D4C34AC
:10D0F000653D3837300D4C346E3D300D4C34733D4A
:10D10000300D4C35653D3737380D4C356E3D32337B
:10D1100037300D4C35733D300D4C36653D3638306B
:10D120000D4C366E3D300D4C36733D300D4C376531
:10D130003D3536360D4C376E3D300D4C37733D3036
:10D140000D4C38653D3434340D4C386E3D300D4C4B
:10D1500038733D300D4C39653D3334340D4C396EE8
:10D160003D31373438370D4C39733D36353533342E
:10D170000D4C3130653D3234350D4C31306E3D3023
:10D180000D4C3130733D300D4C3131653D31373010
:10D190000D4C31316E3D300D4C3131733D300D4C05
:10D1A0003132653D3132320D4C31326E3D363535DE
:10D1B00033340D4C3132733D310D4C3133653D38D4
:10D1C000370D4C31336E3D300D4C3133733D300DE6
:10D1D0004C3134653D37380D4C31346E3D300D4C9B
:10D1E0003134733D300D4C3135653D34300D4C31AB
:10D1F000356E3D32393032390D4C3135733D300D9D
:10D200005B6E5F31305D0D4E3D492D49722D3139D8
:10D21000320D4C6E3D360D4C31653D3838380D4C75
:10D22000316E3D300D4C31733D300D4C32653D3625
:10D2300030330D4C326E3D300D4C32733D300D4C61
:10D2400033653D3436380D4C336E3D313930303036
:10D250000D4C33733D36353533340D4C34653D3329
:10D2600031300D4C346E3D36353533340D4C34731E
:10D270003D35343032310D4C35653D3135350D4C51
:10D28000356E3D313937320D4C35733D300D4C36EE
:10D29000653D36350D4C366E3D353630350D4C36E8
:10D2A000733D300D5B6E5F31315D0D4E3D492D4D4F
:10D2B0006E2D35340D4C6E3D340D4C31653D38339B
:10D2C000350D4C316E3D36353533340D4C31733DB3
:10D2D00036353533340D4C32653D3539360D4C32EB
:10D2E0006E3D353037350D4C32733D300D4C336566
:10D2F0003D3230320D4C336E3D300D4C33733D308A
:10D300000D4C34653D37380D4C346E3D300D4C348A
:10D31000733D300D5B6E5F31325D0D4E3D492D4DDD
:10D320006F2D39390D4C6E3D380D4C31653D39331B
:10D33000380D4C316E3D300D4C31733D300D4C325B
:10D34000653D3734330D4C326E3D34333338340D54
:10D350004C32733D36353533340D4C33653D353203
:10D36000300D4C336E3D300D4C33733D300D4C342D
:10D37000653D3437300D4C346E3D300D4C34733DCB
:10D38000300D4C35653D3333360D4C356E3D300D2B
:10D390004C35733D300D4C36653D3138390D4C36CA
:10D3A0006E3D300D4C36733D300D4C37653D31349C
:10D3B000300D4C376E3D36353533340D4C37733DBB
:10D3C000300D4C38653D37360D4C386E3D300D4CC8
:10D3D00038733D300D5B6E5F31335D0D4E3D492D31
:10D3E0004E612D32320D4C6E3D370D4C31653D3165
:10D3F0003830300D4C316E3D300D4C31733D300DB9
:10D400004C32653D313237340D4C326E3D31323362
:10D4100031300D4C32733D36353533340D4C336578
:10D420003D313030360D4C336E3D313334380D4C98
:10D4300033733D300D4C34653D3531310D4C346E18
:10D440003D36353533340D4C34733D310D4C356537
:10D450003D3331320D4C356E3D323037330D4C3566
:10D46000733D300D4C36653D3137370D4C366E3DD2
:10D47000300D4C36733D300D4C37653D37380D4C13
:10D48000376E3D300D4C37733D300D5B6E5F313480
:10D490005D0D4E3D492D50752D3233380D4C6E3D8E
:10D4A000340D4C31653D3135300D4C316E3D3635E6
:10D4B0003533340D4C31733D36353533340D4C3204
:10D4C000653D39360D4C326E3D300D4C32733D307A
:10D4D0000D4C33653D34330D4C336E3D300D4C33C4
:10D4E000733D300D4C34653D300D4C346E3D300D88
:10D4F0004C34733D300D5B6E5F31355D0D4E3D49F3
:10D500002D53652D37350D4C6E3D350D4C31653D38
:10D510003430310D4C316E3D31303030300D4C31C6
:10D52000733D35363731320D4C32653D3236390D6B
:10D530004C326E3D36303030300D4C32733D363526
:10D540003533340D4C33653D3139390D4C336E3D37
:10D55000300D4C33733D300D4C34653D3133330D5C
:10D560004C346E3D36353533340D4C34733D300D0F
:10D570004C35653D39370D4C356E3D300D4C3573AE
:10D580003D300D5B6E5F31365D0D4E3D492D537262
:10D590002D39300D4C6E3D310D4C31653D300D4C0B
:10D5A000316E3D300D4C31733D300D5B6E5F313768
:10D5B0005D0D4E3D4D2D43722D35310D4C6E3D327E
:10D5C0000D4C31653D3332300D4C316E3D363535C5
:10D5D00033340D4C31733D36353533340D4C3265B3
:10D5E0003D3231320D4C326E3D300D4C32733D3098
:10D5F0000D5B6E5F31385D0D4E3D4D2D462D313842
:10D600000D4C6E3D340D4C31653D3531310D4C3195
:10D610006E3D36353533340D4C31733D363535334B
:10D62000340D4C32653D3331320D4C326E3D32316A
:10D6300036390D4C32733D300D4C33653D31373743
:10D640000D4C336E3D300D4C33733D300D4C346515
:10D650003D37380D4C346E3D300D4C34733D300D3C
:10D660005B6E5F31395D0D4E3D4D2D47612D363777
:10D670000D4C6E3D390D4C31653D3838380D4C310F
:10D680006E3D300D4C31733D300D4C32653D3739B8
:10D69000340D4C326E3D300D4C32733D300D4C33F9
:10D6A000653D3439350D4C336E3D300D4C33733D93
:10D6B000300D4C34653D3339330D4C346E3D3131D2
:10D6C00030300D4C34733D31373239360D4C3565C1
:10D6D0003D3330300D4C356E3D3230300D4C3573AE
:10D6E0003D36353533340D4C36653D3138360D4CCD
:10D6F000366E3D34393738390D4C36733D300D4C6C
:10D7000037653D3134300D4C376E3D300D4C37733D
:10D710003D300D4C38653D39300D4C386E3D363559
:10D720003533340D4C38733D300D4C39653D37354C
:10D730000D4C396E3D300D4C39733D300D5B6E5FD5
:10D7400032305D0D4E3D4D2D492D3132330D4C6E35
:10D750003D330D4C31653D3135390D4C316E3D3623
:10D76000353533340D4C31733D36353533340D4C4E
:10D7700032653D37380D4C326E3D300D4C32733DC5
:10D78000300D4C33653D32370D4C336E3D300D4C12
:10D7900033733D300D5B6E5F32315D0D4E3D4D2D6F
:10D7A000492D3132350D4C6E3D310D4C31653D32D8
:10D7B000370D4C316E3D36353533340D4C31733DBC
:10D7C00036353533340D5B6E5F32325D0D4E3D4D77
:10D7D0002D492D3133310D4C6E3D360D4C31653DAB
:10D7E0003633360D4C316E3D313535310D4C31739C
:10D7F0003D323530300D4C32653D3336340D4C32D0
:10D800006E3D36353533340D4C32733D3635353358
:10D81000340D4C33653D3238340D4C336E3D373961
:10D8200039330D4C33733D300D4C34653D31353358
:10D830000D4C346E3D373338360D4C34733D300D5E
:10D840004C35653D38320D4C356E3D300D4C3573E1
:10D850003D300D4C36653D33300D4C366E3D300D50
:10D860004C36733D300D5B6E5F32335D0D4E3D4D7A
:10D870002D496E2D3131310D4C6E3D360D4C3165DB
:10D880003D3234350D4C316E3D35363338380D4C24
:10D8900031733D36353533340D4C32653D313731DA
:10D8A0000D4C326E3D36353533340D4C32733D35CB
:10D8B000393633300D4C33653D3131300D4C336EDC
:10D8C0003D300D4C33733D300D4C34653D37380DD4
:10D8D0004C346E3D300D4C34733D300D4C35653D50
:10D8E00036300D4C356E3D300D4C35733D300D4CA2
:10D8F00036653D32360D4C366E3D300D4C36733D3F
:10D90000300D5B6E5F32345D0D4E3D4D2D54632DF9
:10D9100039396D0D4C6E3D330D4C31653D31343030
:10D920000D4C316E3D36353533340D4C31733D364B
:10D93000353533340D4C32653D39300D4C326E3D4A
:10D94000300D4C32733D300D4C33653D37380D4C46
:10D95000336E3D300D4C33733D300D5B6E5F3235B1
:10D960005D0D4E3D4D2D546C2D3230310D4C6E3DC4
:10D97000360D4C31653D3433380D4C316E3D300D34
:10D980004C31733D300D4C32653D3336330D4C32E6
:10D990006E3D300D4C32733D300D4C33653D3136AC
:10D9A000370D4C336E3D33333831390D4C33733DC5
:10D9B00036353533340D4C34653D3132380D4C3409
:10D9C0006E3D300D4C34733D300D4C35653D373771
:10D9D0000D4C356E3D36353533340D4C35733D3990
:10D9E00038320D4C36653D34330D4C366E3D300DBE
:10D9F0004C36733D300D5B6E5F32365D0D4E3D4DE6
:10DA00002D58652D3133330D4C6E3D320D4C316543
:10DA10003D38320D4C316E3D36353533340D4C3199
:10DA2000733D36353533340D4C32653D33310D4C55
:10DA3000326E3D35323232380D4C32733D35323232
:10DA40000D5B6E5F32375D0D4E3D4E2D4B2D3430EC
:10DA50000D4C6E3D320D4C31653D313436310D4C3F
:10DA6000316E3D36353533340D4C31733D363535F9
:10DA700033340D4C32653D313134340D4C326E3D12
:10DA8000300D4C32733D300D5B6E5F32385D0D4EA4
:10DA90003D4E2D52612D3232360D4C6E3D31350DDD
:10DAA0004C31653D323139320D4C316E3D363430BA
:10DAB0000D4C31733D300D4C32653D313735380DED
:10DAC0004C326E3D300D4C32733D300D4C33653D64
:10DAD000313339320D4C336E3D300D4C33733D30A4
:10DAE0000D4C34653D313236310D4C346E3D300DC8
:10DAF0004C34733D300D4C35653D313132300D4C79
:10DB0000356E3D300D4C35733D300D4C36653D372F
:10DB100036340D4C366E3D300D4C36733D300D4C69
:10DB200037653D3630390D4C376E3D333832393735
:10DB30000D4C37733D36353533340D4C38653D3437
:10DB400037360D4C386E3D300D4C38733D300D4C32
:10DB500039653D3335320D4C396E3D36353533340C
:10DB60000D4C39733D310D4C3130653D3239350D39
:10DB70004C31306E3D34343235360D4C3130733DDE
:10DB8000300D4C3131653D3234320D4C31316E3D0A
:10DB900032313639390D4C3131733D300D4C313223
:10DBA000653D3138360D4C31326E3D3231343439C9
:10DBB0000D4C3132733D300D4C3133653D313435D0
:10DBC0000D4C31336E3D300D4C3133733D300D4CC7
:10DBD0003134653D37370D4C31346E3D300D4C31AD
:10DBE00034733D300D4C3135653D34370D4C313596
:10DBF0006E3D300D4C3135733D300D5B6E5F32390B
:10DC00005D0D4E3D4E2D54682D3233320D4C6E3D20
:10DC100031360D4C31653D323631340D4C316E3D6F
:10DC200031353331310D4C31733D31393532390DA8
:10DC30004C32653D323331360D4C326E3D300D4C39
:10DC400032733D300D4C33653D313538350D4C3335
:10DC50006E3D300D4C33733D300D4C34653D3937DE
:10DC6000370D4C346E3D300D4C34733D300D4C351A
:10DC7000653D3932310D4C356E3D32333833350D1B
:10DC80004C35733D300D4C36653D3836350D4C36D0
:10DC90006E3D300D4C36733D300D4C37653D37339E
:10DCA000300D4C376E3D300D4C37733D300D4C38D8
:10DCB000653D3538330D4C386E3D36353533340DD2
:10DCC0004C38733D36353533340D4C39653D35317F
:10DCD000300D4C396E3D300D4C39733D300D4C31AB
:10DCE00030653D3337380D4C31306E3D300D4C31A1
:10DCF00030733D300D4C3131653D3333380D4C318F
:10DD0000316E3D32393132390D4C3131733D310D87
:10DD10004C3132653D3239360D4C31326E3D300D6D
:10DD20004C3132733D300D4C3133653D3233370D5C
:10DD30004C31336E3D300D4C3133733D300D4C3131
:10DD400034653D3132380D4C31346E3D300D4C313F
:10DD500034733D300D4C3135653D37370D4C313521
:10DD60006E3D300D4C3135733D300D4C3136653DD7
:10DD700036310D4C31366E3D32383231390D4C3141
:10DD800036733D300D000000000000000000000070
:10DD90000000000000000000000000000000000083
:10DDA0000000000000000000000000000000000073
:10DDB0000000000000000000000000000000000063
:10DDC0000000000000000000000000000000000053
:10DDD0000000000000000000000000000000000043
:10DDE0000000000000000000000000000000000033
:10DDF0000000000000000000000000000000000023
:10DE00000000000000000000000000000000000012
:10DE10000000000000000000000000000000000002
:10DE200000000000000000000000000000000000F2
:10DE300000000000000000000000000000000000E2
:10DE400000000000000000000000000000000000D2
:10DE500000000000000000000000000000000000C2
:10DE600000000000000000000000000000000000B2
:10DE7000000000000000000000000000494E464F76
:10DE800000494E464F00494E464F00C8CDD4CE0003
:10DE900073746162696C0073746162696C0073749D
:10DEA0006162696C00F1F2E0E1E8EB006E657874A4
:10DEB000006E657874006E65787400F1EBE5E4003F
:10DEC000707265760070726576007072657600EF2C
:10DED000F0E5E400496D706F7274616E7420696ED4
:10DEE000666F726D6174696F6E2121210D00496D3D
:10DEF000706F7274616E7420696E666F726D61749A
:10DF0000696F6E2121210D00496D706F7274616E11
:10DF10007420696E666F726D6174696F6E21212164
:10DF20000D00C2E0E6EDE0FF20E8EDF4EEF0ECE0FD
:10DF3000F6E8FF2121210D00496E76616C696420AD
:10DF40004D43412053657474696E67732E20506C85
:10DF50006561736520636F6E74616374206D616EBB
:10DF600075666163747572657220666F7220726582
:10DF7000706169722E0D0D00496E76616C696420C6
:10DF80004D43412053657474696E67732E20506C45
:10DF90006561736520636F6E74616374206D616E7B
:10DFA00075666163747572657220666F7220726542
:10DFB000706169722E0D0D00496E76616C69642086
:10DFC0004D43412053657474696E67732E20506C05
:10DFD0006561736520636F6E74616374206D616E3B
:10DFE00075666163747572657220666F7220726502
:10DFF000706169722E0D0D00D0E0E7F0F3F8E5EDE9
:10E00000FB20EDE0F1F2F0EEE9EAE820ECEDEEE3E2
:10E01000EEEAE0EDE0EBFCEDEEE3EE20E0EDE0EB30
:10E02000E8E7E0F2EEF0E02E20CFEEE6E0EBF3E9F9
:10E03000F1F2E02C20F1E2FFE6E8F2E5F1FC20F15C
:10E0400020EFF0EEE8E7E2EEE4E8F2E5EBE5EC20C5
:10E05000E4EBFF20F0E5ECEEEDF2E02E0D0D00001C
:10E060004170706C6965642064656661756C7420CC
:10E0700073797374656D2073657474696E67732E3C
:10E080002056616C7565732066726F6D20474D2058
:10E09000636F756E7465722061726520696E636F5F
:10E0A00072726563742E0D0D004170706C69656449
:10E0B0002064656661756C742073797374656D2076
:10E0C00073657474696E67732E2056616C75657321
:10E0D0002066726F6D20474D20636F756E74657298
:10E0E0002061726520696E636F72726563742E0DB4
:10E0F0000D004170706C6965642064656661756CC3
:10E10000742073797374656D2073657474696E67B8
:10E11000732E2056616C7565732066726F6D204793
:10E120004D20636F756E7465722061726520696E33
:10E13000636F72726563742E0D0D00D3F1F2E0ED22
:10E14000EEE2EBE5EDFB20F1E8F1F2E5ECEDFBE5CD
:10E1500020EDE0F1F2F0EEE9EAE820EFEE20F3EC5A
:10E16000EEEBF7E0EDE8FE2E20C4E0EDEDFBE52060
:10E17000C3CC20F1F7E5F2F7E8EAE020E1F3E4F3BD
:10E18000F220EDE5EAEEF0F0E5EAF2EDFBECE82E48
:10E190000D0D00004E6F2073656C6563746564201F
:10E1A0006E75636C696465206C6962726172792056
:10E1B00066696C652E2044656661756C74206D61BE
:10E1C000696E2E6C696220757365642E0D0D004EAC
:10E1D0006F2073656C6563746564206E75636C692C
:10E1E0006465206C6962726172792066696C652E63
:10E1F0002044656661756C74206D61696E2E6C6972
:10E200006220757365642E0D0D004E6F2073656C72
:10E210006563746564206E75636C696465206C6900
:10E2200062726172792066696C652E204465666150
:10E23000756C74206D61696E2E6C696220757365F2
:10E24000642E0D0D00CDE5F220E2FBE1F0E0EDEDF6
:10E25000EEE3EE20F4E0E9EBE020E1E8E1EBE8EECC
:10E26000F2E5EAE820EDF3EAEBE8E4EEE22E20C87E
:10E27000F1EFEEEBFCE7F3E5F2F1FF206D61696E83
:10E280002E6C696220EFEE20F3ECEEEBF7E0EDE8A8
:10E29000FE2E0D0D000000004170706C6965642059
:10E2A00064656661756C74206964656E746966691D
:10E2B000636174696F6E2073657474696E67732E21
:10E2C0000D0D004170706C69656420646566617550
:10E2D0006C74206964656E74696669636174696FE2
:10E2E0006E2073657474696E67732E0D0D00417036
:10E2F000706C6965642064656661756C742069641E
:10E30000656E74696669636174696F6E20736574A4
:10E3100074696E67732E0D0D00D3F1F2E0EDEEE23D
:10E32000EBE5EDFB20EDE0F1F2F0EEE9EAE820E8C4
:10E33000E4E5EDF2E8F4E8EAE0F6E8E820EDF3EAF7
:10E34000EBE8E4EEE220EFEE20F3ECEEEBF7E0EDAD
:10E35000E8FE2E0D0D0000004E6F20656E657267A1
:10E36000792E63616C2066696C652E20446F73653D
:10E370007261746520696E636F72726563742E20BA
:10E3800053746162696C697A6174696F6E20616E41
:10E3900064206E75636C696465206964656E746978
:10E3A0006669636174696F6E20696D706F737369FC
:10E3B000626C652E0D0D004E6F20656E657267797B
:10E3C0002E63616C2066696C652E20446F736572E4
:10E3D00061746520696E636F72726563742E205379
:10E3E000746162696C697A6174696F6E20616E64D0
:10E3F000206E75636C696465206964656E74696616
:10E4000069636174696F6E20696D706F737369629F
:10E410006C652E0D0D004E6F20656E657267792E4E
:10E4200063616C2066696C652E20446F7365726150
:10E43000746520696E636F72726563742E20537405
:10E440006162696C697A6174696F6E20616E6420C3
:10E450006E75636C696465206964656E746966696C
:10E46000636174696F6E20696D706F737369626C3C
:10E47000652E0D0D00CDE5F220F4E0E9EBE020651E
:10E480006E657267792E63616C2E20CCEEF9EDEE2D
:10E49000F1F2FC20E4EEE7FB20EDE5EAEEF0F0E53A
:10E4A000EAF2EDE0FF2E20D1F2E0E1E8EBE8E7E070
:10E4B000F6E8FF20E820E8E4E5EDF2E8F4E8EAE039
:10E4C000F6E8FF20EDF3EAEBE8E4EEE220EDE5E22A
:10E4D000EEE7ECEEE6EDFB2E0D0D00004E6F207327
:10E4E00069676D612E63616C2066696C652E2053CF
:10E4F000746162696C697A6174696F6E20616E64BF
:10E50000206E75636C696465206964656E74696604
:10E5100069636174696F6E20696D706F737369628E
:10E520006C652E0D0D004E6F207369676D612E6353
:10E53000616C2066696C652E2053746162696C6938
:10E540007A6174696F6E20616E64206E75636C69A8
:10E550006465206964656E74696669636174696F76
:10E560006E20696D706F737369626C652E0D0D009E
:10E570004E6F207369676D612E63616C2066696CF4
:10E58000652E2053746162696C697A6174696F6E7B
:10E5900020616E64206E75636C69646520696465D2
:10E5A0006E74696669636174696F6E20696D706FFE
:10E5B000737369626C652E0D0D00CDE5F220F4E0F9
:10E5C000E9EBE0207369676D612E63616C2E20D1E9
:10E5D000F2E0E1E8EBE8E7E0F6E8FF20E820E8E435
:10E5E000E5EDF2E8F4E8EAE0F6E8FF20EDF3EAEB27
:10E5F000E8E4EEE220EDE5E2EEE7ECEEE6EDFB2E00
:10E600000D0D00004E6F2073797374656D2E62617D
:10E610006B2066696C652E20526573746F72696E2B
:10E62000672073797374656D2E696E6920696D70EA
:10E630006F737369626C652E0D0D004E6F207379D8
:10E640007374656D2E62616B2066696C652E205255
:10E650006573746F72696E672073797374656D2E5C
:10E66000696E6920696D706F737369626C652E0DD8
:10E670000D004E6F2073797374656D2E62616B208F
:10E6800066696C652E20526573746F72696E6720BF
:10E6900073797374656D2E696E6920696D706F731F
:10E6A0007369626C652E0D0D00CDE5F220F4E0E992
:10E6B000EBE02073797374656D2E62616B2E20C25E
:10E6C000EEF1F1F2E0EDEEE2EBE5EDE8E520737955
:10E6D0007374656D2E696E6920EDE5E2EEE7ECEE90
:10E6E000E6EDEE2E0D0D00004E6F7420656E6F7519
:10E6F0006768206D656D6F727920666F722073791F
:10E700007374656D2066696C65732E20436F6D7040
:10E710007574657220536F667477617265206361EA
:10E720006E206661696C65642E0D0D004E6F74205D
:10E73000656E6F756768206D656D6F727920666FA5
:10E74000722073797374656D2066696C65732E2011
:10E75000436F6D707574657220536F667477617264
:10E76000652063616E206661696C65642E0D0D0025
:10E770004E6F7420656E6F756768206D656D6F7282
:10E780007920666F722073797374656D2066696C89
:10E7900065732E20436F6D707574657220536F66BC
:10E7A00074776172652063616E206661696C65646F
:10E7B0002E0D0D00CDE5F220EFE0ECFFF2E820EFAA
:10E7C000EEE420F1E8F1F2E5ECEDFBE520F4E0E920
:10E7D000EBFB2E20CAEEECEFFCFEF2E5F0EDE0FFE5
:10E7E00020EFF0EEE3F0E0ECECE020ECEEE6E5F21A
:10E7F00020EDE520F0E0E1EEF2E0F2FC2E0D0D0060
:10E8000029A90000003C28002DA9000031A9000022
:10E8100035A9000039A9000053A9000067A900002C
:10E8200075A90000C7A90000E1A90000E5A9000042
:10E83000E9A90000F5A90000FDA90000F9A9000060
:10E8400063A900006964656E746966790000000060
:10E8500073797374656D0000676569676572436FEE
:10E860006E74726F6C000000664472436F656600E0
:10E8700066447253656C664370730000664472446C
:10E8800065616454696D65006D61696E000000002A
:10E8900066696C6573797374656D5F636865636BD6
:10E8A0005F696E695F66696C65730000496E6974C3
:10E8B00069616C697A6174696F6E2E2E2E0D004944
:10E8C0006E697469616C697A6174696F6E2E2E2E3F
:10E8D0000D00496E697469616C697A6174696F6E63
:10E8E0002E2E2E0D00C8EDE8F6E8E0EBE8E7E0F6A6
:10E8F000E8FF2E2E2E0D00004C6F6164696E6720BC
:10E9000073797374656D2066696C65732E2E2E0D98
:10E91000004C6F6164696E672073797374656D2054
:10E9200066696C65732E2E2E0D004C6F6164696EE6
:10E93000672073797374656D2066696C65732E2E1C
:10E940002E0D00C7E0E3F0F3E7EAE020F1E8F1F292
:10E95000E5ECEDFBF520F4E0E9EBEEE22E2E2E0DDA
:10E9600000000000496E76616C69642073797374ED
:10E97000656D2E696E690D004665686C657268612B
:10E9800066742073797374656D2E696E690D004924
:10E990006E76616C69642073797374656D2E696E2F
:10E9A000690D00C8F1EFEEF0F7E5ED2073797374AF
:10E9B000656D2E696E690D00526573746F72696EB4
:10E9C000672066726F6D206261636B75702E2E2EEC
:10E9D0000045726E65756572756E672E2E2E00523B
:10E9E0006573746F72696E672066726F6D20626105
:10E9F000636B75702E2E2E00C2EEF1F1F2E0EDEE9B
:10EA0000E2EBE5EDE8E520E8E72062616B2E2E2ED3
:10EA100000000000496E76616C696420737973743C
:10EA2000656D2E62616B0D004665686C657268618C
:10EA300066742073797374656D2E62616B0D004985
:10EA40006E76616C69642073797374656D2E626192
:10EA50006B0D00C8F1EFEEF0F7E5ED2073797374FC
:10EA6000656D2E62616B0D00474D20616E64204E16
:10EA7000657574726F6E20696E636F727265637410
:10EA800000474D20616E64204E657574726F6E2074
:10EA9000696E636F727265637400474D20616E64C6
:10EAA000204E657574726F6E20696E636F72726549
:10EAB000637400C3CC20E820EDE5E9F2F02EEDE52B
:10EAC000EAEEF0F0E5EAF2EDFB200000496E766137
:10EAD0006C69642073797374656D2E696E690D00BD
:10EAE0004665686C657268616674207379737465D5
:10EAF0006D2E696E690D00496E76616C69642073D4
:10EB0000797374656D2E696E690D00C8F1EFEEF0D2
:10EB1000F7E5ED2073797374656D2E696E690D00EC
:10EB20004E6F206261636B75702066696C652E2E76
:10EB30002E004E6F206261636B75702066696C6594
:10EB40002E2E2E004E6F206261636B7570206669F9
:10EB50006C652E2E2E00CDE5F22062616B20F4E074
:10EB6000E9EBE02E2E2E0000496E76616C69642080
:10EB700073797374656D2E696E690D004665686CF6
:10EB80006572686166742073797374656D2E696E41
:10EB9000690D00496E76616C6964207379737465E0
:10EBA0006D2E696E690D00C8F1EFEEF0F7E5ED200E
:10EBB00073797374656D2E696E690D005379737482
:10EBC000656D2064656661756C742E2E2E00537918
:10EBD0007374656D2064656661756C742E2E2E00ED
:10EBE00053797374656D2064656661756C742E2E3F
:10EBF0002E00D1E8F1F2E5ECEDFBE520F3ECEEEBD5
:10EC0000F7E0EDE8FF2E2E2E00000000443A5C55A0
:10EC1000736572735C43686972696B616C6F5C41A8
:10EC2000524D5F70726F6A5C53505244325F355C74
:10EC3000696E695F636F6E74726F6C2E63000000A3
:10EC4000696E76616C69642064656661756C7420B8
:10EC500073797374656D2E696E6900006661696C05
:10EC6000656420746F20726573746F7265206465CB
:10EC70006661756C742073797374656D2E696E6945
:10EC800000000000496E697469616C697A61746999
:10EC90006F6E2E2E2E0D00496E697469616C69735A
:10ECA000696572756E672E2E2E0D00496E69746946
:10ECB000616C697A6174696F6E2E2E2E0D00C8ED3D
:10ECC000E8F6E8E0EBE8E7E0F6E8FF2E2E2E0D0090
:10ECD0004C6F6164696E672073797374656D20662B
:10ECE000696C65732E2E2E0D0053797374656D203B
:10ECF00066696C6573206C6164656E2E2E2E0D0046
:10ED00004C6F6164696E672073797374656D2066FA
:10ED1000696C65732E2E2E0D00C7E0E3F0F3E7EA71
:10ED2000E020F1E8F1F2E5ECEDFBF520F4E0E9EBB1
:10ED3000EEE22E2E2E0D0000496E76616C69642085
:10ED40006964656E746966792E696E690D00466541
:10ED5000686C657268616674206964656E74696662
:10ED6000792E696E690D00496E76616C696420695F
:10ED700064656E746966792E696E690D00C8F1EF7D
:10ED8000EEF0F7E5ED206964656E746966792E69C9
:10ED90006E690D00526573746F72696E672E2E2E48
:10EDA0000045726E65756572756E672E2E2E005267
:10EDB0006573746F72696E672E2E2E00C2EEF1F1CC
:10EDC000F2E0EDEEE2EBE5EDE8E52E2E2E000000A0
:10EDD000696E76616C69642064656661756C742027
:10EDE0006964656E746966792E696E690000000059
:10EDF0006661696C656420746F20726573746F72EC
:10EE0000652064656661756C74206964656E7469FB
:10EE100066792E696E6900004C6F6164696E6720C7
:10EE200063616C6962726174696F6E732E2E2E0D50
:10EE30000045696368656E646174656E206C616429
:10EE4000656E2E2E2E0D004C6F6164696E67206317
:10EE5000616C6962726174696F6E732E2E2E0D0083
:10EE6000C7E0E3F0F3E7EAE020EAE0EBE8E1F0EE08
:10EE7000E2EEEA2E2E2E0D004E6F20656E65726753
:10EE8000792E63616C0D004665686C656E20656E59
:10EE9000657267792E63616C0D004E6F20656E653B
:10EEA0007267792E63616C0D00CDE5F220656E65A9
:10EEB0007267792E63616C0D000000004964656E15
:10EEC00074696669636174696F6E206469736162F5
:10EED0006C6564004964656E746966697A69657217
:10EEE000756E67206765626C6F636B74004964655B
:10EEF0006E74696669636174696F6E2064697361B9
:10EF0000626C656400C8E4E5EDF2E8F4E8EAE0F676
:10EF1000E8FF20E7E0EFF0E5F9E5EDE000000000B4
:10EF2000656E6572677900004E6F20656E6F75675C
:10EF300068206D656D6F727920666F7220737973CA
:10EF400074656D2066696C65730D004E6F20656E8B
:10EF50006F756768206D656D6F727920666F7220BE
:10EF600073797374656D2066696C65730D004E6FFF
:10EF700020656E6F756768206D656D6F72792066AC
:10EF80006F722073797374656D2066696C65730D9B
:10EF900000CDE5F220EFE0ECFFF2E820EFEEE42018
:10EFA000F1E8F1F2E5ECEDFBE520F4E0E9EBFB0D37
:10EFB00000000000436F6D707574657220536F66BA
:10EFC00074776172652063616E206661696C656447
:10EFD00000436F6D707574657220536F667477614E
:10EFE00072652063616E206661696C656400436FC1
:10EFF0006D707574657220536F66747761726520E9
:10F0000063616E206661696C656400CAEEECEFFCBA
:10F01000FEF2E5F0EDE0FF20EFF0EEE3F0E0ECECE7
:10F02000E020ECEEE6E5F220EDE520F0E0E1EEF2A6
:10F03000E0F2FC004E6F2064726B2E73707A0D004C
:10F040004665686C656E2064726B2E73707A0D0075
:10F050004E6F2064726B2E73707A0D00CDE5F22036
:10F0600064726B2E73707A0D00000000445220739E
:10F0700065742064656661756C74004452200044B8
:10F0800052207365742064656661756C7400CCC42D
:10F0900020EFEE20F3ECEEEBF7E0EDE8FE000000F1
:10F0A0004E6F206472772E63616C0D004665686C4C
:10F0B000656E206472772E63616C0D004E6F206464
:10F0C00072772E63616C0D00CDE5F2206472772EAD
:10F0D00063616C0D0000000044522064697361623A
:10F0E0006C6564004452206765626C6F636B7400EA
:10F0F00044522064697361626C656400CCC420E78B
:10F10000E0EFF0E5F9E5EDE0000000004E6F207360
:10F1100069676D612E63616C0D004665686C656E94
:10F12000207369676D612E63616C0D004E6F2073F3
:10F1300069676D612E63616C0D00CDE5F220736926
:10F14000676D612E63616C0D000000004964656E9F
:10F1500074696669636174696F6E20646973616262
:10F160006C6564004964656E746966697A69657284
:10F17000756E67206765626C6F636B7400496465C8
:10F180006E74696669636174696F6E206469736126
:10F19000626C656400C8E4E5EDF2E8F4E8EAE0F6E4
:10F1A000E8FF20E7E0EFF0E5F9E5EDE00000000022
:10F1B0007369676D610000004E6F20656E6F756743
:10F1C00068206D656D6F727920666F722073797338
:10F1D00074656D2066696C65730D004E6F20656EF9
:10F1E0006F756768206D656D6F727920666F72202C
:10F1F00073797374656D2066696C65730D004E6F6D
:10F2000020656E6F756768206D656D6F7279206619
:10F210006F722073797374656D2066696C65730D08
:10F2200000CDE5F220EFE0ECFFF2E820EFEEE42085
:10F23000F1E8F1F2E5ECEDFBE520F4E0E9EBFB0DA4
:10F2400000000000436F6D707574657220536F6627
:10F2500074776172652063616E206661696C6564B4
:10F2600000436F6D707574657220536F66747761BB
:10F2700072652063616E206661696C656400436F2E
:10F280006D707574657220536F6674776172652056
:10F2900063616E206661696C656400CAEEECEFFC28
:10F2A000FEF2E5F0EDE0FF20EFF0EEE3F0E0ECEC55
:10F2B000E020ECEEE6E5F220EDE520F0E0E1EEF214
:10F2C000E0F2FC004C6F6164696E67206E75636CE0
:10F2D000696465206C6962726172792E2E2E0D0050
:10F2E0004E756B6C69646269626C696F7468656B9A
:10F2F000206C6164656E2E2E2E0D004C6F6164696A
:10F300006E67206E75636C696465206C69627261FA
:10F3100072792E2E2E0D00C7E0E3F0F3E7EAE0202D
:10F32000E1E8E1EBE8EEF2E5EAE820EDF3EAEBE80C
:10F33000E4EEE22E2E2E0D00496E76616C6964209B
:10F340006C6962726172792066696C650D00466550
:10F35000686C657268616674206269626C696F745A
:10F3600068656B2066696C650D00496E76616C6935
:10F3700064206C6962726172792066696C650D0047
:10F38000C8F1EFEEF0F7E5ED20F4E0E9EB20E1E87D
:10F39000E1EBE8EEF2E5EAE80D0000004C6F616495
:10F3A000696E672064656661756C742E2E2E004C44
:10F3B0006164656E2064656661756C742E2E2E0026
:10F3C0004C6F6164696E672064656661756C742E4C
:10F3D0002E2E00C7E0E3F0F3E7EAE020EFEE20F3A3
:10F3E000ECEEEBF7E0EDE8FE2E2E2E004C6F6164A4
:10F3F000696E67206D61696E2E6C69622E2E2E0D0E
:10F40000006D61696E2E6C6962206C6164656E2EA0
:10F410002E2E0D004C6F6164696E67206D61696E00
:10F420002E6C69622E2E2E0D00C7E0E3F0F3E7EAA2
:10F43000E0206D61696E2E6C69622E2E2E0D00002B
:10F44000496E76616C6964206D61696E2E6C6962CB
:10F450000D004665686C657268616674206D61694F
:10F460006E2E6C69620D00496E76616C6964206D68
:10F4700061696E2E6C69620D00C8F1EFEEF0F7E580
:10F48000ED206D61696E2E6C69620D0052657374BA
:10F490006F72696E672E2E2E0045726E65756572ED
:10F4A000756E672E2E2E00526573746F72696E67CB
:10F4B0002E2E2E00C2EEF1F1F2E0EDEEE2EBE5EDE4
:10F4C000E8E52E2E2E000000696E76616C696420DE
:10F4D00064656661756C74206D61696E2E6C69621D
:10F4E000000000006661696C656420746F207265BD
:10F4F00073746F72652064656661756C74206D61EC
:10F50000696E2E6C6962000066696C65737973744C
:10F51000656D5F6765745F737472696E6752657657
:10F5200065727365000000005265717565737465DE
:10F530006420737472696E6720697320746F6F2022
:10F540006C6F6E670000000066696C657379737498
:10F55000656D5F6765745F737472696E6700000044
:10F560006D6F6465436F6E74726F6C00624C616E98
:10F57000670000006253797344656661756C7400BE
:10F58000706F776572436F6E74726F6C000000006D
:10F590006477506F776572446F776E446561645429
:10F5A000696D650066426174436F65660000000026
:10F5B000626C7565746F6F7468436F6E74726F6C94
:10F5C00000000000636F6D6D5F737461746500000F
:10F5D000636F6D6D5F706F7765725F737461746573
:10F5E00000000000475053436F6E74726F6C000050
:10F5F0006770735F7374617465000000696E746591
:10F600007250726F63436F6E74726F6C0000000013
:10F610007764486967684C696D69740077644C6FFA
:10F62000774C696D69740000535052444D6F6465A6
:10F63000436F6E74726F6C006644525468726573E7
:10F64000686F6C640000000066616C73655F616CDC
:10F6500061726D5F706572696F645F6F7065720073
:10F66000736F756E64436F6E74726F6C0000000090
:10F6700062536F756E640000696E695F77726974BA
:10F68000655F73797374656D5F696E695F696E74C8
:10F6900000000000496E76616C69642073797374B0
:10F6A000656D2E696E690000696E695F77726974B5
:10F6B000655F73797374656D5F696E695F666C6FA2
:10F6C000617400002E30313233343536373839002A
:10F6D0003B73797374656D2E696E690D5B6D6F6434
:10F6E00065436F6E74726F6C5D0D624C616E673D49
:10F6F000300D6253797344656661756C743D310DEC
:10F700005B706F776572436F6E74726F6C5D0D64C2
:10F7100077506F776572446F776E446561645469A2
:10F720006D653D3132300D66426174436F65663DF3
:10F73000312E300D5B626C7565746F6F7468436F4A
:10F740006E74726F6C5D0D636F6D6D5F7374617459
:10F75000653D36353533370D636F6D6D5F706F778F
:10F7600065725F73746174653D36353533360D5B94
:10F77000475053436F6E74726F6C5D0D6770735FAB
:10F7800073746174653D36353533380D5B67656973
:10F79000676572436F6E74726F6C5D0D6644724381
:10F7A0006F65663D342E350D66447253656C664355
:10F7B00070733D302E30320D66447244656164547E
:10F7C000696D653D35332E3937303030652D360D56
:10F7D0005B696E74657250726F63436F6E74726FA3
:10F7E0006C5D0D7764486967684C696D69743D3478
:10F7F0003036300D77644C6F774C696D69743D34E9
:10F80000300D5B535052444D6F6465436F6E74729C
:10F810006F6C5D0D6644525468726573686F6C64FA
:10F820003D3130300D66616C73655F616C61726D86
:10F830005F706572696F645F6F7065723D363030FE
:10F840000D5B736F756E64436F6E74726F6C5D0DDC
:10F8500062536F756E643D310D000000496E746532
:10F860007250726F635F73656E6453657175656E18
:10F8700063650000443A5C55736572735C43686964
:10F8800072696B616C6F5C41524D5F70726F6A5C44
:10F8900053505244325F355C696E74657250726FBA
:10F8A000632E630053656E642073657175656E63C6
:10F8B0006520697320746F6F206C6F6E67000000A5
:10F8C0004F4B00005243565F4552525F54494D45DD
:10F8D0004F5554005243565F4552525F425954456A
:10F8E000000000005243565F4552525F4255465F4A
:10F8F0004F564552464C4F57000000005243565F4A
:10F900004552525F4352430000000000496E746547
:10F910007250726F635F726376446174615F66698F
:10F920007273745F44697370617463686572000018
:10F93000457863657074696F6E20257520696E2047
:10F940007265706C79206F6E20257500556E737529
:10F9500070706F7274656420646174612072656791
:10F960006973746572730000556E737570706F7291
:10F9700074656420636F6E74726F6C207265676962
:10F980007374657273000000556E737570706F72DA
:10F9900074656420646961676E6F73746963206362
:10F9A0006F6D6D616E640000556E737570706F726F
:10F9B00074656420737065637472756D206C656E18
:10F9C00000000000556E737570706F72746564206E
:10F9D000636F6D6D616E6420696E207265706C7905
:10F9E00000000000496E74657250726F635F666953
:10F9F0006C6C4E6577436D6400000000496E766163
:10FA00006C69642073656E642073657175656E63DF
:10FA100065206C656E000000496E74657250726FEF
:10FA2000635F6765744E657874436D640000000021
:10FA3000252B302E3066B0430000000025302E30DC
:10FA400066B04300C0F80200C4F80200D4F8020017
:10FA5000E4F80200FCF802000106000000000000CB
:10FA60000103002A00020000011377FF80007700E5
:10FA70000000000000000000000000000000000086
:10FA80000000000000000000000000000000000076
:10FA90000000000000000000000000000000000066
:10FAA0000000000000000000000000000000000056
:10FAB0000000000000000000000000000000000046
:10FAC0000000000000000000000000000000000036
:10FAD0000000000000000000000000000000000026
:10FAE00001030028000200000107000001030016C6
:10FAF000000200000103000B0002000001040000EE
:10FB00000002000001040004000D000001040002D6
:10FB100000010000010800020000000001050000D3
:10FB2000FF00000001050001FF00000001050001C9
:10FB300000000000010B04000000F000010B0400B5
:10FB4000F000F000010B0401E000F000010B0402E2
:10FB5000D000F000010B0403C000F000010B04040E
:10FB6000B000F000010B0405A000F000010B04063A
:10FB70009000F000010B04078000F000010B040866
:10FB80007000F000010B04096000F000010B040A92
:10FB90005000F000010B040B4000C00001050024E0
:10FBA0000000000001050024FF0000000105002204
:10FBB000FF00000001050023FF00000001050025F3
:10FBC000FF00000001050027FF00000001050052B2
:10FBD000FF00000001050003FF0000000105000315
:10FBE00000000000011008001600020000000000E4
:10FBF00001100800180002000000000001100800B9
:10FC00001A000200000000000106000300000000CE
:10FC100001060004000000000106000100000000D1
:10FC20000110080028000200000000000D5350538E
:10FC3000523D3078000000000D5231343D307800E4
:10FC40000D5231333D3078000D5231323D30780065
:10FC50000D5231313D3078000D5231303D30780059
:10FC60000D52393D307800000D52383D307800009B
:10FC70000D52373D307800000D52363D307800008F
:10FC80000D52353D307800000D52343D3078000083
:10FC90000D52333D307800000D52323D3078000077
:10FCA0000D52313D307800000D52303D307800006B
:10FCB000554E444546494E4520494E5354525543AE
:10FCC00054494F4E0000000050524F4752414D20C2
:10FCD000455843455054494F4E0000000D46554E7F
:10FCE0004354494F4E3A0D000D4C494E453A0D25AF
:10FCF000640000000D4445534352495054494F4E4F
:10FD00003A0D00000D535441434B3A0D00000000E2
:10FD100025782C20000000000D54524D4255463AE3
:10FD20000D0000000D5243564255463A0D000000AA
:10FD300046495120494E54455252555054000000F6
:10FD400050524546455443482041424F52540000CA
:10FD5000444154412041424F5254000000000000F1
:10FD600052454C4541534520544845204B45590088
:10FD700052454C4541534520544845204B45590078
:10FD800052454C4541534520544845204B45590068
:10FD9000CED2CFD3D1D2C8D2C520CACDCECFCAD32E
:10FDA000000000004C4F47004C4F47004C4F4700AD
:10FDB000C6D3D0CDC0CB00006261636B00626163CB
:10FDC0006B006261636B00EDE0E7E0E400000000BF
:10FDD0006E657874006E657874006E65787400F1F5
:10FDE000EBE5E400626567696E00626567696E0055
:10FDF000626567696E00EDE0F7E0EBEE0000000081
:10FE00004C4F474D6F64655F696E736572744576DC
:10FE1000656E7400443A5C55736572735C4368693F
:10FE200072696B616C6F5C41524D5F70726F6A5C9E
:10FE300053505244325F355C4C4F475F6D6F646581
:10FE40002E6300004576656E742064657363726985
:10FE50007074696F6E20697320746F6F206C6F6EA1
:10FE600067000000446F7365207261746500446F21
:10FE70007365207261746500446F736520726174EC
:10FE80006500CCEEF9EDEEF1F2FC20E4EEE7FB00CC
:10FE900020252E32662000004750533A20000000F3
:10FEA0004C61743D256620004C6F6E3D2566200038
:10FEB000416C743D2566200048444F503D252E314D
:10FEC00066200000536174733D2575003DE9000014
:10FED000143F0A0041E9000045E9000049E900003B
:10FEE0004DE9000077E900008DE900009BE9000082
:10FEF000A9E90000C7E90000EBE90000EFE9000014
:10FF0000FBE9000003EA0000FFE9000051E90000FE
:10FF10006D61696E00000000494E464F0000000010
:10FF2000506F776572204F4E00506F776572204F8B
:10FF30004E00506F776572204F4E00C2EAEBFEF71D
:10FF4000E5EDE8E500000000443A5C557365727326
:10FF50005C43686972696B616C6F5C41524D5F70A4
:10FF6000726F6A5C53505244325F355C6D61696EEA
:10FF70002E63000050726F636573736F72203220BE
:10FF80006661696C656421004261747465727920F0
:10FF90006C6F77210042617474657279206C6F77A1
:10FFA000210042617474657279206C6F772100C101
:10FFB000E0F2E0F0E5E820F0E0E7F0FFE6E5EDFB59
:10FFC00021000000446973706C61795F6765745348
:10FFD000637265656E0000006F72646572000000F8
:10FFE00053797374656D5F73657453657269616C81
:10FFF000416E64446174650073657269616C0000F0
:020000040003F7
:100000006D6F6E7468000000796561720000000019
:10001000436C6F636B5F7365744461746554696DA1
:1000200065000000686F7572000000004D6F646528
:10003000735F4F6E5475726E4F4646004D6F646528
:10004000735F4F6E446F776E000000004D6F646504
:10005000735F4F6E557000004D6F6465735F4F6E38
:100060004C656674000000004D6F6465735F4F6EF1
:10007000526967687400000053797374656D5F732B
:1000800065744272696467654D6F646500000000C5
:100090004669726D57617265207665722E20352E25
:1000A000323550554C54004669726D576172652067
:1000B0007665722E20352E323550554C54004669E7
:1000C000726D57617265207665722E20352E32353D
:1000D00050554C5400C2E5F0F1E8FF20CFCE20355A
:1000E0002E323550554C54000000000044617465B8
:1000F0003A20466562202035203230323600446195
:1001000074653A2046656220203520323032360050
:10011000446174653A2046656220203520323032D1
:100120003600C4E0F2E03A204665622020352032F5
:10013000303236004D4353204247004D4353204256
:1001400047004D435320424700CCCAC420F4EEED93
:10015000000000004D4353004D4353004D435300F6
:10016000CCCAC4006261636B007769656465720024
:100170006261636B00EDE0E7E0E40000677073002C
:1001800067707300677073006770730073617665E2
:100190000061626C65676E007361766500F1EEF573
:1001A000F0E0ED006D63735F257300008DF40000D7
:1001B000003F0000A1F40000A5F40000A56D0100BF
:1001C000A9F40000F7F400005DF700006BF70000F1
:1001D000D9F7000077F70000D1740100D574010051
:1001E000CFF40000CBF40000217501006DF5000094
:1001F0004D455353414745004D45535341474500F5
:100200004D45535341474500D1CECEC1D9C5CD2E22
:10021000000000006578697400657869740065788D
:10022000697400E2FBF5EEE4000000004D657373B5
:100230006167654D6F64655F4F6E54696D657200EF
:10024000443A5C55736572735C43686972696B61AB
:100250006C6F5C41524D5F70726F6A5C53505244D8
:10026000325F355C4D6573736167655F6D6F6465A3
:100270002E6300004D6573736167654D6F64654360
:100280006F6E74726F6C20696E7465726E616C2033
:100290006572726F722100004D6573736167654D01
:1002A0006F64655F4F6E4C65667400004D657373D7
:1002B0006167654D6F64655F4F6E52696768740072
:1002C0004D6573736167654D6F64655F4F6E557003
:1002D000000000004D6573736167654D6F64655F75
:1002E0004F6E446F776E00004D6573736167654DA7
:1002F0006F64655F73686F774D6F64655363726594
:10030000656E0000E9F70000003C2800EDF70000F2
:10031000F1F70000F5F70000F9F7000011F8000010
:100320005FF8000083F80000A7F80000CBF8000099
:10033000EFF80000F3F80000FFF8000007F90000F4
:1003400003F900002BF8000000003500EF001E014B
:100350004D6F6465735F4F6E55700000443A5C5595
:10036000736572735C43686972696B616C6F5C4141
:10037000524D5F70726F6A5C53505244325F355C0D
:100380006D6F6465732E6300766F6964206D656EB2
:1003900075206974656D2068616E646C657200001B
:1003A000657869740065786974006578697400E23D
:1003B000FBF5EEE40000000073656C656374007388
:1003C000656C6563740073656C65637400E2FBE1E2
:1003D000EEF00000757000757000757000E2E2E5E7
:1003E000F0F50000646F776E00646F776E00646FE5
:1003F000776E00E2EDE8E7004D6F6465735F63724E
:100400006561746554696D657200000074696D659D
:10041000722064656C6179206973206F7574206F38
:10042000662072616E6765004D6F6465735F546925
:100430006D65725F7475726E4F4E00004D6F64652E
:10044000735F61637469766174654D656E750000F4
:10045000704D656E75206D757374206E6F742062BB
:1004600065204E554C4C00004D6F6465735F73689A
:100470006F774D656E7500007041724F6E436C6909
:10048000636B206D757374206E6F74206265204EEF
:10049000554C4C004750474741000000474E4747E6
:1004A000410000004750475341000000474E47536A
:1004B000410000004750524D43000000474E524D4E
:1004C00043000000475047535600000047505A442D
:1004D00041000000736F756E64436F6E74726F6CD1
:1004E0000000000062536F756E640000506F776506
:1004F00072204F464600506F776572204F46460087
:10050000506F776572204F464600C2FBEAEBFEF75C
:10051000E5EDE8E500000000504F5745520D005052
:100520004F5745520D00504F5745520D00CFC8D27E
:10053000C0CDC8C50D0000004F46460D0D004F460A
:10054000460D0D004F46460D0D00C2DBCACBDED76F
:10055000C5CDCE0D0D000000534C4545500D005348
:100560004C4545500D00534C4545500D00D0C5C677
:10057000C8CC0D004D4F44450D0D004D4F44450D69
:100580000D004D4F44450D0D00C4C5C6D3D0CDDB85
:10059000C90D0D0052454C45415345205448452056
:1005A0004B45590052454C45415345205448452040
:1005B0004B45590052454C45415345205448452030
:1005C0004B455900CED2CFD3D1D2C8D2C520CACD47
:1005D000CECFCAD3000000004261747465727920E6
:1005E0006C6F770042617474657279206C6F77422A
:1005F000617474657279206C6F7700C1E0F2E0F08D
:10060000E5E820F0E0E7F0FFE6E5EDFB00000000A4
:100610005365636F6E642070726F636573736F727E
:10062000207570646174652070726F6365647572A3
:10063000650D000052756E20666C617368657220EE
:10064000617420626175642072617465203537368B
:1006500030300D0D00000000426174746572792025
:100660006C6F77210042617474657279206C6F77CA
:10067000210042617474657279206C6F772100C12A
:10068000E0F2E0F0E5E820F0E0E7F0FFE6E5EDFB82
:10069000210000000000000000001000524944004A
:1006A0005249440052494400D0C8C4007370656385
:1006B0007472007370656374720073706563747232
:1006C00000F1EFE5EAF2F0006D656E75006D656EA4
:1006D00075006D656E7500ECE5EDFE005443206D10
:1006E0006F6465005443206D6F6465005443206D52
:1006F0006F646500D0E5E6E8EC20D1D7C5D20000F4
:100700004578697420457870657274204D6F646512
:10071000004578697420457870657274204D6F6467
:1007200065004578697420457870657274204D6F56
:10073000646500C2FBE9F2E820E8E720FDEAF1EF9A
:10074000E5F0F2EDEEE3EE20F0E5E6E8ECE00000A7
:100750006261636B006261636B006261636B00EDF9
:10076000E0E7E0E4000000006D6373006D63730078
:100770006D637300ECEAE400457870657274206D77
:100780006F64650D456E7465722070617373776F69
:10079000726400457870657274206D6F64650D45F4
:1007A0006E7465722070617373776F726400457840
:1007B00070657274206D6F64650D456E746572208E
:1007C00070617373776F726400DDEAF1EFE5F0F248
:1007D000EDFBE920F0E5E6E8EC0DC2E2E5E4E8F245
:1007E000E520EFE0F0EEEBFC0000000045787065DE
:1007F0007274206D6F64652E20416363657373208E
:100800006772616E7465642E205072657373205335
:100810005045435452206F72204D656E752E004531
:100820007870657274206D6F64652E204163636516
:100830007373206772616E7465642E2050726573E5
:100840007320535045435452206F72204D656E758E
:100850002E00457870657274206D6F64652E20419E
:100860006363657373206772616E7465642E2050D4
:100870007265737320535045435452206F72204D5C
:10088000656E752E00DDEAF1EFE5F0F2EDFBE92093
:10089000F0E5E6E8EC2E20C4EEF1F2F3EF20EEF204
:1008A000EAF0FBF22E20CDE0E6ECE8F2E520D1CF35
:1008B000C5CAD2D020E8EBE820ECE5EDFE2E000022
:1008C000457870657274206D6F64652E2050617379
:1008D00073776F72642070726F7465637465642ED1
:1008E000205072657373204C4F47494E2E00457857
:1008F00070657274206D6F64652E2050617373771C
:100900006F72642070726F7465637465642E20501A
:1009100072657373204C4F47494E2E0045787065C1
:100920007274206D6F64652E2050617373776F72DF
:10093000642070726F7465637465642E20507265F4
:100940007373204C4F47494E2E00DDEAF1EFE5F07E
:10095000F2EDFBE920F0E5E6E8EC2E20C7E0F9E84F
:10096000F9E5ED20EFE0F0EEEBE5EC2E20CDE0E652
:10097000ECE8F2E520CFC0D0CECBDC2E00000000AA
:100980004D454E553A20455850455254004D454E20
:10099000553A20455850455254004D454E553A2041
:1009A00045585045525400CCC5CDDE3A20DDCAD161
:1009B000CFC5D0D200000000000000000000000001
:1009C0000000000000000000000000000000000027
:1009D00002000000DB220100E9220100000000000B
:1009E0000000000000000000000000000000000007
:1009F000000000000000000000000000D7220100FD
:100A0000F7220100000000000000000000000000CC
:100A100000000000000000000000000000000000D6
:100A200000000000C522010000283F00252301002E
:100A300029230100C9220100D32201002D23010036
:100A400039230100472301005523010085230100BC
:100A5000152301009F230100192301002123010018
:100A60001D230100C1220100534554555000534538
:100A700054555000534554555000CECFD6C8C800E9
:100A80006261636B006261636B006261636B00EDC6
:100A9000E0E7E0E4000000006C6F67006C6F670047
:100AA0006C6F6700E6F3F0EDE0EB00005345545542
:100AB000504D6F64655F55704F6E5570646174651D
:100AC000000000006D656D6F7279006D656D6F726D
:100AD00079006D656D6F727900EFE0ECFFF2FC005C
:100AE000737065636966007370656369660073702F
:100AF0006563696600F1EFE5F6E8F4006C6962721F
:100B00006172006C6962726172006C69627261721A
:100B100000E1E8E1EB000000676569676572006766
:100B200065696765720067656967657200E3E5E995
:100B3000E3E5F000706F77657200706F77657200A3
:100B4000706F77657200E7E0F0FFE400766572731E
:100B5000696F0076657273696F0076657273696F8D
:100B600000E2E5F0F1E8FF00443A5C55736572730A
:100B70005C43686972696B616C6F5C41524D5F7078
:100B8000726F6A5C53505244325F355C53657475C2
:100B9000705F6D6F64652E6300000000696E7465A0
:100BA000726E616C206572726F722028694D6F647D
:100BB0006553637265656E29000000006D656E7592
:100BC000006D656E75006D656E7500ECE5EDFE00FF
:100BD0006C6F67696E006C6F67696E006C6F676938
:100BE0006E00EFE0F0EEEBFC0000000043616C698A
:100BF00062726174696F6E0043616C6962726174E4
:100C0000696F6E0043616C6962726174696F6E0036
:100C1000CAE0EBE8E1F0EEE2EAE00000526164696C
:100C20006174696F6E2073616665747920616C61AF
:100C3000726D207468726573686F6C6400526164D1
:100C4000696174696F6E2073616665747920616C87
:100C500061726D207468726573686F6C64005261B4
:100C600064696174696F6E2073616665747920616F
:100C70006C61726D207468726573686F6C6400CF0C
:100C8000EEF0EEE320F0E0E4E8E0F6E8EEEDEDEE85
:100C9000E920E1E5E7EEEFE0F1EDEEF1F2E800004A
:100CA000252E316600000000535052444D6F64659C
:100CB000436F6E74726F6C00664452546872657351
:100CC000686F6C640000000053616665747920747D
:100CD00068726573686F6C6400536166657479202F
:100CE0005468726573686F6C6400536166657479EB
:100CF000207468726573686F6C6400CFEEF0EEE389
:100D000020E1E5E7EEEFE0F1EDEEF1F2E8000000C2
:100D100054696D6520746F206964656E74696679C5
:100D200020726164696F6E75636C696465730054E9
:100D3000696D6520746F206964656E7469667920D9
:100D4000726164696F6E75636C6964657300546980
:100D50006D6520746F206964656E746966792072B0
:100D60006164696F6E75636C6964657300C2F0E5F8
:100D7000ECFF20E8E4E5EDF2E8F4E8EAE0F6E8E884
:100D800020F0E0E4E8EEEDF3EAEBE8E4EEE2000068
:100D90007365636F6E64007365636F6E6400736583
:100DA000636F6E6400F1E5EAF3EDE4006964656E7B
:100DB00074696679436F6E74726F6C006964656EF6
:100DC0007469667953746172744465616454696DC1
:100DD000650000004964656E7469666963617469E1
:100DE0006F6E2074696D65004964656E746966692B
:100DF000636174696F6E2074696D65004964656E26
:100E000074696669636174696F6E2074696D6500E9
:100E1000C2F0E5ECFF20E8E4E5EDF2E8F4E8EAE012
:100E2000F6E8E800536C656570206D6F64652074AA
:100E3000696D656F757400536C656570206D6F64C6
:100E4000652074696D656F757400536C65657020FD
:100E50006D6F64652074696D656F757400D2E0E92B
:100E6000ECE0F3F220E4E5E6F3F0EDFBE90000004E
:100E700054696D6520746F20656E74657220736CA3
:100E8000656570206D6F64650054696D6520746FD1
:100E900020656E74657220736C656570206D6F647B
:100EA000650054696D6520746F20656E74657220ED
:100EB000736C656570206D6F646500C2F0E5ECFFD2
:100EC00020E4EE20EFE5F0E5F5EEE4E020E220E4BA
:100ED000E5E6F3F0EDFBE920F0E5E6E8EC000000E4
:100EE000706F776572436F6E74726F6C00000000F4
:100EF0006477506F776572446F776E4465616454B0
:100F0000696D650000000000EF003F0153637265EA
:100F1000656E20746573740053637265656E20742A
:100F20006573740053637265656E20746573740035
:100F3000D2E5F1F220FDEAF0E0EDE0005065616BF2
:100F400020736561726368207468726573686F6C82
:100F500064005065616B207365617263682074681A
:100F6000726573686F6C64005065616B20736561B6
:100F7000726368207468726573686F6C6400CFEE8A
:100F8000F0EEE320EFEEE8F1EAE020EFE8EAEEE24F
:100F9000000000007468726573686F6C6400000084
:100FA0005363616C6520696E73746162696C697406
:100FB0007920666163746F72005363616C652069A8
:100FC0006E73746162696C69747920666163746FB1
:100FD00072005363616C6520696E73746162696C41
:100FE00069747920666163746F7200D4E0EAF2EE8E
:100FF000F020EDE5F1F2E0E1E8EBFCEDEEF1F2E8F6
:1010000020F8EAE0EBFB0000250025002500250084
:101010005343414C45494E53544142494C4954591C
:10102000000000004E75636C696465206C69627233
:10103000617279004E75636C696465206C696272D7
:10104000617279004E75636C696465206C696272C7
:1010500061727900C1E8E1EBE8EEF2E5EAE020ED4B
:10106000F3EAEBE8E4EEE2005468726573686F6CD3
:1010700064005468726573686F6C640054687265CC
:1010800073686F6C6400CFEEF0EEE300496E73742A
:101090006162696C69747900496E73746162696C2C
:1010A00069747900496E73746162696C697479005E
:1010B000CDE5F1F2E0E1E8EBFCEDEEF1F2FC000051
:1010C00052455155455354005245515545535400CE
:1010D0005245515545535400C7C0CFD0CED1000022
:1010E000596F752061726520676F696E6720746F34
:1010F0002044454C45544520414C4C2053504543D9
:101100005452412046494C45532E20506C65617322
:101110006520636F6E6669726D2E2E2E00596F7595
:101120002061726520676F696E6720746F20444587
:101130004C45544520414C4C20535045435452415A
:101140002046494C45532E20506C656173652063E1
:101150006F6E6669726D2E2E2E00596F752061724A
:101160006520676F696E6720746F2044454C455455
:101170004520414C4C205350454354524120464950
:101180004C45532E20506C6561736520636F6E660D
:1011900069726D2E2E2E00C2FB20F1EEE1E8F0E028
:1011A000E5F2E5F1FC20D3C4C0CBC8D2DC20C2D12B
:1011B000C520D4C0C9CBDB20D1CFC5CAD2D0CEC2C6
:1011C0002E20CFEEE6E0EBF3E9F1F2E020EFEEE4E3
:1011D000F2E2E5F0E4E8F2E52E2E2E00596F7520DC
:1011E00061726520676F696E6720746F2044454C9B
:1011F00045544520414C4C204155544F4D41544994
:1012000043414C4C5920435245415445442053508E
:1012100045435452412046494C45532E20506C655D
:1012200061736520636F6E6669726D2E2E2E005994
:101230006F752061726520676F696E6720746F201B
:1012400044454C45544520414C4C204155544F4D4C
:1012500041544943414C4C59204352454154454423
:1012600020535045435452412046494C45532E206B
:10127000506C6561736520636F6E6669726D2E2EAA
:101280002E00596F752061726520676F696E672047
:10129000746F2044454C45544520414C4C204155E9
:1012A000544F4D41544943414C4C592043524541C0
:1012B00054454420535045435452412046494C45DF
:1012C000532E20506C6561736520636F6E66697282
:1012D0006D2E2E2E00C2FB20F1EEE1E8F0E0E5F2EB
:1012E000E5F1FC20D3C4C0CBC8D2DC20C2D1C520DC
:1012F000C0C2D2CECCC0D2C8D7C5D1CAC820D1CEE8
:10130000C7C4C0CDCDDBC520D4C0C9CBDB20D1CF75
:10131000C5CAD2D0CEC22E20CFEEE6E0EBF3E9F183
:10132000F2E020EFEEE4F2E2E5F0E4E8F2E52E2E62
:101330002E000000F1EFE5EA5F00000073706563C6
:101340005F000000596F752061726520676F696EDC
:101350006720746F2044454C45544520414C4C2037
:101360004C4F472046494C45532E20506C656173C5
:101370006520636F6E6669726D2E2E2E00596F7533
:101380002061726520676F696E6720746F20444525
:101390004C45544520414C4C204C4F472046494C2D
:1013A00045532E20506C6561736520636F6E6669CE
:1013B000726D2E2E2E00596F752061726520676F39
:1013C000696E6720746F2044454C45544520414C5C
:1013D0004C204C4F472046494C45532E20506C65BD
:1013E00061736520636F6E6669726D2E2E2E00C26A
:1013F000FB20F1EEE1E8F0E0E5F2E5F1FC20D3C4FA
:10140000C0CBC8D2DC20C2D1C520D4C0C9CBDB2020
:10141000C6D3D0CDC0CBCEC22E20CFEEE6E0EBF3CC
:10142000E9F1F2E020EFEEE4F2E2E5F0E4E8F2E5E3
:101430002E2E2E00596F752061726520676F696EC0
:101440006720746F2044454C45544520414C4C2046
:101450004D43532046494C45532E20506C656173D3
:101460006520636F6E6669726D2E2E2E00596F7542
:101470002061726520676F696E6720746F20444534
:101480004C45544520414C4C204D43532046494C3B
:1014900045532E20506C6561736520636F6E6669DD
:1014A000726D2E2E2E00596F752061726520676F48
:1014B000696E6720746F2044454C45544520414C6B
:1014C0004C204D43532046494C45532E20506C65CB
:1014D00061736520636F6E6669726D2E2E2E00C279
:1014E000FB20F1EEE1E8F0E0E5F2E5F1FC20D3C409
:1014F000C0CBC8D2DC20C2D1C520D4C0C9CBDB2030
:101500004D43532E20CFEEE6E0EBF3E9F1F2E0207D
:10151000EFEEE4F2E2E5F0E4E8F2E52E2E2E000034
:10152000596F752061726520676F696E6720746FEF
:101530002044454C45544520414C4C204E55432EAB
:101540004C49422046494C45532E20506C656173EE
:101550006520636F6E6669726D2E2E2E00596F7551
:101560002061726520676F696E6720746F20444543
:101570004C45544520414C4C204E55432E4C49423D
:101580002046494C45532E20506C6561736520639D
:101590006F6E6669726D2E2E2E00596F7520617206
:1015A0006520676F696E6720746F2044454C455411
:1015B0004520414C4C204E55432E4C494220464933
:1015C0004C45532E20506C6561736520636F6E66C9
:1015D00069726D2E2E2E00C2FB20F1EEE1E8F0E0E4
:1015E000E5F2E5F1FC20D3C4C0CBC8D2DC20C2D1E7
:1015F000C520D4C0C9CBDB20C1C8C1CB2ECDD3CA36
:10160000CB2E20CFEEE6E0EBF3E9F1F2E020EFEEB7
:10161000E4F2E2E5F0E4E8F2E52E2E2E0000000010
:10162000596F752061726520676F696E6720746FEE
:101630002044454C45544520414C4C2046494C459E
:101640005320616E642053455420555020414C4C2A
:101650002053455454494E475320544F204641434C
:10166000544F52592044454641554C54532E205016
:101670006C6561736520636F6E6669726D20746F4F
:101680002070617373207468726F7567682073656A
:101690006375726974792070726F636564757265C1
:1016A0002E2E2E00596F752061726520676F696E4E
:1016B0006720746F2044454C45544520414C4C20D4
:1016C00046494C455320616E642053455420555083
:1016D00020414C4C2053455454494E475320544FBD
:1016E00020464143544F52592044454641554C549D
:1016F000532E20506C6561736520636F6E6669724E
:101700006D20746F2070617373207468726F7567D9
:10171000682073656375726974792070726F636590
:10172000647572652E2E2E00596F752061726520CA
:10173000676F696E6720746F2044454C455445209F
:10174000414C4C2046494C455320616E6420534522
:101750005420555020414C4C2053455454494E4739
:101760005320544F20464143544F5259204445463C
:1017700041554C54532E20506C6561736520636F46
:101780006E6669726D20746F207061737320746867
:10179000726F7567682073656375726974792070FC
:1017A000726F6365647572652E2E2E00C2FB20F188
:1017B000EEE1E8F0E0E5F2E5F1FC20D3C4C0CBC8EF
:1017C000D2DC20C2D1C520D4C0C9CBDB20E820D3D5
:1017D000D1D2C0CDCEC2C8D2DC20C7C0C2CEC4D107
:1017E000CAC8C520CDC0D1D2D0CEC9CAC82E20CF3C
:1017F000EEE6E0EBF3E9F1F2E02C20EFEEE4F2E2CA
:10180000E5F0E4E8F2E52C20F7F2EEE1FB20EFE56D
:10181000F0E5E9F2E820EA20EFF0EEF6E5E4F3F097
:10182000E520E1E5E7EEEFE0F1EDEEF1F2E82E2E56
:101830002E00000053656375726974792070726FB1
:101840006365647572652E0D456E746572207061F6
:101850007373776F7264005365637572697479206E
:1018600070726F6365647572652E0D456E74657276
:101870002070617373776F7264005365637572696A
:1018800074792070726F6365647572652E0D456E94
:101890007465722070617373776F726400CFF0EEBD
:1018A000F6E5E4F3F0E020E1E5E7EEEFE0F1EDEE60
:1018B000F1F2E82E0DC2E2E5E4E8F2E520EFE0F017
:1018C000EEEBFC002530327525303275000000004B
:1018D000596F752061726520676F696E6720746F3C
:1018E0002053455420414C4C2053455454494E47B5
:1018F0005320544F20464143544F525920444546AB
:1019000041554C54532E20506C6561736520636FB4
:101910006E6669726D2E2E2E00596F75206172658C
:1019200020676F696E6720746F2053455420414CC7
:101930004C2053455454494E475320544F20464160
:1019400043544F52592044454641554C54532E2040
:10195000506C6561736520636F6E6669726D2E2EC3
:101960002E00596F752061726520676F696E672060
:10197000746F2053455420414C4C205345545449D6
:101980004E475320544F20464143544F5259204410
:10199000454641554C54532E20506C65617365206B
:1019A000636F6E6669726D2E2E2E00C2FB20F1EE03
:1019B000E1E8F0E0E5F2E5F1FC20D3D1D2C0CDCEF4
:1019C000C2C8D2DC20C7C0C2CEC4D1CAC8C520CDCF
:1019D000C0D1D2D0CEC9CAC82E20CFEEE6E0EBF3FC
:1019E000E9F1F2E020EFEEE4F2E2E5F0E4E8F2E51E
:1019F0002E2E2E00526573657420746F2064656608
:101A000061756C747300526573657420746F206423
:101A1000656661756C747300526573657420746FCC
:101A20002064656661756C747300CFEE2DF3ECEE87
:101A3000EBF7E0EDE8FE000044656C65746520732B
:101A40007065637472610044656C657465207370C1
:101A500065637472610044656C65746520737065BC
:101A60006374726100D3E4E0EBE8F2FC20F1EFE58F
:101A7000EAF2F0FB0000000044656C6574652061CB
:101A800075746F737065637472610044656C65741E
:101A900065206175746F737065637472610044656D
:101AA0006C657465206175746F73706563747261C1
:101AB00000D3E4E0EBE8F2FC20E0E2F2EEF1EFE547
:101AC000EAF2F0FB0000000044656C657465206C70
:101AD0006F670044656C657465206C6F67004465D2
:101AE0006C657465206C6F6700D3E4E0EBE8F2FC92
:101AF00020E6F3F0EDE0EB0044656C657465206D65
:101B0000637327730044656C657465206D63732788
:101B1000730044656C657465206D6373277300D32F
:101B2000E4E0EBE8F2FC20E2F1E5206D63730000F5
:101B300044656C657465206E75632E6C6962730014
:101B400044656C657465206E75632E6C6962730004
:101B500044656C657465206E75632E6C69627300F4
:101B6000D3E4E0EBE8F2FC20E1E8E1EB2EEDF3EA70
:101B7000EB00000053455455504D6F64655F4F6E48
:101B800054696D6572000000252E32660000000069
:101B9000696E7465726E616C206572726F7200009E
:101BA0002575252500000000252E33660000000065
:101BB000252E316620B553762F680000506C656184
:101BC000736520776169742E2E2E004269747465E6
:101BD0002077617274656E2E2E2E00506C656173D5
:101BE0006520776169742E2E2E00CFEEE6E0EBF3D0
:101BF000E9F1F2E020E6E4E8F2E52E2E2E00000006
:101C0000416363657373206772616E74656400413C
:101C10006363657373206772616E7465640041630A
:101C200063657373206772616E74656400C4EEF15E
:101C3000F2F3EF20EEF2EAF0FBF200004578706577
:101C40007274206D6F64650D456E746572207061ED
:101C50007373776F726400457870657274206D6F6E
:101C600064650D456E7465722070617373776F7271
:101C70006400457870657274206D6F64650D456E03
:101C80007465722070617373776F726400DDEAF1BE
:101C9000EFE5F0F2EDFBE920F0E5E6E8EC0DC2E25D
:101CA000E5E4E8F2E520EFE0F0EEEBFC00000000F8
:101CB00052616453656172636865722028415431D2
:101CC000333231290D00000053657269616C3A208E
:101CD0000053657269616C3A200053657269616CEA
:101CE0003A2000C7E0E22EEDEEEC2E3A2000000094
:101CF0004D616E75666163742E3A20004D616E759C
:101D0000666163742E3A20004D616E75666163747E
:101D10002E3A2000C2FBEFF3F1EA3A200000000067
:101D200025752E25750D000043524333323A2000AD
:101D30004E614928546C29204432357834306D6D19
:101D40000D0000004D43413A2031303234206368A9
:101D5000616E6E656C730D004D43413A2031303237
:101D600034206368616E6E656C730D004D43413ABB
:101D70002031303234206368616E6E656C730D0003
:101D8000C0D6CF3A203130323420EAE0EDE0EBE04B
:101D90000D0000003230323520A92041544F4D54FF
:101DA0004558205350450D0047616D6D61207261AB
:101DB00064696174696F6E20646F73652072617409
:101DC000650D0047616D6D612072616469617469C0
:101DD0006F6E20646F736520726174650D004761DA
:101DE0006D6D6120726164696174696F6E20646FEA
:101DF000736520726174650D00CCEEF9EDEEF1F2C1
:101E0000FC20E4EEE7FB20E3E0ECECE020E8E7EB8D
:101E1000F3F72E0D0000000052616E67653A203026
:101E20002E30332D31303030303020B553762F689E
:101E30000D0052616E67653A20302E30332D3130FF
:101E40003030303020B553762F680D0052616E6708
:101E5000653A20302E30332D31303030303020B5DF
:101E600053762F680D00C4E8E0EFE0E7EEED3A208E
:101E7000302E30332D31303030303020B553762F86
:101E8000680D00004261736963206572726F723A77
:101E9000203230250D004261736963206572726FD4
:101EA000723A203230250D004261736963206572F9
:101EB000726F723A203230250D00CEF1EDEEE2ED78
:101EC000E0FF20EFEEE3F0E5F8EDEEF1F2FC3A2072
:101ED0003230250D00000000456E65726779206480
:101EE0006570656E64656E63653A203235250D0058
:101EF000456E6572677920646570656E64656E63B2
:101F0000653A203235250D00456E6572677920648B
:101F10006570656E64656E63653A203235250D0027
:101F2000DDEDE5F0E3E5F2E8F72EE7E0E2E8F1E8E1
:101F3000ECEEF1F2FC3A203235250D004E614920DD
:101F40006D6178206370733A203130303030300D5D
:101F5000004E6149206D617820206370733A203112
:101F600030303030300D004E6149206D61782020D6
:101F70006370733A203130303030300D00CCE0EAFD
:101F8000F12EF1EA2EF1F7E5F2E0204E61493A2018
:101F9000313030303030206370730D0053656E7314
:101FA0002E206F6E2043733133373A203430302087
:101FB0006370732A682FB553760D0053656E732EC8
:101FC000206F6E2043733133373A20343030206332
:101FD00070732A682FB553760D0053656E732E20EB
:101FE0006F6E2043733133373A20343030206370C2
:101FF000732A682FB553760D00D7F3E2F1F2E22E83
:1020000020EDE02043733133373A20343030206301
:1020100070732A682FB553760D000000456E657207
:1020200067792072616E67653A2032302D33303027
:1020300030206B65560D00456E65726779207261C0
:102040006E67653A2032302D33303030206B655664
:102050000D00456E657267792072616E67653A2082
:1020600032302D33303030206B65560D00DDEDE51C
:10207000F0E3E5F22EE4E8E0EFE0E7EEED3A2032BF
:10208000302D33303030206B65560D000D000D00C3
:102090000D000D0046616C736520616C61726D20EE
:1020A000706572696F6420286D696E293A20004658
:1020B000616C736520616C61726D20706572696F0F
:1020C000642C206D696E3A200046616C7365206156
:1020D0006C61726D20706572696F642C206D696E21
:1020E0003A2000CFE5F0E8EEE420EBEEE6ED2EF24C
:1020F000F0E5E2EEE32C20ECE8ED3A2000000000F1
:10210000474D20636F756E7465720D00474D2063F7
:102110006F756E7465720D00474D20636F756E7438
:1021200065720D00D1F7E5F2F7E8EA20C3CC0D00A7
:10213000446F736520726174653A2000446F736563
:1021400020726174653A2000446F73652072617477
:10215000653A2000CCEEF9ED2EE4EEE7FB3A2000E4
:102160004572726F723A20004D6573736665686CD4
:1021700065723A20004572726F723A2000CFEEE32A
:10218000F0E5F8EDEEF1F2FC3A200000436F756ED9
:102190007420726174653A2000436F756E7420720A
:1021A0006174653A2000436F756E742072617465C6
:1021B0003A2000D1EAEEF02EF1F7E5F2E03A200005
:1021C000546F74616C20636F756E74733A200054A1
:1021D0006F74616C20636F756E74733A2000546F76
:1021E00074616C20636F756E74733A2000CEE1F9F0
:1021F000E8E920F1F7E5F23A20000000546F74613D
:102200006C2074696D653A2000546F74616C2074A1
:10221000696D653A2000546F74616C2074696D6556
:102220003A2000CEE1F9E5E520E2F0E5ECFF3A20C6
:1022300000000000436F65663A2000436F65663A10
:102240002000436F65663A2000CAEEFDF43A200094
:1022500044656164546D3A200044656164546D3A8C
:10226000200044656164546D3A2000CCE5F0F2C270
:10227000F03A200053656C664370733A2000536552
:102280006C664370733A200053656C664370733A12
:102290002000D1EEE1F1D4EEED3A20005361666505
:1022A0007479207468726573686F6C643A200053A7
:1022B0006166657479207468726573686F6C643ADE
:1022C0002000536166657479207468726573686F65
:1022D0006C643A2000CFEEF0EEE320E1E5E7EEEFAC
:1022E000E0F1EDEEF1F2E83A200000004261747492
:1022F0006572790D00426174746572790D004261F6
:1023000074746572790D00C1E0F2E0F0E5FF0D0034
:102310004368617267653A20004368617267653A95
:1023200020004368617267653A2000C7E0F0FFE46F
:102330003A2000005374617475733A2063686172C7
:102340006765640D005374617475733A2063686146
:10235000726765640D005374617475733A20636825
:1023600061726765640D00D1EEF1F2EEFFEDE8E514
:102370003A20E7E0F0FFE6E5EDFB0D0053746174F1
:1023800075733A20646973636861726765640D00F0
:102390005374617475733A2064697363686172671A
:1023A00065640D005374617475733A2064697363D6
:1023B0006861726765640D00D1EEF1F2EEFFEDE841
:1023C000E53A20F0E0E7F0FFE6E5EDFB0D00000068
:1023D000566F6C746167653A2000566F6C74616764
:1023E000653A2000566F6C746167653A2000CDE055
:1023F000EFF0FFE6E5EDE8E53A20000043616C69A7
:1024000062722E636F65663A200043616C69627286
:102410002E636F65663A200043616C6962722E63B9
:102420006F65663A2000CAE0EBE8E1F02EEAEEFDC7
:10243000F43A200053455455504D6F64655F7368FE
:102440006F774C6962726172790000004E75632E7D
:102450006C69623A20004E75632E6C69623A200006
:102460004E75632E6C69623A2000C1E8E1EB2EEDF7
:10247000F3EA3A200000000056657273696F6E3A05
:10248000200056657273696F6E3A2000566572734C
:10249000696F6E3A2000C2E5F0F1E8FF3A200000D3
:1024A0004E75636C696465733A20004E75636C69A0
:1024B0006465733A20004E75636C696465733A20F5
:1024C00000CDF3EAEBE8E4EEE23A200054687265EE
:1024D00073686F6C643A20005468726573686F6C3F
:1024E000643A20005468726573686F6C643A200027
:1024F000CFEEF0EEE33A2000252E316625250D00C3
:102500005363616C6520696E737461622E3A2000BA
:102510005363616C6520696E737461622E3A2000AA
:102520005363616C6520696E737461622E3A20009A
:10253000CDE5F1F2E0E12EF8EAE0EBFB3A20000015
:1025400053455455504D6F64655F73686F774D65A3
:102550006D6F7279000000002575206B420D000040
:102560004D656D6F72793A20004D656D6F72793AE5
:1025700020004D656D6F72793A2000CFE0ECFFF2DC
:10258000FC3A2000496E207573653A2000496E20A0
:102590007573653A2000496E207573653A2000C74F
:1025A000E0EDFFF2EE3A2000257525250D00000034
:1025B000467265653A2000467265653A20004672AB
:1025C00065653A2000D1E2EEE1EEE4EDEE3A20005E
:1025D00046696C65733A200046696C65733A200061
:1025E00046696C65733A2000D4E0E9EBEEE23A20EC
:1025F00000000000537065637472613A20005370EC
:1026000065637472613A2000537065637472613A55
:102610002000D1EFE5EAF2F0EEE23A2000000000FF
:102620004E75632E6C6962733A20004E75632E6C92
:102630006962733A20004E75632E6C6962733A20AA
:1026400000C1E8E1EB2EEDF3EAEB3A2000000000D8
:102650004D43532066696C65733A20004D43532007
:1026600066696C65733A20004D43532066696C655A
:10267000733A20004D435320F4E0E9EBEEE23A20B8
:10268000000000004C6F672066696C653A20004CC2
:102690006F672066696C653A20004C6F6720666939
:1026A0006C653A2000C6F3F0EDE0EB3A2000000044
:1026B00052657772697465733A2000526577726962
:1026C0007465733A200052657772697465733A20B5
:1026D00000CFE5F0E5E7E0EFE8F1E5E93A200000BA
:1026E00053455455504D6F64655F73686F774D6FF8
:1026F000646553637265656E000000004261747426
:102700006572792063616C6962726174696F6E20B1
:10271000636F656666696369656E740042617474AF
:102720006572792063616C6962726174696F6E2091
:10273000636F656666696369656E7400426174748F
:102740006572792063616C6962726174696F6E2071
:10275000636F656666696369656E7400CAE0EBE87D
:10276000E1F0EEE2EEF7EDFBE920EAEEFDF4F4E84D
:10277000F6E8E5EDF220E1E0F2E0F0E5E800000047
:1027800066426174436F65660000000042726561D5
:102790006B696E672D696E00427265616B696E6769
:1027A0002D696E00427265616B696E672D696E00FE
:1027B000CFF0E8F0E0E1EEF22E000000474D20639C
:1027C0006F756E74657220427265616B696E672DFC
:1027D000696E2E204465766963652077696C6C208C
:1027E000676F20696E206465657020706F77657211
:1027F00020736176696E67206D6F64652E204C438F
:10280000442077696C6C206F66662E205072657369
:102810007320504F57455220746F207475726E208C
:102820006F6666206465766963652E00474D206398
:102830006F756E74657220427265616B696E672D8B
:10284000696E2E204465766963652077696C6C201B
:10285000676F20696E206465657020706F776572A0
:1028600020736176696E67206D6F64652E204C431E
:10287000442077696C6C206F66662E2050726573F9
:102880007320504F57455220746F207475726E201C
:102890006F6666206465766963652E00474D206328
:1028A0006F756E74657220427265616B696E672D1B
:1028B000696E2E204465766963652077696C6C20AB
:1028C000676F20696E206465657020706F77657230
:1028D00020736176696E67206D6F64652E204C43AE
:1028E000442077696C6C206F66662E205072657389
:1028F0007320504F57455220746F207475726E20AC
:102900006F6666206465766963652E00CFF0E8F037
:10291000E0E1EEF2EAE020F1F7E5F2F7E8EAE020A4
:10292000C3E5E9E3E5F0E02DCCFEEBEBE5F0E02ECE
:1029300020CFF0E8E1EEF020EFE5F0E5E9E4E5F2A4
:1029400020E220F0E5E6E8EC20ECE0EAF1E8ECE05B
:10295000EBFCEDEEE3EE20FDEDE5F0E3EEF1E1E57D
:10296000F0E5E6E5EDE8FF2E20DDEAF0E0ED20E120
:10297000F3E4E5F220EEF2EAEBFEF7E5ED2E20CDF2
:10298000E0E6ECE8F2E520504F57455220E4EBFF3B
:1029900020E2FBEAEBFEF7E5EDE8FF20EFF0E8E1EF
:1029A000EEF0E02E00000000427265616B696E6718
:1029B0002D696E00427265616B696E672D696E00EC
:1029C000427265616B696E672D696E00CFF0E8F049
:1029D000E0E1EEF2EAE00000446F7365207261749A
:1029E0006520636F656666696369656E7400446F30
:1029F0007365207261746520636F656666696369DB
:102A0000656E7400446F7365207261746520636F36
:102A1000656666696369656E7400CAEEFDF4F4E884
:102A2000F6E8E5EDF220ECEEF9EDEEF1F2E820E467
:102A3000EEE7FB00676569676572436F6E74726FDE
:102A40006C000000664472436F6566004465616413
:102A500074696D65206F6620636F756E74657200B2
:102A60004465616474696D65206F6620636F756E7F
:102A7000746572004465616474696D65206F6620D9
:102A8000636F756E74657200CCE5F0F2E2EEE520DE
:102A9000E2F0E5ECFF20F1F7E5F2F7E8EAE000000C
:102AA000B57300B57300B57300B573006644724426
:102AB00065616454696D650053656C66206370736D
:102AC000206F6620636F756E7465720053656C6667
:102AD00020637073206F6620636F756E746572007B
:102AE00053656C6620637073206F6620636F756E2C
:102AF00074657200D1EEE1F1F2E2E5EDEDFBE92063
:102B0000F4EEED20F1F7E5F2F7E8EAE0000000006E
:102B1000637073006370730063707300637073009D
:102B200066447253656C664370730000536574208D
:102B3000636F656666696369656E740053657420CA
:102B4000636F656666696369656E740053657420BA
:102B5000636F656666696369656E7400C7E0E4E08B
:102B6000F2FC20EAEEFDF42E000000005365742014
:102B70006465616474696D650053657420646561A2
:102B80006474696D6500536574206465616474697B
:102B90006D6500C7E0E4E0F2FC20ECE5F0F2E22E27
:102BA000E2F0E5ECFF0000005365742073656C668D
:102BB00020637073005365742073656C66206370C6
:102BC00073005365742073656C662063707300C76F
:102BD000E0E4E0F2FC20F1EEE1F1F2E22EF4EEEDC1
:102BE000000000006C69627261727946696C654E22
:102BF000616D65004552524F5221004552524F526D
:102C000021004552524F522100CED8C8C1CAC0211E
:102C100000000000496E76616C69642053656C6544
:102C200063746564204C6962726172792046696CD4
:102C3000652E20507265737320616E7920616C6C13
:102C40006F776564206B657900496E76616C6964A5
:102C50002053656C6563746564204C6962726172AF
:102C6000792046696C652E20507265737320616E01
:102C70007920616C6C6F776564206B657900496EB3
:102C800076616C69642053656C6563746564204C7F
:102C90006962726172792046696C652E2050726596
:102CA000737320616E7920616C6C6F776564206B43
:102CB000657900C2FBE1F0E0ED20CDE5EFF0E0E268
:102CC000E8EBFCEDFBE920D4E0E9EB20C1E8E1EB27
:102CD000E8EEF2E5EAE82E20CDE0E6ECE8F2E520C9
:102CE000EBFEE1F3FE20F0E0E7F0E5F8E5EDEDF3D3
:102CF000FE20EAEDEEEFEAF30000000053455455E4
:102D0000504D6F64655F63616C635369676D6145C6
:102D10007800000070756173736F6E2063616C637F
:102D2000756C6174696F6E206572726F722100003C
:102D300046616C736520616C61726D2070657269AB
:102D40006F640046616C736520616C61726D207008
:102D50006572696F640046616C736520616C6172B5
:102D60006D20706572696F6400CFE5F0E8EEE420D5
:102D7000EBEEE6EDFBF520F2F0E5E2EEE30000001D
:102D80006D696E75746573006D696E757465730039
:102D90006D696E7574657300ECE8EDF3F200000088
:102DA00046616C736520616C61726D20706572693B
:102DB0006F640046616C736520616C61726D207098
:102DC0006572696F640046616C736520616C617245
:102DD0006D20706572696F6400CFE5F0E8EEE42065
:102DE000EBEEE6ED2EF2F0E5E2EEE30066616C73E9
:102DF000655F616C61726D5F706572696F645F6F52
:102E0000706572004E6F206D656D6F727921205074
:102E1000726576696F75732066696C65207361767B
:102E200065206F7065726174696F6E206973206EC2
:102E30006F7420706572666F726D65642E20506CC1
:102E40006561736520636F6E6669726D2064656C81
:102E50006574696F6E206F66206175746F7370653D
:102E6000637472612C206D637320616E64206C6FDB
:102E7000672E004E6F206D656D6F72792120507244
:102E80006576696F75732066696C65207361766518
:102E9000206F7065726174696F6E206973206E6F48
:102EA0007420706572666F726D65642E20506C655B
:102EB00061736520636F6E6669726D2064656C6511
:102EC00074696F6E206F66206175746F73706563CF
:102ED0007472612C206D637320616E64206C6F6767
:102EE0002E004E6F206D656D6F72792120507265D6
:102EF00076696F75732066696C65207361766520ED
:102F00006F7065726174696F6E206973206E6F7483
:102F100020706572666F726D65642E20506C6561FD
:102F2000736520636F6E6669726D2064656C65748D
:102F3000696F6E206F66206175746F73706563745E
:102F400072612C206D637320616E64206C6F672E3C
:102F500000CDE5F220EFE0ECFFF2E82120CFF0E534
:102F6000E4FBE4F3F9E0FF20EEEFE5F0E0F6E8FF44
:102F700020E7E0EFE8F1E820F4E0E9EBE020EDE520
:102F800020E2FBEFEEEBEDE5EDE02E20CFEEE6E00C
:102F9000EBF3E9F1F2E020EFEEE4F2E2E5F0E4E851
:102FA000F2E520F3E4E0EBE5EDE8E520E0E2F2EE27
:102FB000F1EFE5EAF2F0EEE22C20ECEAE420E82082
:102FC000E6F3F0EDE0EBE02E000000004465616404
:102FD00074696D6520636F6566004465616474693A
:102FE0006D6520636F6566004465616474696D6535
:102FF00020636F656600CAEEFDF42EECE5F0F2E2A8
:103000002EE2F0E5ECE5EDE8000000006D240100A3
:10301000143F0A0071240100752401007924010085
:10302000BF240100152D01005F2F01006D2F01004D
:10303000992F01000D310100893101008D3101000E
:1030400099310100A13101009D310100752D010070
:103050004D454E553A2056455253494F4E004D4529
:103060004E553A2056455253494F4E004D454E5508
:103070003A2056455253494F4E00CCC5CDDE3A203A
:10308000C2C5D0D1C8DF0000000000000000000071
:103090000000000000000000000000000000000030
:1030A000020000007D25010019260100000000003B
:1030B0000000000000000000000000000000000010
:1030C0000000000000000000000000007925010061
:1030D0009127010000000000000000000000000037
:1030E00000000000000000000000000000000000E0
:1030F000000000004D454E553A204C494252415285
:1031000059004D454E553A204C49425241525900C2
:103110004D454E553A204C49425241525900CCC57A
:10312000CDDE3A20C1C8C1CB2E0000000000000057
:10313000000000000000000000000000000000008F
:103140000000000004000000753C01009D27010004
:103150000D2801002D2501000000000000000000E6
:10316000000000000000000000000000000000005F
:10317000A5280100A9280100B1280100752501003A
:10318000000000000000000000000000000000003F
:1031900000000000000000004D454E553A204D450E
:1031A0004D4F5259004D454E553A204D454D4F52C9
:1031B00059004D454E553A204D454D4F525900CC82
:1031C000C5CDDE3A20CFC0CCDFD2DC00000000004D
:1031D00000000000000000000000000000000000EF
:1031E000000000000000000006000000BD280100F3
:1031F0002B290100BF290100312A0100B52A010055
:10320000F12B0100000000000000000000000000A1
:1032100000000000512C0100592C01005D2C010020
:10322000612C0100652C0100472C0100000000000A
:103230000000000000000000000000004D454E5559
:103240003A20474D004D454E553A20474D004D45DB
:103250004E553A20474D00CCC5CDDE3A20C3CC00B8
:10326000000000000000000000000000000000005E
:10327000000000000000000000000000000000004E
:103280000000000000000000000000000500000039
:10329000253A0100213B01007D3B0100013C01007A
:1032A000D724010000000000000000000000000022
:1032B0000000000000000000113B0100613C010023
:1032C000653C0100693C0100292501000000000067
:1032D00000000000000000000000000000000000EE
:1032E0004D454E553A205350454349464943004DBC
:1032F000454E553A205350454349464943004D45B4
:103300004E553A20535045434946494300CCC5CD1C
:10331000DE3A20D1CFC5D6C8D4C8CA00000000000C
:10332000000000000000000000000000000000009D
:1033300002000000253F0100D9400100000000000C
:10334000000000000000000000000000000000007D
:10335000000000000000000000000000493F0100E4
:103360000541010000000000000000000000000016
:10337000000000000000000000000000000000004D
:10338000000000004D454E553A20424154544552EC
:1033900059004D454E553A2042415454455259002A
:1033A0004D454E553A204241545445525900CCC5E2
:1033B000CDDE3A20C1C0D2C0D0C5DF000000000081
:1033C00000000000000000000000000000000000FD
:1033D0000000000001000000993901000000000019
:1033E00000000000000000000000000000000000DD
:1033F00000000000000000000000000000000000CD
:10340000D3240100000000000000000000000000C4
:1034100000000000000000000000000000000000AC
:10342000000000000000000000000000536F756EF7
:1034300064436F6E74726F6C5F426565700000006C
:10344000443A5C55736572735C43686972696B6179
:103450006C6F5C41524D5F70726F6A5C53505244A6
:10346000325F355C736F756E642E630062656570E4
:103470002064656C6179206973206F7574206F66B4
:103480002072616E67650000536F756E64436F6EE6
:1034900074726F6C5F506C6179566962726F000074
:1034A000766962726F2064656C6179206973206F40
:1034B0007574206F662072616E676500F401060105
:1034C000F401010000000000FA00DE03FA0012031C
:1034D000FA00DE03FA001203000000007D0006017E
:1034E000FA004A01000000007D00BA027D00740568
:1034F000000000007D0074057D00BA02000000009D
:103500007D0012037D00DE03FA00120300000000BC
:10351000524944005249440052494400D0C8C400B2
:10352000537065637472756D5F4C6566744F6E554C
:1035300070646174650000006C6F67006C6F6700F9
:103540006C6F6700EBEEE3006C656674006C65669B
:1035500074006C65667400E2EBE5E2EE00000000CA
:103560007374617274007374617274007374617245
:103570007400F1F2E0F0F200696E00696E00696EAD
:1035800000E1EBE8E6E500006869676865720068DD
:1035900069676865720068696768657200E2FBF8D0
:1035A000E5000000443A5C55736572735C436869DA
:1035B00072696B616C6F5C41524D5F70726F6A5CD7
:1035C00053505244325F355C737065637472756D2D
:1035D0002E630000496E7465726E616C20657272B4
:1035E0006F722100537065637472756D5F52696705
:1035F00068744F6E55706461746500006E6F726D13
:10360000616C006E6F726D616C006E6F726D616CDB
:1036100000EDEEF0ECE0EB0072696768740072692F
:1036200067687400726967687400E2EFF0E0E2EEC8
:103630000000000073746F700073746F7000737417
:103640006F7000F1F2EEEF006F7574006F7574002B
:103650006F757400E4E0EBFCF8E500006C6F7765D3
:1036600072006C6F776572006C6F77657200EDE8C1
:10367000E6E50000537065637472756D5F55704FB9
:103680006E5570646174650076696577007669656A
:1036900077007669657700E2E8E400006D61726B9F
:1036A0006572006D61726B6572006D61726B65723F
:1036B00000ECE0F0EAE5F0006163717569720061A9
:1036C00063717569720061637175697200EDE0E1A3
:1036D000EEF000007A6F6F6D007A6F6F6D007A6F99
:1036E0006F6D00ECE0F1F8F20000000073686966AD
:1036F0007400736869667400736869667400F1E445
:10370000E2E8E300797363616C6500797363616C6F
:103710006500797363616C6500E2FBF1EEF2E00035
:1037200077696E646F770077696E646F7700776989
:103730006E646F7700EEEAEDEE0000006D656E7569
:10374000006D656E75006D656E7500ECE5EDFE0053
:10375000537065637472756D5F4F6E4C656674006F
:10376000537065637472756D5F4F6E5269676874EC
:103770000000000025752073202020257520636E31
:1037800074202020252E3166206370730000000015
:1037900025752063682020202575206B6556202024
:1037A00020257520636E740000006A00EF000D0193
:1037B000537065637472756D2061637175697269A8
:1037C0006E672074696D6500537065637472756D02
:1037D00020616371756972696E672074696D650037
:1037E000537065637472756D206163717569726978
:1037F0006E672074696D6500C2F0E5ECFF20EDE0B6
:10380000E1EEF0E020F1EFE5EAF2F0E00000000088
:103810007365636F6E64007365636F6E64007365D8
:10382000636F6E6400F1E5EAF3EDE40053617665E1
:1038300020737065637472756D0D456E74657220CA
:10384000737065637472756D206E616D6500536190
:10385000766520737065637472756D0D456E746561
:103860007220737065637472756D206E616D650092
:103870005361766520737065637472756D0D456E66
:1038800074657220737065637472756D206E616DFE
:103890006500D1EEF5F0E0EDE5EDE8E520F1EFE5CE
:1038A000EAF2F0E00DC2E2E5E4E8F2E520E8ECFF40
:1038B00020F1EFE5EAF2F0E000000000416D706CED
:1038C0006966696572206761696E20636F6465006F
:1038D000416D706C6966696572206761696E20630D
:1038E0006F646500416D706C69666965722067611F
:1038F000696E20636F646500CAEEE420F3F1E8EBC3
:10390000E5EDE8FF20F3F1E8EBE8F2E5EBFF00007E
:10391000252E3066000000004C6F776572206C69C0
:103920006D6974004C6F776572206C696D69740005
:103930004C6F776572206C696D697400CDE8E6EDB7
:10394000E8E920EFEEF0EEE300000000696E746538
:103950007250726F63436F6E74726F6C0000000080
:1039600077644C6F774C696D6974000055707065B1
:1039700072206C696D6974005570706572206C6995
:103980006D6974005570706572206C696D697400A2
:10399000C2E5F0F5EDE8E920EFEEF0EEE30000001F
:1039A0007764486967684C696D6974005350524484
:1039B000206D6F64650053505244206D6F64650044
:1039C00053505244206D6F646500D0E5E6E8EC206A
:1039D000D1CFD0C400000000416371756972696E77
:1039E000672074696D6500416371756972696E67FE
:1039F0002074696D6500416371756972696E672035
:103A000074696D6500C2F0E5ECFF20EDE0E1EEF0D9
:103A1000E000000053617665207370656374727511
:103A20006D005361766520737065637472756D0007
:103A30005361766520737065637472756D00D1EEA5
:103A4000F5F0E0EDE8F2FC20F1EFE5EAF2F000003D
:103A50004F70656E20737065637472756D004F7082
:103A6000656E20737065637472756D004F70656E5E
:103A700020737065637472756D00CEF2EAF0FBF22C
:103A8000FC20F1EFE5EAF2F0000000004761696E0A
:103A900020636F6465004761696E20636F64650031
:103AA0004761696E20636F646500CAEEE420F3F13C
:103AB000E8EBE5EDE8FF0000537065637472756D27
:103AC000204E616D6520657869737473210D005314
:103AD0007065637472756D204E616D6520657869DF
:103AE000737473210D00537065637472756D204E8D
:103AF000616D6520657869737473210D00C8ECFFF2
:103B000020F1EFE5EAF2F0E020F1F3F9E5F1F2E27D
:103B1000F3E5F2210D000000537065637472756D5A
:103B2000204E616D65206368616E67656420746F07
:103B30000D0D00537065637472756D204E616D6577
:103B4000206368616E67656420746F0D0D005370AB
:103B500065637472756D204E616D65206368616E7A
:103B600067656420746F0D0D00C8ECFF20F1EFE570
:103B7000EAF2F0E020E8E7ECE5EDE5EDEE20EDE03F
:103B80000D0D0000537065637472756D5F6F706525
:103B90006E5F6578000000004E6F2066696C6500FE
:103BA000496E76616C69642066696C65000000008E
:103BB000496E76616C696420737065637472756DAB
:103BC0002066696C65000000656E657267790000AB
:103BD0007369676D610000004E3D252E31662052ED
:103BE0003D252E31662525000000000020453D259D
:103BF00075206B65560000000D50413D2575206312
:103C00006E742044523D252E326620B553762F68BF
:103C1000000000000DCFCF3D257520636E7420CCD1
:103C2000C43D252E326620B553762F680000000073
:103C300044656C657465206175746F737065637439
:103C400072610044656C657465206175746F737092
:103C500065637472610044656C6574652061757498
:103C60006F7370656374726100D3E4E0EBE8F2FC9B
:103C700020E0E2F2EEF1EFE5EAF2F0FB00000000F6
:103C80004D454E553A20524944004D454E553A2037
:103C9000524944004D454E553A2052494400CCC546
:103CA000CDDE3A20D0C8C4000000000000000000B3
:103CB0000000000000000000000000000000000004
:103CC00000000000000000000000000000000000F4
:103CD00008000000594701007D540100CF54010045
:103CE000E7640100516601004D550100995501003E
:103CF000ED550100000000000000000045560100E5
:103D000049560100715601008D5601005B660100A5
:103D100095560100B1560100D55601000000000083
:103D2000000000006D46010000283F0071460100C0
:103D3000BD4601000947010055470100B548010093
:103D40006D4A0100654C0100154E01001D4F010038
:103D5000354F0100394F0100454F0100614F01000F
:103D60005D4F010051490100474D206D6F646500B2
:103D7000474D206D6F646500474D206D6F64650091
:103D8000D0E5E6E8EC20C3CC000000004E614920FD
:103D90006D6F6465004E6149206D6F6465004E6112
:103DA00049206D6F646500D0E5E6E8EC204E61497E
:103DB000000000005350524420626B670053505281
:103DC0004420626B67005350524420626B6700D1FD
:103DD000CFD0C420D4EEED00535052440053505283
:103DE00044005350524400D1CFD0C40053505244E9
:103DF00020256400D1CFD0C420256400766962728A
:103E00006F00766962726F00766962726F00E2E835
:103E1000E1F0EE0073696C656E740073696C656E39
:103E2000740073696C656E7400F2E8F5EE000000D2
:103E3000736F756E6400736F756E6400736F756E6B
:103E40006400E7E2F3EA0000657874656E640D745F
:103E5000696D6500657874656E640D74696D6500E3
:103E6000657874656E640D74696D6500F0E0F1F855
:103E7000E8F00DE2F0E5ECFF00000000726964007C
:103E80007269640072696400F0E8E4007265736549
:103E90007400726573657400726573657400F1E196
:103EA000F0EEF100736B697000736B697000736BF7
:103EB000697000EEF2ECE5EDE00000006261636B1A
:103EC000006261636B006261636B00EDE0E7E0E458
:103ED0000000000073746F700073746F700073746F
:103EE0006F7000F1F2EEEF00626B6700626B6700CB
:103EF000626B6700F4EEED006D656E75006D656ECA
:103F000075006D656E7500ECE5EDFE005475726E22
:103F1000204F4646005475726E204F464600547539
:103F2000726E204F464600C2FBEAEBFEF7E8F2FC59
:103F300000000000536176652076616C7565730042
:103F4000536176652076616C7565730053617665A3
:103F50002076616C75657300D1EEF5F0E0EDE8F266
:103F6000FC20E7EDE0F7E5EDE8FF00005350524498
:103F7000206D6F64650053505244206D6F6465007E
:103F800053505244206D6F646500D0E5E6E8EC20A4
:103F9000D1CFD0C400000000424B47206D6F646554
:103FA00000424B47206D6F646500424B47206D6FA8
:103FB000646500D0E5E6E8EC20D4EEED00000000FA
:103FC00053746162696C697A6174696F6E005374CD
:103FD0006162696C697A6174696F6E0053746162C1
:103FE000696C697A6174696F6E00D1F2E0E1E8EBA7
:103FF000E8E7E0F6E8FF00004E614920646574657B
:1040000063746F72004E6149206465746563746FF8
:1040100072004E6149206465746563746F7200C4F8
:10402000E5F2E5EAF2EEF0204E614900474D2063EB
:104030006F756E74657200474D20636F756E7465A1
:104040007200474D20636F756E74657200D1F7E59D
:10405000F2F7E8EA20C3CC0047616D6D6120726120
:1040600064696174696F6E20646574656374656406
:10407000210047616D6D6120726164696174696FCF
:104080006E206465746563746564210047616D6DBD
:104090006120726164696174696F6E206465746522
:1040A000637465642100CEE1EDE0F0F3E6E5EDED4B
:1040B000EE20E3E0ECECE02DE8E7EBF3F7E5EDE8EC
:1040C000E5210000F1EFE5EA5F2573007370656399
:1040D0005F2573008120444F5345205241544500D1
:1040E0008120444F53452052415445008120444F84
:1040F00053452052415445008120CCCED9CDCED15C
:10410000D2DC20C4CEC7DB008120434F554E545330
:1041100020504552205345434F4E44008120434F89
:10412000554E545320504552205345434F4E440062
:104130008120434F554E5453205045522053454300
:104140004F4E44008120D1CACED0CED1D2DC20D176
:10415000D7C5D2C000000000456C61707365642053
:1041600074696D653A2000456C61707365642074F4
:10417000696D653A2000456C6170736564207469EF
:104180006D653A2000C8F1F2E5EAF82E20E2F0E58C
:10419000ECFF3A20000000004F5645524C4F41447E
:1041A0002E2044414E474552210D474F2042414366
:1041B0004B21004F5645524C4F41442E2044414E16
:1041C000474552210D474F204241434B21004F5656
:1041D00045524C4F41442E2044414E474552210DFB
:1041E000474F204241434B2100CFC5D0C5C3D0D358
:1041F000C7CAC02E20CEEFE0F1EDEE210DCEF2EEDB
:10420000E9E4E8F2E520EDE0E7E0E4210000000069
:104210004E75632E4C69623A20004E75632E4C69D0
:10422000623A20004E75632E4C69623A2000CDF34D
:10423000EA2EE1E8E13A200000009F00EF001E01B5
:10424000252E336600000000252E32660000000097
:10425000252E316600000000252E3066000000008B
:104260002575252500000000B553762F6800B5534D
:10427000762F6800B553762F6800B553762F680007
:10428000B5537600B5537600B5537600B553760036
:10429000456E746572207965617200456E74657251
:1042A000207965617200456E74657220796561726E
:1042B00000C2E2E5E4E8F2E520E3EEE400000000FD
:1042C000796561720079656172007965617200E3F8
:1042D000EEE40000456E746572206D6F6E746800C8
:1042E000456E746572206D6F6E746800456E7465FE
:1042F00072206D6F6E746800C2E2E5E4E8F2E520BA
:10430000ECE5F1FFF60000006D6F6E7468006D6FF4
:104310006E7468006D6F6E746800ECE5F1FFF60076
:10432000456E74657220646179206F66206D6F6ED2
:10433000746800456E74657220646179206F662030
:104340006D6F6E746800456E7465722064617920CB
:104350006F66206D6F6E746800C2E2E5E4E8F2E516
:1043600020E4E5EDFC20ECE5F1FFF6E000000000C4
:10437000646179006461790064617900E4E5EDFCD1
:1043800000000000456E74657220646179206F66DC
:10439000207765656B2028302D73756E64617929EF
:1043A00000456E74657220646179206F66207765C0
:1043B000656B202028302D73756E64617929004566
:1043C0006E74657220646179206F66207765656B15
:1043D000202028302D73756E6461792900C2E2E5D2
:1043E000E4E8F2E520E4E5EDFC20EDE5E4E5EBE8CA
:1043F000202028302DE2EEF1EAF0E5F1E5EDE8E5E8
:10440000290000001F0000001C0000001F00000029
:104410001E0000001F0000001E0000001F00000022
:104420001F0000001E0000001F0000001E00000012
:104430001F000000456E74657220686F757200453C
:104440006E74657220686F757200456E74657220B7
:10445000686F757200C2E2E5E4E8F2E520F7E0F18A
:1044600000000000686F757200686F757200686FF9
:10447000757200F7E0F10000456E746572206D6999
:104480006E75746500456E746572206D696E757425
:104490006500456E746572206D696E75746500C245
:1044A000E2E5E4E8F2E520ECE8EDF3F2FB000000E1
:1044B0006D696E757465006D696E757465006D6902
:1044C0006E75746500ECE8EDF3F2E00041646A7526
:1044D000737420636C6F636B0041646A757374203E
:1044E000636C6F636B0041646A75737420636C6FF7
:1044F000636B00CDE0F1F2F0EEE8F2FC20F7E0F1C2
:10450000FB0000006D6F6465436F6E74726F6C002A
:10451000624C616E67000000D0F3F1F1EAE8E90057
:10452000D0F3F1F1EAE8E900D0F3F1F1EAE8E900CB
:10453000D0F3F1F1EAE8E90044657574736368004B
:1045400044657574736368004465757473636800CB
:1045500044657574736368004672656E63680046EF
:1045600072656E6368004672656E636800467265C8
:104570006E636800456E676C69736800456E676CB2
:1045800069736800456E676C69736800456E676C97
:10459000697368004944454E54494649434154496A
:1045A0004F4E2E2E2E0D004944454E544946494348
:1045B0004952454E2E2E2E0D004944454E54494633
:1045C00049434154494F4E2E2E2E0D00C8C4C5CD2F
:1045D000D2C8D4C8CAC0D6C8DF2E2E2E0D00000007
:1045E000416C0100003F0000676D0100836D010018
:1045F000A56D0100EF6D0100D57001007D73010014
:1046000029730100CD730100AF740100D174010062
:10461000D5740100E17401003175010021750100BC
:10462000F17001004D454E553A2053505244004D13
:10463000454E553A2053505244004D454E553A2070
:104640005350524400CCC5CDDE3A20D1CFD0C40067
:10465000000000000000000000000000000000005A
:10466000000000000000000000000000000000004A
:104670000000000009000000236E0100056E01002B
:10468000516E0100D97C0100D17F0100DD6E010077
:10469000056F0100496F0100F36D0100000000008B
:1046A000316E01001F6E0100BD6E0100C17F01006F
:1046B0000D800100F16E0100356F0100756F010082
:1046C000016E01000000000053544142494C005368
:1046D000544142494C0053544142494C00D1D2C04C
:1046E000C1C8CB0065786974006578697400657825
:1046F000697400E2FBF5EEE40000000063616E63A4
:10470000656C0063616E63656C0063616E63656C0C
:1047100000EEF2ECE5EDE0007261642E0D736F7552
:10472000726365007261642E0D736F75726365004C
:104730007261642E0D736F7572636500F0E0E42E94
:104740000DE8F1F2EEF7ED007374617274007374AA
:1047500061727400737461727400F1F2E0F0F2003F
:104760007265706561740072657065617400726570
:104770007065617400EFEEE2F2EEF0005374616276
:10478000696C697A6174696F6E0053746162696CF7
:10479000697A6174696F6E0053746162696C697AD9
:1047A0006174696F6E00D1F2E0E1E8EBE8E7E0F6F2
:1047B000E8FF0000506C6163652000506C61636528
:1047C0002000506C6163652000CFEEECE5F1F2E86B
:1047D000F2E520E8F1F2EEF7EDE8EA20F120000042
:1047E000437331333700437331333700437331330D
:1047F000370043733133370020736F757263652060
:10480000746F207468652075707065722D726967A9
:10481000687420636F726E6572206F6620746865BD
:10482000206465766963652E0020736F7572636519
:1048300020746F207468652075707065722D7269C0
:1048400067687420636F726E6572206F662074688B
:1048500065206465766963652E0020736F757263E9
:104860006520746F207468652075707065722D7294
:104870006967687420636F726E6572206F6620745A
:104880006865206465766963652E0020E220E2E5B4
:10489000F0F5EDE5E920EBE5E2EEE920F7E0F1F2F5
:1048A000E820EFF0E8E1EEF0E02E0000506C6163EC
:1048B0006520646576696365206F6E746F200050B3
:1048C0006C61636520646576696365206F6E746FE3
:1048D0002000506C61636520646576696365206FB4
:1048E0006E746F2000CFEEEBEEE6E8F2E520EFF01D
:1048F000E8E1EEF020EDE020000000006368656371
:104900006B2073616D706C652E00636865636B204E
:1049100073616D706C652E00636865636B207361F5
:104920006D706C652E00EAEEEDF2F0EEEBFCEDF34F
:10493000FE20EFF0EEE1F32E000000004265207350
:1049400075726520746865726520617265206E6F8E
:10495000206F7468657220726164696174696F6E3A
:1049600020736F75726365732061726F756E642E4C
:1049700000426520737572652074686572652061F8
:104980007265206E6F206F74686572207261646951
:104990006174696F6E20736F7572636573206172E5
:1049A0006F756E642E0042652073757265207468A1
:1049B00065726520617265206E6F206F7468657224
:1049C00020726164696174696F6E20736F757263C0
:1049D00065732061726F756E642E00D3E1E5E4E8C3
:1049E000F2E5F1FC2C20F7F2EE20EDE5F220E4F008
:1049F000F3E3E8F520E8F1F2EEF7EDE8EAEEE22085
:104A0000F0E0E4E8E0F6E8E82E00000053706563AB
:104A10007472756D20616371756972696E672E2E8F
:104A20002E00537065637472756D206163717569D2
:104A300072696E672E2E2E00537065637472756DE9
:104A400020616371756972696E672E2E2E00CDE04C
:104A5000E1EEF020F1EFE5EAF2F0E02E2E2E00007C
:104A60004761696E2073657474696E672075702E76
:104A70002E2E004761696E2073657474696E67201D
:104A800075702E2E2E004761696E207365747469EF
:104A90006E672075702E2E2E00D3F1F2E0EDEEE25F
:104AA000EAE020F3F1E8EBE5EDE8FF2E2E2E000022
:104AB00053746162696C697A696E672E2E2E005399
:104AC000746162696C697A696E672E2E2E00537468
:104AD0006162696C697A696E672E2E2E00D1F2E0F0
:104AE000E1E8EBE8E7E0F6E8FF2E2E2E00000000FC
:104AF000436F6D706C6574652E00436F6D706C65EF
:104B000074652E00436F6D706C6574652E00C2FB7A
:104B1000EFEEEBEDE5EDE02E000000004661696C84
:104B200065642120526570656174207374616269E7
:104B30006C697A6174696F6E207768656E206E6F3C
:104B4000206F7468657220726164696174696F6E48
:104B500020736F7572636573206172652061726F77
:104B6000756E642E004661696C6564212052657023
:104B70006561742073746162696C697A6174696FCC
:104B80006E207768656E206E6F206F746865722086
:104B9000726164696174696F6E20736F75726365A9
:104BA00073206172652061726F756E642E004661BC
:104BB000696C65642120526570656174207374614D
:104BC00062696C697A6174696F6E207768656E20BE
:104BD0006E6F206F746865722072616469617469B8
:104BE0006F6E20736F7572636573206172652061EB
:104BF000726F756E642E00CDC520E2FBEFEEEBED1B
:104C0000E5EDE02120CFEEE2F2EEF0E8F2E520F172
:104C1000F2E0E1E8EBE8E7E0F6E8FE20EFF0E8207C
:104C2000EEF2F1F3F2F1F2E2E8E820E4F0F3E3E887
:104C3000F520E8F1F2EEF7EDE8EAEEE220F0E0E44C
:104C4000E8E0F6E8E82E000044697361626C656490
:104C500021204E6F2063616C6962726174696F6EAE
:104C6000732E0044697361626C656421204E6F206D
:104C700063616C6962726174696F6E732E0044695E
:104C80007361626C656421204E6F2063616C6962A0
:104C9000726174696F6E732E00CDE5E2EEE7ECEEA3
:104CA000E6EDE02120CDE5F220EAE0EBE8E1F0EEF0
:104CB000E2EEEA2E00000000436F756E74733A2036
:104CC00000436F756E74733A2000436F756E747392
:104CD0003A2000D1F7E5F23A200000005265662E36
:104CE000706F736974696F6E3A20005265662E703A
:104CF0006F736974696F6E3A20005265662E706F2B
:104D0000736974696F6E3A2000CAE0EBE8E1F02E37
:104D1000EFEEE7E8F6E8FF3A20000000252E3166C6
:104D20000D000000466F756E64207065616B3A205F
:104D300000466F756E64207065616B3A2000466FA7
:104D4000756E64207065616B3A2000CDE0E9E4E5A2
:104D5000ED20EFE8EA3A20004761696E20636F6456
:104D6000653A20004761696E20636F64653A2000F0
:104D70004761696E20636F64653A2000CAEEE420E3
:104D8000F3F1E8EBE5EDE8FF3A200000252E31666F
:104D9000000000009580010000203F009980010084
:104DA000AD800100C7800100F18001005981010040
:104DB000E7820100F582010029830100918301004F
:104DC0009583010099830100A583010009840100F6
:104DD000058401007D810100544300544300544385
:104DE00000D1D7C5D20000006261636B00626163CD
:104DF0006B006261636B00EDE0E7E0E4000000003F
:104E0000726964007269640072696400F0E8E40029
:104E100073746F700073746F700073746F7000F14F
:104E2000F2EEEF0073746172740073746172740057
:104E3000737461727400F1F2E0F0F20054494D4570
:104E4000520054494D45520054494D455200D2C07C
:104E5000C9CCC5D0000000008120434F554E5445B9
:104E600052008120434F554E544552008120434FFC
:104E7000554E544552008120D1D7C5D2D7C8CA005B
:104E80008120434F554E54532050455220534543A3
:104E90004F4E44008120434F554E545320504552AD
:104EA000205345434F4E44008120434F554E5453A9
:104EB00020504552205345434F4E44008120D1CAD3
:104EC000CED0CED1D2DC20D1D7C5D2C000000000D8
:104ED0008120444F5345008120444F534500812099
:104EE000444F5345008120C4CEC7C0004261636B6C
:104EF00067726F756E643A20004261636B67726F10
:104F0000756E643A20004261636B67726F756E6400
:104F10003A2000D4EEED3A2000000000252E316644
:104F200020000000252E3166000000002575252593
:104F300000000000252E336600000000252E32669A
:104F400000000000252E306600000000858A010068
:104F5000003F0000898A01008D8A0100918A0100CA
:104F6000A58A0100C78A0100938B0100A18B010073
:104F7000AF8B0100D78B0100DB8B0100DF8B0100C1
:104F8000EB8B0100F38B0100EF8B0100698B0100BB
:104F900055534252535F73656E6453657175656E08
:104FA00063650000443A5C55736572735C436869DD
:104FB00072696B616C6F5C41524D5F70726F6A5CBD
:104FC00053505244325F355C55534252532E630066
:104FD00053656E642073657175656E6365206973D2
:104FE00020746F6F206C6F6E6700000065786563DA
:104FF00075746500737973004E6F20656E6F756709
:1050000068206D656D6F727920666F722073797399
:1050100074656D2066696C65730D004E6F20656E5A
:105020006F756768206D656D6F727920666F72208D
:1050300073797374656D2066696C65730D004E6FCE
:1050400020656E6F756768206D656D6F727920667B
:105050006F722073797374656D2066696C65730D6A
:1050600000CDE5F220EFE0ECFFF2E820EFEEE420E7
:10507000F1E8F1F2E5ECEDFBE520F4E0E9EBFB0D06
:1050800000000000436F6D707574657220536F6689
:1050900074776172652063616E206661696C656416
:1050A00000436F6D707574657220536F667477611D
:1050B00072652063616E206661696C656400436F90
:1050C0006D707574657220536F66747761726520B8
:1050D00063616E206661696C656400CAEEECEFFC8A
:1050E000FEF2E5F0EDE0FF20EFF0EEE3F0E0ECECB7
:1050F000E020ECEEE6E5F220EDE520F0E0E1EEF276
:10510000E0F2FC004E6F20656E6F756768206D657C
:105110006D6F727920666F722073797374656D207C
:1051200066696C65730D004E6F20656E6F756768FC
:10513000206D656D6F727920666F7220737973745C
:10514000656D2066696C65730D004E6F20656E6F2E
:10515000756768206D656D6F727920666F72207358
:10516000797374656D2066696C65730D00CDE5F229
:1051700020EFE0ECFFF2E820EFEEE420F1E8F1F2BE
:10518000E5ECEDFBE520F4E0E9EBFB0D00000000B1
:10519000436F6D707574657220536F6674776172BA
:1051A000652063616E206661696C656400436F6DA4
:1051B000707574657220536F6674776172652063D1
:1051C000616E206661696C656400436F6D70757413
:1051D000657220536F6674776172652063616E201B
:1051E0006661696C656400CAEEECEFFCFEF2E5F006
:1051F000EDE0FF20EFF0EEE3F0E0ECECE020ECEE91
:10520000E6E5F220EDE520F0E0E1EEF2E0F2FC0070
:1052100000C1814001C0804101C0804100C1814086
:1052200001C0804100C1814000C1814001C0804176
:1052300001C0804100C1814000C1814001C0804166
:1052400000C1814001C0804101C0804100C1814056
:1052500001C0804100C1814000C1814001C0804146
:1052600000C1814001C0804101C0804100C1814036
:1052700000C1814001C0804101C0804100C1814026
:1052800001C0804100C1814000C1814001C0804116
:1052900001C0804100C1814000C1814001C0804106
:1052A00000C1814001C0804101C0804100C18140F6
:1052B00000C1814001C0804101C0804100C18140E6
:1052C00001C0804100C1814000C1814001C08041D6
:1052D00000C1814001C0804101C0804100C18140C6
:1052E00001C0804100C1814000C1814001C08041B6
:1052F00001C0804100C1814000C1814001C08041A6
:1053000000C1814001C0804101C0804100C1814095
:1053100000C0C101C30302C2C60607C705C5C40455
:10532000CC0C0DCD0FCFCE0E0ACACB0BC90908C8C5
:10533000D81819D91BDBDA1A1EDEDF1FDD1D1CDCB5
:1053400014D4D515D71716D6D21213D311D1D01025
:10535000F03031F133F3F23236F6F737F53534F415
:105360003CFCFD3DFF3F3EFEFA3A3BFB39F9F83885
:1053700028E8E929EB2B2AEAEE2E2FEF2DEDEC2C75
:10538000E42425E527E7E62622E2E323E12120E0E5
:10539000A06061A163A3A26266A6A767A56564A4D5
:1053A0006CACAD6DAF6F6EAEAA6A6BAB69A9A86845
:1053B00078B8B979BB7B7ABABE7E7FBF7DBDBC7C35
:1053C000B47475B577B7B67672B2B373B17170B0A5
:1053D0005090915193535292965657975595945495
:1053E0009C5C5D9D5F9F9E5E5A9A9B5B9959589805
:1053F000884849894B8B8A4A4E8E8F4F8D4D4C8CF5
:105400004484854587474686824243834181804064
:105410005945534E4F4D6F64655F4E616D654F6EDC
:105420005570646174650000443A5C55736572732D
:105430005C43686972696B616C6F5C41524D5F706F
:10544000726F6A5C53505244325F355C5945534E1B
:105450004F5F6D6F64652E6300000000704D6F64D8
:10546000654E616D65206D757374206E6F7420627A
:1054700065204E554C4C00007965730079657300CA
:1054800079657300E4E000006E6F006E6F006E6F70
:1054900000EDE5F2000000005945534E4F4D6F649A
:1054A000655F4F6E4C656674000000007052657455
:1054B00075726E46756E6374696F6E206D75737468
:1054C000206E6F74206265204E554C4C0000000029
:1054D0005945534E4F4D6F64655F4F6E5269676813
:1054E000740000005945534E4F4D6F64655F7368FB
:1054F0006F774D6F646553637265656E00000000E1
:10550000704D6F64655175657374696F6E206D754C
:105510007374206E6F74206265204E554C4C0000F1
:1055200042617474657279206C6F772100426174F6
:1055300074657279206C6F772100426174746572B2
:1055400079206C6F772100C1E0F2E0F0E5E820F00F
:10555000E0E7F0FFE6E5EDFB2100000085A5010096
:1055600000003F00A3A50100A7A50100ABA5010015
:10557000AFA50100C9A50100D9A5010009A6010038
:1055800039A601003DA6010041A6010045A6010083
:1055900051A6010059A6010055A60100D5A501009C
:1055A00000000000000024400000000000005940FE
:1055B000000000000088C3400000000084D797412D
:1055C0000080E03779C34143176E05B5B5B89346FF
:1055D000F5F93FE9034F384D321D30F94877825ACB
:1055E0003CBF737FDD4F1575000000000000F0BF69
:1055F00000000000000000800000000000000080AB
:105600000000000000000000000000C05294EEBF47
:1056100000000048204E51BE000000F86467BCBC8A
:105620000000000000000000000000208133EDBFFA
:1056300000000080B3DB14BE000000506706A3BC6E
:105640000000000000000000000000D0E9DCEBBF1B
:1056500000000008C39259BE00000080B0D3B8BC5F
:10566000000000000000000000000070F98FEABF99
:10567000000000C0A51028BE000000E8BFC0B0BCFC
:10568000000000000000000000000070284CE9BF8E
:1056900000000060134B42BE000000C03D20B8BCBB
:1056A000000000000000000000000050FA10E8BFF9
:1056B000000000C05FF62BBE000000905C71A7BC2C
:1056C000000000000000000000000020FCDDE6BF3C
:1056D000000000C0F8F154BE00000018E9F6B9BCA3
:1056E0000000000000000000000000D0C3B2E5BFD1
:1056F00000000070E43254BE00000050DB06B4BC71
:10570000000000000000000000000010EF8EE4BF69
:1057100000000020F36252BE000000C02A879ABC3D
:105720000000000000000000000000B02272E3BF93
:10573000000000F0E8E056BE00000028352DBDBC9A
:105740000000000000000000000000000A5CE2BF52
:10575000000000B0FA8E41BE00000040AE6FBDBC3C
:10576000000000000000000000000000564CE1BFF7
:10577000000000F015CD5FBE00000000141C90BCBE
:10578000000000000000000000000040BD42E0BF3B
:1057900000000030F93457BE000000E06C1E93BCDE
:1057A0000000000000000000000000E0F57DDEBF0A
:1057B000000000B08A535EBE00000080DA77AABC09
:1057C0000000000000000000000000C09D81DCBF60
:1057D00000000000FFA226BE0000006057E2B0BC3F
:1057E000000000000000000000000060F98FDABF38
:1057F000000000580A8151BE000000F05F60B8BC94
:1058000000000000000000000000000098A8D8BFC1
:10581000000000607A7F45BE000000D05433A3BC76
:105820000000000000000000000000600FCBD6BFA9
:10583000000000D091CB40BE000000406D1BA0BC1A
:105840000000000000000000000000A0FBF6D4BF34
:1058500000000098C5CE52BE000000003A397EBC60
:105860000000000000000000000000E0FE2BD3BF9D
:105870000000004073872BBE00000000926879BCD6
:10588000000000000000000000000040C069D1BF1F
:1058900000000058F16353BE00000080438D7CBCC3
:1058A000000000000000000000000080D85FCFBFB3
:1058B000000000181F8354BE000000B03F42A2BC8D
:1058C00000000000000000000000008067FCCBBF6B
:1058D00000000060FAFF53BE00000050E00DB8BCAD
:1058E00000000000000000000000000098A8C8BFF1
:1058F000000000607A7F35BE000000C0543393BCC6
:10590000000000000000000000000000DC63C5BFD4
:1059100000000058D6FF54BE00000000396490BC5F
:105920000000000000000000000000C0AD2DC2BF5C
:1059300000000080A45915BE000000E0484BABBC3D
:105940000000000000000000000000801A0BBEBF35
:1059500000000050BF3C5ABE000000A0B364B6BCBB
:1059600000000000000000000000008004D6B7BF67
:1059700000000040BBCF36BE0000008076CEA8BC41
:1059800000000000000000000000008032BBB1BF3A
:10599000000000402A0043BE00000028C60CBDBC29
:1059A0000000000000000000000000009473A7BF8A
:1059B000000000182B3B59BE000000C0E55DA5BCEF
:1059C000000000000000000000000000EE4397BF50
:1059D000000000A0E6C340BE00000020958DB5BCCD
:1059E0000000000000000000000000000000008037
:1059F00000000000000000800000000000000080A7
:105A0000000000000000000000002115110E0D0C28
:105A10000B0B0A0A090909090908080808080808F7
:105A2000070707070707070707070707070000001B
:105A30003031323334353637383961626364656604
:105A40006768696A6B6C6D6E6F707172737475766E
:105A50007778797A000000006E616E004E414E004A
:085A6000696E6600494E460024
:08FFF400FFFFFFFFFFFFFFFF0D
:04000005000014A043
:00000001FF
