:1000000018F09FE518F09FE518F09FE518F09FE5C0
:1000100018F09FE5586FA0B818F09FE518F09FE51D
:10002000A014000018DA000050DA000034DD0000EF
:100030006CDD0000FFFFFFFF10D70000B4DC000004
:1000800003FB010094ED00000400004000000000AC
:100090002FFB0100040000000C00000000000040E5
:1000A00000000000F000000008B4024B9C4608BCB1
:1000B0006047C04624A9010000C09FE51CFF2FE156
:1000C0003929000000C09FE51CFF2FE1FD920100CF
:1000D00008B4024B9C4608BC6047C0461815000097
:1000E000E0B588498968002906D0874A00210004C4
:1000F000000C01F081FE10E084490CC90839694602
:100100000CC1083901006A4611800F3069468880A9
:100110006422684603C803F0DDF80FBC184700B539
:100120007848016800290FD04168002909D1816809
:10013000002901D1012100E000210906090E81609A
:1001400004E00121816001E00021816008BC1847C2
:1001500010B56C4C2068002813D06D48201818F09A
:100160006BFC6C48205800280BD06B4820580028A6
:1001700002D000F05FFC01E000F02EFB0020674998
:100180000860654820180168002902D00168491EEE
:10019000016010BC08BC1847F8B55A486049020015
:1001A0000C320A605F4B604A82181A605F4A8218FC
:1001B0005F4C02518222D200C624240102515D4CC0
:1001C000041922600022150004E01600584FC75998
:1001D0007E556D1C2668B542F7D3140006E0150065
:1001E0000E68355515001E683555641CC6252D0151
:1001F0004559AC42F3D38024E4014F490B682343B3
:100200000B604E4B1C608024E4050D6825430D6097
:100210004B4D2C608024A4050D6825430D601C60A7
:100220000260426082603C4942502821454BC4181C
:1002300020001AF01DFBF1BC08BC1847F0B5E12105
:1002400049024148026880239B041343036002244F
:100250003E4A106803239843204310600C20C0439B
:100260001368034008251D431560394A13680325A8
:10027000AB431360136818401060364D00262E60A3
:10028000320004E033002A4FC0598354521C1D48E9
:10029000284BC3589A42F5D3320008E033001C4F74
:1002A000C759BB543300E14FC759BB54521CC62336
:1002B0001B01C3589A42F1D3C42212018650320066
:1002C000DB4BC254C52212018650DA4A8650DA4FFF
:1002D00083203870D948FFF7E7FE00092E60D8491F
:1002E000087003203870012101430C43042020438F
:1002F000C0210143D348016007202860F0BC08BC3E
:1003000018470000D8B10040441D020094FC0100D1
:100310003C0C0000740C0000D40C0000B4E9004058
:1003200014BE004040BE00402C0800001C04000029
:100330004C0C0000640C000000C0FF3F18C0FF3FE1
:100340001CC0FF3F840C0000C4C01FE000C002E0DE
:1003500040C002E004C007E010402DE958459FE589
:10036000440CD4E5000050E31200000A0000A0E3B2
:10037000400C84E5440CC4E50E0000EA0020A0E334
:10038000502C81E54C2C81E5E014A0E3C01C81E3F6
:100390000000C1E588069FE5001090E5011091E29C
:1003A000001080E5D0079FE5041090E5011091E270
:1003B000041080E53FFFFFEBC0079FE50010D0E58C
:1003C000010011E30500001A8E12A0E37C1A81E3FC
:1003D000001091E50C1011E20C0051E37500001AB9
:1003E000E004A0E37C0A80E30000D0E590179FE5DD
:1003F0007C2C91E5000052E3DFFFFF1AD41C94E54A
:10040000000051E31C00000A401C94E5602C94E5B8
:10041000020051E1E7FFFF2A04169FE5002091E565
:10042000012092E2002081E5401C94E5012091E248
:10043000402C84E53C2C94E50100C2E7400C94E597
:10044000050050E3DBFFFF3A3C0C94E50400D0E5E7
:100450000004B0E13C1C94E50310D1E5000091E1FB
:10046000401C94E5071051E2000051E1D1FFFF3A32
:100470000100A0E3480C84E5CEFFFFEA401C94E5B0
:10048000602C94E5020051E11E00002A401C94E516
:10049000000051E30A00001A401C94E5000051E3FB
:1004A0001A00001A0010B0E1FF1011E2010051E340
:1004B0000300000A0010B0E1FF1011E2020051E356
:1004C0001200001A58159FE5002091E5012092E2E4
:1004D000002081E5401C94E5012091E2402C84E558
:1004E0003C2C94E50100C2E7400C94E5040050E385
:1004F0000600003A3C00A0E3C00E80E3000094E058
:10050000EFFEFFEB010000EA0300A0E3440CC4E5AA
:10051000440CD4E5040050E30200001A0000A0E3FC
:10052000400C84E5440CC4E5400C94E5020050E323
:10053000A0FFFF3A440CD4E5000050E39DFFFF0A02
:10054000400C94E5010050E2400C84E5402C94E519
:100550003C0C94E5011090E23C0C94E5596900EBE9
:100560003C0C94E50000D0E5010050E30700000AD0
:100570003C0C94E50000D0E5020050E30300000AC3
:10058000400C94E5020050E3ECFFFF2A89FFFFEAEC
:100590000000A0E3440CC4E5400C94E5040050E3E3
:1005A0000300003A3C00A0E3C00E80E3000094E0AA
:1005B000C3FEFFEB7FFFFFEA0010D0E5200011E350
:1005C0001200000A501C94E5542C94E5020051E1FD
:1005D0000C00002A48149FE5042091E5012092E2D6
:1005E000042081E5501C94E5012091E2502C84E523
:1005F0004C2C94E50110D2E7E024A0E37C2A82E3AE
:100600000010C2E5010000EA0110A0E3581C84E5D7
:100610000000D0E50E0010E30100000A0200A0E394
:10062000440CC4E51040BDE81EFF2FE1680C00003B
:10063000440C0000540C00000CC007E000A08C002B
:1006400000C007E008C007E070B5614C8020C00121
:100650002060604D28602060286020602060286055
:100660002060286020602060286020602860206072
:100670002060286020602860206020602860206062
:100680002860206020602860206028602060206052
:10069000286020602860206020602860206028603A
:1006A000206020602860206028602060FFF7C6FD81
:1006B0000120824908600A2011F0DAF98026F60547
:1006C0002660322011F0D4F92E607D480168B34ACB
:1006D0000A400260FA20400011F0CAF900F046F921
:1006E00070BC08BC184738B50100012905DB734C04
:1006F000C62000012058884207D2724BFF227E326A
:100700008B498C48FFF7E4FC28E019F019FF00251D
:100710008948255090480068002802D08F48215011
:1007200005E08F48205819F044F88C4960500120AA
:10073000C52109016050C4200001255028008949C5
:10074000605489482550864820580078944908709C
:10075000B4484168491C416019F0FCFE31BC08BC3A
:10076000184770B50100012905DB544CC620000173
:100770002058884207D2534BFF229E3289496D4848
:10078000FFF7A6FC21E019F0DBFE00256A482550A2
:1007900073482618306819F027F870496050012016
:1007A000C52109016050C4200001255028006D4971
:1007B00060546D4825503068007879490870994830
:1007C0004168491C416019F0C5FE70BC08BC18475F
:1007D0001CC0FF3F18C0FF3F7CB5384C924825181D
:1007E00028680078012837D128684078092833D054
:1007F0002868407811282FD02868407802282BD00C
:1008000028684078042808D128688078002804D116
:100810002868C0781E380A281ED30026F6430196A1
:10082000009601A968460CF085F90098B04209D0FD
:100830007E4820187E4909680268914202D3016807
:10084000002900D136E003212A6811700168891E51
:1008500028680CF029F92DE028680078022818D0C3
:1008600028684078092814D028684078112810D0CA
:100870002868407802280CD028684078042819D1CC
:1008800028688078002815D12868C0781E380A2882
:1008900010D28D48201819F017F830482018016838
:1008A000022907D301689E4AA258914202D20068E9
:1008B000FFF719FF73BC08BC18470000D8B100400F
:1008C00000C0FF3F38FC0100F8B59649AE2080001B
:1008D0000C182068022805D39348914A825823684F
:1008E0009A4200D221E0AD229200891801252A0007
:1008F0000B681A702268921E0968194BC61837686F
:10090000380019F049FF30684078052809D130686F
:10091000C078222805D130680079FF2801D18348AA
:10092000C5672068801EFFF7DEFEF1BC08BC1847D3
:10093000F0FB010008FC0100580C000080B57C4869
:10094000006880214902884202D0FFF77DFE01E065
:1009500000F0BCF809BC18472CCB0040540C000038
:100960004C0C0000440C0000480C00003EB56846EA
:1009700070490CC90CC008390838062269466A4C0F
:100980006D482558280019F007FFC8206B496050B2
:100990000620FFF7E6FE37BC08BC1847FFFFFFDF65
:1009A00000C007E054FC01007CB5002068466449A3
:1009B0000CC90CC00839083800F022F80722694633
:1009C000594C5D4826183568280019F0E5FE5D4849
:1009D000251828001AF0E0F8401C29003268D61DBE
:1009E0000200300019F0D8FE28001AF0D5F80830BF
:1009F000C821524AA150FFF7B4FE73BC08BC184787
:100A000038B528210022504C2500280019F030FF6D
:100A10004E4802684E4920001AF062F831BC08BC0A
:100A2000184700002CED0040680C00006C0C000022
:100A3000E0940040F8B53C4C4648271838680078E8
:100A4000002801D1012000E000203868407800280B
:100A500001D1012000E0002038688078032802D00E
:100A600004282BD02CE0FFF7CBFF282100252A00FB
:100A700039482618300019F0FBFE3868C079002884
:100A800019D03868C079282815D2344E3868C27910
:100A900038680100083130001AF0AAF829482118F6
:100AA00030001AF03DF8002802D0FFF77DFF04E087
:100AB0002248255001E02148255001E0FFF756FF6C
:100AC000F1BC08BC184700003C0C00002448016839
:100AD000244A0A40026024480168032291430160CD
:100AE0000C21C94302680A400260204802680323BF
:100AF0009A4302600268114001601D48016880222B
:100B000092050A4302608020C0011A4908608020D3
:100B1000C0051949086000200349086070470000BB
:100B2000640C000030920040D8B1004060EA004000
:100B300058BE004070FC01004C0C0000D40C0000BA
:100B400078FC0100AC0C000084BE0040F0E70040DF
:100B500080FC0100680C0000840C00005CBE0040BA
:100B6000C4C01FE0FFFFFFFD40C002E000C002E084
:100B700000C0FF3F18C0FF3F1CC0FF3F20ED0040FA
:100B800014C007E0B0BE004000C09FE51CFF2FE18D
:100B9000FD1C010000C09FE51CFF2FE18D0D000032
:100BA00000C09FE51CFF2FE16529000000C09FE504
:100BB0001CFF2FE19529000000C09FE51CFF2FE1DD
:100BC000B329000000C09FE51CFF2FE10F290000A2
:100BD00000C09FE51CFF2FE1C16E000010402DE911
:100BE000E044A0E3904B84E3000094E5010010E3AF
:100BF0001A00000AF0039FE5181090E5011091E239
:100C0000181080E5DFFFFFEBE1FFFFEB2C049FE511
:100C1000001090E5000051E30600000A040090E592
:100C2000000050E30100000ADCFFFFEB020000EAD5
:100C3000DDFFFFEB000000EADEFFFFEBE0FFFFEB74
:100C4000000094E5010090E3000084E50100A0E3CA
:100C5000EC139FE5A40081E5DCFFFFEB120000EA46
:100C6000000094E50110A0E3A00011E10300000AD8
:100C7000000094E5020090E3000084E50A0000EA29
:100C8000000094E50110A0E3200111E10600000A34
:100C900054039FE5141090E5011091E2141080E5D3
:100CA000000094E5040090E3000084E51040BDE8F6
:100CB0001EFF2FE1F8B584B09C4D286801218843C0
:100CC00028602868102101432960FF2098490860A6
:100CD000012630430227FF4338400421884308217E
:100CE0008843102188432021884340218843802164
:100CF000C94308408F4A10608F4802681140016064
:100D000000F044F8B94CA07B3C281CDA607B3C28FE
:100D100019DA207B182816DA2079072813DAE07A06
:100D2000002810D0E07A20280DDAA07A00280AD016
:100D3000A07A0D2807DAE088002804D0E088FF2197
:100D4000703188420FDBAA480390012002900120F5
:100D5000019000200090012300220021002000F0DB
:100D6000EDF8266001E000202060286807402F6031
:100D700028680C2188432860286806432E600020DC
:100D80006061A06105B0F0BC08BC184730B4994858
:100D900003689948006899490968944A3F241D00EE
:100DA000254095731D0A2C4054731F241D002D0CE3
:100DB000254015731B0E5B075B0F137103001C406E
:100DC000D4720F23040A1D0025409572040E23409F
:100DD0001B02000C0006000E0343138101200B0AC6
:100DE00004001C4023020906090E0B43D380106146
:100DF00030BC70477FB5040019F0A2FB7B48817BB3
:100E0000427B057BC67A837A0906090E0391120696
:100E1000120E02922D062D0E01953606360E009604
:100E20001B061B0E02897649200019F059FE19F0A5
:100E300091FB200004B070BC08BC184738B5050011
:100E400019F07EFB694CA07B637B0006000E0090CE
:100E50001B061B0E227B6B49280019F041FE002067
:100E6000206119F077FB280032BC08BC184718B580
:100E700099B0654800F06AFE5C480168002907D017
:100E8000807BC00704D5FC20800300F0A0FE02E0B8
:100E90005E4800F09CFE6846FFF7D0FF0400012189
:100EA000022000F045FE102382220021002000F0E5
:100EB000B3FD0021002000F045FE554800F0A2FDE2
:100EC000002000F02FFE002000F02FFE514BEF22FB
:100ED0001221002002F0D5FD642000F0C1FD2000A9
:100EE00000F07EFC1AB010BC08BC18473EB50400E8
:100EF00019F026FB3D48817B427B057BC37A0906BE
:100F0000090E02911206120E01922D062D0E009569
:100F10001B061B0E827A4049200019F0E1FD19F0F2
:100F200019FB20003EBC08BC18470000084002E046
:100F3000104002E00C4002E0404002E0FFB408989C
:100F400009990A9A0B9B354C24680125AC43334D13
:100F50002C603F24324D2E683F27BE43009F274020
:100F600037432F602F4D2E683F27BE43019F3C40E3
:100F700034432C601F242C4D2E681F27BE43029F34
:100F8000274037432F60294D2E681F27BE43039FFC
:100F90003C4034432C60264C25680726B543400767
:100FA000400F2843206023480468640A6402C9058E
:100FB000C90D21430160204801680F24A143120795
:100FC000120F0A4302601D480168090B09031A0544
:100FD000120D0A43026011480068012101430F48C5
:100FE0000160002001490860FFBC7047B8EC004078
:100FF000DB070000144002E0184002E01C4002E061
:101000009CFC0100BCFC0100683E0200003F3F0068
:101010000100010000203F00CCFC0100084002E07C
:10102000204002E0244002E0284002E02C4002E0A0
:10103000304002E0344002E0384002E03C4002E050
:1010400028D50040F4E8004000B57C48006800283E
:1010500001D07B4800E0A34808BC1847A24870476D
:10106000A248704700B575480068002801D075484F
:1010700000E09F4808BC18479E4870479E480021E2
:1010800001604160704780B5FA2080000EF074FF67
:101090000EF0D5FC01200ABC184780B50EF0F7FC15
:1010A00001200ABC184780B594480EF0ACFC012022
:1010B0000ABC184780B592480EF0A5FC01200ABC76
:1010C000184780B55D480068002802D0FFF7FEFC95
:1010D00001E0FFF7B9FA0EF0B2FC01200ABC184794
:1010E00080B588480EF096FF01200ABC1847012001
:1010F000704780B500F053F801200ABC1847012062
:101100007047012070470020704738B5FC25AD01BD
:10111000280000F05CFD1023F0223521002000F0B3
:101120007BFC0021002000F00DFD002000F0FDFC04
:101130000121012000F0FCFC002000F0F3FC7248CB
:1011400000F060FC714800F001FD0A2000F088FC0E
:101150006F4800F010FB8024A4012300EF226721D8
:10116000002002F08EFC280000F031FD1023F02258
:101170006921002000F050FC0021002000F0E2FC7A
:10118000FA2000F06DFC8A4800F0F5FA2300EF2207
:101190009B21002002F075FC31BC08BC184710B53B
:1011A000FFF7B3FF00F050F800F0B4F8814800F00A
:1011B0000EFD002000F0B9FC0121012000F0B8FC78
:1011C000002000F0AFFC7C4800F01CFC7B4800F0E5
:1011D000BDFC7BA4200000F003FB200000F000FB1E
:1011E000784800F0C8FA784800F0FAFA10BC08BC59
:1011F000184780B575480EF006FC09BC184780B545
:1012000074488021490202688A4202D16A49016019
:1012100000E00160026870496D480AF0F7FC0020A8
:101220000ABC184700B56B4800686349884201D181
:101230006A4800E06A4808BC18470000D8B100407E
:10124000E4FC010060FD010030B585B0594800F0B4
:10125000BEFC2023F0224621002000F0DDFB00210F
:10126000002000F06FFC002000F05FFC0121012055
:1012700000F05EFC002000F055FC8020400200F0F1
:10128000C1FB584800F062FC8025ED001A4C206834
:10129000A84205D2226854A1684619F021FC05E055
:1012A0002068820A50A1684619F01AFCFA2000F062
:1012B000D7FB684600F094FA1021BE2000F042FCF3
:1012C000124800F043FC2068A84203D247A000F077
:1012D00087FA02E046A000F083FA05B030BC08BCF3
:1012E0001847000008FD010030FD010048FD010025
:1012F00074FD010084FD01002CED0040C445030095
:10130000F02F0300F8FE010002000100404C020033
:1013100098FD010030B585B0264800F058FC202328
:10132000F0227A21002000F077FB0021002000F05D
:1013300009FC002000F0F9FB0121012000F0F8FB7E
:10134000002000F0EFFB8020400200F05BFB25480E
:1013500000F0FCFB8025ED00264C6068A84205D219
:10136000626821A1684619F0BBFB05E06068820A4B
:101370001DA1684619F0B4FBC82000F071FB684657
:1013800000F02EFA1021BE2000F0DCFB1A4800F01D
:10139000DDFB6068A84203D214A000F021FA02E04D
:1013A00013A000F01DFA05B030BC08BC18470000BF
:1013B000C0FD0100003F3F0001000100683E020047
:1013C0000D000000F0FD01005CBE0040B4FE010015
:1013D00028FE010058BE00403CFE010050FE010006
:1013E00080FE010090600200257500002042000090
:1013F000206B42002CED0040404C0200064A0B00DE
:101400001B061B0E0006000E5840042358431258BA
:10141000080A50407047C046A4FF010038B50400D8
:101420000D00100004E001002078FFF7E7FF641CC6
:1014300029004D1E0029F6D132BC08BC1847F8B56A
:1014400006000024200014490C31091A0027FF432C
:101450003A000020FFF7E2FF4740104D3A0E290006
:10146000300019F03DFB380C0206120E2900B01CAA
:1014700019F036FB380A0206120E2900301D19F049
:101480002FFB3A06120E2900B01D19F029FB347209
:101490003000F2BC08BC1847F4FF03009CFF0100B9
:1014A00070019FE50010E0E3001080E500000FE10F
:1014B0001F00C0E3130080E300F021E158D19FE555
:1014C0001F00C0E31B0080E300F021E14CD19FE549
:1014D0001F00C0E3170080E300F021E140D19FE549
:1014E0001F00C0E3110080E300F021E134D19FE54B
:1014F0001F00C0E3120080E300F021E128D19FE546
:10150000DF00C0E31F0080E300F021E11CD19FE574
:101510001C019FE510FF2FE1000000EF04E02DE526
:1015200000E04FE107402DE900102DE904C19FE5DF
:1015300000708CE500C19FE500608CE5FCC09FE574
:1015400000508CE5F8C09FE500408CE5F4C09FE5B5
:1015500000308CE5F0C09FE500208CE5ECC09FE5F5
:1015600000108CE5E8C09FE500008CE50010BDE8A8
:10157000E0009FE500C080E500200FE100104FE192
:101580000100A0E11F0000E2C00080E300F021E1C3
:10159000C4009FE500B080E5C0009FE500A080E5A5
:1015A000BC009FE5009080E5B8009FE5008080E5E5
:1015B000B4009FE500D080E5B0009FE500E080E545
:1015C000AC009FE5001080E50D00A0E1041010E5DF
:1015D000A0009FE5001080E50D00A0E1081010E5D7
:1015E00094009FE5001080E50D00A0E10C1010E5CF
:1015F00088009FE5001080E50D00A0E1101010E5C7
:101600007C009FE5001080E502F029E10740BDE87D
:101610000EF069E10080BDE814F0FFFF0020D07FEC
:101620000023D07F0024D07F0022D07F0021D07FF4
:10163000001FD07FC0AC010078ED004074ED004089
:1016400070ED00406CED004068ED004064ED00403E
:1016500060ED00405CED00408CED004088ED004006
:1016600084ED004080ED00407CED004050ED0040F6
:1016700054ED004058ED004040ED004044ED004086
:1016800048ED00404CED004008B4024B9C4608BCBD
:101690006047C04624A9010008B4024B9C4608BC20
:1016A0006047C0461815000070B50400984D2869C1
:1016B000464206E00006000E00F076FA301829696E
:1016C00046182178641C08000906090E002904D078
:1016D00001000906090E0D29ECD1300070BC08BCD0
:1016E000184710B50024FFF7DFFF8949C969884210
:1016F00004DA081A022119F0FBF80400200010BCDB
:1017000008BC18470020704780B50021FFF7CCFFC8
:10171000BE49C969081A0ABC184710B57C4C216B30
:10172000BB4A914203D1FFF7DCFF60600EE0216B02
:10173000B84A914203D1FFF7E5FF606006E0216BF4
:10174000C54A914202D1FFF7DFFF606010BC08BCC0
:10175000184738B50500002405E0280019F01CFAE8
:101760002818451C641CBD48C06A8442F5DB28006B
:1017700032BC08BC184780B5FFF7EBFF00F030F82B
:1017800009BC184710B504002000FFF7F4FF200043
:101790000DF0C5F910BC08BC184738B50400002589
:1017A00007E00006000E00F0FFF9281897490969C4
:1017B00045182178641C08000906090E002909D083
:1017C00001000906090E202904D001000906090EAE
:1017D0000D29E6D18D480069281A32BC08BC18478B
:1017E000F8B5040000273D002000FFF796FF07E052
:1017F00000F083F900F051F92000FFF78EFF3D0063
:101800002078641C694608700006000E002828D065
:10181000684600780D28EBD03D4EB06A002812D003
:10182000002D10D16846007820280CD00125601EBC
:10183000FFF7B3FFF16972681018814203DA00F014
:101840005CF900F02AF968460078202800D13D00B4
:101850006846007800F0C8F93169401800F06CF96A
:10186000CEE7F1BC08BC1847F8B584B004000125E8
:10187000274E70680390B068029000F07DF9002751
:1018800001972000FFF749FF03E06D1C00F035F9D8
:10189000641E2078641C694608700006000E00284B
:1018A0002DD0684600780D2807D16D1C00F025F971
:1018B0002000FFF732FF0197EBE7B06A002810D055
:1018C000019800280DD168460078202809D0012011
:1018D0000190601EFFF761FFF16972681018814284
:1018E000D3DB68460078202800D10197684600784D
:1018F00000F05AF93169401800F01EF9C9E7039861
:1019000070600298B060280005B0F0BC08BC1847B1
:1019100030CB0040FEB505000C0000F02DF9029020
:10192000002001902800FFF7F8FE03E0641E00206D
:1019300070606D1E28786D1C694608700006000EE8
:1019400000280FD0684600780D281BD1002C0FD13D
:1019500000F0D3F82D48016A8068029A8018401E72
:10196000814202DAF7BC08BC184700F096F803E0A1
:10197000641E0020254948602800FFF7CEFE0020A5
:101980000190D7E7002C01D1012700E000273F0696
:101990003F0E1E4EB06A00281DD0019800281AD1B3
:1019A00068460078202816D001200190681EFFF7B5
:1019B000F4FEF1697268101881420CDA002FB5D07C
:1019C00000F09BF8306AB168029A8918491E884273
:1019D00012DB00F062F868460078202801D1002070
:1019E0000190002F09D06846007800F0FDF83169B9
:1019F000401800F0A1F89DE7B4E76846007800F0D1
:101A0000D3F8F4E7734908637047000030CB004017
:101A10000200010001000100F8B507000E001500EA
:101A20001C007819F12804DA3019FF21423188426C
:101A300006DB694BFF22763268496948FFF72CFEC6
:101A4000644847618661C56104620021002000F09E
:101A500079F8F1BC08BC184703000100E4EB004032
:101A60001CB55C494A696B461A808A696B465A8084
:101A70005C4A4B69CC691B199B186C46A3808B6927
:101A8000096A591889186A46D1800200684603C855
:101A900001F020FC13BC08BC18471CB54D4CE06A93
:101AA000002827D000F068F8616A002901D00221DF
:101AB00000E001214843E1684018A169A2688A1842
:101AC000A0214900091A914214DB61696B46198013
:101AD00011006B4659806169E369C918491E6B465C
:101AE0009980110008186946C8801032684603C8FA
:101AF00001F0F0FB13BC08BC184710B5354C0020B2
:101B0000606000F039F8616A002901D0022100E02C
:101B100001214843E1684018A1680818A06010BC82
:101B200008BC18472B49486270472A4988627047A9
:101B3000284A1061D160704726494A6810184860E9
:101B400048687047234A5060916070472149886314
:101B500070472048806B704710B50400FFF7F9FF0D
:101B60002406240E202102E002788018491CA1429C
:101B7000FADB10BC08BC184710B510210800154A44
:101B8000936B954CA34201D108000AE0936B934CF0
:101B9000A34201D1080004E0916B914A914200D127
:101BA000202010BC08BC184710B50006000EFFF737
:101BB000D3FF0478641E401CFFF7DEFF01000820FD
:101BC00044432000FFF760FD10BC08BC18470149E2
:101BD0004863704730CB0040E8030200A4030200D2
:101BE000B8030200FFFF0000FEB5040081263606A0
:101BF0007C4840687B494969401801907948806970
:101C000078498968401800900198F02804DA009813
:101C1000A0214900884201DB0020DAE0FFF7ACFF99
:101C2000050020000006000EFFF796FF0478641EF2
:101C3000471C002C05D16C4B6C4A6D496D48FFF771
:101C40002BFD082060432900FFF71EFD0290654828
:101C5000406A002801D0022000E00120454300F046
:101C6000C7FDB748009949190B181B041B0C0199B3
:101C7000029A89180A181204120C0098010009042B
:101C8000090C01980004000C00F0D6FB009801003C
:101C90000904090C01980004000C00F01CFC5148D8
:101CA000426B5048406B000A4E49496B090C1206C2
:101CB000120E5208450115430906090EC900FC22FF
:101CC00052000A400006000EC0101043361800F003
:101CD00015FD8020C0019B490A6802430A60222149
:101CE00081221206117098490A68104308603D4825
:101CF000406A00283DD038787F1CC10702D5357076
:101D0000357001E031783178810702D53570357052
:101D100001E031783178410702D53570357001E046
:101D200031783178010702D53570357001E03178AE
:101D30003178C10602D53570357001E031783178DF
:101D4000810602D53570357001E031783178410671
:101D500002D53570357001E031783178000602D552
:101D60003570357001E030783078641E002CC2D1B7
:101D70002CE038787F1CC10701D5357000E0317840
:101D8000810701D5357000E03178410701D5357004
:101D900000E03178010701D5357000E03178C106E7
:101DA00001D5357000E03178810601D5357000E04D
:101DB0003178410601D5357000E03178000601D553
:101DC000357000E03078641E002CD2D100F010FD98
:101DD0000298FEBC08BC1847683E0200404C020056
:101DE0009060020030CB00401C040200050200009D
:101DF00008040200B8030200F2B582B00700140024
:101E00008120000620000A3018F072FF26182000FA
:101E10000E3001900198001D18F06AFF050001982E
:101E2000083018F065FF0400002C01D56042040062
:101E3000684607802F00674368460088F02802DB69
:101E4000EF2069460880A020400069460989814248
:101E500003DBFF2140316A461181F02D00DBEF25C5
:101E6000844201DBFF244034002F06D19B4B9E228D
:101E700092009B49A948FFF70FFC00F0B9FC6846A7
:101E8000008921004018431E1B041B0C6846008873
:101E90004019421E1204120C6846018968460088E7
:101EA00000F0CAFA0198083018F022FF01280CDB74
:101EB000684600890019411E0904090C684600881B
:101EC00000F009FB00F06BFC07E0684601896846FA
:101ED000008800F000FB00F03BFC8020C0011949A5
:101EE0000A6802430A6022218122120611701649F3
:101EF0000A6810430860307801000906090EC90815
:101F0000721C1078521C1378561CC400E022224028
:101F10000A431B061B0E5900FC235B000B4081216A
:101F2000090659180006000E40090006000E084375
:101F300002707F1E002FDED1F7BC08BC18470000DE
:101F4000FFFF00003CC0FF3F38C0FF3F10B47449A2
:101F50000A6803239A4383079B0F13430B600A68A5
:101F60000C239A4383000C241C4014430C600A6821
:101F700030239A43030130241C4014430C600A6848
:101F8000C0239A438301C0241C4014430C600A6898
:101F9000644B13400202C024A40014401C430C6094
:101FA0000A68614B13408202C024240114401C4380
:101FB0000C600A685D4B13400203C024A401144066
:101FC0001C430C600A685A4B13408203C02424024D
:101FD00014401C430C600A68564B13400004C02296
:101FE000920202401A430A6010BC704738B50FF0E5
:101FF000BDFB012450480168032291432143016045
:10200000042501680C2291432943016001683022B4
:10201000914310220A4302600168C022914340228A
:102020000A43026001683F4A0A4080214900114387
:10203000016001683C4A0A408021C90011430160E7
:1020400001683A4A0A408021490111430160016850
:10205000374A0A408021C9011143016037480168AD
:10206000344A0A4080214902114301600168344A20
:102070000A4080210903114301600168C24A0A40F5
:102080008021490511430160016889008908802287
:10209000D2050A4302600120FFF758FFBF480168DC
:1020A0000C4304600020BE490860BE490A68BE4B6C
:1020B00013400B600A68BD4B13400B60BC490860BD
:1020C000BC490860BC490860BC490D60BC49086057
:1020D000D449086031BC08BC184700005004020015
:1020E0003C04020038B50020CF4908600FF048FBDF
:1020F0000120CE490860FA25AD0028000FF026FF28
:10210000CB4C80208004206028000FF01FFF80202F
:102110004004206031BC08BC18470000B80302002E
:1021200020C002E0FFFCFFFFFFF3FFFFFFCFFFFF38
:10213000FF3FFFFFFFFFFCFF18C002E024C002E0EA
:10214000FFFFF3FFF8B50120B74908600FF00EFB61
:102150008024E401B74F38682043386081252D067C
:1021600024202870B14E3068204330603868204306
:1021700038601020287030682043306000202870BC
:1021800000202870386820433860012028703068AB
:102190002043306088202870282028703868204329
:1021A0003860182028703068204330600020287084
:1021B0001A2028703968214339602870316821431A
:1021C000316000212970022129703A6822433A6067
:1021D00012222A7032682243326000222A700822BA
:1021E0002A703A6822433A6013222A7032682243E6
:1021F000326014222A7000222A703A6822433A6020
:10220000F8222A7032682243326000222A700B22A0
:102210002A703B6823433B60F9232B7033682343C8
:10222000336000232B702A703A6822433A600622FA
:102230002A7032682243326000222A70297039687D
:102240002143396070212970316821433160252193
:102250002970802129703A6822433A6071222A70DD
:1022600032682243326027222A7029703A6822435A
:102270003A6072222A7032682243326033222A7016
:1022800029703968214339607321297031682143ED
:1022900031601D2129701821297039682143396066
:1022A000742129703168214331601F212970112167
:1022B00029703968214339607521297031682143BB
:1022C000316024212970192129703968214339602E
:1022D00076212970316821433160287014212970DA
:1022E0003968214339607721297031682143316091
:1022F00021212970287038682043386078202870A0
:10230000306820433060202028701320287000F0AF
:102310006FFA00F03BF838682043386005202870D9
:1023200030680443346000202870012028700120A8
:1023300040490860A24D28000FF008FE28000FF069
:1023400005FE28000FF002FE28000FF0FFFD280018
:102350000FF0FCFD9B480FF0F9FD9B4C80208004A2
:10236000206028000FF0F2FD28000FF0EFFD28009C
:102370000FF0ECFD28000FF0E9FD80204004206004
:10238000F1BC08BC18470000FFFFFFCF80B58F48A5
:1023900003C8FA2200F09EFF09BC18470080E0FF46
:1023A0008080E0FF2082E0FFFFFEFFFFFFFFF7FFDE
:1023B0003482E0FF3882E0FF3082E0FF2C82E0FFD1
:1023C0002882E0FF70B505007D4C01E080482D18A3
:1023D000A02040008542F9DA002D01D52D18FBE739
:1023E0008020C00113490A6802430A60812109065E
:1023F0000A7809780D4B1E68304318601206120ED9
:1024000010028022520010400906090E0143481BA9
:1024100018F094FC032802DB641E002CE0D170BC91
:1024200008BC18472482E0FF30CB004038C0FF3F93
:102430001CC0FF3F3CC0FF3FF1B568460088F02854
:1024400002DBEF206C46208010000004000CF02816
:1024500000DBEF22A02040000C002404240C844266
:1024600001DBFF2140311C002404240C844201DBE9
:10247000FF2340338020C001B44C2568054325600C
:1024800081252D0635262E70D84E376807433760D4
:102490000F003F043F0C3F0A2F7029702168014351
:1024A0002160362129703168014331601900090427
:1024B000090C090A29702B7021680143216037211A
:1024C00029703168084330606846008828702A7097
:1024D000F1BC08BC184770B502001204120CF02AB7
:1024E00000DBEF200A001204120CA0235B009A42CA
:1024F00001DBFF2140318022D201944B1C68144340
:102500001C608124240620252570B84D2E681643B2
:102510002E60002626702070186810431860212055
:102520002070286802432A6008000004000C000A9A
:102530002070217070BC08BC184710B51400090445
:10254000090C0004000CFFF7C6FF8020C0017F4982
:102550000A6802430A608121090622220A70A34AFE
:102560001368184310602000000C0870200A0870DF
:102570000C7010BC08BC184780B50904090C000495
:10258000000CFFF7A8FF8021C901704802680A43C8
:1025900002608120000622220270944A13681943C7
:1025A000116001780178017801786A4691700178AC
:1025B0006A46517000786946087000980ABC18474E
:1025C00050C300001027000018C0FF3F680402003D
:1025D000C0FEFFFFF8B5B0480168802212060A432A
:1025E000026080210903AD4C22680A4322608025E5
:1025F000ED0122682A4322601022236813432360DE
:10260000022326681E432660784C2160774C26689A
:10261000354325604D4C22604C4C236004680125F5
:102620002543056004681C430460046804252543B1
:1026300005600468082525430560046814430460A8
:10264000046820252543056004684025254305606E
:10265000046880252543056080256D0004682C43AF
:1026600004608026B600046834430460B14C01273E
:102670002760236004232360082323602260202234
:102680002260402222608022226025602660802213
:102690005205036813430360226080229205036899
:1026A0001343036022602948016050480160FFF72E
:1026B00049FDAB48FFF74AFAC148FFF788FA012104
:1026C0000120FFF735FAA0235B00F0220021002053
:1026D000FFF7A2F900210020FFF734FA0020FFF7EE
:1026E00024FA0020FFF71EFA80204002FFF78AF943
:1026F000002000F025FBF1BC08BC184730B40022D4
:102700008020C00111490B6803430B6081231B0625
:1027100023241C70354C2568054325600D6805434E
:102720000D6002251D702568054325601A701A701A
:10273000C34A0D6805430D600321197021680843E1
:1027400020603120107030BC704700003CC0FF3F5B
:1027500030B400228020C0019A490B6803430B600B
:1027600081231B0623241C70204C2568054325600B
:102770000D6805430D6002251D7025680543256021
:102780001A701A70AE4A0D6805430D600321197066
:102790002168084320603020107030BC704730B48E
:1027A00000228020C00187490B6803430B6081230E
:1027B0001B0623241C700D4C2568054325600D68FD
:1027C00005430D6002251D702568054325601A70BC
:1027D0001A709B4A0D6805430D600321197021682A
:1027E000084320601020107030BC704738C0FF3F95
:1027F00038B500208021C901724A13680B43136069
:1028000081231B0624241C706F4C25680D43256012
:1028100015680D43156002221A7022681143216069
:10282000187018700121012000F003F831BC08BCB9
:10283000184730B58022D201624B1C6814431C60DB
:1028400081231B0603241C705F4C25682A432260E9
:10285000002801D0412000E081201870002901D01B
:10286000302000E03120187030BC08BC184780B51B
:102870000A480168802292000A43026001688022AF
:1028800052000A43026001688022D2000A430260BB
:1028900000F006F809BC184780C0FF3F20C0FF3F8A
:1028A00080B500F07CF800F07FF800F082F809BCF9
:1028B000184738B5774C21680A009205D20F002AD4
:1028C00019D105000A2D05D2734B744A7449754815
:1028D000FEF7E2FE28000A21FEF7D6FE050000F012
:1028E00054F87148006840197049086020688021D8
:1028F00089000143216031BC08BC184780B500F055
:1029000031F800F004F800F017F809BC184700B5DA
:102910006748006801008905C90F002904D080209C
:1029200080002849086003E0802080002649086074
:1029300008BC18479CC0FF3F00B55D480068010017
:10294000C905C90F002904D0802040001D49086036
:1029500003E0802040001C49086008BC18470000C4
:102960009060020000B55248006801004905C90F97
:10297000002904D08020C0001249086003E08020B4
:10298000C0001149086008BC1847802040000D496C
:10299000086070478020C0000A49086070478020A6
:1029A000800009490860704780204000064908609F
:1029B00070478020C0000449086070470000000094
:1029C0003F3F3F003CC0FF3F38C0FF3F80B5012183
:1029D0000120FFF7ADF86423F02267210020FFF704
:1029E0001BF800210020FFF7ADF89E48FFF70AF81A
:1029F0000020FFF797F8FFF7C9FC9B48FFF7A6F800
:102A00009A48FFF7E4F89A48FEF7B5FEB848FFF792
:102A10009DF8B848FEF7AFFEFC208001FFF7D7F81D
:102A2000B548FEF7EFFFC848FEF7A5FEFC239B0361
:102A3000EF228721002001F024F809BC184700008C
:102A40000201008180B5FFF7A1FCA0235B00F0220A
:102A500000210020FEF7E0FF0020FFF766F8FFF7F7
:102A60004DFF3F2000F026F805200FF001F80FF091
:102A70002BF8A248FFF7ABF89D48FFF767F89821BD
:102A800049000020FFF75EF8B048FEF774FE09BC6D
:102A900018470000140007E084040200CC04000082
:102AA00070040200B8030200080007E0240007E0F9
:102AB00034C0FF3FF8B504000A211420FFF742F8A4
:102AC0008B48FFF743F80020FFF72CF80321022082
:102AD000FFF72EF8884F3800FEF794FF3F252000BF
:102AE00028400006000EFFF772F899A0FEF778FE66
:102AF000212C01DB202001E0200028400006000EF0
:102B0000FFF765F8802676023000FEF77BFFAA48C3
:102B1000FEF766FE200028400006000EFFF757F87B
:102B20003800FEF76FFFA5A0FEF75AFE212C01DB4F
:102B3000202001E0200028400006000EFFF747F8A3
:102B40003000FEF75FFF9E48FEF74AFE2000284057
:102B50000006000EFFF73BF83800FEF753FF99A080
:102B6000FEF73EFE212C01DB202001E02000284062
:102B70000006000EFFF72BF83000FEF743FF9248E7
:102B8000FEF72EFE200028400006000EFFF71FF87B
:102B90003800FEF737FF8DA0FEF722FE212C01DB67
:102BA000202001E0200028400006000EFFF70FF86B
:102BB0003000FEF727FF8648FEF712FE2948FEF791
:102BC00021FF294E3000FEF7C1FF0020FEF7AAFFCB
:102BD00001210120FEF7ACFF200028400006000E76
:102BE000210029400906090E09020143200028405E
:102BF0000006000E07040F433800FEF7E8FF8321AC
:102C00000120FEF79FFF73A0FEF7EAFD3B00EF22D5
:102C1000A321002000F035FF0020FEF783FF3000E5
:102C2000FEF794FF01210120FEF782FF28002040DB
:102C30000006000EFEF7CBFFA3210020FEF782FF67
:102C4000AB48FEF7CDFD2A48FEF780FFA948FEF706
:102C5000C7FDA948FEF7C4FDA848FEF7C1FDF1BCB9
:102C600008BC18470200010090600200003F3F00CE
:102C7000A4040200F8B5FEF7FAF80AF08DF9A048AE
:102C8000417B0906090E8907890F0906090E0029EB
:102C900005D002290FD008D3032912D016E08820CE
:102CA0009827B024C025D82610E08826A020B02779
:102CB000C824D8250AE08825A026B820C827E02403
:102CC00004E088249825B026C820D82711F0B5FB49
:102CD000380003F015FC2000FDF702FA280004F08C
:102CE00065FB30000EF044FEF1BC08BC1847000044
:102CF000404C0200C8040200010001003F3F0000F8
:102D0000F1B50F0016001D00069C230032003900AB
:102D1000009800F0B6FE230032002900009800F071
:102D2000B0FE23002A003900009800F038FE23008E
:102D30002A003900300000F032FEF1BC08BC184710
:102D40007049C8627047000000050200740003006B
:102D50005300000038B5FEF70FFF6A4C616A002986
:102D600001D0022100E001214843E168451802E05A
:102D700065A0FEF735FD90204000A169A268891882
:102D800002226A4389188142F2DBA169A26889188C
:102D9000491981420CDAA068401B5C49401AA169BC
:102DA000401AA168401A401BA06057A0FEF718FD0A
:102DB00031BC08BC18470000440502005000000068
:102DC00054050200520000006005020044000000AB
:102DD0006C05020052616400F8B5FFB0D1B0FFF796
:102DE00007FD01224AA14B4802F0DAFE019001984A
:102DF000002878D00026340000960E2132000CAD59
:102E0000280017F035FD0CA84349018001000A3164
:102E1000362017F07FFF0E230CAA6946019803F0B5
:102E2000A9F93E4988425ED028252900320002AF28
:102E3000380017F01DFD0295F020039038480490EB
:102E400002A8012181811821C1810696E12080021A
:102E50000790089609960A960B96282302AA6946B7
:102E6000019803F087F92D4988423CD00EF0C0FC50
:102E7000370025E034006D1CF02D20DA3800010009
:102E80000904090C28000004000CFFF775FB10A9C9
:102E900002000A55641C020A0A55641C000C0855FD
:102EA000641CC02080008442E5D1230010AA69463A
:102EB000019803F05FF919498842DBD134007F1C87
:102EC000A0204000874201DA3500D5E70EF0CAFCA9
:102ED000002C08D0230010AA6946019803F04AF993
:102EE0000E498842FFD07FB052B0F0BC08BC1847F2
:102EF00074050200800502008C050200980502009E
:102F0000B8EC004030CB00400D000000E1FEFFFFB8
:102F1000626D7000A4050200424D00000540008073
:102F2000C0FEFFFF00C09FE51CFF2FE14D1B00000E
:102F300000C09FE51CFF2FE1CF1B000000C09FE5F4
:102F40001CFF2FE1311B000000C09FE51CFF2FE19B
:102F5000191A000000C09FE51CFF2FE1451B00006F
:102F600000C09FE51CFF2FE1051A000000C09FE58F
:102F70001CFF2FE1251B000000C09FE51CFF2FE177
:102F80002B1B000000C09FE51CFF2FE1611A000011
:102F900000C09FE51CFF2FE1E117000000C09FE586
:102FA0001CFF2FE14521000000C09FE51CFF2FE121
:102FB000412D000073B515008126360668468088CD
:102FC00069460988441A641C6846C088694649886D
:102FD000401A401C444368460088F02802DBEF207A
:102FE00069460880A020400069464988814203DB89
:102FF000FF2140316A46518069468988F02902DB09
:10300000EF216A4691806946C988814203DBFF202F
:1030100040306946C880002C05D1A94B1522A9492A
:10302000A948FEF739FBFFF7E3FB6846C38868460B
:1030300082886846418868460088FFF7FDF968463F
:10304000418868460088FFF746FAFFF781FB802039
:10305000C0019E490A6802430A60222181221206A9
:1030600011709B490A68104308602B00280A2A0047
:10307000120C210A2406240E1D002D062D0E6D08AB
:1030800043012B431206120ED200FC256D001540A1
:103090000006000EC01028433018002900D103E1BB
:1030A0000370037003700370037003700370037088
:1030B0000370037003700370037003700370037078
:1030C0000370037003700370037003700370037068
:1030D0000370037003700370037003700370037058
:1030E0000370037003700370037003700370037048
:1030F0000370037003700370037003700370037038
:103100000370037003700370037003700370037027
:103110000370037003700370037003700370037017
:103120000370037003700370037003700370037007
:1031300003700370037003700370037003700370F7
:1031400003700370037003700370037003700370E7
:1031500003700370037003700370037003700370D7
:1031600003700370037003700370037003700370C7
:1031700003700370037003700370037003700370B7
:1031800003700370037003700370037003700370A7
:103190000370037003700370037003700370037097
:1031A0000370037003700370037003700370037087
:1031B0000370037003700370037003700370037077
:1031C0000370037003700370037003700370037067
:1031D0000370037003700370037003700370037057
:1031E0000370037003700370037003700370037047
:1031F0000370037003700370037003700370037037
:103200000370037003700370037003700370037026
:103210000370037003700370037003700370037016
:103220000370037003700370037003700370037006
:1032300003700370037003700370037003700370F6
:1032400003700370037003700370037003700370E6
:1032500003700370037003700370037003700370D6
:1032600003700370037003700370037003700370C6
:1032700003700370037003700370037003700370B6
:1032800003700370037003700370037003700370A6
:103290000370037003700370037003700370037096
:1032A000491E002900D0FBE6002C03D00370641EE9
:1032B000002CFBD1FFF79CFA73BC08BC1847000038
:1032C000CCAD020088AD02009CAD02003CC0FF3FC7
:1032D00038C0FF3FF3B581B016008124240601A851
:1032E000808869468988451A6D1C01A8C08801A993
:1032F0004988401A401C454368468088F02802DB14
:10330000EF2069468880A020400001A949888142B9
:1033100003DBFF21403101AA518001A98988F029EE
:1033200002DBEF2101AA918001A9C988814203DB58
:10333000FF20403001A9C880002D05D1164B7F2207
:1033400016491748FEF7A8F93700FFF751FA01A808
:10335000C38801A8828801A8418868468088FFF751
:103360006BF801A8418868468088FFF7B4F82E0AF8
:103370002D062D0EFFF7ECF93800FFF723F880201B
:10338000C00108490A6802430A602221812212060C
:10339000117005490AE0C046CCAD0200ECAD020058
:1033A0009CAD02003CC0FF3F38C0FF3F0A6810439D
:1033B0000860002E00D103E200200100217001000E
:1033C00021700100217001002170010021700100B5
:1033D00021700100217001002170010021700100A5
:1033E0002170010021700100217001002170010095
:1033F0002170010021700100217001002170010085
:103400002170010021700100217001002170010074
:103410002170010021700100217001002170010064
:103420002170010021700100217001002170010054
:103430002170010021700100217001002170010044
:103440002170010021700100217001002170010034
:103450002170010021700100217001002170010024
:103460002170010021700100217001002170010014
:103470002170010021700100217001002170010004
:1034800021700100217001002170010021700100F4
:1034900021700100217001002170010021700100E4
:1034A00021700100217001002170010021700100D4
:1034B00021700100217001002170010021700100C4
:1034C00021700100217001002170010021700100B4
:1034D00021700100217001002170010021700100A4
:1034E0002170010021700100217001002170010094
:1034F0002170010021700100217001002170010084
:103500002170010021700100217001002170010073
:103510002170010021700100217001002170010063
:103520002170010021700100217001002170010053
:103530002170010021700100217001002170010043
:103540002170010021700100217001002170010033
:103550002170010021700100217001002170010023
:103560002170010021700100217001002170010013
:103570002170010021700100217001002170010003
:1035800021700100217001002170010021700100F3
:1035900021700100217001002170010021700100E3
:1035A00021700100217001002170010021700100D3
:1035B00021700100217001002170010021700100C3
:1035C00021700100217001002170010021700100B3
:1035D00021700100217001002170010021700100A3
:1035E0002170010021700100217001002170010093
:1035F0002170010021700100217001002170010083
:103600002170010021700100217001002170010072
:103610002170010021700100217001002170010062
:103620002170010021700100217001002170010052
:103630002170010021700100217001002170010042
:103640002170010021700100217001002170010032
:103650002170010021700100217001002170010022
:103660002170010021700100217001002170010012
:103670002170010021700100217001002170010002
:1036800021700100217001002170010021700100F2
:1036900021700100217001002170010021700100E2
:1036A00021700100217001002170010021700100D2
:1036B00021700100217001002170010021700100C2
:1036C00021700100217001002170010021700100B2
:1036D00021700100217001002170010021700100A2
:1036E0002170010021700100217001002170010092
:1036F0002170010021700100217001002170010082
:103700002170010021700100217001002170010071
:103710002170010021700100217001002170010061
:103720002170010021700100217001002170010051
:103730002170010021700100217001002170010041
:103740002170010021700100217001002170010031
:103750002170010021700100217001002170010021
:103760002170010021700100217001002170010011
:103770002170010021700100217001002170010001
:1037800021700100217001002170010021700100F1
:1037900021700100217001002170010021700100E1
:1037A00021700100217001002170010021700100D1
:1037B0002170010021702070761E002E00D0FBE5E4
:1037C000002D04D0002020706D1E002DFAD1FFF7CF
:1037D0000FF8F7BC08BC184700502DE9EEFDFFEBD1
:1037E000340D9FE5CEFDFFEBFC09A0E3CFFDFFEB21
:1037F0000110A0E30100A0E3CFFDFFEB503FA0E3E9
:10380000F020A0E30010A0E30000A0E3CDFDFFEB5B
:103810000010A0E30000A0E3CDFDFFEB0100A0E35A
:10382000D4FDFFEB0000A0E3DEFDFFEB0000A0E312
:10383000CDFDFFEB400BA0E3C8FDFFEB6400A0E370
:10384000CFFDFFEB0140BDE81EFF2FE100502DE949
:103850000010B0E1FF1011E23020A0E3211292E04D
:103860000120B0E1FF2012E23A0052E3000000BA6A
:10387000071091E20010CDE50F0010E2300090E259
:103880000010B0E1FF1011E23A0051E3000000BA6D
:10389000070090E20100CDE50000A0E30200CDE5C5
:1038A0000D00B0E1B9FDFFEB0140BDE81EFF2FE1C7
:1038B00010402DE90040B0E1240CB0E1FF0010E21F
:1038C000E1FFFFEB2408B0E1FF0010E2DEFFFFEBB9
:1038D0002404B0E1FF0010E2DBFFFFEB0400B0E1E5
:1038E000FF0010E2D8FFFFEB1040BDE81EFF2FE104
:1038F000FEB506000D0001200290B24205DA10006C
:103900003200060018002B000500971B591B0029E8
:1039100004D50020C0430290484201008F421EDAC5
:1039200038000F0079000091400001907C4238007F
:10393000471E002830D4089A280001000904090C09
:1039400030000004000CFEF7F8FD01982418012C4B
:1039500002DB761C0098241A02982D18E7E77800FD
:103960000090480001907C4212E0089A2800010073
:103970000904090C30000004000CFEF7DEFD01987C
:103980002418012C03DB02982D180098241A761CA9
:103990003800471E0028E8D5F7BC08BC1847F8B522
:1039A0000C00150081263606A54202DA21002C0003
:1039B0000D001F000090FEF71BFF280003001B04F2
:1039C0001B0C009802001204120C200001000904D4
:1039D000090C00980004000CFEF72EFD20000100E9
:1039E0000904090C00980004000CFEF774FD2C1B60
:1039F000641CFEF7ADFE3B00380A3D002D0C21098A
:103A00002207120F1C002406240E640843012343DE
:103A10002D062D0EEC00FC256D0025400006000E45
:103A2000C010284330188024E4014F4D2E682643EF
:103A30002E6022258126360635704C4D2E68344383
:103A40002C60002912D003700370037003700370A0
:103A500003700370037003700370037003700370CE
:103A6000037003700370491E0029ECD1002A03D0B3
:103A70000370521E002AFBD1FEF7BAFEF1BC08BC4F
:103A80001847F8B50400150081263606A54202DA6B
:103A900020002C0005001F000091FEF7A9FE0098F1
:103AA00003001B041B0C280002001204120C0098D7
:103AB00001000904090C20000004000CFEF7BCFC06
:103AC000009801000904090C20000004000CFEF716
:103AD00002FD2C1B641CFEF73BFE3800390A3B003C
:103AE0001B0C02001206120E5208480110431B065E
:103AF0001B0EDA00FC235B0013400906090EC910F7
:103B000019437118220923071B0F8024E401164D65
:103B10002E6826432E602225812636063570134DE9
:103B20002E6834432C60002A12D008700870087088
:103B300008700870087008700870087008700870C5
:103B400008700870087008700870521E002AECD1C6
:103B5000002B03D008705B1E002BFBD1FEF748FE44
:103B6000F1BC08BC184700003CC0FF3F38C0FF3F15
:103B7000FEB503000E001400B44202DA3000260045
:103B800004000193FEF734FE200003001B041B0C0D
:103B9000019802001204120C300001000904090C03
:103BA00001980004000CFEF747FC300001000904F6
:103BB000090C01980004000CFEF78DFCA01B401CB2
:103BC00000900098000900990907090FB64A80245F
:103BD000E401B64B1B682343B44D2B6081252D06B1
:103BE00022232B70B24B1B682343B14F3B602B78D1
:103BF0002B782B78002872D02B7893702B78537009
:103C00002B781370121D2B7893702B7853702B78B0
:103C10001370121D2B7893702B7853702B781370C0
:103C2000121D2B7893702B7853702B781370121D04
:103C30002B7893702B7853702B781370121D2B7880
:103C400093702B7853702B781370121D2B78937010
:103C50002B7853702B781370121D2B7893702B7860
:103C600053702B781370121D2B7893702B78537030
:103C70002B781370121D2B7893702B7853702B7840
:103C80001370121D2B7893702B7853702B78137050
:103C9000121D2B7893702B7853702B781370121D94
:103CA0002B7893702B7853702B781370121D2B7810
:103CB00093702B7853702B781370121D2B789370A0
:103CC0002B7853702B781370121D2B7893702B78F0
:103CD00053702B781370121D401E00288CD10029C0
:103CE00009D0287890702878507028781070121DAC
:103CF000491E0029F5D131000904090C019800047E
:103D0000000CFEF7E8FB684E68480168214301603B
:103D100022202870664801680C43046002980299CA
:103D2000090A029A120C009B1B09009C2407240F0D
:103D3000002B00D1A3E0B77857402F7077784F4021
:103D40002F70377847402F70361DB77857402F7047
:103D500077784F402F70377847402F70361DB778EF
:103D600057402F7077784F402F70377847402F702B
:103D7000361DB77857402F7077784F402F703778BF
:103D800047402F70361DB77857402F7077784F40D7
:103D90002F70377847402F70361DB77857402F70F7
:103DA00077784F402F70377847402F70361DB7789F
:103DB00057402F7077784F402F70377847402F70DB
:103DC000361DB77857402F7077784F402F7037786F
:103DD00047402F70361DB77857402F7077784F4087
:103DE0002F70377847402F70361DB77857402F70A7
:103DF00077784F402F70377847402F70361DB7784F
:103E000057402F7077784F402F70377847402F708A
:103E1000361DB77857402F7077784F402F7037781E
:103E200047402F70361DB77857402F7077784F4036
:103E30002F70377847402F70361DB77857402F7056
:103E400077784F402F70377847402F70361DB778FE
:103E500057402F7077784F402F70377847402F703A
:103E6000361DB77857402F7077784F402F703778CE
:103E700047402F70361D5B1E002B00D05BE7002CE7
:103E80000CD0B37853402B7073784B402B70337841
:103E900043402B70361D641E002CF2D1FEF758FCF7
:103EA000F7BC08BC184700006CCB00403CC0FF3F8B
:103EB00038C0FF3FFEB506001400B44202DA3000FD
:103EC000260004000191FEF793FC019803001B04F7
:103ED0001B0C200002001204120C019801000904BE
:103EE000090C30000004000CFEF7A6FA019801004E
:103EF0000904090C30000004000CFEF7ECFAA01BCA
:103F0000401C00900098000900990907090FB74A62
:103F10008024E401B64B1B682343B54D2B608125FB
:103F20002D0622232B70B34B1B682343B14F3B60FC
:103F30002B782B782B78002872D02B7893702B78E5
:103F400053702B781370121D2B7893702B7853704D
:103F50002B781370121D2B7893702B7853702B785D
:103F60001370121D2B7893702B7853702B7813706D
:103F7000121D2B7893702B7853702B781370121DB1
:103F80002B7893702B7853702B781370121D2B782D
:103F900093702B7853702B781370121D2B789370BD
:103FA0002B7853702B781370121D2B7893702B780D
:103FB00053702B781370121D2B7893702B785370DD
:103FC0002B781370121D2B7893702B7853702B78ED
:103FD0001370121D2B7893702B7853702B781370FD
:103FE000121D2B7893702B7853702B781370121D41
:103FF0002B7893702B7853702B781370121D2B78BD
:1040000093702B7853702B781370121D2B7893704C
:104010002B7853702B781370121D401E00288CD102
:10402000002909D02878907028785070287810706E
:10403000121D491E0029F5D1019801000904090C3F
:1040400030000004000CFEF746FA684E684801682C
:104050002143016022202870664801680C430460F7
:1040600002980299090A029A120C009B1B09009CF3
:104070002407240F002B00D1A3E0B77857402F70FE
:1040800077784F402F70377847402F70361DB778BC
:1040900057402F7077784F402F70377847402F70F8
:1040A000361DB77857402F7077784F402F7037788C
:1040B00047402F70361DB77857402F7077784F40A4
:1040C0002F70377847402F70361DB77857402F70C4
:1040D00077784F402F70377847402F70361DB7786C
:1040E00057402F7077784F402F70377847402F70A8
:1040F000361DB77857402F7077784F402F7037783C
:1041000047402F70361DB77857402F7077784F4053
:104110002F70377847402F70361DB77857402F7073
:1041200077784F402F70377847402F70361DB7781B
:1041300057402F7077784F402F70377847402F7057
:10414000361DB77857402F7077784F402F703778EB
:1041500047402F70361DB77857402F7077784F4003
:104160002F70377847402F70361DB77857402F7023
:1041700077784F402F70377847402F70361DB778CB
:1041800057402F7077784F402F70377847402F7007
:10419000361DB77857402F7077784F402F7037789B
:1041A00047402F70361DB77857402F7077784F40B3
:1041B0002F70377847402F70361D5B1E002B00D0C4
:1041C0005BE7002C0CD0B37853402B7073784B40D6
:1041D0002B70337843402B70361D641E002CF2D1B7
:1041E000FEF7B6FAF7BC08BC184700006CCB0040DD
:1041F0003CC0FF3F38C0FF3FFCB583B00E000499C0
:10420000B14202DA3100049E049102920500029844
:10421000A84202DA2800029D0290FEF7E9FA74E152
:10422000237893702378537023781370121D2378AA
:1042300093702378537023781370121D2378937032
:104240002378537023781370121D2378937023788A
:10425000537023781370121D237893702378537052
:1042600023781370121D237893702378537023786A
:104270001370121D23789370237853702378137072
:10428000121D237893702378537023781370121DB6
:10429000237893702378537023781370121D23783A
:1042A00093702378537023781370121D23789370C2
:1042B0002378537023781370121D2378937023781A
:1042C000537023781370121D2378937023785370E2
:1042D00023781370121D23789370237853702378FA
:1042E0001370121D23789370237853702378137002
:1042F000121D237893702378537023781370121D46
:10430000401E00288CD1C6E0207890702078507034
:1043100020781070121D491E0029F5D1BEE0937857
:1043200023705378237013782370121D93782370B1
:104330005378237013782370121D93782370537869
:10434000237013782370121D937823705378237091
:1043500013782370121D9378237053782370137889
:104360002370121D93782370537823701378237071
:10437000121D937823705378237013782370121DC5
:10438000937823705378237013782370121D9378D9
:1043900023705378237013782370121D9378237041
:1043A0005378237013782370121D937823705378F9
:1043B000237013782370121D937823705378237021
:1043C00013782370121D9378237053782370137819
:1043D0002370121D93782370537823701378237001
:1043E000121D937823705378237013782370121D55
:1043F000937823705378237013782370121D401E16
:1044000000288CD17DE09078207050782070107852
:104410002070121D491E0029F5D175E00095049801
:1044200003001B041B0C009802001204120C300045
:1044300001000904090C00980004000CFDF7FCFFC2
:10444000300001000904090C00980004000CFEF77C
:1044500042F80498801B401C0190019800090199C2
:104460000907090F2E4A2F4B1B688024E4011C43C7
:104470002C4B1C6081242406222323702A4B1F68A6
:104480008023DB013B43284F3B602378237823784C
:10449000002800D0C4E6002900D035E700980A992A
:1044A000401A0090049803001B041B0C00980200A3
:1044B0001204120C300001000904090C00980004D9
:1044C000000CFDF7B9FF300001000904090C009849
:1044D0000004000CFDF7FFFF114A8020C0011149C4
:1044E0000B6803430B60222121700F490B681843AE
:1044F00008600198000901990907090F002800D0F8
:104500000DE7002900D07EE76D1C0298A84285DAED
:10451000FEF71EF905B0F0BC08BC1847404C02007D
:104520006CCB00403CC0FF3F38C0FF3F08B4024B9B
:104530009C4608BC6047C04640B501009A48704799
:1045400000B59A480068002801D0994800E0BA48B0
:1045500008BC1847B948704700B5964890214158A3
:1045600000290BD094214158002907D101688C22E1
:104570008058401E814201DAB14800E0B14808BCD1
:104580001847B14870478B480021016001644164BD
:10459000C16700228423C2508823C2508C228150DC
:1045A00090228150982281509C22815094228150E7
:1045B000A02281507047FEB5089D099A0A9E0023EB
:1045C0007C4C9C27E3518027E15101998427E151DC
:1045D00002998827E1519421635001219027E151EC
:1045E00020646564E267982026500298974916F087
:1045F000A9FB03D203208C21605026E00298944945
:1046000016F0A0FB03D204208C2160501DE002981C
:10461000B84916F097FB03D205208C21605014E0B6
:104620000298B54916F08EFB03D206208C2160500B
:104630000BE00298B14916F085FB03D207208C21CC
:10464000605002E008208C2160501800155C401C6E
:1046500029002D062D0E002D2BD00906090E6629E6
:10466000F4D1042822DB1118891E09780D002D06CB
:104670002D0E002D1DD00906090E2E2919D1101856
:10468000401E007801000906090E002911D0010022
:104690000906090E323908290BD221008C310A682B
:1046A0000006000E31381018086002E008208C2146
:1046B0006050A0202350B2480BF0A5F9F7BC08BC0D
:1046C00018477FB5089C099D002602960195009425
:1046D00000F003F87FBC08BC1847F5B581B00800AE
:1046E0001C000A9D334E00279C21775016F0BCFB1E
:1046F00080217050029816F0B7FB84217050200082
:1047000016F0B2FB8821705094203750902037501B
:1047100001983064089870649A48F0670998982165
:104720007050A02035500A2C03DA01208C217050E3
:104730001EE0642C03DA02208C21705018E0FA206D
:104740008000844203DA03208C21705010E08E48F0
:10475000844203DA04208C21705009E08B488442A3
:1047600003DA05208C21705002E006208C21705065
:1047700083480BF048F9F7BC08BC184738B50D4B17
:1047800001249C255C51002494255C5118649820D8
:104790001A508C201950A0201C5079480BF033F986
:1047A00031BC08BC1847000000AE020058EA0040C7
:1047B00014AE0200BCE90040F8B51E21002632000C
:1047C000AD4C251D2F00380016F052F826609C20B5
:1047D0002058002809D0BD48C06A032802D1E02033
:1047E00028701FE0612028701CE0260022368020FF
:1047F000205816F003FB02000B00E16F300016F0AA
:104800006FF9A020205800280AD01E22310028006D
:1048100016F0EEF9280016F0BFF9401E206001E006
:1048200031202870FA2040000BF0A6FB0BF007F9AE
:104830000120F2BC08BC184730AE020048AE0200AE
:1048400060AE020078AE020090AE0200000020418F
:104850000000C8420120704780B5874801684118B0
:1048600009799C228258002A31D0984AD26A032AB8
:1048700016D10A001206120EFF2A01D130212DE0B6
:104880000A001206120E392A01D15F2126E00A0021
:104890001206120E5F2A01D1E0211FE0491C1DE023
:1048A0000A001206120E7A2A01D1302116E00A00FF
:1048B0001206120E392A01D15F210FE00A001206FA
:1048C000120E5F2A01D1612108E0491C06E0491C53
:1048D0000A001206120E3A2A00DB30210268801804
:1048E000017100F09AF900F04DFA00F0F9F9012099
:1048F0000ABC184700007A4400401C460050C347D9
:1049000038B55D4C25008C3528681E2806DBA64B83
:10491000FF223632A549A648FCF7BEFE2068401C9F
:10492000206020682968884206DB002020609421EE
:1049300060500BF045FA15E09C20205800280DD05F
:104940006248C06A032804D1E02021686118087118
:1049500008E0612021686118087103E030202168B7
:1049600061180871002021686118487100F055F93C
:1049700000F008FA00F0B4F9012032BC08BC184776
:10498000ACAF0200ACAE020010270000A086010010
:1049900010B5394C20009C30016800292BD19021A2
:1049A0006158002927D0210094310A68002A22D1B9
:1049B00022688C23E3589B1E9A421CDA012008606F
:1049C0002068401C20602E20216861180871206832
:1049D000401C206030202168611808710020216887
:1049E0006118487100F019F900F0CCF900F078F97D
:1049F0000BF0E6F928E00068002813D1201DFFF72E
:104A000095FD16F0B7F9020010008421615816F0E8
:104A100099F905D388202058110016F093F901D296
:104A2000012012E098342068002806D15E4BFF2256
:104A300072328D495E48FCF72FFECF480FF059FCCB
:104A40000120216800F0E0F9012010BC08BC1847E3
:104A500010B59F4C2068002806D1534BBF2252004E
:104A60009C49DA48FCF718FE0020216800F0CCF9D8
:104A7000012010BC08BC1847BCE900400120704769
:104A800080B500F009F801200ABC184701207047E2
:104A9000012070470120704710B500F019F8CC4C88
:104AA0002068002803D100F045F800F083F800F0FA
:104AB000B4F800F067F92068002801D100F0D6F8BA
:104AC00000F00EF910BC08BC18470000E4EB0040F1
:104AD00010B5814C206C002806D1334BFF22AE323A
:104AE0007E493348FCF7D8FDA448FDF770F86423ED
:104AF000F02235210020FCF78FFF00210020FDF778
:104B000021F80120FDF711F801210120FDF710F82F
:104B10000020FDF707F89A48FCF774FFAD48FDF751
:104B200015F80A20FCF79CFF206CFCF724FE10BC53
:104B300008BC18473EB5684D2C00483488202858DA
:104B400016F05CF9009001918420285816F056F96F
:104B500002000B00A049200015F0C2FF8748FDF7B6
:104B600036F81023F02299210020FCF755FF002190
:104B70000020FCF7E7FF0020FCF7D7FF0121012010
:104B8000FCF7D6FF0020FCF7CDFF7D48FCF73AFF8D
:104B90009048FCF7DBFF0A20FCF762FF2000FCF7DF
:104BA0001FFE37BC08BC1847F4AE0200B4AE0200CA
:104BB000C8AE020010B5484CE06F002806D1874B04
:104BC000E922520086498148FCF766FD6B48FCF7F4
:104BD000FEFF1023F022AD210020FCF71DFF002175
:104BE0000020FCF7AFFF0020FCF79FFF0121012010
:104BF000FCF79EFF0020FCF795FF6148FCF702FFE1
:104C00007448FCF7A3FF0A20FCF72AFF200022309B
:104C1000FCF7E6FD10BC08BC184780B57148FCF7EE
:104C2000D6FF1323F022C1210020FCF7F5FE00215E
:104C30000020FCF787FF0020FCF777FF012101200F
:104C4000FCF776FF0020FCF76DFF4D48FCF7DAFE1D
:104C50006048FCF77BFF0A20FCF702FF6248FCF784
:104C6000BFFD09BC1847000008AF020010B51A4C80
:104C7000206C002806D1594BFF22F4325B4953487F
:104C8000FCF70AFD3D48FCF7A2FF1023F022D521D6
:104C90000020FCF7C1FE00210020FCF753FF00209C
:104CA000FCF743FF01210120FCF742FF0020FCF745
:104CB00039FF3348FCF7A6FE4648FCF747FF0A20B9
:104CC000FCF7CEFE606CFCF756FD10BC08BC184724
:104CD00054EA004018AF0200BCE9004028AF0200CF
:104CE00080B58AB02548FCF772FF1023F022E92135
:104CF0000020FCF791FE00210020FCF723FF00209C
:104D0000FCF713FF01210120FCF712FF0020FCF744
:104D100009FF1B48FCF776FE2E48FCF717FF0A2018
:104D2000FCF79EFE32488C21415800680A1A521E38
:104D30003048C16A032904D12F49684615F0D0FED6
:104D400013E0C16A022904D12C49684615F0C8FE57
:104D50000BE0C06A012804D12849684615F0C0FE5E
:104D600003E02649684615F0BBFE6846FCF738FDAF
:104D70000BB008BC18470000C0340300003F3F00E0
:104D800002000100F8B51E4C606861694518FCF727
:104D9000F3FEA169A26889180C18641C3020FCF786
:104DA00003FF0700174E009623002A002100E81B8E
:104DB000FEF79EFD0096631E2A00641E2100E81B7C
:104DC000FEF796FDF1BC08BC18470000C8AE020013
:104DD00058EA0040404C020040AF0200F4AE02002E
:104DE00050AF020000203F00C0E9004068AF020061
:104DF000BCE90040E4EB004080AF020094AF020049
:104E000030CB0040003F3F0008470000AE4801683B
:104E100008220A430260102102680A430260AB4A7A
:104E20001160BE4A1160016840220A430260704767
:104E300038B500F041F9A6480168A64A0A40802129
:104E40000902114301600168A34A0A4080218902D6
:104E5000114301600168B24A0A40802109031143ED
:104E6000016001208243022082430421C9430A4099
:104E70000820C0430240AB4B1A600322AA4B1A60C1
:104E80000F239A4307231343302293434022934333
:104E900080229343A54A1A40A54B1A601140012273
:104EA00091430840A34C20600225A348056000F010
:104EB00006F820680543256031BC08BC184700B5DA
:104EC00001E09E4800689E48006801004907C90F3C
:104ED0000029F6D108BC1847F1B50E0000240EE0F9
:104EE0008022520029003700380015F055FC81213E
:104EF0004900280014F08AFC00280BD1641C032C04
:104F000008DAB84D2900009800F027F8002EE7D104
:104F10000120FFE7F2BC08BC1847F8B50500802661
:104F200076003200AF4C2700380015F035FC310018
:104F3000200014F03EFC2100280000F003F8F1BC32
:104F400008BC184780B502008020800042438420BE
:104F5000400000F06CF809BC184780B502008020C2
:104F6000800042438420400000F024F809BC184728
:104F700080B58021890048430090BA485821842296
:104F80005200815469468978FF220A328154694669
:104F9000497885225200815469460978FF220C32F3
:104FA00081540421CA2292008150002000F0D7F8D9
:104FB00009BC184776B505000C008A4ED220842122
:104FC0004900705401A88078FF210A31705401A86B
:104FD000407885214900705468460079FF210C31E2
:104FE0007054FF20862149007054FF210E31705407
:104FF000872149007054FF21103170540820CA21C4
:1050000089007050CC2080003550012000F0A7F8B6
:10501000002C09D0002005E0311886229200895C1E
:105020002154401CA842F7D373BC08BC1847F7B5FD
:1050300004006C4D8C4F532038708C4E02A8807841
:10504000307002A840788521490068546846007A8B
:10505000FF210C3168540420CA21890068500020C7
:1050600000F07DF88220387002A88078307002A8A5
:1050700040788521490068546846007AFF210C3148
:105080006854002006E00199095C2A1886235B0019
:10509000D154401CA042F6D3241DCA2080002C50BD
:1050A000002000F05CF8CE20800028180188491C00
:1050B0000180F7BC08BC18476D4801688022D20007
:1050C0000A4302607047000000C0FF3F1CC0FF3F62
:1050D00000C002E0FF3FFFFFFFFFFCFF10B5FFF73E
:1050E000EEFE4021634801601448D7220260FF228F
:1050F00002600122124B1C68A4081440002CF8D056
:1051000004681C68A4081440002CFAD00068034A04
:1051100011600006000E10BC08BC184718C0FF3F05
:10512000FFFFF3FF140003E0200003E0FF00FFFF98
:10513000000003E0040003E0100003E0080003E0C7
:105140000C0003E080B5FFF7C9FF01000906090E56
:10515000C909012048400006000E0ABC1847F1B5F5
:10516000FFF7F0FF0028FBD14027424807603E4888
:10517000002421000BE0404A126813009B07DB0F5C
:10518000002BF8D002783D4B1A60401C491C3C4A69
:1051900012689142EFD30125374E3068284000282D
:1051A000F9D00098002817D0FFF789FE0D48862116
:1051B000890041180BE0314AFF23136033689B08D4
:1051C0002B40002BFAD012680A70491C641CCC22B8
:1051D000920082589442EED32A480760F1BC08BC82
:1051E0001847000088E1004010B5C2B08421490092
:1051F00000226C46200015F03BFB69460020FFF7BB
:105200006BFE21480188491C0180204A1300D033DD
:1052100069461C680C701C68240A4C701C68240CBD
:105220008C701B681B0ECB70D423D35C0B71D632F1
:1052300013884B7112881204120C120A8A710288A8
:10524000CA7100880004000C000A08721048C06A85
:10525000487269460020FFF760FE42B010BC08BCEF
:105260001847000088E1004090E2004091E20040D1
:10527000C4C01FE01CC0FF3F0C0003E0080003E0B7
:10528000B0E4004018C0FF3FC0E4004020E7004009
:10529000E4EB0040BD487047F8B5BD4C00252560E3
:1052A00065602E000AE010212A00102070432018AB
:1052B00007000C37380015F0DBFA761C072EF2DBFE
:1052C000E56780202550C8202550CC202550A560BA
:1052D000F1BC08BC184780B5AD48002101604160B1
:1052E000CC228150AB480AF095FE01200ABC184739
:1052F000012070470120704701207047012070474E
:1053000080B5A4480AF086FE01200ABC184738B5CB
:10531000A148C06B002810D19D4C2500C8352868D5
:10532000002805D19D4B91229D499E48FCF7B4F978
:10533000CC202058296800F04CF9012032BC08BC70
:10534000184780B51023F02277210020FCF764FB7A
:1053500000210020FCF7F6FB0020FCF7E6FB032110
:105360000120FCF7E5FB0020FCF7DCFB802040027D
:10537000FCF748FB8C48FCF7E9FB8C48FCF7FBF991
:1053800001200ABC184700208949086001207047A5
:10539000012070470120704710B57D4CE06F002858
:1053A00005D1844BBA2284497E48FCF775F9E06F39
:1053B00000F00EF9002010BC08BC18477F48704769
:1053C00010B57F4C2068002805D17E4BC7227E494E
:1053D0007448FCF761F9206800F0FAF8002010BC6E
:1053E00008BC184779487047F0B585B006000D0035
:1053F0001100002422002F00380015F039FA112185
:1054000022006F46380015F033FA10226048102150
:105410004E43801901000C31684615F0E9FB01008C
:10542000280016F095F8684615F0B6FB28182100FC
:105430000170451C6946280016F08AF8684615F088
:10544000ABFB281821000170451C6946280016F0A6
:105450007FF8684615F0A0FB281821000170451C54
:105460006946280016F074F8684615F095FB281870
:10547000047005B0F0BC08BC184745484649096CA3
:10548000891E01600121CC2281500120704710B596
:105490003F488168012901DA002007E004008434D4
:1054A000442221000020FFF79FFF200010BC08BC11
:1054B000184710B536488168022901DA002007E054
:1054C00004008434442221000120FFF78DFF2000D6
:1054D00010BC08BC184710B52D488168032901DAB3
:1054E000002007E004008434442221000220FFF75A
:1054F0007BFF200010BC08BC184710B52448816809
:10550000042901DA002007E0040084344422210049
:105510000320FFF769FF200010BC08BC184710B536
:105520001B488168052901DA002007E00400843463
:10553000442221000420FFF757FF200010BC08BCC4
:10554000184710B512488168062901DA002007E0E3
:1055500004008434442221000520FFF745FF200089
:1055600010BC08BC184710B509488168072901DA42
:10557000002007E004008434442221000620FFF7C5
:1055800033FF200010BC08BC18470000F0AF020039
:1055900024E80040E8B10200E4EB00404CB0020017
:1055A00008B002001CB00200404C02006CB00200C7
:1055B000ECE80040CCB00200B0B00200ECB0020059
:1055C000A4E8004040B1020024B1020060B1020032
:1055D0000047084770B5C2B0994C0020C043206016
:1055E0008221490060508221890060508321890016
:1055F0006050002593496550C62189006050C7213D
:1056000089006050802149002A00C82080002618A7
:10561000300015F02DF98420C00025506946002087
:10562000FFF75AFC002820D096486946CA7812062F
:105630008B781B0413434A7812021A430B781343E6
:10564000D02283500A79D423C2548A7912024B792A
:105650001A43D623C252087A0002CA7910438A4AF2
:105660001080487AC149C86205E0C048416A0029F3
:1056700001D10121816242B070BC08BC184738B525
:1056800004002000001E8021C900884207D37F4B00
:105690006A227F497F48FBF7FFFFB54810E00825E5
:1056A0002000290015F024F9443000F00CF80028FF
:1056B00004D02000290015F01BF900E0AC490800D7
:1056C00032BC08BC1847F8B50400200044388028D4
:1056D00007D38D4B81228D496E48FBF7DDFF0020FB
:1056E00021E0012556488221490047183968A14226
:1056F00018D084214900461831002000FFF7ECFB48
:105700000500002D0BD1310020008030FFF7E4FBB5
:105710000500002D03D031002000FFF7FEFB002D17
:1057200000D03C602800F2BC08BC184738B544489B
:1057300082214900451829684439802907D3724BD2
:105740009B228C495348FBF7A7FF00200CE08421E3
:105750004900441821002868FFF7DFFB2100286872
:105760008030FFF7DAFB012032BC08BC184710B5C7
:10577000401EFFF784FF04007D48844205D1904B12
:10578000AC2290494348FBF787FF200010BC08BCBF
:10579000184738B5002406E0894BBD228A493D48A8
:1057A000FBF77AFF641C8025ED00AC4211DA0CF0A7
:1057B0008BF92000FFF763FF84498842ECD0204931
:1057C00020225043081891214900405A95498842A7
:1057D000E8D1AC4201DB7D4800E0200032BC08BCCF
:1057E0001847F8B504002000001F202807D3464BB7
:1057F000F7228D492748FBF74FFF00201CE00125C9
:10580000AD4E3068A04216D0371D39002000FFF79A
:1058100063FB0500002D0BD1390020002030FFF77D
:105820005BFB0500002D03D039002000FFF775FB5E
:10583000002D00D034602800F2BC08BC18470000DE
:10584000CCD900402404000038B59B4D2868001FC7
:10585000202808D32C4B8A22520098499848FBF7FD
:105860001BFF00200AE02C1D21002868FFF755FBD4
:10587000210028682030FFF750FB012032BC08BC13
:105880001847000020E70040C0E40040E0B20200FA
:105890008CB20200ACB20200F8B50600A2204000B3
:1058A000301A8849884208D3874B91225200874991
:1058B0008348FBF7F1FE002023E001217E4C82208B
:1058C0008000205886421BD0370000250EE0009152
:1058D00080204000684320188421890041187819ED
:1058E000FFF7FAFA0099084001006D1C012DEEDB6C
:1058F000002905D082208000265083208000275078
:105900000800F2BC08BC184720B30200FCB2020039
:1059100070B50400A2204000201A6A49884208D3CA
:10592000694BFF223A3299496548FBF7B5FE0020E2
:1059300018E0260000250BE05F48802149006943FC
:1059400040188421890041187019FFF7E6FA6D1C90
:10595000012DF1DB584882218900445083218900C0
:105960004650012070BC08BC18470000E4EB004022
:105970000540008040B3020038B50400A22040007A
:10598000201A5049884206D3814BA52252008149F2
:105990004B48FBF781FE80252000290014F0A8FF6A
:1059A000001DFFF71EFF002804D02000290014F07E
:1059B0009FFF00E0B549080032BC08BC1847000052
:1059C0008CB3020064B30200A0B302000540008063
:1059D00070B50500A224640007E06F4BFF2264321B
:1059E0006E493748FBF758FE641C80267601B442A6
:1059F00011DA0CF069F82000FFF7BEFFA3498842D6
:105A0000EBD0AC42F0D02C490222504308188088D9
:105A100004498842E8D1B44200DB9C4C200070BCB1
:105A200008BC1847FFFF0000C0B30200F3B581B007
:105A3000002607E0584BD022520095492048FBF73A
:105A40002BFE761C8020C00086422ADA0CF03CF83F
:105A50003000FFF714FE04008C488442EAD0164D53
:105A600020206043281891214900405ABA498842B1
:105A7000E7D01022019920206043281884235B007E
:105A8000C01815F073FD070003220299202044433B
:105A900028198C235B00C01815F068FD38430028D6
:105AA000CFD18020C000864201DB002001E0761CBF
:105AB0003000FEBC08BC1847CCD90040E0B302005F
:105AC000ACB20200BC0E000018B4020000B4020028
:105AD000F8B5A2490968002901D06C4848E0FFF7F1
:105AE00046FE00909E4F009820214843381891218F
:105AF0004900445A984D200029000004000C8842B7
:105B000001D1624834E000200BF0DEFF20000004E9
:105B1000000CFFF731FF5D4EB0422CD00221414313
:105B2000791889882404240CA1422DD10126360637
:105B3000360E0C0021000904090CA94206D02900E8
:105B40000222504338188180FFF77EFE002E05D1D7
:105B5000200029000004000C8842D5D100982021A3
:105B600048433818912149004552FFF7DFFD0020D6
:105B7000F2BC08BC1847894BFF22C83288498948C3
:105B8000FBF78AFD3000F3E70026D0E738B40200C7
:105B900070B4020054B402008CB3020090B402004E
:105BA000FEB514006D4A1268002A01D0002069E099
:105BB0000191029001990298FFF738FF002805D063
:105BC000002C01D100205DE0FFF782FFFFF7E1FD2F
:105BD00007002E4DAF4201D1002053E03800FFF7FF
:105BE0004EFD0400AC4208D16F4BFF22F4326F49E6
:105BF0006C48FBF751FD002044E0102100263200E4
:105C0000574D20206043281884235B00C018009063
:105C1000009814F02DFE0098102202992020604375
:105C2000281884235B00C01814F0E2FF032132001F
:105C30002020604328188C235B00C0180090009837
:105C400014F016FE009803220199202060432818C2
:105C50008C235B00C01814F0CBFF07229249202050
:105C600060432818FF231C33C0180090009814F0DC
:105C700093FD009820204443281992214900465062
:105C80007F1C3800FEBC08BC18470000054000809F
:105C9000B0B40200FEB505000C00002D07D0002CAA
:105CA00005D00198002802D00298002806D17F4B29
:105CB000822292007E493B48FBF7EEFC27480068B1
:105CC000002801D07B4843E021002800FFF7AEFE0A
:105CD0000400002C01D177483AE002990198FFF7BF
:105CE000A5FE002801D0734832E02000FFF73FFDF9
:105CF00005001021002632008F4C20206843201818
:105D000084235B00C718380014F0B2FD10220199FB
:105D100020206843201884235B00C01814F068FF1B
:105D2000032132002020684320188C235B00C61812
:105D3000300014F09DFD0322029920204543601994
:105D40008C235B00C01814F053FFFFF7EFFC00201A
:105D5000FEBC08BC18470000FFFF0000A4E900409B
:105D6000CCD9004070B504000D0073480021C94330
:105D7000C62292008150C7229200815080214900A2
:105D80000022C8239B00C618300014F071FD2900C2
:105D90002000FFF74BFE70BC08BC1847E0B40200BF
:105DA000C8B40200ACB202008CB30200F8B4020026
:105DB000FEB50D00FFF7DBFC5F4920224243891846
:105DC000912252008C5A5D498C4201D15C4851E0CD
:105DD0000095594920225043081892214900405803
:105DE0000099814201DB564844E000988021490037
:105DF00014F07EFD019000273E0010E04E49022283
:105E000050430818808884421CD101210906090EDC
:105E10000400002918D14948844215D0761C019805
:105E2000864213DA0BF050FE2000FFF7A5FD444D2B
:105E3000A842E3D1434B444A44494548FBF72CFC74
:105E4000280017E03900E1E7280013E02000FFF701
:105E500023FD002808D13F4B982292003B493C4843
:105E6000FBF71AFC364805E000988021490014F041
:105E70003FFD0800FEBC08BC184780B5FFF777FC63
:105E80002D49202242438A1891235B00D25A2B4B82
:105E90009A4201D1002005E02022504308189221A7
:105EA000490040580ABC1847C0EC004028B5020021
:105EB00010B5020005400080F7B582B01C00002537
:105EC0000298FFF7DAFF03990968461A012E01DAF2
:105ED0001B482AE0039801680298FFF769FF1849F8
:105EE000884226D0802149000F1ABC4200DA2700E0
:105EF000BE4200DA37003A000F49081884218900B1
:105F00004118049840190090009814F045FC00983E
:105F1000ED1903980068C01903990860E41BF61B8B
:105F2000012E01DB012CD5DA280005B0F0BC08BC3D
:105F300018470800F9E70000CCD90040FFFF000037
:105F400005400080E0B40200530200003CB50200AE
:105F5000ACB202005CB50200F8B584B0050084481C
:105F60000068002801D0B04885E0009180246400DA
:105F70000098210014F0BCFC002901D0012600E0AB
:105F800000260098210014F0B3FC8619002E07D1DA
:105F9000A64BA74AA749A848FBF77EFBA2486AE0A0
:105FA0002800FFF76AFF04002006000E002801D039
:105FB000012000E00020210A0818301A0290280071
:105FC000FFF7D5FB03909D480399202251434018C9
:105FD00091214900405A01900098A0425BD200985C
:105FE000012858DB0099491E2800FFF7E1FE8E4981
:105FF000884207D1924B934A8E498F48FBF74CFB5E
:10600000894838E0012500208C4F822080003E58CE
:106010003000FFF7B1FC844CA04230D00221414354
:1060200079188988029102998E4230D10124240680
:10603000240E002C08D1002D2BD002214843381803
:106040008680FFF701FC0025029E002CE0D07B48F3
:106050000199039A20235A43821891235B00D1525D
:106060000099039A20235A438018922252008150AB
:10607000FFF75CFB002005B0F0BC08BC1847724B72
:10608000724A6C496C48FBF707FB2000F3E70024D9
:10609000CDE76F4ED1E700988442D8D2029801280C
:1060A000D5DB2100491E2800FFF782FE69490D68F3
:1060B0005D49884222D16648FFF78AFC0190019829
:1060C0005949884201D15848D5E7019D2800FFF77A
:1060D00053FC04005448844205D15B4BA34A554904
:1060E0005548FBF7D9FA28005449022254430919AC
:1060F0008880FFF7A9FB0298401E029000272AE043
:106100002800FFF739FC04004748844205D14E4B74
:10611000974A48494848FBF7BFFA3500474E2800E0
:1061200002214C4331198880FFF78EFB2800FFF7CE
:1061300023FC04003C48844205D1434B8D4A3D4931
:106140003D48FBF7A9FA280002214C433119888009
:10615000FFF77AFB7F1C0298874200DB77E7019804
:10616000FFF736FC060030488642C9D12E4882E748
:10617000A4E90040F0B585B09F4C2468002C01D004
:1061800029484DE01C000191019909680919039102
:106190000399002901D1244842E00026029004928C
:1061A000019801680298FFF703FE1F4DA8420CD129
:1061B00003990298FFF7D0FE002810D101980168DA
:1061C0000298FFF7F5FDA8420BD080214900091A7B
:1061D000009100998C4206DA0094002405E0280022
:1061E0001EE028001CE00099641A009A049989199D
:1061F000124D281884239B00C718380014F0CCFADD
:10620000822080002858FFF783FB009836180198F9
:1062100000680099401801990860012CC0DA30002C
:1062200005B0F0BC08BC18470540008090B50200DE
:10623000A902000074B50200ACB20200CCD9004043
:10624000ACB50200B6020000E0B40200C2020000D9
:10625000FFFF0000D4DB0040F0B585B004000F0064
:1062600016001D00012E05DA8E4B8F4AA049A14869
:10627000FBF712FA00200190002000900494029590
:1062800008E09D4B9D4A9A499A48FBF705FA009809
:10629000401C009000988021C900884261DA0BF010
:1062A00013FC0098FFF7EBF9050054488542E8D04D
:1062B000A54C20206843201891214900405AA34949
:1062C0008842E4D0032204992020684320188C23BC
:1062D0005B00C01815F04AF90028D8D103229CA110
:1062E0002020684320188C235B00C01815F03EF96D
:1062F000002817D11022A3492020684320188423A6
:106300005B00C01815F032F90028C0D010229E4959
:1063100020206843201884235B00C01815F026F95C
:106320000028B4D00298002803D00298401E0290A2
:10633000ADE7102100220397039814F099FA03980F
:10634000102220204543601984214900411838005B
:1063500014F04EFC0198401C01901037761E002E60
:1063600095D1019805B0F0BC08BC1847DD020000CB
:10637000E9020000EF020000F8B507000020002548
:1063800000E06D1C802D33DA0BF09EFB28004430BA
:10639000FFF799F9002806D17C4BD92292007C495D
:1063A0005448FBF779F900240CE00322390020233C
:1063B0006343C0188C235B00C01815F0D7F8002881
:1063C00014D0641C082CDCDA5F482021614341189A
:1063D00091225200895A5D4A9142F2D008216943C4
:1063E0000E19761C002FE0D1300002E0300000E0F2
:1063F0000020F2BC08BC1847A4E90040054000801A
:10640000F3B581B00020002600E0761C802E44DA2F
:106410000BF05AFB30004430FFF755F9002805D146
:106420005A4B5C4A5C493348FBF736F900251DE0BE
:10643000032202992020684320188C235B00C01897
:1064400015F094F8002810D10199202068432018F5
:1064500084225200801815F09FF8202169436118AA
:10646000842252008918884215D06D1C082DCCDA80
:10647000354C20206843201891214900405A334967
:106480008842F2D00820704347197F1C02980028E8
:10649000CED1380002E0380000E00020FEBC08BC8D
:1064A00018470000D0B502003603000080B5401E3A
:1064B0000100091E8022D200914201D3002015E084
:1064C000FFF7DDF83549884201D100200EE01E4972
:1064D00020225043081891214900405A1B49884204
:1064E00001D0012000E000200006000E0ABC184781
:1064F000BCB50200ACB202008CB302003F03000046
:10650000E0B52749096800290AD02649897BC907CF
:1065100006D5254A00210004000CFBF76DFC10E0B5
:1065200022490CC9083969460CC1083901006A467C
:1065300011801730694688806422684603C8FCF7DA
:10654000C9FE0FBC18470000CCD90040FFFF000077
:1065500073707A0010B5164C00F014FC800A60606D
:106560006068642148431349FBF78EF8032801D281
:10657000012000E000200006000E0949086010BC60
:1065800008BC1847E0B50200E8B5020008B60200F2
:10659000F0B502007E0300001CB60200054000803A
:1065A000F0DD0040B8EC00403425020034B60200B3
:1065B00020E70040AF030000F0B5C84CA5443123EC
:1065C000F022872149000020FBF726FA0020FBF784
:1065D000ACFA00210020FBF7B5FAC148FBF7B6FA88
:1065E0000020FBF79FFA01210120FBF7A1FAC64822
:1065F000FBF708FAFC208003FBF7E9FA0A20FBF717
:106600002FFAC248FBF7B7F82123F0228F21490067
:106610000020FBF701FABE4F3888BE49884236DBBE
:10662000002634002CE02000322114F061F900290A
:1066300020D10A20FBF714FA00210020FBF782FA90
:10664000B548FBF798F8B548FBF795F86420604328
:10665000290014F04DF90200B149684614F040FADF
:1066600080204002FBF7CEF96846FBF7B9F8A64850
:10667000FBF7C8F90BF028FA2000FEF779FC641C40
:1066800080256D01AC42CEDB3E80FEF7ADFD0A20D9
:10669000FBF7E6F900210020FBF754FAC148FBF7AD
:1066A0006AF8002000200490BF4803900020C043F7
:1066B00003990860BD4802900020C0430299086019
:1066C000A224640005E00BF0FFF92000FFF754F965
:1066D000641C802040018442F5DB0020C043039904
:1066E00008600020C04302990860002405E00BF018
:1066F000EBF92000FEF7C3FF641C8020C000844239
:10670000F5DB0020C043039908600020C0430299D4
:1067100008600A20FBF7A4F900210020FBF712FA19
:10672000A348FBF728F880214901002205AC20008E
:1067300014F09EF800260020019019E0002080E06F
:106740000BF0C2F90198FEF79AFF00900098994962
:10675000884221D098480099202251434018912125
:106760004900445AB748844219D10198401C01900D
:1067700001988021C900884202DA04980028DFD0FD
:106780000A20FBF76DF900210020FBF7DBF98548B3
:10679000FAF7F1FF04246FE001200490F0E7A22053
:1067A0004000201AA849884212D3A6488249009A7C
:1067B00020235A438918912252008852FEF7B6FFCF
:1067C0000A20FBF74DF9A148FAF7D5FF0126CCE7DF
:1067D00000209C4FBC4225D0BC4203D005A8005DE0
:1067E00000281FD1012005A908552000FFF7C4F893
:1067F00005007048854205D1954BBA2295499648C7
:10680000FAF74AFF6C4802214D4340198188A220C3
:106810004000081A8C4A90420FD33C000020002808
:10682000D7D0A2E7002E03D18C48FAF7A4FF0126A7
:106830000098401CFFF74CF997E7A14200D07DE794
:1068400001200C00EBE7FF212A1884239B00D15480
:10685000401CFF28F7DD39002000FEF75EFB390001
:106860002000FEF739FB002805D1AB4BE522794922
:106870007948FAF711FF641C80204001844217DA3E
:106880000BF022F94C4D842080002F183900200095
:10689000FEF722FB0028EED1002E03D19F48FAF725
:1068A0006AFF01269E4800680028E4D10020D0E756
:1068B0000020C0430399086002990860FA20400054
:1068C0000BF0D6F8049800280CD0964B964A9749BE
:1068D000FC20800313F0E5FE5EE0C046ECEFFFFF16
:1068E000683E02008E480068002851D10A20FBF75C
:1068F000B7F800210020FBF725F98D48FAF73BFF98
:106900000024A2277F003AE0010001005CB60200EB
:10691000C0E400401D250000A8B6020008B7020030
:1069200034B7020005A8C05D002827D138008021B7
:1069300013F0DEFF001D204D2968884204D0002C92
:1069400002D0FEF781FF00243800FFF715F806009B
:106950001848864206D13E4BFF2212323D493E483E
:10696000FAF79AFE374802217143691889888142F3
:1069700004D002214E43A919888001247F1C802065
:1069800040018742CEDB002C02D0FEF75DFF0020E5
:10699000FA2040000BF06CF8B0488544F0BC08BC0D
:1069A000184700003CB70200D4DB0040D8DB0040B1
:1069B0008CB7020005400080CCD9004038B50028D3
:1069C0003CD057480068002838D10024200006E059
:1069D0001C49A34A02234343D2189180401C8028BB
:1069E000F6DB250008E02800001D9D490860FEF741
:1069F0002BFF0BF069F86D1C202DF4DB200008E064
:106A00001049974A20234343D21891235B00D15267
:106A1000401C0828F4DB08E020004430914908605D
:106A2000FEF784FE0BF050F8641C802CF4DB002091
:106A3000C0438B49086082225200885031BC08BC98
:106A400018470000FFFF0000BC0E0000DCB702008A
:106A5000D4B802003CB60200A0B802003CB8020064
:106A6000FFB5C3B04C9C80277F002000390013F095
:106A70003FFF01902000390013F03AFF00910024FD
:106A800013E0BE4206D0784BFF2256327749B74812
:106A9000FAF702FE330002AA45A94398FFF76AFB02
:106AA000A84211D00BF010F8641C019884420DDA52
:106AB0003B0002AA46A94498FFF7FEF90600AC4D38
:106AC000AE42DED1280022E0280020E0009B02AA8E
:106AD00046A94498FFF7F0F90500A54CA54201D15D
:106AE000200014E00098854206D05F4BFF22603200
:106AF0005E499E48FAF7D0FD2B0002AA45A94398AB
:106B0000FFF738FBA04201D1200000E0002047B091
:106B1000F0BC08BC184700004CB90200ECB80200F9
:106B2000A4E90040BD6900007CB902005CB9020024
:106B300024BB0200F0B58BB01700002F01D100205C
:106B400088E0029101900198FFF797F904000298FC
:106B5000A04206DB874BFF22823287498348FAF73F
:106B60009BFDA74206DB834BC322520082497F482C
:106B7000FAF792FD03A8FAF7B9F902007F4907A8CE
:106B800013F0AEFF01227EA107A8FFF709F8060067
:106B9000002E01D176485DE002980090002300228B
:106BA00001993000FFF75CFF714DA84201D1280028
:106BB00050E00298C319E01A0090029A019930003F
:106BC000FFF74EFFA84201D1280043E00198FEF7ED
:106BD0007FFF3000FEF7CBFD0500214C20206843ED
:106BE000201891214900405A009020206843201825
:106BF0009221490047580198FEF7B9FD00992022DB
:106C00004243A21891235B00D152202141436118D5
:106C1000922252008F50072220214D436119FF23F9
:106C20001C33C918202358432018FF231C33C518D0
:106C3000280013F0B1FDFEF779FD3000FEF797FD57
:106C40006549202250432018912252008152FEF7BC
:106C50006DFD00200BB0F0BC08BC184714100000FC
:106C6000CCD90040D0DA004098BB02007CBB0200C7
:106C7000FFB585B000200390002002900020019015
:106C8000002700260020009002E00098401C0090A1
:106C90000098802859DA00984430FEF714FD002847
:106CA00006D14E4BFF22C0324D493048FAF7F4FC72
:106CB00000251DE003224BA12020684320188C23CF
:106CC0005B00C01814F052FC002810D17F1C0EE0AD
:106CD000032245A12020684320188C235B00C018A4
:106CE00014F044FC0028E5D10198401C01906D1C73
:106CF000082DCADA3D4C2020684320189121490014
:106D0000405A35498842F2D00398401C0390032230
:106D100037A12020684320188C235B00C01814F092
:106D200025FC002803D10298401C0290DFE70322D3
:106D300030A12020684320188C235B00C01814F079
:106D400015FC0028C4D1761CD1E70E980899079A43
:106D5000069B059C039D2560029C1C601660019AA1
:106D60000A60076009B0F0BC08BC1847A0B8020070
:106D700005400080BCBB0200A8BB0200D0BB0200E3
:106D8000746D700070B50026340035000CE01749B2
:106D900002224243891889880F4A914200D0641C1C
:106DA000401C8028F3DB6D1C202D0DDA2800001D0F
:106DB000FEF717FD002805D1084B0F4A0F49104870
:106DC000FAF76AFC3000ECE70E48001B802149000E
:106DD000484370BC08BC1847FFFF000000BC02001D
:106DE000D8BB02006C6F67006D637300CCD90040A4
:106DF00073707A006C696200FF01000014BC02002D
:106E0000A0B80200BC0E0000F8B50025634CA560D8
:106E100063482067634860676348A0676560656191
:106E200024212A0026004836300013F021FD00F00E
:106E300016F8256180202550842025501826310021
:106E40002A0027001837380013F012FD31002A00FD
:106E50003034200013F00CFDF1BC08BC184700B51D
:106E60004E4800228261C2610021C1670262426213
:106E7000C166016007E004224A438218926C0368ED
:106E80009A180260491C0929F5DB09210161816E0C
:106E9000C16008BC184745480168454A0A4080213E
:106EA000090211430160434800210160016880220A
:106EB00012040A4302600020C043B64908607047CC
:106EC00010B5364CE06F002801D0FFF7C8FFA0686E
:106ED000216808182060A068616808186060A068D0
:106EE000E0600020A0602069401C20616069401CB7
:106EF000606100F061F810BC08BC184790039FE582
:106F0000000090E50110A0E3A00B11E10B00000AC6
:106F100084009FE5081090E5011091E2081080E5DB
:106F20000100A0E36C139FE5AC0081E560029FE5E2
:106F3000001090E5801891E3001080E50C0000EA55
:106F400054039FE5000090E50110A0E3200211E149
:106F50000400000A44039FE5001090E5101091E33F
:106F6000001080E5020000EA0000E0E320129FE547
:106F7000000081E51EFF2FE110B513F0E1FA1822A1
:106F8000B0480100183104003034200013F004FC34
:106F900013F0E0FA10BC08BC1847000060EA00409B
:106FA0009A9999400AD7A33CE65A343844C002E083
:106FB000FF3FFFFF908002E07CB5A24C20682500D7
:106FC000183515F065F80600206915F061F8010024
:106FD000300014F0D1FD616F14F056FF2860A069F5
:106FE000002113F0AFFE01D200202860A16FA0693C
:106FF00014F0A4FE13F002FF02000B0000209249DF
:1070000014F0B8FC13F0B6FE02001000002113F0DB
:1070100099FE02D88D48E06107E0A069110014F0E4
:10702000ABFD216F14F08AFEE0612068002810D0CB
:10703000206815F02DF813F0E1FE15F059F8020064
:107040000B000020824914F0F9FA13F093FE20623D
:1070500001E080482062A06CE16E0818E066202202
:1070600021004C3125004835280014F0A5FFE068C8
:10707000A066E06E092848D320690A2845D300207D
:10708000050005E0042141436118896C6D18401C1E
:107090000928F7DBE06E14F0FBFF060020690938D1
:1070A00014F0F6FF6C4914F067FD0100300014F095
:1070B00063FD0600280014F0EBFF310014F0E4FE3D
:1070C00013F09CFE00900191300013F097FE15F034
:1070D0000FF802000B000098019914F0AFFA13F0BA
:1070E00049FE6062606A13F089FE49004908002287
:1070F0005A4B14F06DFA06D9606A594913F022FE12
:1071000003D2002D01D10120E0676069FF212E31FB
:1071100088420CD36068002809D152488068002852
:1071200005D1514BA12251495148FAF7B5FA514ABC
:10713000F92080001058E16913F004FE04D3E069DF
:107140004D4914F063FA06D8206A4C4913F0FAFD51
:1071500001D2012000E000200006000EE16A814219
:1071600005D0E062002802D1012045495050E06975
:10717000414914F04BFA06D8206A404913F0E2FD69
:1071800001D2012000E000200006000EA06273BCC6
:1071900008BC18478C8002E010B52A4C606C0028AF
:1071A00025D0FA21490008000DF0E2F820008030D7
:1071B000016800291ED10121016007F041FD31481D
:1071C00007F0ADFC606B07F009FD2F482549096801
:1071D00081420FD027492D4A8A58002A0AD193228A
:1071E000D2008958002905D108F00DFC02E00020EA
:1071F00080216050206C00281DD020008430016860
:1072000000291BD10121016007F01AFD204807F079
:1072100086FC1D481349096881420FD015491B4A55
:107220008A58002A0AD19322D2008958002905D110
:1072300008F0E9FB02E000208421605010BC08BC8B
:107240001847000060EA00400000F03F0050C347CC
:107250000000694000004843000010410000144055
:10726000000020C0E4EB004074BC020030BC02000F
:1072700044BC02006CD000400150C34700004842AB
:107280005C04000088BC0200C44503009C040000AC
:10729000F8BC0200848002E0F4E80040A48002E030
:1072A000AC8002E008B4024B9C4608BC6047C04674
:1072B000C0A701001B0000EAE004A0E3780A80E315
:1072C0000000D0E548169FE55C2491E5000052E3FC
:1072D0000300001A0020B0E1FF2012E2240052E374
:1072E0001000001A5C2491E57C3491E5030052E122
:1072F0000C00002A5C2491E5013092E25C3481E5C7
:10730000583491E50200C3E75C0491E57C2491E5E3
:10731000020050E10300002A0000A0E3582491E598
:107320005C1491E50100C2E710369FE50000D3E54B
:10733000010010E3DFFFFF1A8E02A0E3780A80E36A
:10734000000090E50C0010E20C0050E3D9FFFF0AAA
:107350000000D3E5200010E30C00000AB0259FE5F3
:107360006C0492E5701492E5010050E10700002AD8
:107370006C0492E5011090E26C1482E5681492E5C9
:107380000000D1E7E014A0E3781A81E30000C1E532
:107390000000D3E50E0010E30200000A0100A0E3A4
:1073A0006C159FE56004C1E51EFF2FE1E0B589493A
:1073B0008968002906D0884A00210004000CFAF7E9
:1073C0001BFD10E0C3490CC9083969460CC10839D6
:1073D00001006A4611801730694688806422684639
:1073E00003C8FBF777FF0FBC1847F8B5794C0025A9
:1073F00065602068002877D013F0A2F87748255000
:107400008C20C000205C002804D07548255013F063
:10741000A1F869E072482658761E00E0761E002E1C
:1074200005D48B20C0002058805D2428F6D1012E81
:1074300009DA93480168934AA258914200D1056045
:1074400013F088F850E032008B20C00021588E489D
:107450002758380013F0A0F961482058801B00908D
:10746000009801280ADB009A8B20C000205881195F
:107470008B20C0002758380014F09EFD80480099EA
:1074800001608049611802680B689A4205D22A009F
:107490008B23DB00E35800681A549120C0002018A9
:1074A00006608C22D200A25C8B4BE2544B4AA2585D
:1074B0009223DB00E25013F04DF8026809688A421B
:1074C00004D22900704AA2580368D15401686E485A
:1074D000205808F0F6FEB4480078022801DB0125A8
:1074E000FFE72D062D0E6560F1BC08BC184700B5FE
:1074F0003848016800290FD04168002909D0816807
:10750000002901D1012100E000210906090E816056
:1075100004E00121816001E00021816008BC18477E
:107520002C48010010318B22D20081507F49411834
:10753000554A81508421890041188D22D200815002
:10754000802189004F4A815046219022D2008150EB
:1075500077490A68802313430B607E490A688023B9
:107560001B0613430B600A687B4B13400B600A68D1
:107570007A4B13400B6000210160416081609621CD
:107580008901774A81509849C160704710B5874892
:107590000168802252040A430260854885490A68CE
:1075A000024080235B0313430B60834A0B68134044
:1075B0008024E4031C430C6080490B681840086079
:1075C000086802400A60AE48006800F00BF810BC82
:1075D00008BC184728D500407C2002006404000045
:1075E0005C040000F0B50024754D2C60210005E01E
:1075F00022008D23DB00F3585A54491C7B4E902205
:10760000D200B2589142F3D3210009E022008B232B
:10761000DB00F3585A5422001B4BF3585A54491CB0
:10762000184AB2589142F1D30100714834502000F9
:107630008C22D200B0546F4834508E20C000345099
:107640006D4F832038706D48FAF71EF800092C60E2
:107650006B49087003203870012101430220084360
:1076600004210143C02008438649086007202860A0
:107670009E4880699321C9007050F0BC08BC18472F
:1076800084D900407C0400008404000080B58D484B
:107690000068002803D000208B49086017E0534899
:1076A000924989699322D2008258891A03290ED3FC
:1076B0002B4940189621890102688A4203D1E121B1
:1076C0004902016000E001600068FFF78BFF09BC20
:1076D0001847000014BE02008C0400003348016803
:1076E0008A4A0A400260802089490860002089494E
:1076F0000860704780B580208749086000F007F86F
:10770000FFF744FF01208349086009BC184700B512
:107710008248006801004900C90F002903D1802078
:1077200000067F49086008BC1847000056020000A8
:1077300040C0FF3F00B57B4A2C492E4808588E2395
:10774000DB00C958884202D0521E002AF4D108BC7E
:107750001847000020C0FF3FFFFFFFDFFFFFFFBF14
:107760009C04000010B50400200013F015FA12F07C
:10777000E7FE002104E0625C6B4B1B685A54491C15
:107780008142F8DB634C01008D20C000205800F0DE
:1077900039F88E21C900605000F014F812F0DAFEBA
:1077A00010BC08BC1847000051DF0040C4C01FE0F7
:1077B000FFFFCFFF00C002E0FFFF3FFF40C002E03D
:1077C000048007E0094801210A4A81500021084A43
:1077D00081508C22D20081548D21C90040580078FC
:1077E00007490870704700000200010028D50040DA
:1077F0005C0400006C0400000C8007E000A08C001A
:10780000008007E010B502000023012003E01C0007
:10781000135C6340401C8842F9DB2A211154401C50
:1078200019000906090E090930310C002406240E3E
:107830003A2C00DBC91D1154401C1907090F3031C7
:107840000B001B061B0E3A2B00DBC91D1154401CFC
:107850000D211154401C0A211154401C10BC08BCBD
:10786000184700B58FB0684630493C22FFF71AFD33
:107870006846FFF777FFFFF75DFF0FB008BC1847BA
:10788000C4D90040088007E000B58FB06846284999
:107890003C22FFF707FD6846FFF764FFFFF74AFF4A
:1078A0000FB008BC184700B58FB0684621493C228C
:1078B000FFF7F8FC6846FFF755FFFFF73BFF0FB0F7
:1078C00008BC184708DF0040C8D9004000B58FB099
:1078D000684619493C22FFF7E5FC6846FFF742FF7E
:1078E000FFF728FF0FB008BC18470000B8EC0040B5
:1078F00080B50848C0681149884202D0FFF7FAFEF7
:1079000001E0FFF7EBFE09BC18470000FFFFFFFE98
:1079100058C0FF3F28D500405CC0FF3F34C0FF3F48
:1079200038C0FF3F8096980090D9004024BD0200E7
:1079300060BD02009CBD0200D8BD02000200010033
:10794000148007E000B58D480068002801D08C48FD
:1079500000E08C4808BC18478B4870478B4870473C
:1079600000B5002085490968002901D1884813E045
:1079700088490968002906D0022908D005D30429BE
:1079800009D006D308E0844806E0844804E084482F
:1079900002E0844800E0BD4808BC1847BC48704776
:1079A00000207C490860704780B5FA20800008F00C
:1079B000E3FA08F044F801200ABC184780B508F043
:1079C00066F801200ABC184780B5B24808F01BF8D9
:1079D00001200ABC184780B5F9F70BFC01200ABC4E
:1079E000184780B565480068002802D1FFF782FE7D
:1079F00008E068480168491C01600168052901DB4D
:107A00000021016008F01BF801200ABC184780B56E
:107A1000A14808F0FFFA01200ABC1847012070476E
:107A200080B500F009F801200ABC18470120704712
:107A3000012070470020704780B59848FAF7C7F8D2
:107A40006E23F02235210020F9F7E6FF0021002007
:107A5000FAF778F802210120FAF76AF80020FAF71D
:107A600064F80020FAF75EF88D48F9F7CBFF8D48EF
:107A7000FAF76CF80120FBF763F9FAF70EF83F48C4
:107A80009421C9004158002903D08748F9F773FEB3
:107A90001FE00068002819D03E480068002806D082
:107AA00002280AD006D304280DD009D311E000F033
:107AB0007BF80EE000F0FAF80BE000F07BF908E04C
:107AC00000F0FCF905E000F04DFA02E0B548F9F7E6
:107AD00052FE0020FBF734F909BC1847F0B585B019
:107AE00004000D0016001F002000290000220023C2
:107AF00014F0B6FB03D20A9F80200006454004968E
:107B00002000290014F0CAFB0600300014F010FD1C
:107B100002000B002000290013F02CFF0022A24BD2
:107B200014F0E8FB13F026F90500280014F0DEFC41
:107B30000400200013F098F90100280014F0A4F9C3
:107B400013F05CF90022984B14F0D4FB13F012F9F7
:107B500003A90F7000224A7003A9029113F04EF995
:107B60000090019123003200CE49049812F0B8FF32
:107B7000049805B0F0BC08BC1847000028D50040A8
:107B80001CBE02003CBE020060BE020078BE0200C5
:107B900090BE020034ED0040A0BE0200B8BE02005C
:107BA000D0BE0200E8BE020010B590B07F48F9F7E1
:107BB000E2FD7F4CDB208000201814F0EBFC532208
:107BC00000924E230BAAFFF789FF0200B64901A8D5
:107BD00012F086FF01A8F9F703FEDD2080002018CF
:107BE00014F0D8FC5722009245230BAAFFF776FF2A
:107BF0000200AE4901A812F073FF01A8F9F7F0FDE9
:107C0000DF208000205813F0F9F802000B00A8498B
:107C100001A812F065FF01A8F9F7E2FDE02080005D
:107C2000205813F0EBF802000B00A24901A812F053
:107C300057FF01A8F9F7D4FDE1208000205813F088
:107C4000DDF802000B009C4901A812F049FF01A8D1
:107C5000F9F7C6FDFF202A30225CB94901A812F0CD
:107C60003FFF01A8F9F7BCFDB64C2078002805D0ED
:107C7000B548F9F7B5FD0020207002E0B3A0F9F790
:107C8000AFFD10B010BC08BC1847000000BF0200D8
:107C90001CBF0200C445030018C30200003F3F00A0
:107CA00001000100404C020030BF020010B590B04E
:107CB000A748F9F795FD3E4C8B204000205C0090D2
:107CC000FF201630235C8A204000225CA14901A8D5
:107CD00012F006FF01A8F9F783FD532000904E2310
:107CE0000BAA8C204000201803C8FFF7F7FE020003
:107CF0006D4901A812F0F4FE01A8F9F771FD5720B3
:107D0000009045230BAA90204000201803C8FFF7DD
:107D1000E5FE0200654901A812F0E2FE01A8F9F7AC
:107D20005FFD94204000225C8B4901A812F0D8FE30
:107D300001A8F9F755FDFF202A30225C874901A8E8
:107D400012F0CEFE01A8F9F74BFD98204000201854
:107D500003C813F00FF813F051F802000B0080492C
:107D600001A812F0BDFE01A8F9F73AFD9C204000E1
:107D700020180CC808384E4901A812F0B1FE01A81D
:107D8000F9F72EFDA820400020180CC80838D64965
:107D900001A812F0A5FE01A8F9F722FD10B010BC51
:107DA00008BC184774BF020000004E40ACBF020080
:107DB000F8DD004038B58CB0AC48F9F711FDAC4D9A
:107DC00001A88A214900695C0170002421004170EA
:107DD00001AAA84902A812F083FE02A8F9F700FD43
:107DE000FF205A302A5CA44902A812F079FE02A8AA
:107DF000F9F7F6FCC4204000281803C812F0BAFFB7
:107E000012F0FCFF02000B009C4902A812F068FE71
:107E100002A8F9F7E5FCC8204000281803C812F0B2
:107E2000A9FF12F0EBFF02000B004D4902A812F06F
:107E300057FE02A8F9F7D4FCCC204000281803C84C
:107E400012F098FF12F0DAFF02000B00A74902A817
:107E500012F046FE02A8F9F7C3FCAA48F9F7C0FCE5
:107E60001AE0022060432818AF214900405A0090D0
:107E7000022060432818AE214900435A0220604383
:107E80002818AD214900425AB74902A812F028FE2D
:107E900002A8F9F7A5FCE41C0C2CE2DB0DB030BC09
:107EA00008BC18479CBF0200E4BF0200ECBF020000
:107EB000F4BF020000C002000CC0020078B58BB015
:107EC00001210120F9F734FE694DD32040002E181E
:107ED0003288974901A812F003FE01A8F9F780FC47
:107EE00000241AE00C2060432818D5214900405A8C
:107EF00000900C2060432818D621490043580C20DC
:107F000060432818D4214900425A984901A812F028
:107F1000E7FD01A8F9F764FC641C30888442E1DBCA
:107F2000984901A814F056FB03E001A8F9F758FCA2
:107F3000641C0C2CF9DB0CB070BC08BC18470000AA
:107F400018C0020088D9004024C002000D000000C3
:107F500034C002003CC0020054C0020064C00200F1
:107F600078C0020018B591B08748F9F739FC404C49
:107F70008648205C00908648235CC8208000225CF4
:107F8000844902A812F0ACFD02A8F9F729FCD2201E
:107F90008000205C00908048235C8048225A804901
:107FA00002A812F09DFD02A8F9F71AFC53200090D8
:107FB0004E230CAACA208000201803C8FFF78EFDAC
:107FC0000200784902A812F08BFD02A8F9F708FC1C
:107FD0005720009045230CAACC208000201803C80D
:107FE000FFF77CFD0200704902A812F079FD02A89B
:107FF000F9F7F6FBCE20800020180CC808386B4932
:1080000002A812F06DFD02A8F9F7EAFBD02080006B
:1080100020180CC80838664902A812F061FD02A8B1
:10802000F9F7DEFBD420800020180CC8083861491D
:1080300002A812F055FD02A8F9F7D2FB01A85E498B
:10804000615C01700021417001AA5C4902A812F034
:1080500047FD02A8F9F7C4FB12B010BC08BC1847D2
:1080600080B5574807F0CFFC09BC184798C00200FC
:10807000F8DD0040A0C00200ACC00200B8C00200A1
:1080800080B5FFF723FC01200ABC184780B5FFF735
:108090000AFC01200ABC184780B5FFF7F5FB012058
:1080A0000ABC184780B5FFF7DCFB01200ABC184763
:1080B00000B54448C168444A914201D1434806E0B2
:1080C000C0684349884201D1424800E0424808BCA8
:1080D000184700B53B480068002801D1002000E0A7
:1080E0003E4808BC1847000084C00200C4C002001B
:1080F00000B534480068002801D1002000E038486D
:1081000008BC1847D0C0020000B52E4800680028FF
:1081100001D1002000E0334808BC184700B52948C9
:108120000068002801D1002000E02F4808BC184753
:10813000F0C0020080B524482249CA68824202D1B8
:108140002348C86008E0CA68214B9A4203D18020C6
:108150004002C86000E0C860CA682449244803F0AF
:1081600055FD00200ABC1847E4C0020000C102000F
:1081700000B514480068002801D1002000E01D4827
:1081800008BC184718C102002CC1020022030000DD
:10819000210300003CC00200490300004A03000024
:1081A00034C10200E4BF0200ECBF020048C102007B
:1081B0005CC102006CC102002303000078C1020010
:1081C000BCC3020028D500400100010088C10200A4
:1081D00002000100B8C10200ECC102001CC2020092
:1081E0004CC202007CC20200ACC20200E4C2020027
:1081F000D8C20200F0C2020080B5FFF76FFA01207A
:108200000ABC184708B4024B9C4608BC6047C046ED
:10821000D0D4010010B5754886490968091D01656B
:10822000002285494250854942508549425080216B
:10823000C90001620121C164824981621421C162C5
:10824000826110230363C2614163802343621A2366
:10825000036418234364816411007B4BC1540321E0
:10826000416002607949425079494250794942500F
:108270007949411878230B600968784BC1509621E1
:10828000774BC418200012F0F3FA10BC08BC184752
:10829000F8B574A17448FDF765FD0600002E01D104
:1082A00072487DE0724F514D102000902B00083332
:1082B000704A3900300003F04FFA6C4CA04201D1F3
:1082C00020006DE02B002C336B4A3900300003F0A6
:1082D000B1F9A04201D1200062E02B002833674AA7
:1082E0003900300003F0A6F9A04201D1200057E088
:1082F0002B003433624A3900300003F09BF9A0426E
:1083000001D120004CE02B004C335E4A3900300094
:1083100003F090F9A04201D1200041E02B0040334E
:10832000594A3900300003F085F9A04201D12000FC
:1083300036E02B004433554A3900300003F07AF917
:10834000A04201D120002BE02B004833504A3900D5
:10835000300003F06FF9A04201D1200020E02B0093
:1083600030334C4A3900300003F064F9A04201D1A7
:10837000200015E02B1D484A3900300003F05AF95F
:10838000A04201D120000BE033482B18CC4A390021
:10839000300003F04FF9A04201D1200000E000209E
:1083A000F2BC08BC1847F8B506000D0014002DA15A
:1083B0002D48FDF7D7FC0700002F05D1374B82224F
:1083C00037493848F9F768F923002A0031003800A6
:1083D00003F054F9BB49884201D0012000E000209D
:1083E0000006000EF2BC08BC184700000400004064
:1083F000F8B506000D0014001AA11B48FDF7B2FCE9
:108400000700002F05D1254B972227492548F9F76A
:1084100043F923002A003100380003F0A3FAA949E8
:10842000884201D0012000E000200006000EF2BCCE
:1084300008BC184780910040F8520000FC49000039
:10844000F8490000B80B0000F752000094530000F8
:1084500098530000A4530000A05300009C53000058
:10846000FC520000696E690000C4020005400080F3
:108470000CC402001CC402002CC4020038C4020058
:1084800044C4020058C4020068C4020080C4020050
:1084900098C40200ACC40200C0C4020034C502008B
:1084A000E4C4020004C502004CC50200F0B58FB060
:1084B000854F86A138000830FDF754FC01900198E3
:1084C000002801D17F48F6E0814C82483B18824A5F
:1084D0002100019803F0AEF87A4EB04201D130008D
:1084E000E9E03B001833A94A2100019803F0A2F803
:1084F000B04202D0B869292801DB3000DBE000255A
:1085000000E06D1CB869854200DBD1E02A00521CF6
:108510009F4909A812F0E4FA0B2000900CAB9DA231
:1085200009A9019803F018F9B04265D00CA80078A9
:10853000A42169437918984A88542D210CA814F075
:10854000D3FF00285AD0401C04902D21049814F029
:10855000CBFF0400002C53D00498201A0090009800
:1085600006284FDA05210022A420684338188B4BD7
:10857000C0180590059812F07BF90598009A0499A7
:10858000A42068433818854BC01812F031FB601CDA
:108590000490049812F000FB00900098062833DA4B
:1085A00005210022A42068433818AF4BC4182000CE
:1085B00012F05EF9009A0499A42068433818AA4B77
:1085C000C01812F015FB03ABA8A209A9019803F08B
:1085D00031F8B0421AD00398112817DA0398A42171
:1085E00069437918A24A885400242000A4216943D1
:1085F0007918A04A885443E030005CE030005AE02B
:10860000300058E0300056E0300054E0300052E0D6
:10861000A420684338180221614340189649029A01
:1086200042522200521C954906A812F059FA02AB98
:1086300006AA09A9019802F0FDFFB04234D0A42097
:10864000684338180221614340188D49029A42520A
:108650002200521C8B4906A812F042FA02AB06AA6D
:1086600009A9019802F0E6FFB0421FD0A420684398
:1086700038180221614340188349029A4252641C0F
:108680000398844200DB3CE72200521C7F4906A885
:1086900012F026FA02AB06AA09A9019802F0CAFF55
:1086A000B042B5D1300006E0300004E0300002E016
:1086B0000120386000200FB0F0BC08BC1847000053
:1086C000CCC4020005400080040000406C696200D8
:1086D00070C502005430000078C50200F0B56C4C43
:1086E000F32080002058002803D06A482058002832
:1086F00000D147E0684E306A022112F0F9F8050017
:10870000323D0220684320189421C900405A0221BA
:1087100069436118F6229200895A411A002931D022
:108720005E483718C820C00112F0E2F83860802097
:10873000400068433968022255436219F6239B00C2
:10874000D25A5143401A56497050306A316A022257
:1087500051436118534A895A80310912401A316ACB
:108760004910814207DA022148432018F621890086
:10877000405AB06206E0306A0221484320184A4954
:10878000405AB062F0BC08BC1847000084C5020023
:108790008CC502004E00000062300000583000001E
:1087A000F8B504003C483D49415861433C4A825871
:1087B00089180E12002E01D5002604E0016A8E42AF
:1087C00001DB066A761E324D022171436918F622DA
:1087D0009200895A8C4222DA00E0761E0220704311
:1087E0002818F6218900405A844201DA002EF4D17B
:1087F0000220704328182D49405A001B12F09EFA9F
:108800000700022070432818F6218900405A201AD8
:1088100012F094FA874223DA761C21E0761C0221BA
:1088200071436918F6229200895AA14203DA016A5B
:10883000491E8E42F2DB022070432818F62189007F
:10884000405A001B12F07AFA0700022070432818E1
:108850001549405A201A12F071FA874200DB761E41
:108860003000F2BC08BC18475D3000004C6E0000C0
:1088700064300000FA3000006A3000009CC502003D
:108880008A300000A4C50200AA30000094C502008E
:10889000AC530040D80B000004000040FC4900002D
:1088A000F8490000DA0B0000D6030000DA030000EC
:1088B000F7B584B00020029000200190002645E02A
:1088C0000522A42070432018C1494118280014F043
:1088D0001DFE0522A42070432018BE49411828001F
:1088E00014F014FE0DE0BCA1A42070432018B94A76
:1088F000801812F015F90028E2D1C249280012F0C0
:1089000027FE0522C0A1280014F000FE6846A4211D
:1089100071436118BD4A895C30310170002141709A
:1089200005226946280014F0F1FD0522B8A12800AF
:1089300014F0ECFD0198401C0190B6482018016825
:10894000491C01600120B4496050761CB34CA069F9
:10895000864200DB52E1A42070432018B049405603
:108960000128F2D1A42070432018AE49405C69462A
:10897000097C8842E9D1AC4825189627280012F0D6
:108980000BF9381A0C2821D3019800281FD1A148CF
:108990002058012803DBB1A1280012F0D9FD059968
:1089A000280012F0D5FD0698002800D1BCE0ACA14B
:1089B000A42070432018874A801812F0B1F80028CC
:1089C0000DD19A49280012F0C3FD9AE716E10198EB
:1089D0000128E8DB96A1280012F0BAFDE3E7A1A187
:1089E000A420704320187B4A801812F099F80028C0
:1089F00004D19D49280012F0ABFD82E776A1A420A6
:108A000070432018734A801812F08AF8002804D1A5
:108A10009549280012F09CFD73E794A1A4207043AF
:108A200020186C4A801812F07BF8002804D1904975
:108A3000280012F08DFD64E78EA73900A420704352
:108A40002018644A801812F06BF8002804D139000D
:108A5000280012F07DFD54E787A73900A420704359
:108A600020185C4A801812F05BF8002804D1390005
:108A7000280012F06DFD44E780A1A4207043201867
:108A8000544A801812F04CF800280CD19627280080
:108A900012F082F8381A1B2804D37949280012F002
:108AA00057FD2EE7AAE0A1A1A42070432018494A4F
:108AB000801812F035F800280CD19627280012F003
:108AC0006BF8381A152804D39F49280012F040FD8E
:108AD00017E793E09DA1A420704320183D4A801819
:108AE00012F01EF800280CD19627280012F054F836
:108AF000381A1C2804D39E49280012F029FD00E7EB
:108B00007CE00522A4207043201831494118280038
:108B100014F0FCFC0522A420704320182D494118B4
:108B2000280014F0F3FCECE688A1A4207043201880
:108B3000284A801811F0F4FF00280CD1962728004D
:108B400012F02AF8381A0A2804D38A49280012F0A9
:108B5000FFFCD6E652E0029800283FD1A4207043E3
:108B600020181C49405C552838D1A4207043201897
:108B70008149405C352806D0A420704320187E49E6
:108B8000405C38282AD101200290E06B7B4912F02A
:108B9000D9F804D27AA1280012F0DAFCB1E6E06B31
:108BA000784912F0CFF804D277A1280012F0D0FC57
:108BB000A7E6E06B754912F0C5F804D274A128004D
:108BC00012F0C6FC9DE673A1280012F0C1FC98E6E5
:108BD0005D300000583000005250750021A1A420E3
:108BE000704320186C4A801811F09AFF002800D0BA
:108BF00079E6B649280012F0ABFC82E607B0F0BC7B
:108C000008BC184730C60200205B0000FA300000A4
:108C10005D000000945300009853000004000040E1
:108C20006330000062300000FC520000ACC502005E
:108C30002000000000B5002100E0491CA448826922
:108C4000914209DAA4224A438218A24BD256002A42
:108C5000F3D10121C64A815008BC18470D0000001D
:108C60005500000057507500B4C502004E7000005A
:108C7000C0C50200546800005261000046000000B8
:108C8000CCC50200F8B50400282C03DA904DA86981
:108C9000844202DB0020C04344E0A4206043281843
:108CA0008C4A8056012801D000203BE00F00A42010
:108CB000604328188849405C38702D207870002661
:108CC0003000B8700522A4206043281832494118AA
:108CD000380014F01BFC052280A1380014F016FCAB
:108CE0000522A42060432818A2494118380014F036
:108CF0000DFC0522A0A1380014F008FC6846A42150
:108D00004C4329199D4A895C303101704670052217
:108D10006946380014F0FAFB0522AEA1380014F0C1
:108D2000F5FB0120F2BC08BC18470000537200009C
:108D300080B500F00DF866480021A74A81508C4AA2
:108D4000815009BC18470000E4C50200480000003B
:108D500070B59621002422005D4DA0482E183000E9
:108D600011F086FD9E482C5070BC08BC18470000CE
:108D7000F4C5020010C602005F300000B91E053FB6
:108D8000445500001F856B3F4E5500000100A04177
:108D90004C4555004845550058300000F0B5B9B075
:108DA00007002BA88F493822FEF77CFA1FA88E49AE
:108DB0003022FEF777FA15A88C492822FEF772FABE
:108DC0000CA88B492422FEF76DFA01A889492C22B0
:108DD000FEF768FA88A1002F03D02BA8F8F7B9FC9A
:108DE00001003A004920FFF763FD83A4002F03D060
:108DF0001FA8F8F7AEFC0400354E962577483018CA
:108E000011F0CAFE281A05285BD33A0021004D2034
:108E1000FFF74EFD78A5002F03D015A8F8F799FCB1
:108E20000500764C96210091200011F0B5FE0099C6
:108E3000081A052845D33A0029005520FFF738FDC8
:108E40006DA5002F03D00CA8F8F783FC0500962130
:108E50000091200011F0A0FE0099081A052830D3D7
:108E60003A0029004E20FFF723FD63A5002F03D011
:108E700001A8F8F76EFC050096210091200011F082
:108E80008BFE0099081A05281BD33A0029005020B0
:108E9000FFF70EFD36483058002807D0B048F8F7E5
:108EA00058FC0100200012F053FB0AE04A483058F9
:108EB000002806D1AB48F8F74CFC0100200012F066
:108EC00047FB39B0F0BC08BC1847000020C60200C0
:108ED0000400004063300000623000002D000000FC
:108EE00070B50600A048A1494518A14C2968091D84
:108EF0002165296809889F4AA150F32189004158BA
:108F0000002906D09C494058002802D0206800283B
:108F10000AD1FFF70DFF9948F8F71BFC01002F4815
:108F2000201812F015FB17E008F062FCFFF710FFA5
:108F300000F040F800F048FD0021C943884201D10B
:108F4000012000E000200A496050FFF773FE300066
:108F5000FFF724FF08F086FC962220482118286895
:108F6000CB4BC01811F044FE70BC08BC1847000081
:108F7000A45300005D3000005B000000FA300000E8
:108F800080B57948F32189004158002907D07A49F2
:108F90004058002803D076480068002801D10020FE
:108FA00006E008F025FC00F005F808F05BFC012065
:108FB0000ABC184710B56E4CE06AFFF7F1FBE061A0
:108FC00000F01EF800F050F900F056FA10BC08BC92
:108FD000184700005D3B200098530000FC52000041
:108FE0009453000040C6020078C60200A8C60200E2
:108FF000D0C60200F4C6020000000000005300408A
:10900000F0B587B00020009000200020049061E0BF
:109010000698C117564A126D9446029B0422534388
:109020006246D258D31713F03BFC029A521C0292AC
:1090300024184D41069AD31713F032FC32003B003E
:1090400006000F00B6185F410198401E019001987C
:1090500000281ED003980599401803900398002813
:1090600002D10598414205910398C82189008842A0
:1090700006DB884BA322920087498848F8F70CFB4F
:10908000874803994056069002988021C90088427B
:10909000BEDB3748240A29060C432D120022002388
:1090A000121BAB4100990423594341184A65360C01
:1090B00039040E433F140021761C4F4100990422CD
:1090C00051434018774946500098401C009004983E
:1090D000401C049004982649096A88423CDA2249D7
:1090E0002348006B009A02235A438A186E4BD25AC7
:1090F00050438030801201900498019A801A0290A7
:109100000298002810D51A490020009A04235A43D7
:109110008A185065009A04235A438918614A885076
:109120000098401C0090D2E796200002009A02238B
:109130005A4389185C4A895A11F0DAFB0199414374
:109140000391414205910026002734003D0001981B
:109150004000401C019087E707B0F0BC08BC1847EE
:1091600020C7020070C70200AC530040D43D00008D
:1091700004000040F8520000D80B0000B8C70200FD
:10918000F2B585B004000020029000200490002772
:10919000FF430197002003900026002532E0019A4A
:1091A000009B9A4208DA029AB61A019A521C009B56
:1091B0009A4201DA049AB61A8F420FDA039A002A09
:1091C0000CD104224A438218526DB6187F1C8F427C
:1091D00004DA04224A438218126DB6180F00009A6E
:1091E0000192029A0492019A04235A438018406D16
:1091F00002903000009A891A491C11F079FB206016
:10920000241D6D1C2948016A8D4229DA96490222E3
:109210006A438918954A895A8031059A1141002973
:1092200000D101216A1A00926918009A002A03D518
:1092300000202060241DE4E7026A914203DB016AFA
:10924000491E01220392019A002AA8D5009A914250
:10925000C4DB04235343C3185B6DF618521CF6E7B6
:1092600006B0F0BC08BC184738B5104D80482C1823
:1092700009212000FFF784FF8022520121002C00E9
:109280005434200011F088FA31BC08BC18470000A3
:1092900034100000FCC70200E4C7020004C502004D
:1092A0000CC8020054200000DC0B00000400004049
:1092B000F5B583B00E0000246B48022171434018BD
:1092C0006A49405A00906B4D0098A96C48430A21A6
:1092D00011F00EFB8030C711634802217143401822
:1092E000F6218900405AFA2804DA3900C907C90F63
:1092F00078104718002F00D10127286C00994843A7
:109300000A2111F0F5FA803000120290686C009981
:1093100048430A2111F0ECFA8030001201900398C2
:10932000301A00900498801B0199081A11F006FD6C
:10933000B8423BDA02980099401A11F0FFFCB8429B
:1093400026DA4948022171434018F6218900405A23
:10935000FA280DDB0398042148432818406D0128A2
:1093600014DB0498042148432818406D01280DDBC4
:109370000398042148432818406D012816DA049800
:10938000042148432818406D01280FDA01240DE01C
:109390000298301A002800D50020042148432818DC
:1093A000406D012801DA012400E00024002C55D092
:1093B000E86986422FDA286D04217143405800285D
:1093C00001D100244AE0286D042171434058296DE1
:1093D000019AB21804235A438958401A11F044FDE7
:1093E000002112F013F914D2010012F0A7FC0700BB
:1093F000286D04214E438059401C11F035FD0100B9
:10940000380012F0B9FBAC4911F09CFC26D20024C4
:1094100024E0002422E0E86C00281FD002984010CD
:10942000002800D1012001998910002900D10121D3
:10943000371A7618286A864201DB2E6A761E00E00B
:109440007F1CBE420ADB286D04217943405811F08D
:109450000BFD002111F076FCF2D80024200005B0AD
:10946000F0BC08BC18470000AC530040DC0B000007
:109470005410000004000040F0B587B000200290B6
:10948000002400200490002006908C4E30005430C0
:10949000039003980768002089497050012536E041
:1094A0008848022161434018F6218900405AFA2871
:1094B0002CDA0024681E029028E002214143059A1C
:1094C000914220DA022111F013FA0599029A04233D
:1094D0005A43B218526D891A884214DA0599042247
:1094E0006A43B218126D891A88420CDA6A1E21008A
:1094F0000298FFF7DDFE002805D0012004214C432F
:1095000031196F4A88500024681E02906D1C306A21
:10951000854267DA0020042169437118684A88503F
:109520000398001D039003980068C11B07000029E1
:109530000FD50020C043049004980699401A04995E
:109540000691029900290ED10128DFDB681E0290E6
:10955000DCE7012902DB01200490EDE7306A401EC0
:109560008542E9DAD2E7002C05D10121C9438842BE
:10957000CCD16C1ECAE7291B022805D00028C5D112
:10958000306A401E8542C1D10229BFDB032987DB37
:10959000042060433018406D0590706812F0C8FFD9
:1095A00000900191042060433018B249405811F0F6
:1095B0005BFC11F023FC12F09BFD009A019B12F062
:1095C00099FE12F06BFE3F49022262438918F6228F
:1095D0009200895AB26A8A4295DBFB2900DA6CE76D
:1095E00001006CE707B0F0BC08BC184730B535493E
:1095F000022250430818F6218900445A06252F48B4
:10960000406B6043FA2149004018FA218900F8F7BD
:109610003BF8A84208DA222C05DA2800032111F0D1
:1096200067F9281A00E0280030BC08BC1847F8B5D4
:1096300007003800FFF7B4F804002000FFF7D6FF5A
:109640001E4D0421614369180E0054363918AA6A68
:10965000914204DA0800FFF7A3F8001B03E0381A70
:10966000FFF79EF8201A71683268914202DA0021F1
:10967000C94300E00121012907DB22182B6A9A4225
:109680000DD3286A001B401E09E0221A002A06D1C9
:10969000200004E004224A43B6186418401E002843
:1096A00005D004224A43B25833689A42F2DA2000C5
:1096B000F2BC08BC184700000000C841040000408C
:1096C00054100000AC530040F8B586B000200100F3
:1096D000B34A1170009002E00098401C009000987E
:1096E000B049096A884200DBBFE0AE480099042215
:1096F00051434018AC4940580128EDDBA948009976
:10970000042251434018406D022111F0F1F80590F8
:1097100000242500009E5848009902225143401819
:10972000A249405A8030C0110390039804909D488C
:10973000042171434018406D01900198002824D401
:10974000019811F091FB0100080012F0F7FA029065
:109750000298290013F050F80500300011F084FB46
:10976000029912F0EBFA210013F046F80400761E7D
:1097700005980199884208DA002E06D40498401E04
:10978000049004980128D2DAFFE7009E761C854FEA
:10979000042070433818406D01900198002825D4AA
:1097A000019811F061FB010012F0C8FA02900298D2
:1097B000290013F021F80500300011F055FB0100DD
:1097C000029812F0BBFA210013F016F80400761C80
:1097D00005980199884209DA386A864206DA0398C0
:1097E000401E039003980128D1DAFFE720002900EA
:1097F00012F0C2F905006A4C6A48217804225143EC
:1098000040186B494550280011F0F8FA0022694BC6
:1098100012F038FF12F042FDFFF7E8FE61492278AE
:1098200002235A438918644A8852280000F096FEA1
:1098300011F0E4FA00225F4B12F024FF12F02EFD2B
:109840005849227802235A4389189422D201885217
:109850000120544922788918584A88542078401C9D
:1098600020702078FF2800D036E707B0F0BC08BC95
:109870001847000054200000AC530040F1B582B0FE
:1098800000200299C87200200299C8810020029924
:10989000088200271FE0FF21029A101892228154AB
:1098A00013E0401CB84210D2029909189222895C38
:1098B000009A9142F5D102990222424389187222FC
:1098C000895EA942E7DAFF20009000980299C91941
:1098D000922288547F1C0298007B87425DD2002030
:1098E000029902227A438918722288522D48806A8E
:1098F000029902227A4389181222895E884209DB82
:1099000002980221794340181221405E2549C96A14
:1099100088420CDA00200100029A02237B43D2180D
:109920005186029902227A43891852228852244D84
:10993000FF200299C9199222885400241BE0029842
:109940000221794340181221405E022161437118BF
:109950009422D201895E401A11F0F0F9000202212E
:1099600061437118144A895E10F0C2FFA84201DAFF
:1099700005000094641C0B4E1248305C8442DED318
:10998000FF20801C8542A5DA2800029902227A4332
:10999000891872228852002084E7F7BC08BC184757
:1099A000FB5200400400004054100000DC0B00009B
:1099B000FC4D00000000E03FFE4B0000F8510000AD
:1099C000FFFFFF0FF7520000F8B584B0002012E04F
:1099D0000022B54913000C18B44D635502234343CC
:1099E000CB189424E4011A53002204234343C918DA
:1099F000AF4BCA50401CFF28EAD3FFF765FEAA4CC4
:109A0000AC48205C00280CD1AB482118002004E0B1
:109A10000022D243CA72A431401CA2699042F7D3FB
:109A20003BE1A069002800D137E1A34825180026B2
:109A30000AE02800FFF722FF0020A42171436118EB
:109A40009E4A8854A435761CA0698642F1D3012031
:109A5000019099482518002608E00B202856002878
:109A600002D1280000F050FDA435761CA069864282
:109A7000F3D30198002805D0002001908E482618C5
:109A800000250EE00021080003E10B2030560028DD
:109A900005D1019F300000F061FB38430190A436EE
:109AA0006D1CA0698542F0D300252EE0009E8E42F9
:109AB0001CD002264E4386195227F65B002E15D085
:109AC00002264E4386195227F65B022E00DB521CFB
:109AD00046189227F65DFF2E08D046189227F65DAD
:109AE000A619724FF65D002E00D05B1C491C067B48
:109AF000B142DBD3002A01D0002B05D001210A009E
:109B0000C272019100F0D6F96D1C6A48205C854252
:109B100048D260196549405C0028F5D06648211894
:109B2000FF20002203E010000093A431521CA3691F
:109B30009A4217D20B23CB56002B05D00B23CB56C2
:109B40000126F643B342F0D1002300E05B1C0E7BFC
:109B5000B342EAD2CE189227F65DAE42F6D1FF2884
:109B6000E1D0D1E7FF28CFD0A421484320185249A3
:109B700040180099022251434118498E0029C3D050
:109B800000990222514341185222895A0229BBDB13
:109B90000B2141560122D2439142B5D000210A0047
:109BA0000B00A4E7019800285BD1002700E07F1C90
:109BB000A069874255D2A42078432018984940567E
:109BC0000028F4D101200090A420784320183A49BD
:109BD000401800F01BFA0390374825180020029027
:109BE000002601E0A435761CA069864225D20B2010
:109BF0002856002805D00B2028560121C943884249
:109C0000F0D1BE42EED0A420784320182A49411852
:109C1000280000F055FA0028E4D101200290280025
:109C200000F0F4F90399884205DA0B202856012147
:109C3000C9438842D6D10020009000980028B6D0B1
:109C400003980428B3DB02980028B0D0A42047432F
:109C5000E0191949401801210A00C272019100F06F
:109C600029F91548201800221100A369994200D350
:109C7000EFE60B23C3560125ED43AB4201D11300A0
:109C8000C372A430491CF0E70A002318074D5A5547
:109C9000401C084AA25C9042F6D30020009006487F
:109CA0002718002001902BE004000040F85100002C
:109CB000FC4D0000F752000058300000FA30000060
:109CC000206D04216943405811F0CEF8310012F0A4
:109CD00093FD06006D1C206A8542F1DB7248205816
:109CE00012F0D6F90100300011F046FF6F4911F073
:109CF0008DFC01D80120F872A4370198401C019016
:109D00000198A16988426CD20B20385600282DD4C6
:109D10000025387B8542EFD278199221405CFF28DC
:109D200013D0012631002018614A81543878552813
:109D30000BD1F879352802D0F879382805D1009868
:109D4000002802D100F06EF80096387842280BD136
:109D50007878612808D1B879332805D1F879332883
:109D600002D1380000F0F4FC6D1CD2E7387B0128EA
:109D7000C2D11220385E0028BED1A3482518287809
:109D8000002827D02878012811D19420C001261856
:109D90000020305EAD49401810F0D0FF1C2819DBC0
:109DA0000020305E4E3810F0C9FF062812DB2878FC
:109DB0000228A1D1A648205EA449401810F0BEFF99
:109DC0001C2899DA9420C001205E4E3810F0B6FFAE
:109DD000062891DA344820581F288DD30026002504
:109DE00079E700F0E8FB0021080004E06218304B3E
:109DF000D25C8018491C844AA25C9142F6D3AD49DA
:109E00000A78904202D20020C04305E0087800287A
:109E100001D0012000E0002005B0F0BC08BC1847CC
:109E200063300000F8B5BA20FFF701FC0400A24837
:109E3000FFF7FDFBA14D042148432818406D11F0A8
:109E400013F806003000002111F0E0FB26D20420B8
:109E500044432819406D11F007F8310011F08CFED1
:109E60000022AE4B16001F0010F0C8FF32003B006E
:109E7000FEF7C8F9AAA20CCA12F03CFAAAA20CCAB0
:109E800012F000FC0022AA4B12F034FA10F072FF1C
:109E9000A84911F0BBFB02D8AD4800E0AC48E8632C
:109EA000F1BC08BC18470000F852000001007A44D9
:109EB000F8510000F1B586B0FF200290002400E0C8
:109EC000641C0698007B844241D2069800199221B6
:109ED000405C00900098FF28F2D0784D0098281838
:109EE0009C49405C0028EBD0069802216143401851
:109EF000408E019001980028E2D00698022161432B
:109F000040185221405A0028DAD0069802216143B5
:109F100040181221405EFFF78AFB8727FF050421C6
:109F200048432818406D10F09FFF390011F006FFDC
:109F30000600019810F098FF390011F0FFFE002193
:109F4000009AAA18834BD154039604900294029865
:109F5000FF2855D000254FE00020009961187D4A68
:109F6000885448E00298854245D0069840199221CD
:109F7000405C00900098FF283DD0504C009820187D
:109F80007449405C002836D0069802216943401885
:109F9000408E019001980028DED006980221694386
:109FA00040181221405EFFF742FB8726F605042188
:109FB00048432018406D10F057FF310011F0BEFEED
:109FC0000700019810F050FF310011F0B7FE04991E
:109FD00011F0D2FD06003800039911F0CDFD3100DB
:109FE00011F0CAFD544910F0ADFE04D200200099D2
:109FF0006118584A88546D1C0698007B8542B1D37D
:10A0000007B0F0BC08BC1847F752000010B50100BB
:10A010000022100014E08B1892241B5DFF2B0ED041
:10A02000264CE3184B4C1B5D002B08D0401C022330
:10A030005343CB1852241B5B002B00D0401C521CF6
:10A040000B7B9A42E7D310BC08BC18474BFAFFFFC2
:10A05000024A000038B5FEF7A3FB0500002400E02B
:10A06000641C16483549415C8C421ED20421614370
:10A0700040183349405810F0C1FE0022314B12F015
:10A0800001FB12F00BF93049022242438918324A8F
:10A09000895A02224A4380321112421AAA42DFDA56
:10A0A00040188542DCDA012000E0002032BC08BC08
:10A0B00018470000FB520040E90300000400004084
:10A0C000F3B581B001200090029992310022130073
:10A0D00000E05B1C029C247BA3421BD20C78FF2C6B
:10A0E00014D01A4D2D191B4EAD5D002D0ED0019DC3
:10A0F00092350090160001E06D1C761C019F3F7B9D
:10A10000BE4203D22F78A742F6D10092491C009C90
:10A11000002CDED10098FEBC08BC1847D7A3E03F56
:10A12000D9CEF753E3A59B3FDBF97E6ABC74A3BF8E
:10A13000000059400100B44200002040F7520000E6
:10A14000FC4D00000000E03FAC5300400400004024
:10A150000000B442F8510000DC0B0000F1B58EB0F5
:10A16000C648406800020B90FF20069000200A902D
:10A17000002009900020089000200C9000200590FD
:10A180000020039000200490002007900020019000
:10A190000E98007B0D90002002902FE0002D2AD019
:10A1A00001200C9027E0380011F072FF01000D0033
:10A1B000380011F06DFF290011F0C0FD05000420EA
:10A1C0004643A019CF49405810F04EFE0100280028
:10A1D00011F0D2FC019912F00FFB01900A98401C7B
:10A1E0000A90002F02D00998401C0990022F02D338
:10A1F0000898401C08900298401C029002980D9903
:10A20000884200D38BE00E98029940189221405C5E
:10A210000E99029A02235A4389184D8EFF28BDD009
:10A22000964C042148432018CA49405810F0E6FDD6
:10A230000022C94B12F026FA12F030F806000698F8
:10A24000FF2803D1002D01D0029806900E980299A4
:10A250000222514340185221475A002DCBD0002FE3
:10A26000C9D0042070432018406D10F0FDFD00900F
:10A27000280011F00DFF009911F060FD00900420FE
:10A28000704320189F49405810F0EEFD01000098DF
:10A2900011F072FC0100039812F0AEFA039028004E
:10A2A00011F0F6FE0090280011F0F2FE009911F076
:10A2B00045FD05000420704320189249405810F0D5
:10A2C000D3FD0100280011F057FC079912F094FA11
:10A2D0000790012F01D1002503E0380011F0D8FECE
:10A2E0000500042070432018406D10F0BDFD2900CA
:10A2F00011F024FD050004207043201881494058C6
:10A3000010F0B2FD0100280011F036FC049912F0A3
:10A3100073FA0490012F00D045E700254FE70C9811
:10A32000002800D1E8E00A98002806D10020C043A8
:10A330000E99C87201200590DEE00898002804D02C
:10A340000498019911F018FC04900398079911F0F2
:10A3500013FC0390002500E06D1C0D98854200D38E
:10A36000C0E00E9840199221465C0E980221694384
:10A370004018408E0E9902226A4389185222895A47
:10A380000028E9D00229E7D3069AAA4200D37EE04A
:10A390000998002874D0080011F07AFE049911F091
:10A3A000CDFC04000E980221694340181221405E42
:10A3B00000900098FFF73BF90290304F029804217B
:10A3C000484338184F49405810F04EFD10F016FD24
:10A3D00011F08EFE10F0CEFC01908720C005210008
:10A3E00011F0ACFC019911F0C7FB04000E980B2191
:10A3F0004056002806D100985A2803D30120C043B4
:10A400000E99C8720B9810F02FFD210010F09AFCE5
:10A41000A2D20E980B2140560121C943884203D194
:10A420000220C0430E99C87202980421484338188C
:10A43000406D10F019FD8721C90511F07FFC0199CD
:10A4400011F09AFB01900B98022110F051FA10F0D4
:10A450000BFD0100019810F075FC1FD2FF2E05D1F5
:10A460000098FFF7F7FD002800D075E70020C043F3
:10A470000E99C8720120059034E0C04604000040E7
:10A480000020C0430E99C872012005902AE011F007
:10A49000FFFD039911F052FC040083E70698854202
:10A4A00000D159E70B98800010F0DEFC210010F07D
:10A4B00049FC00D350E72000019911F0E5FC9E49CA
:10A4C00011F0A4F800D947E7FF2E05D10098FFF757
:10A4D000C1FD002800D03FE70020C0430E99C8729C
:10A4E000012005900E980B2140560221C943884255
:10A4F00002D100200E99C87205980FB0F0BC08BCBC
:10A50000184700005420000030B5017B002200E015
:10A51000521C8A4218D2831892241B5DFF2BF7D05D
:10A520000224544304195225645B002CF0D0022409
:10A5300054430419648E002CEAD0804CE318804CFC
:10A540001B5D002BE4D002E00021C943C17230BC86
:10A5500008BC1847FC4D00000000E03FF8B50400BF
:10A56000200012F02DF90500764F022068433818BC
:10A57000F6218900405A11F08BFD06000220684345
:10A5800038187149405A11F083FD0700280011F076
:10A590007FFD0100200011F077FC0400380031003D
:10A5A00011F072FC210011F0C9FB310012F024F906
:10A5B000F2BC08BC1847F8B588B060484068000293
:10A5C000079062480590002006909BE005980221C4
:10A5D00069434018408E002878D0059802216943CD
:10A5E00040185221405A002870D0059840199221F5
:10A5F000405C01000906090EFF2967D04F4E01009B
:10A600000906090E71184E4A895C00295ED00006C1
:10A61000000E042148433018BD49405811F066FF30
:10A620000700380000040014042141437018406DF5
:10A6300011F07EFF02900391079812F03DF900900F
:10A6400001913F043F14042078433018B149405829
:10A6500010F00AFC10F0D2FB11F04AFD009A019BA9
:10A6600011F048FE0022AC4B10F0E8FF02000B0096
:10A670000298039910F0E2FF11F0E4FF01000904D1
:10A680000914062900DB0520332148436946088068
:10A690008026760005980221694340187221405EA9
:10A6A00010F04CFB301AFF21484300126A4600218B
:10A6B000515E4843000A0004000CB04200D3FF2062
:10A6C000241868466946097C491C01746D1C05986C
:10A6D000007B854200DA79E7200000040014FF289F
:10A6E00000DDFF242404241420001E2110F000F9B2
:10A6F000401C0599A22288540598A430059006981C
:10A70000401C069006980D498969884210DA002598
:10A7100028000599A222885405980B21405600066E
:10A7200000160128E8DB2C00280069460874CEE7F3
:10A7300009B0F0BC08BC18470100204504000040E7
:10A74000F8510000AC530040DA0300005C300040D8
:10A75000F1B584B000206946C88000206946888031
:10A760000020694608800025002069468870C820BE
:10A770004000FEF715F80600FA204000FEF710F83A
:10A7800069460881654C30000004001404214143EF
:10A7900060185430016813E012061216012A0EDB0D
:10A7A000721E6B469A800AE0012B01DB012517E03F
:10A7B000320012041214236A5B1E9A4210DA761CCD
:10A7C00032006F460823FB5E120412149A4273DAB9
:10A7D000001D0268531A1100002BE5D50025ED433A
:10A7E0006A469278AA1A6B469D706F460423FB5EF8
:10A7F000002BD1D06F460023FB5E002B08D1012334
:10A80000DB43120612169A42D9D16A461680D6E761
:10A810006B461B88F31A17003F063F16022F0AD01B
:10A8200012061216002ACAD1320012041214276A24
:10A830007F1EBA42C3D11A0012041214022ABEDBD0
:10A840001B041B14032BBADB6B4600229A5E042305
:10A850005343E218576D01220BE06F460023FB5E65
:10A8600017003F043F14DB1904277B43E3185F6D97
:10A87000521C13001B041B140B2B0EDABC466F4634
:10A880000023FF5E13001B041B14FF1804235F4307
:10A89000E3195B6D67469F42DFDA12041214062A41
:10A8A0008DDB69460020085E10F0DEFAFFF756FEE9
:10A8B00011F01CFE6946C88069460620085EFF212B
:10A8C0009231401A22281FD215482018002101E099
:10A8D000A430491C0A0012041214A3699A4213DA24
:10A8E0000278522AF4D14278502AF1D18278752A1E
:10A8F000EED1049AD27AC272062009040914A42265
:10A900004A43A118074A885405B0F0BC08BC184750
:10A91000FC4D000054200000000070400400004086
:10A9200058300000FA3000009C4870479C4870473F
:10A930009C4870479C4870479CA0704710B5972171
:10A94000890000229A4C20000FF092FF10BC08BC36
:10A95000184780B5FFF7F2FF05F071F801200ABC37
:10A9600018470120704780B5924805F04CF8012047
:10A970000ABC184710B5EA23F02235210020F7F76A
:10A980004BF800210020F7F7DDF80120F7F7CDF8AC
:10A9900001210120F7F7CCF88748F7F733F887480B
:10A9A000F7F7D4F8824C201DF6F75EFF21680D31D1
:10A9B000814202DA2068401C206005F068F801201E
:10A9C00010BC08BC184780B579480168002902D03E
:10A9D0000168491E016005F05AF801200ABC1847B9
:10A9E000012070470120704780B500F009F8012070
:10A9F0000ABC1847012070470120704701207047AA
:10AA0000F8B56F48F7F7E3F8EA23F0223521002084
:10AA1000F7F702F800210020F7F794F80120F7F784
:10AA200084F801210120F7F783F86348F6F7EAFF7D
:10AA30006248F7F78BF80120F8F782F9F7F72DF85D
:10AA40009621890000225F4C250028000FF010FF9E
:10AA50005D48F6F77EFE06005C4D200010F09CF885
:10AA60002A1A012A03DB3100200012F04FFD584E54
:10AA7000706A00280DD05748F6F76BFE07002000DB
:10AA800010F08AF82A1A012A03DB3900200012F09C
:10AA90003DFDB06800280DD04F48F6F75AFE07007C
:10AAA000200010F079F82A1A012A03DB390020006F
:10AAB00012F02CFDB06900280DD04848F6F749FE89
:10AAC0000700200010F068F82A1A012A03DB390079
:10AAD000200012F01BFDF06900280DD04048F6F769
:10AAE00038FE0700200010F057F82A1A012A03DB6D
:10AAF0003900200012F00AFD306900280DD03948D5
:10AB0000F6F727FE0700200010F046F82A1A012A5F
:10AB100003DB3900200012F0F9FC706900280DD029
:10AB20003148F6F716FE0700200010F035F82A1A13
:10AB3000012A03DB3900200012F0E8FCF06800284D
:10AB40000DD02A48F6F705FE0700200010F024F883
:10AB50002A1A012A03DB3900200012F0D7FC306AE0
:10AB600000280DD02248F6F7F4FD0600200010F072
:10AB700013F82A1A012A03DB3100200012F0C6FC68
:10AB80000B4801682000F6F7C5FEF8F7E3F800204F
:10AB9000F8F7D6F8F1BC08BC1847000060DE0200E8
:10ABA00074DE020090DE0200A4DE0200000000005D
:10ABB000C4E40040784D030001000100943302001A
:10ABC000003F3F00C8E40040B8DE0200570200002A
:10ABD000E4EB00401CDF020044E0020078E10200E8
:10ABE0007CE202003CE30200C0E40200E8E502006F
:10ABF000CCE602001CB501224BA14C48FAF7D0FF6D
:10AC0000002801D100200EE000240094F723484AD8
:10AC10006946FBF7AFFA4749884201D0012000E0BE
:10AC200020000006000E16BC08BC18477CB5424C3C
:10AC300042A12000FBF796F80600002E01D100206B
:10AC400021E0012238A12000FAF7AAFF0500002D1B
:10AC500001D1002017E0002420003000FBF70DF99F
:10AC6000002801D100200EE00090002300223100D6
:10AC70002800FBF7F5FE2F49884201D0012000E0B3
:10AC800020000006000E76BC08BC1847F8B501226B
:10AC900025A12948FAF784FF002801D1002024E0EB
:10ACA00000260096C5235B00254A6946FBF762FA39
:10ACB00005002048854210D0224F234C226F2349A3
:10ACC000380000F0D1FF626F2149380000F0CCFF5E
:10ACD000A26F2049380000F0C7FF1648854201D016
:10ACE000012000E030000006000EF2BC08BC18474E
:10ACF0001CB5012218A11948FAF752FF002801D10A
:10AD000000200EE000240094154B164A6946FBF71C
:10AD100031FA0849884201D0012000E020000006F5
:10AD2000000E16BC08BC1847696E690028E80200CE
:10AD30002CCB02000540008034E8020062616B0009
:10AD4000B4F602003CE8020060EA00404CE8020071
:10AD500054E8020060E802006C6962006CE80200DE
:10AD60003B12000024CC0200F8B5C44CA5440020DE
:10AD7000F6F7DBFE00210020F6F7E4FEC048F6F708
:10AD8000E5FE0020F6F7CEFE01210120F6F7D0FE09
:10AD9000BC48F6F737FEFC208003F6F718FF312396
:10ADA000F022872149000020F6F736FE0A20F6F748
:10ADB00057FEB548F6F7DFFC8F277F002123F022EE
:10ADC00039000020F6F728FEB048F6F7D4FCB0A60C
:10ADD000300000F01DFEAF4CA04200D0A0E0FA20F1
:10ADE000800006F045FE0A20F6F73AFE002100201A
:10ADF000F6F7A8FEA8486844A8495422FCF752FA7E
:10AE0000A5486844F6F7BEFCA5480068002800D0B5
:10AE100086E0A4486844A4495C22FCF743FAA148B0
:10AE20006844F6F7AFFC00252800FFF7FFFE002876
:10AE300001D10125FFE72D062D0E002D20D1300078
:10AE400000F0E6FDA04238D10A20F6F709FE002105
:10AE50000020F6F777FEE1A894495422FCF722FA85
:10AE6000E1A8F6F78FFCC8A891496422FCF71AFA0A
:10AE7000C8A8F6F787FC8F4806F0FAFD01251CE00C
:10AE80000A20F6F7EDFD00210020F6F75BFEB3A8DF
:10AE900089495422FCF706FAB3A8F6F773FCA1A877
:10AEA00086494822FCF7FEF9A1A8F6F76BFC0120C1
:10AEB0008349C8607F4806F0DBFD002D30D00A20B2
:10AEC000F6F7CEFD00210020F6F73CFE7D486844F1
:10AED0007D495422FCF7E6F97A486844F6F752FCBB
:10AEE0007A4868447A495022FCF7DCF9774868448C
:10AEF000F6F748FCFFF7CAFE00280BD0300000F040
:10AF000087FDA0420CD1734BD52273497348F6F7E5
:10AF1000C3FB05E0724BD8226F497048F6F7BCFBC3
:10AF2000D2A1D348FAF71EFF002802D101206449BC
:10AF3000C860F7F74BFDFC208003F6F748FE504849
:10AF4000F6F704FE3123F022872149000020F6F7AE
:10AF500063FD0A20F6F784FDC648F6F70CFC2123B2
:10AF6000F02239000020F6F757FDC348F6F703FC3E
:10AF7000FDF78EF9A0423ED101205149C861FA2067
:10AF8000800006F075FD0A20F6F76AFD002100201A
:10AF9000F6F7D8FDE120C0006844B8495C22FCF710
:10AFA00081F9E120C0006844F6F7ECFB3C480068FA
:10AFB000002820D1B2486844B2493C22FCF772F91B
:10AFC000AF486844F6F7DEFBFFF714FE00280BD00D
:10AFD000FDF75EF9A0420ED1AB4BFF2210323E4985
:10AFE0003E48F6F759FB06E0A84B892252003A4941
:10AFF0003A48F6F751FBFA26B600300006F038FD65
:10B000000A20F6F72DFD00210020F6F79BFDA04851
:10B01000F6F7B1FB0AF044FE0500A5422AD1012053
:10B0200027490861300006F023FD0A20F6F718FDD5
:10B0300000210020F6F786FDD120C0006844954924
:10B040004422FCF72FF9D120C0006844F6F79AFBA0
:10B050009148684491496422FCF724F98E48684479
:10B06000F6F790FB8EA18F48FAF77CFE002801D0FE
:10B07000FAF72EFDA5426CD0002040E048F7FFFF14
:10B08000683E02000100010090E80200DCE80200D6
:10B09000696E6900054000806408000048E902000C
:10B0A000A4E90040080800009CE90200F8E9020059
:10B0B0004CEA0200B80B0000B0EA020004EB020008
:10B0C000E4EB0040B40700004CEB02006407000012
:10B0D000A0EB020024EC020074E80200F0EB020096
:10B0E00040EC0200CF49022242438A18F6239B001B
:10B0F000D25A04234343C918CB4BCA50401C802169
:10B10000C9008842EEDB01252800C84908800121DA
:10B1100064480AF0ADFB00281BD1C5480562300029
:10B1200006F0A6FC0A20F6F79BFC00210020F6F7AB
:10B1300009FD7EA8BF498C22FCF7B4F87EA8F6F77B
:10B1400021FB5EA8BC498022FCF7ACF85EA8F6F7AC
:10B1500019FB0AF0E7FDA0421CD10120B4490861A7
:10B16000300006F085FC0A20F6F77AFC002100206A
:10B17000F6F7E8FC50A8B1493822FCF793F850A83C
:10B18000F6F700FB43A8AE493422FCF78BF843A83E
:10B19000F6F7F8FA0AF038FE0500A5422CD1012096
:10B1A000A3490861300006F063FC0A20F6F758FC5A
:10B1B00000210020F6F7C6FCFFA8FF30F130A149BE
:10B1C0003822FCF76FF8FFA8FF30F130F6F7DAFA13
:10B1D000FFA8FF30BD309C493422FCF763F8FFA87C
:10B1E000FF30BD30F6F7CEFA2DA198A0FAF7BAFDE0
:10B1F000002801D0FAF76CFCA54201D00BF033F91E
:10B200000AF054FE0500A5422CD10120884948616E
:10B21000300006F02DFC0A20F6F722FC0021002069
:10B22000F6F790FCFFA8FF307D3089494022FCF7FB
:10B2300039F8FFA8FF307D30F6F7A4FAFFA8FF30F9
:10B24000193084496422FCF72DF8FFA8FF3019302B
:10B25000F6F798FA12A18048FAF784FD002801D089
:10B26000FAF736FCA54255D0002029E062616B0058
:10B2700034E8020068EC0200B4EC02001CED0200AD
:10B28000CC06000078ED0200B4ED0200D4ED02001F
:10B29000FCED02005CEE020024060000A0EE0200BD
:10B2A00073707A0004EF02005E49022242438A185A
:10B2B0006A4BD25A04234343C9185B4BCA50401C03
:10B2C0008021C9008842EFDB01252800574908800A
:10B2D000012161480AF0CCFA00281BD154480562CC
:10B2E000300006F0C5FB0A20F6F7BAFB002100206B
:10B2F000F6F728FC20A899498C22FBF7D3FF20A859
:10B30000F6F740FA684696498022FBF7CBFF68467D
:10B31000F6F738FA09F049FA300006F0A9FB0A20DE
:10B32000F6F79EFB00210020F6F70CFC8D48F6F79F
:10B3300022FAFDF7BBF8A0426ED101203C4988619A
:10B34000300006F095FB0A20F6F78AFB002100206A
:10B35000F6F7F8FBFFA8B43083496422FBF7A2FF9D
:10B36000FFA8B430F6F70EFAFFA864307F495022E8
:10B37000FBF798FFFFA86430F6F704FA300006F0F8
:10B3800077FB0A20F6F76CFB00210020F6F7DAFBCA
:10B390007748F6F7F7F9A44DA4492800083011F0D2
:10B3A00019F9FDF783F8A04236D1300006F060FBB2
:10B3B0000020A861FFA818309D494C22FBF772FFBE
:10B3C0000A20F6F74DFB00210020F6F7BBFBFFA893
:10B3D0001830F6F7D7F9A748006800281CD1F6A85E
:10B3E000A5493C22FBF75EFFF6A8F6F7CBF9FFF77D
:10B3F0007FFC00280AD0FDF759F8A0420CD1AC4BD5
:10B40000AC4AAD49AD48F6F747F905E0AC4BAD4A5B
:10B41000A949AA48F6F740F9CB488544F0BC08BCD6
:10B4200018470000AC530040301C0000D86F0040AB
:10B43000E4EB00400CEF020098EF020018F002006D
:10B4400050F0020084F00200BCF002006472770049
:10B45000F0F0020030F1020094F10200DC0B000079
:10B46000FCB59DB005000C0016001E98652805DB94
:10B47000B64BB74AB7499148F6F70EF902946421E2
:10B480000024220004AF38000FF0F2F9029800689F
:10B49000623801900198002800D50194019803902A
:10B4A000029800680199431A5B1C012B01DAC3481A
:10B4B0004FE0642B00DB6323280004AA01A9FAF7FC
:10B4C000FBFCBE4DA84201D1280042E0002801D17A
:10B4D00034703EE00D2104A812F0F2F8002807D1E4
:10B4E000002104A812F000F8002801D1280030E063
:10B4F0000100491E04AA914202D30A780D2AF8D10C
:10B500004F1CC01B00901E980099884201DA280049
:10B510001FE00098002804D1387830702000707047
:10B520000CE0009A3900350028000FF035F900983A
:10B530001E99884202DA200000997054039804A9E9
:10B54000791A491E4018002800D520000299086089
:10B5500000981FB0F0BC08BC184700009CF1020026
:10B5600028F20200A8F202001CF3020080F302009D
:10B57000D0F30200FCB59BB005000C0016001C982F
:10B58000652805DB714BBD4ABD494C48F6F784F888
:10B59000009464210024220002AF38000FF068F903
:10B5A000009800680190642302AA01A92800FAF714
:10B5B00083FC824DA84201D1280031E0002801D14E
:10B5C00034702DE00D2102A811F08EFF002807D164
:10B5D000002102A811F088FF002801D128001FE0F7
:10B5E00002A9471A1C98B84201DA280018E0002F77
:10B5F00004D16846007A3070747009E03A0002A9FC
:10B60000350028000FF0C8F81C98874200DAF4557E
:10B61000009801683800401C08180099086038003C
:10B620001DB0F0BC08BC1847040000406CE80200E4
:10B6300024F40200F1B59AB00D0016001C0064213C
:10B64000002201AF38000FF013F96420009001AB25
:10B65000320029001A9800F07FF801005748814213
:10B6600004D001A812F010F8206000201BB0F0BC3C
:10B6700008BC1847A4E9004070F4020078B599B0FE
:10B6800006000D0014001A00B5A168460FF028FA54
:10B690006B4622002900300000F064F901004748A1
:10B6A000814200D000201AB070BC08BC18470000CE
:10B6B000ACF40200FF01000074E80200F0EB0200AD
:10B6C000C8F4020002020000F1B59AB00D001600A5
:10B6D0001C006421002201AF38000FF0C9F864207B
:10B6E000009001AB320029001A9800F035F80100F3
:10B6F0003248814206D001A8F8F718FF0FF03AFB54
:10B70000206000201BB0F0BC08BC184778B599B089
:10B7100006000D00140018000FF070FB02000B0073
:10B72000B7A168460FF0DCF96B4622002900300013
:10B7300000F018F901002148814200D000201AB021
:10B7400070BC08BC18470000BC0800000CF50200E3
:10B7500026020000ECF40200F1B582B017001E00D2
:10B7600000240094029800F08DF80090134D00988A
:10B77000A84201D128001EE03A000099029800F08A
:10B780001FF800900098A84201D1280013E0089FFC
:10B7900039002200340020000FF06AF83B0032002C
:10B7A00069460298FFF7E6FEA84201D1280002E0B0
:10B7B00030000FF0F1F9FEBC08BC184705400080CE
:10B7C000F7B59CB0642001901E980FF0E5F90700D2
:10B7D00000241D9800908B4E3068002802D43068F9
:10B7E0000090FFE706F070F9019B02AA69461C98D9
:10B7F000FFF7C0FE05008448854208D0012C02DB1B
:10B8000000998C4203DB6946097A5B290FD13168C4
:10B8100000290BD434680020C04330601D9800908C
:10B820003068002801D430680090DBE722E06846E9
:10B83000007A3B28D6D01E9902A80FF0ADFE002852
:10B84000D0D0C15D3D2902D0C15D2029CAD13D21A2
:10B8500011F04AFE0028C5D0401C01782029FBD0F9
:10B860000099491B02AA801A0818401E00900098EF
:10B87000306000981FB0F0BC08BC1847710200008F
:10B880002CF50200F2B59CB00700604E1C99C82050
:10B89000800030180FF044F9002807D1C72080003D
:10B8A00030180168002901D4006855E00020C04329
:10B8B000C62189007050642002900025002000906D
:10B8C000C720800034182068002801D42068009028
:10B8D0001C980FF061F90190FFE706F0F5F8029B64
:10B8E00003AA69463800FFF745FE4749884204D05D
:10B8F000012D16DB0098854213DA206800280ED44B
:10B9000025680020C0432060C621890070500020B7
:10B9100000902068002801D420680090DDE708002E
:10B920001AE06846007B3B28D7D06846007B5B283E
:10B93000D3D11C9903A80FF02FFE0028CDD0019978
:10B94000405C5D28C9D11C99C8208000301810F0D7
:10B9500041FE0098206000981DB0F0BC08BC18475C
:10B9600025640000F0B59DB0070016001D00002002
:10B9700000903800FFF786FF0090A04C0098A0428E
:10B9800001D1200037E0320000993800FFF718FF9E
:10B9900000900098A04201D120002CE00098029075
:10B9A00064200190019B04AA02A93800FFF7E2FD80
:10B9B0000600A64201D120001DE0039503980FF078
:10B9C000EBF805000198854201DB200013E0721BB3
:10B9D00000993800FBF7AEF8002801D020000AE0FB
:10B9E0002B00039A69463800FAF7C4FBA04201D144
:10B9F000200000E000201DB0F0BC08BC184700008B
:10BA000025660000E4DC004005400080CCD9004001
:10BA1000FEB501007A48FAF7A5F90500002D01D11D
:10BA20007648E7E0774F6B46774A39002800FFF702
:10BA300001FE724CA04201D12000DBE0844E009850
:10BA4000F0626B46834A39002800FFF7F3FDA042FD
:10BA500001D12000CEE00098B0607F4E6B467F4A57
:10BA600031002800FFF7E6FDA04201D12000C1E02F
:10BA70007B480099C422815007009C373B00794ADB
:10BA800031002800FFF720FEA04201D12000B1E0E4
:10BA9000FC21890538680FF055F900D23960386803
:10BAA00082490FF0B3FD02D88020C0053860804F76
:10BAB0006B46804A39002800FFF7BCFDA04201D147
:10BAC000200097E07C4E00987C4970506B467C4A81
:10BAD00039002800FFF7AEFDA04201D1200089E027
:10BAE0000098C821090170506B46764A76492800B3
:10BAF000FFF7A0FDA04201D120007BE00098734930
:10BB0000C860734F734E33007033734A3900280096
:10BB1000FFF7DAFDA04201D120006BE0330074335F
:10BB2000A04A39002800FFF7CFFDA04201D1200034
:10BB300060E0330078339C4A39002800FFF7C4FDE9
:10BB4000A04201D1200055E0984E6B46984A310042
:10BB50002800FFF76FFDA04201D120004AE0954880
:10BB600002900098029908806B46934A31002800A1
:10BB7000FFF760FDA04201D120003BE08F4801901B
:10BB80000098019908808E4F8E4EF920800033185E
:10BB90008D4A39002800FFF797FDA04201D120000F
:10BBA00028E06B46894A39002800FFF743FDA04290
:10BBB00001D120001EE086483618009830606B46A0
:10BBC000844A85492800FFF735FDA04201D12000B5
:10BBD00010E00098814908700198008801F07DFB11
:10BBE0000298008801F08EFB306808F003F901F03C
:10BBF000C1FA0020FEBC08BC1847000005400080C8
:10BC000034E8020044F5020050F50200F8B50600E1
:10BC10000D00140072A17348FAF7A4F80700002F72
:10BC200005D1714B714A72497248F5F735FD230011
:10BC30002A0031003800FFF721FD6F49884201D00A
:10BC4000012000E000200006000EF2BC08BC1847EE
:10BC5000E4EB004058F5020064F5020074F50200C0
:10BC6000F4E8004088F50200F8B506000D00140065
:10BC70005BA15C48FAF776F80700002F05D15A4B14
:10BC80005E4A5F495B48F5F707FD23002A00310053
:10BC90003800FFF73BFD5849884201D0012000E001
:10BCA00000200006000EF2BC08BC1847010000404E
:10BCB00094F50200A8F50200D8B100407C0C000009
:10BCC000B4F50200D4F50200C8F5020028D5004002
:10BCD0003CE8020060EA00404CE80200F3B595B091
:10BCE00001A848491CC91CC00C390C3800273D006C
:10BCF0000097FFE7322307AA69461598FFF73AFC39
:10BD000004003D49884248D0002CF3D00A213A0073
:10BD100004AE30000EF0ACFD380007A9085501A9AB
:10BD200007A811F0BAFCA042E4D007A90C1801A999
:10BD3000200011F0D3FC060020000EF02DFF8642FB
:10BD400027D03200210004A80EF052FFF8F7EEFBD6
:10BD50000FF010F8169908226A438850A41901A917
:10BD6000200011F09AFC060020000EF015FF86421C
:10BD700011D0A1190A2204A80EF03AFFF8F7D6FB59
:10BD80000EF0F8FF169908226A43891848606D1C66
:10BD9000B0E7002002E0002000E0280017B0F0BC6F
:10BDA00008BC184754E8020060E80200E0F5020011
:10BDB000F4F502001895004000F6020008950040D6
:10BDC0000CF602006CD000401CF602002CF60200BB
:10BDD0007C04000054F6020044F60200ECEC004043
:10BDE000696E690034E8020078F60200E2030000A0
:10BDF0005CF60200F0EB020005400080F303000057
:10BE00008CF60200A8F6020000C09FE51CFF2FE19F
:10BE1000A929000000C09FE51CFF2FE1A5C3000079
:10BE200000C09FE51CFF2FE135BF000000C09FE56B
:10BE30001CFF2FE1DDC3000000C09FE51CFF2FE1C8
:10BE4000E144010000C09FE51CFF2FE10143010018
:10BE500038402DE9010000EA0300A0E39002C5E5A7
:10BE6000F41B9FE50000D1E5010010E30500001A76
:10BE70008E02A0E3400B80E3000090E50C0010E28E
:10BE80000C0050E31200001AE004A0E3400B80E332
:10BE90000040D0E574539FE58C0295E5AC1295E522
:10BEA000010050E1EBFFFF2AD9FFFFEB8C0295E583
:10BEB000011090E28C1285E5881295E50040C1E7FB
:10BEC0008C0295E5050050E3E4FFFF3AD3FFFFEB5A
:10BED000E2FFFFEA0000D1E5200010E30C00000AB9
:10BEE00028039FE59C2290E5A03290E5030052E1F3
:10BEF0000700002A9C2290E5013092E29C3280E506
:10BF0000980290E50200D0E7E024A0E3402B82E312
:10BF10000000C2E50000D1E50E0010E30200000AB7
:10BF20000200A0E3E4129FE59002C1E53140BDE8C4
:10BF30001EFF2FE170B5B64CA320800020180168C9
:10BF40000526A2229200A5182A685278921E022A7B
:10BF500015D9D21E012A16D9921E16D0521E12D001
:10BF6000521E022A0BD9D21E012A0FD9121F0AD043
:10BF7000521E022A03D92F3A012A09D913E02A684E
:10BF80009278B61810E0F61C0EE00DE0761C0BE07F
:10BF90002A68927880235B005A43B2182B68DB78BA
:10BFA000D618761C00E00E00B14215D3066000F0F2
:10BFB00015FA310028680DF029FC002804D104206E
:10BFC000A4218900605403E00120A521890060506C
:10BFD0000120FD214901605070BC08BC1847F8B52C
:10BFE00007008B4CAC2080002058B84206D2894B09
:10BFF000972289498948F5F74FFB32E00EF0A0FA05
:10C00000AB2080002158FF22A22080002558280064
:10C010000EF02EFC0025A92080002550A6208000CF
:10C020002618390030680DF0C4FBA8218900605043
:10C030000120A72189006050A320800025502800FE
:10C04000A42189006054FD2040012550A5208000D6
:10C05000255030680078DF49087000F0A3F90EF031
:10C0600079FAF1BC08BC184738B50EF069FA684C8B
:10C07000AB2080002158FF22A220800025582800F4
:10C080000EF0F6FB0020A921890060500121A722B3
:10C090009200A150A321890060500100A4229200C7
:10C0A000A154FD2149016050A52189006050A620BE
:10C0B000800020580078CC49087000F073F90EF029
:10C0C00049FA31BC08BC1847F0B5B049B04802681D
:10C0D000102313430360AF48026892009208802344
:10C0E000DB05134303600124AB48026803239A4332
:10C0F00022430260A94D00262E60A94F832038708C
:10C10000B548F5F7C1FA00092E60B249087003205E
:10C11000387004430220204304210143C020084317
:10C12000B2490860FE210140FD200840EF21014096
:10C13000BF2008404006400EAD4908700720286027
:10C14000F0BC08BC184730B585B0314CA220800047
:10C1500020180CF071FCB0208000205800281ED060
:10C16000AD208000201801680978012902D100F073
:10C170005DFA0CE001680978022902D10DF025FA78
:10C1800005E000680078032801D1F4F79DFB012049
:10C19000A921890060500020AA2189006050AF20A9
:10C1A0008000205C00281BD0AA2080002518286869
:10C1B000401C2860102804DB68468E491422FBF7D7
:10C1C00071F8A620800020580078012802D1FFF7DE
:10C1D0004BFF05E00120A921890060500020286064
:10C1E000A9208000205800280CD00020FD21490102
:10C1F0006050A6208000205800F0F0FC012801DBF0
:10C20000FFF7EDFE00F092FD05B030BC08BC18470A
:10C210003092004088F8020040F8020058F802000E
:10C2200070402DE9880A9FE5004090E5E054A0E3C6
:10C23000705A85E3000095E50110A0E3A00011E12C
:10C240000C00000A6C6A9FE5340096E50A10A0E332
:10C25000B33900EB8E12A0E3701A81E3001091E570
:10C26000010090E0501A9FE5000081E50100A0E385
:10C27000380086E5024094E3000095E5010010E3F4
:10C280000B00000A80639FE5940296E5000050E3EE
:10C290000100001A0100A0E39002C6E5E2FEFFEBF8
:10C2A0000100A0E3A010A0E37C1D81E3010086E76C
:10C2B000014094E3000095E50110A0E3200111E1A5
:10C2C0000600000A24039FE5001090E54010D1E32A
:10C2D000001080E5D7FEFFEBD9FEFFEB044094E3AE
:10C2E000000095E50110A0E3A00111E10500000A9E
:10C2F000F8029FE5001090E5801FD1E3001080E573
:10C30000C0FEFFEB084094E3004085E57040BDE8C7
:10C310001EFF2FE11E4801688022D2030A430260FB
:10C32000AE48016801229143016001218A43022144
:10C33000C9430A4004239A4308239A4310239A438B
:10C3400020239A4340239A4380239A43A44B1340CB
:10C35000A44A1A40A44B1340A44A1A40A44B1A60A2
:10C360000268022313430360026811400160A1497F
:10C37000A14A11600021A14A11603121A04A116037
:10C38000016801220A430260704700000065040052
:10C39000C4C01FE000C002E004C002E0040001E0ED
:10C3A0000C0001E080B500F019F88C48016801220A
:10C3B00091430160934909683231914A116001212A
:10C3C0008B4A13680B43136002681143016009BC78
:10C3D00018470000000001E000A08C0084480168BC
:10C3E0000122914301607047000001E0080001E074
:10C3F000100001E028FA0200F8B583490024220069
:10C40000824D2E0030000EF033FAA22080002D5015
:10C41000C22040002818AD218900685082204000C9
:10C420002818A62189006850794F82204000386082
:10C430008020AC21890068502000B2218900685218
:10C44000B3208000281800F06BFC0026D820800064
:10C450002E50D9208000281800F062FC2000B62160
:10C4600089006852B7208000281800F059FC20008D
:10C47000BA2189006852BB208000281800F050FCC7
:10C480002000BE2189006852BF208000281800F0DB
:10C4900047FCC22080002E50C32080002E505D48F3
:10C4A000C42189006850C52080002E50C62080001D
:10C4B0002E50C72080002E502000C82189006852CD
:10C4C000C9208000281800F02BFC2000CC21890016
:10C4D0006852CD208000281800F022FC2000D021D6
:10C4E00089006854D1208000281800F019FC200031
:10C4F000D42189006852D5208000281800F010FC53
:10C50000200013E0210003224243AA18E8239B00E5
:10C51000D154210003224243AA183F4BD154210099
:10C5200003224243AA183D4BD154401C8021C9002C
:10C530008842E7DBFA200001281800F0F1FBDC203C
:10C5400080002E50DD208000281800F0E9FB3448E0
:10C55000E02189006850E1208000281800F0E0FB0D
:10C560000120A92189006850200005E02100A622B1
:10C570009200AA581154401CAC2189006958884285
:10C58000F4D320000AE02100A2229200AA581154FC
:10C590002100AD229200AA581154401C39688842EB
:10C5A000F1D3A32080002C502000A42189006854DE
:10C5B000A52080002C50A72080002C50A8208000AF
:10C5C0002C50AA2080002C5016482E50FD204001EF
:10C5D0002C5015482C54F1BC08BC1847040007E047
:10C5E000FFFEFFFFFFFDFFFFFFFBFFFFFFF7FFFF6A
:10C5F000140007E0FF6701000C0007E0100007E0EF
:10C60000180007E0080007E0A81F00003092004073
:10C61000DC94004000004843A1030000A203000096
:10C62000A7D63137AC0F0000A41F0000F8B58AB0C0
:10C63000BF49AD208000081802685278120611D553
:10C64000016849784B065B0E00688278B9496846F4
:10C650000EF046FA6B4688229200B749B748F5F7C4
:10C660001BF8DCE102685278D21E00D1C4E0521EF1
:10C670001DD0521E012A00D86AE1921E0CD0521E13
:10C6800000D166E1D21E00D181E1521F00D15FE1ED
:10C69000D21E00D15CE1BCE100688078D02292001B
:10C6A0008854D1208000081800F036FBB7E1A6229C
:10C6B00092008A58D278002A04D0022A11D0042A83
:10C6C0001ED092E00268527912020068807902431B
:10C6D000BE2080000A52BF208000081800F01CFB1A
:10C6E00089E00268D2781202006800790243CC2007
:10C6F00080000A52CD208000081800F00DFB7AE07F
:10C7000002689279C2239B00CA5402685279C64BD0
:10C71000CA5402681279C54BCA540268D278C44B15
:10C72000CA540268927AC3239B00CA540268527AA0
:10C73000C04BCA540268127ABF4BCA540268D279FD
:10C74000CF4BCA540268927BC4239B00CA54026830
:10C75000527BCC4BCA540268127BB84BCA54026855
:10C76000D27AB74BCA540268927CC5239B00CA5444
:10C770000268527CB34BCA540268127CB24BCA5452
:10C780000268D27BB14BCA540268927DC6239B00DB
:10C79000CA540268527DBC4BCA540268127DBB4B1E
:10C7A000CA540268D27CBA4BCA540268927EC7232C
:10C7B0009B00CA540268527EB64BCA540268127E6D
:10C7C000B54BCA540268D27DA14BCA540268127F8D
:10C7D0000068C07E00021043C82292008852C9201F
:10C7E0008000081800F098FA05E09A4B9A4A5249DE
:10C7F0005248F4F751FF12E1A62292008A58D278EB
:10C80000002A0CD0032A47D0042A54D00B2A2CD05B
:10C81000162A13D0282A5DD02A2A72D090E0026806
:10C82000D2781202006800790243B22080000A52D6
:10C83000B3208000081800F06FFA88E0026892794F
:10C84000D8239B00CA5402685279944BCA54026898
:10C850001279934BCA540068C078924A8854D92000
:10C860008000081800F058FA71E002689279DC2321
:10C870009B00CA5402685279AB4BCA5402681279C1
:10C88000AA4BCA540068C078A94A8854DD208000A9
:10C89000081800F041FA5AE00268D27812020068E3
:10C8A00000790243B62080000A52B72080000818A1
:10C8B00000F032FA4BE00268D27812020068007988
:10C8C0000243BA2080000A52BB208000081800F002
:10C8D00023FA3CE002689279E0239B00CA54026884
:10C8E0005279A84BCA5402681279A74BCA540068FF
:10C8F000C078A64A8854E1208000081800F00CFA9D
:10C9000025E002689279E4239B00CA5402685279B8
:10C91000A94BCA5402681279A84BCA540068C0785F
:10C92000A74A8854E5208000081800F0F5F90EE0C9
:10C930003092004014F90200F0F8020058F80200AA
:10C94000A04B99229200A049A048F4F7A5FE66E00A
:10C9500065E002689278002A12D10268D278022A31
:10C960000ED1026812791202006840790243D42085
:10C9700080000A52D5208000081800F0CDF905E0AB
:10C98000934B944A90499148F4F786FE47E0A622DB
:10C9900092008B181A68D2781B681B791206120E47
:10C9A00012021B061B0E1A4303689B781400240412
:10C9B000240C1D002D062D0E6419874DAC4221DA82
:10C9C00000240BE015002D042D0C2D194D19E8261F
:10C9D000B60007683F19FF78AF55641C1D002D068F
:10C9E0002D0EAC42EEDB1204120C1B061B0ED018EF
:10C9F000C022120190420BD1FA200001081800F069
:10CA00008BF905E09C4B9D4A6F497048F4F744FE52
:10CA100005E09B4B9B4A6C496C48F4F73DFE0BB01C
:10CA2000F0BC08BC18470000090300000A0300001E
:10CA30000B0300000D0300000E03000012030000B2
:10CA40001303000015030000160300001703000085
:10CA50001F03000030F9020041020000140001E051
:10CA600000B5002008E00021C943874A88234343DA
:10CA7000D218864BD150401C1E28F4DB08BC184746
:10CA80000F03000011030000190300001A03000047
:10CA90001B0300001D0300001E03000061030000D3
:10CAA0006203000063030000FEB506000F00764C31
:10CAB000AC2080002058B84201D3002F05D1744B20
:10CAC000744A75494148F4F7E7FD0025ED430195A7
:10CAD000009501A9684600F02DF80098A84202D1FF
:10CAE0001E200190009000988821484320186B492F
:10CAF0004750002009E00099882251436118091825
:10CB0000FB221201335C8B54401CB842F3DB0198CA
:10CB1000401C0190019800998822514361185B4A9A
:10CB20008850F7BC08BC184771030000720300006E
:10CB300073030000F1B50023DB4318001A00002442
:10CB400018E088266643AE19504FF659B24210DA03
:10CB500088226243AA184D4D52590AE04A4D882650
:10CB60006643AE19494FF6599E42EAD19842E8D140
:10CB70002000641C1E2CF1DB009B18600A60F1BCD5
:10CB800008BC1847810300008203000083030000F3
:10CB900000B5002108000BE03B4A88234B43D21824
:10CBA0003A4BD2580023DB439A4200D1401C491C27
:10CBB0001E29F1DB08BC1847910300009203000016
:10CBC000930300004CF90200F0F8020058F802004C
:10CBD0006CF9020073020000010C0000F1B530484E
:10CBE0000023DB431A0000210C0015E0264D8826A7
:10CBF0006643AE19254FF6599E420CD088266643EF
:10CC0000AE19224FF659864205DA8820604328186B
:10CC10001E4A80582200641C1E2CE7DB9A4201D178
:10CC2000002026E0184C8820504320181B4D405906
:10CC3000AC25AD006559854201D3002807D1194BB9
:10CC4000194A1A491A48F4F727FD002011E0009DFF
:10CC500008E088265643A6197618FB273F01F65DA3
:10CC60006E54491C8142F4DB88214A43A118074ACB
:10CC70008B50F2BC08BC18478CF9020087020000F8
:10CC8000A8F902008B02000030920040341000002E
:10CC9000E0F90200B1020000C8F902003010000003
:10CCA000FFFFFF7F88F8020009030000FCF9020083
:10CCB00058F80200ECF80200E4EB00401C0007E02A
:10CCC00000B5010048680A68904201D0012000E0E8
:10CCD00000200006000E002801D00A684A6008BC47
:10CCE000184700B5426801688A4204D180688142D1
:10CCF00001D0012000E000200006000E08BC18470B
:10CD000010B504002000FFF7ECFF002801D02168D7
:10CD1000A16010BC08BC18470168491C016070473D
:10CD2000012101604160002181607047F8B5974C96
:10CD3000CD2080002018FFF7C3FF00281BD0CC2097
:10CD4000800025182888000400140FF0F1FB002251
:10CD50008F4B0EF073FC0EF00DF8060028780006DD
:10CD6000000E0EF081F88B490EF006FF31000FF037
:10CD700043FDAB496050D12080002018FFF7A0FF91
:10CD8000002826D0A7482018D0218900615C0170B6
:10CD9000A549F72292008A181368002B0BD0F823BC
:10CDA0009B00CB181D68002D05D105786D0602D4B7
:10CDB000106818600DE01368002B0AD1F8239B005F
:10CDC000C9180B68002B04D00078400601D5106804
:10CDD0000860D52080002018FFF772FFD92080005E
:10CDE0002018FFF76DFFB72080002018FFF768FFBD
:10CDF000BB2080002018FFF763FFB32080002018BD
:10CE0000FFF75EFFBF2080002018FFF759FF0028C2
:10CE100004D0BE208000205A84490880C9208000A8
:10CE20002018FFF74DFF00285AD0814DE8680028F0
:10CE30000DD02E68C220800020580FF0C1FC0321C5
:10CE4000F4F722FC301828606868401C6860764D52
:10CE5000C22080002058F02189006850C320800043
:10CE60002058F12189006850C42080002058F22108
:10CE7000890068506F4EC5208000205831000EF0A8
:10CE80005DFFF32189006850C720800020583100E1
:10CE90000EF054FFF52189006850C620800020580C
:10CEA000F42189006850F62080002E18C8208000E8
:10CEB000205A3080F82080002858002810D1F72010
:10CEC0008000285800280BD1EF229200291D2F0046
:10CED00038000FF071F80020305EEF2189006850B3
:10CEE000FA2000012018FFF7EBFE00284BD00021AC
:10CEF00008001FE003224A43A2184F4BD25C1204E1
:10CF000003234B43E3184D4D5B5D1B021343032288
:10CF10004A43A218E825AD00525D1A43484B042548
:10CF20004D435B19474D5A51AF239B00994200DA9C
:10CF30008018491C8022D2009142DBDB404D4249DF
:10CF400068501E22414942482E1830000DF024FC42
:10CF50000422334821183F482C1820000DF01CFCF7
:10CF6000314CF320800020580DF048FF00223A4B4E
:10CF70000FF0C0F90DF0FEFE38496850F120800036
:10CF8000205837496850F1BC08BC1847309200401F
:10CF900000007040000020411FB5324C206832492B
:10CFA0000DF0D0FE04D3206830490EF02FFB08D8D6
:10CFB0002F48807BC00704D5FC208003F4F707FED0
:10CFC00002E02C48F4F703FE102332220021502007
:10CFD000F4F722FD00210020F4F7B4FD20680021C1
:10CFE00010F08EFB09D020680DF008FF02000B0046
:10CFF000214968460DF074FD08E020680DF0FEFE42
:10D0000002000B001D4968460DF06AFD0A20F4F786
:10D0100027FD6846F4F7E4FB1FBC08BC1847000076
:10D02000AC0F0000A41F00006CD00040D86F00407F
:10D0300010ED004000247449A2030000A103000089
:10D04000AC530040301C0000302C000064E1004074
:10D050003B2C00005C2C000000408F40F82C0000AE
:10D06000FC2C0000DCA100400000A0C101004842EF
:10D07000B8EC0040003F3F0014FA020020FA020022
:10D0800080B5C348FFF73CFE002803D00621D448F2
:10D09000FFF70AFD09BC184780B5C448FFF730FE0A
:10D0A000002803D00221CF48FFF7FEFC09BC184737
:10D0B00080B5BF48FFF724FE002803D00621CA48E8
:10D0C000FFF7F2FC09BC18471FB5C848006800907C
:10D0D00001A8C7491CC91CC00C390C3801A86946F5
:10D0E000C978C17169468978017269464978417287
:10D0F0006946097881720B2101A8FFF7D5FC1FBC96
:10D1000008BC184711B583B06846DF491CC91CC06C
:10D110000C390C38684603A9C978C17103A989780C
:10D12000017203A9497841726946097B81720B211A
:10D130006846FFF7B9FC1FBC08BC184711B583B09F
:10D140006846DD491CC91CC00C390C38684603A967
:10D15000C978C17103A98978017203A9497841721C
:10D160006946097B81720B216846FFF79DFC1FBC55
:10D1700008BC18473EB501A89E490CC90CC0083927
:10D1800008389D4C9D482058009001AD2820E8703B
:10D190006846C0782871684680786871062101A8C1
:10D1A000FFF782FC2920E8706846407828716846BD
:10D1B00000786871062101A8FFF776FC8D20C00079
:10D1C000205800902A20E8706846C0782871684688
:10D1D00080786871062101A8FFF766FC2B20E870B3
:10D1E000684640782871684600786871062101A871
:10D1F000FFF75AFCB548205800902C20E87068468C
:10D20000C0782871684680786871062101A8FFF708
:10D210004BFC2D20E87068464078287168460078FD
:10D220006871062101A8FFF73FFC8E20C00020583E
:10D2300000902E20E8706846C07828716846807893
:10D240006871062101A8FFF72FFC2F20E8706846BF
:10D2500040782871684600786871062101A8FFF7B8
:10D2600023FCC148205800903020E8706846C07800
:10D270002871684680786871062101A8FFF714FCC0
:10D280003120E870684640782871684600786871F7
:10D29000062101A8FFF708FC8F20C000205800904D
:10D2A0003220E8706846C0782871684680786871D6
:10D2B000062101A8FFF7F8FB3320E87068464078A4
:10D2C0002871684600786871062101A8FFF7ECFB19
:10D2D00004F0E6F837BC08BC18471CB56946B04AEC
:10D2E00018CA18C1083A0839694602001204120C1B
:10D2F000120A0A71487106216846FFF7D5FB13BC74
:10D3000008BC18471CB56946B54A18CA18C1083A7E
:10D310000839694602001204120C120A0A71487197
:10D3200006216846FFF7C0FB13BC08BC184780B550
:10D330000621AC48FFF7B8FB09BC184780B50621A9
:10D34000A948FFF7B1FB09BC184780B50621A748DB
:10D35000FFF7AAFB09BC18471CB501000904090C1A
:10D36000002900D18F486946A84A18CA18C1083A4E
:10D370000839694602001204120C120A0A71487137
:10D3800006216846FFF790FB13BC08BC1847000055
:10D390006495004080B59E48FFF7B2FC002803D09A
:10D3A00006219C48FFF780FB09BC18477495004094
:10D3B00084950040E0B59848FFF7A2FC00280DD006
:10D3C00006219648FFF770FB684695490CC90CC0CA
:10D3D0000839083806216846FFF766FB0FBC184776
:10D3E000F0FA0200CCFA0200F8FA02009095004030
:10D3F000C8FB02003CFA02006CD00040640400004C
:10D4000080B58848FFF77CFC002833D00721864888
:10D41000FFF74AFB07218548FFF746FB07218448B1
:10D42000FFF742FB07218348FFF73EFB07218248B5
:10D43000FFF73AFB07218148FFF736FB07218048B9
:10D44000FFF732FB07217F48FFF72EFB07217E48BD
:10D45000FFF72AFB07217D48FFF726FB07217C48C1
:10D46000FFF722FB07217B48FFF71EFB07217A48C5
:10D47000FFF71AFB09BC184780B506217748FFF76C
:10D4800013FB09BC18470000D4FB020080B506213D
:10D490007348FFF709FB09BC184780B5062171489E
:10D4A000FFF702FB09BC184780B506216E48FFF75D
:10D4B000FBFA09BC18470000E0FB020080B506211A
:10D4C0006A48FFF7F1FA09BC184700006C04000035
:10D4D00080B506216648FFF7E7FA09BC184780B512
:10D4E00006216448FFF7E0FA09BC184780B5062119
:10D4F0006148FFF7D9FA09BC184738B59EB06846AD
:10D500005E497822F9F7CEFE0020010015E05C4A62
:10D510006B4602244C4314195A4D645B240A0225BD
:10D520004D435D19EC7102244C431219554C125BAA
:10D5300002244C431B191A72491C1229E7DB08E02C
:10D540004F490918504A895C6A4612182923D15458
:10D55000401C4C28F4DB7A216846FFF7A5FA1FB07F
:10D5600030BC08BC184700007404000080B5474870
:10D57000FFF7C6FB002803D006214548FFF794FAC1
:10D5800009BC184780B506214248FFF78DFA09BC4F
:10D59000184780B506214048FFF786FA09BC1847AE
:10D5A000ECFB020020FD000011B583B068463B494A
:10D5B0001CC91CC00C390C38684603A9C978C17154
:10D5C00003A98978017203A9497841726946097BE8
:10D5D00081720B216846FFF767FA1FBC08BC184729
:10D5E000F4FB020008FB020010FB020000FB02003B
:10D5F000E0B568462A490CC90CC00839083806212C
:10D600006846FFF751FA0FBC18470000FCFB020008
:10D610002C950040E0FA020054950040E8FA020020
:10D6200044FA0200D0A1004018FB020020FB0200D7
:10D6300028FB020030FB020038FB020040FB020026
:10D6400048FB020050FB020058FB020060FB020096
:10D6500068FB020070FB020078FB020080FB020006
:10D6600088FB020090FB020098FB0200A0FB020076
:10D67000A8FB0200B8FB0200C0FB02004CFA02004B
:10D68000AC5300404C3E0000DC1300009495004079
:10D69000D0FA0200B0FB0200D8FA020004FC02003B
:10D6A000C4FA020000C09FE51CFF2FE1E1AA0100BF
:10D6B00000C09FE51CFF2FE1A128000000C09FE5EE
:10D6C0001CFF2FE1FD28000000C09FE51CFF2FE19B
:10D6D000C91A010000C09FE51CFF2FE1E1440100D1
:10D6E00000C09FE51CFF2FE141E1000000C09FE565
:10D6F0001CFF2FE157E1000000C09FE51CFF2FE158
:10D700006DE1000000C09FE51CFF2FE10D45010009
:10D7100004E04EE204E02DE500E04FE101502DE988
:10D7200000E00FE11FE08EE30EF021E11E402DE945
:10D730000D00A0E104D04DE207D0CDE300008DE55F
:10D7400000000FE1C00080E300F021E1FF40E0E3D2
:10D75000000094E5000050E30900000A00100FE10A
:10D76000C010C1E301F021E10FE0A0E110FF2FE1C3
:10D7700000000FE1C00080E300F021E10000A0E321
:10D78000000084E500D09DE51E40BDE800C00FE12B
:10D7900092C08CE30DC0CCE30CF021E10150BDE858
:10D7A0000EF06FE10080FDE800502DE970089FE564
:10D7B000F6D5FFEB6C089FE5000090E53BD8FFEB4A
:10D7C00064089FE5F1D5FFEB60089FE5000090E558
:10D7D00036D8FFEB58089FE5ECD5FFEB54089FE5E2
:10D7E000000090E531D8FFEB4C089FE5E7D5FFEB53
:10D7F00048089FE5000090E52CD8FFEB40089FE526
:10D80000E2D5FFEB3C089FE5000090E527D8FFEB51
:10D8100034089FE5DDD5FFEB30089FE5000090E57B
:10D8200022D8FFEB28089FE5D8D5FFEB24089FE519
:10D83000000090E51DD8FFEB1C089FE5D3D5FFEB5A
:10D8400018089FE5000090E518D8FFEB10089FE549
:10D85000CED5FFEB0C089FE5000090E513D8FFEB59
:10D8600004089FE5C9D5FFEB00089FE5000090E59F
:10D870000ED8FFEBF8079FE5C4D5FFEBF4079FE553
:10D88000000090E509D8FFEBEC079FE5BFD5FFEB63
:10D89000E8079FE5000090E504D8FFEBE0079FE56F
:10D8A000BAD5FFEBDC079FE5000090E5FFD7FFEB63
:10D8B000D4079FE5B5D5FFEBD0079FE5000090E5C5
:10D8C000FAD7FFEBC8079FE5B0D5FFEBC4079FE58C
:10D8D000000090E5F5D7FFEBBC079FE5ABD5FFEB6C
:10D8E000B8079FE5000090E5F0D7FFEB0140BDE8E9
:10D8F0001EFF2FE138402DE9E004A0E3001090E581
:10D90000021091E3001080E568FFFFEB0140A0E307
:10D91000090000EA8019A0E37C22E0E3FF2DC2E3C6
:10D92000001082E5010090E2841084E0010450E1DF
:10D93000F7FFFFBA63FFFFEB014094E2400054E3BE
:10D94000020000AA5CFFFFEB0000A0E3F5FFFFEA86
:10D950004C079FE572D5FFEBFC09A0E373D5FFEB05
:10D960000110A0E30100A0E373D5FFEB1030A0E3AA
:10D97000F020A0E32F10A0E3401F81E30000A0E30C
:10D9800070D5FFEB0010A0E30000A0E370D5FFEB23
:10D990000000A0E377D5FFEB0000A0E372D5FFEB1A
:10D9A0000100A0E3400B80E36CD5FFEBF043E0E324
:10D9B000FF4DC4E34009A0E3000084E53EFFFFEB18
:10D9C0000000A0E3040000EA8019A0E37C22E0E369
:10D9D000FF2DC2E3001082E5010090E2600A50E3EF
:10D9E000F8FFFFBA37FFFFEB3CFFFFEB0050B0E161
:10D9F0003DFFFFEB055090E13EFFFFEB050090E19E
:10DA0000000050E3ECFFFF0A8009A0E3000084E57A
:10DA10003140BDE81EFF2FE104E04EE20F502DE93A
:10DA200000000FE1C00080E300F021E1BACEFFEB7F
:10DA300027FFFFEB32FFFFEB66D7FFEB64069FE5A6
:10DA400052D5FFEB57FFFFEBA9FFFFEB0F90FDE86F
:10DA500078402DE914D04DE200000FE1C00080E3D2
:10DA600000F021E1ACCEFFEB19FFFFEB24FFFFEB51
:10DA700058D7FFEB30069FE544D5FFEB2C069FE51A
:10DA800042D5FFEB0C069FE5000090E53FD5FFEB8C
:10DA9000F8059FE5002090E514169FE50D00B0E124
:10DAA000FFFEFFEB0D00B0E138D5FFEB04069FE56C
:10DAB00036D5FFEBCC059FE5000090E533D5FFEBB5
:10DAC000F4059FE531D5FFEBF0459FE5F0059FE5B7
:10DAD000002090E50410B0E10D00B0E1F0FEFFEB96
:10DAE0000D00B0E129D5FFEBD8059FE5002090E5BA
:10DAF0000410B0E10D00B0E1E9FEFFEB0D00B0E174
:10DB000022D5FFEBC0059FE5002090E50410B0E1B1
:10DB10000D00B0E1E2FEFFEB0D00B0E11BD5FFEB25
:10DB20009F5F8FE2A4059FE5002090E50510B0E11E
:10DB30000D00B0E1DAFEFFEB0D00B0E113D5FFEB15
:10DB40008C059FE511D5FFEB88659FE5980296E56A
:10DB50000020D0E50410B0E10D00B0E1D0FEFFEBF5
:10DB60000D00B0E109D5FFEB980296E50120D0E564
:10DB70000410B0E10D00B0E1C9FEFFEB0D00B0E113
:10DB800002D5FFEB980296E50220D0E50410B0E143
:10DB90000D00B0E1C2FEFFEB0D00B0E1FBD4FFEBE6
:10DBA000980296E50320D0E50410B0E10D00B0E145
:10DBB000BBFEFFEB0D00B0E1F4D4FFEB980296E55D
:10DBC0000420D0E50410B0E10D00B0E1B4FEFFEB9D
:10DBD0000D00B0E1EDD4FFEB980296E50520D0E50D
:10DBE0000510B0E10D00B0E1ADFEFFEB0D00B0E1BE
:10DBF000E6D4FFEBE0049FE5E4D4FFEB880296E572
:10DC00000020D0E50410B0E10D00B0E1A4FEFFEB70
:10DC10000D00B0E1DDD4FFEB880296E50120D0E5F0
:10DC20000410B0E10D00B0E19DFEFFEB0D00B0E18E
:10DC3000D6D4FFEB880296E50220D0E50410B0E1CF
:10DC40000D00B0E196FEFFEB0D00B0E1CFD4FFEB8D
:10DC5000880296E50320D0E50410B0E10D00B0E1A4
:10DC60008FFEFFEB0D00B0E1C8D4FFEB880296E514
:10DC70000420D0E50410B0E10D00B0E188FEFFEB18
:10DC80000D00B0E1C1D4FFEB880296E50520D0E598
:10DC90000510B0E10D00B0E181FEFFEB0D00B0E139
:10DCA000BAD4FFEB12FFFFEB18D08DE27040BDE855
:10DCB0000EF0B0E104E04EE204E02DE500E04FE1BB
:10DCC00001502DE900E00FE11FE08EE30EF021E1AD
:10DCD0000E402DE90D00A0E104D04DE207D0CDE3C8
:10DCE00000008DE500000FE1C00080E300F021E1BD
:10DCF00009CEFFEB76FEFFEB81FEFFEBB5D6FFEB27
:10DD0000D8039FE5A1D4FFEBA6FEFFEBF8FEFFEBE7
:10DD100000D09DE50E40BDE800C00FE192C08CE34D
:10DD20000DC0CCE30CF021E10150BDE80EF06FE135
:10DD30000080FDE804E04EE20F502DE900000FE105
:10DD4000C00080E300F021E1F3CDFFEB60FEFFEBCC
:10DD50006BFEFFEB9FD6FFEB84039FE58BD4FFEBBD
:10DD600090FEFFEBE2FEFFEB0F90FDE804E04EE2D9
:10DD70000F502DE900000FE1C00080E300F021E129
:10DD8000E5CDFFEB52FEFFEB5DFEFFEB91D6FFEB27
:10DD900050039FE57DD4FFEB82FEFFEBD4FEFFEB4B
:10DDA0000F90FDE82578000070B400206F490860EE
:10DDB0000021C9436E4A11606E490860FF21C943C2
:10DDC00008606D4908686D4A024080204004104395
:10DDD00008606B4A10680423984310600420694B64
:10DDE0001C6804431C60684C2568054325600D6869
:10DDF000664E2E408025ED0335430D6002211568E7
:10DE00000D4315601A680A431A6022680A432260AB
:10DE10005F4A604B1A6005235F4A14680F25AC43C4
:10DE20001C4314605D4A146880256D02254315600B
:10DE30005B4C5C4D2C605C4C25680F26B5430A2674
:10DE40002E43266014688025AD0225431560574C8B
:10DE5000574D2C60574C25680F26B5432B43236044
:10DE6000136810241C431460534B544C2360544BD0
:10DE70001C680F25AC431C60136820241C431460ED
:10DE8000504B514C2360514B1C680F25AC4303256C
:10DE900025431D6013688024E4041C4314604C4B2C
:10DEA0004C4C23604C4B1C680F25AC43214319603C
:10DEB000116880239B010B4313604849484B19604C
:10DEC00048490B680F24A34301241C430C601168CC
:10DED00080230B4313604449444B196044490B6849
:10DEE0000F24A34307241C430C60116880235B05A7
:10DEF0000B4313603F49404B196040490B680F24A6
:10DF0000A34309241C430C60116880239B050B4329
:10DF100013603B493B4B19603B490B680F24A343FB
:10DF200008241C430C60116840230B4313603749DD
:10DF3000374B196037490B680F24A3431843086017
:10DF400010688021C90201431160334833490860D9
:10DF5000334801680F23994306230B43036010687D
:10DF6000802109020143116070BC70470CF0FFFF73
:10DF700014F0FFFF20F0FFFF10C002E0FFFFFFFCE6
:10DF800048C11FE04CC11FE040C11FE0FFFF3FFF41
:10DF900040E4000040F1FFFF40F2FFFF10F0FFFF00
:10DFA000FC6E000044F1FFFF44F2FFFF84E100003B
:10DFB00010F1FFFF10F2FFFFF441010014F1FFFF29
:10DFC00014F2FFFF20C2000068F1FFFF68F2FFFFBC
:10DFD000DC0B000034F1FFFF34F2FFFF50BE000005
:10DFE0001CF1FFFF1CF2FFFFB472000070F1FFFF95
:10DFF00070F2FFFF5803000074F1FFFF74F2FFFF9F
:10E00000A890010018F1FFFF18F2FFFFE81A0100C5
:10E0100048F1FFFF48F2FFFF281D01003CF1FFFF20
:10E020003CF2FFFF10FC020058ED00401CFC020017
:10E0300054ED004024FC020050ED00402CFC020096
:10E040008CED004034FC020088ED00403CFC0200F6
:10E0500084ED004044FC020080ED00404CFC0200D6
:10E060007CED004054FC020078ED00405CFC0200B6
:10E0700074ED004064FC020070ED00406CFC020096
:10E080006CED004074FC020068ED00407CFC020076
:10E0900064ED004084FC020060ED00408CFC020056
:10E0A0005CED0040404C020094FC0200ACFC02001D
:10E0B000C0FC0200CCFC0200D8FC0200E8FC02001C
:10E0C000F4FC020040ED004044ED004048ED00400B
:10E0D0004CED0040FCFC02003092004008FD0200C4
:10E0E00014FD020024FD020034FD020000C09FE583
:10E0F0001CFF2FE1A5E4000000C09FE51CFF2FE1FD
:10E10000F9E3000000C09FE51CFF2FE1D9E5000006
:10E1100000C09FE51CFF2FE155E5000080B53022CF
:10E12000C649DE480AF074FC09BC1847DC480068A0
:10E130000100C907C90F012048400006000E7047C2
:10E14000D7480068C0080100C907C90F012048402E
:10E150000006000E7047D248006840080100C90759
:10E16000C90F012048400006000E7047CC480068E7
:10E1700080080100C907C90F012048400006000EB1
:10E180007047000038402DE9A0079FE5005090E55A
:10E19000E044A0E3404C84E3000094E5010010E378
:10E1A0002400000AD0FFFFEB000050E30A00001A31
:10E1B000D0FFFFEB78079FE5001090E5041091E396
:10E1C000001080E5EF00E0E3F00EC0E3001090E502
:10E1D000401B91E3001080E5140000EAFA1FA0E361
:10E1E0000100A0E3C6FFFFEB88059FE5001090E566
:10E1F0000110D1E3001080E5001090E5081091E3D4
:10E20000001080E5001090E5101091E3001080E50B
:10E210004E02A0E3400C80E3001090E5021091E371
:10E22000001080E5001090E50210D1E3001080E5B9
:10E23000015095E36C0000EA000094E50110A0E3B2
:10E24000A00011E11200000AA7FFFFEB000050E35D
:10E250000A00001AA7FFFFEBD4069FE5001090E527
:10E26000041091E3001080E5EF00E0E3F00EC0E35E
:10E27000001090E5401B91E3001080E5020000EAE9
:10E280006410A0E30100A0E39DFFFFEB025095E3C3
:10E29000550000EA000094E50110A0E3200111E11F
:10E2A0003900000A90FFFFEB000050E30A00001A5B
:10E2B00090FFFFEB78069FE5001090E5041091E3D6
:10E2C000001080E5EF00E0E3F00EC0E3001090E501
:10E2D000401B91E3001080E5290000EA0010A0E354
:10E2E0000100A0E386FFFFEB88049FE5001090E5A6
:10E2F000011091E3001080E5001090E50210D1E3D9
:10E30000001080E5001090E50410D1E3001080E5D6
:10E31000001090E50810D1E3001080E5001090E5B2
:10E320001010D1E3001080E5001090E52010D1E33B
:10E33000001080E5001090E54010D1E3001080E56A
:10E34000001090E58010D1E3001080E5001090E50A
:10E35000401FD1E3001080E54E02A0E3400C80E3B3
:10E36000001090E5021091E3001080E5001090E5A8
:10E370000210D1E3001080E50100A0E39C159FE5A9
:10E380000C0081E5045095E3170000EA000094E5D5
:10E390000110A0E3A00111E11300000A8E02A0E326
:10E3A000400C80E3000090E5010090E2CC139FE573
:10E3B000000081E54CFFFFEB000050E30900001A6C
:10E3C0004CFFFFEB68059FE5001090E5041091E31A
:10E3D000001080E5EF00E0E3F00EC0E3001090E5F0
:10E3E000401B91E3001080E5085095E3005084E560
:10E3F0003140BDE81EFF2FE1C6480168012291436C
:10E400000160704780B5FFF7F7FF642003F030FB31
:10E410000CF096F809480121C162816001624161F6
:10E420000CF098F8642003F023FBBB4801688022BD
:10E4300052020A43026009BC184700002CEC00405D
:10E4400000502DE928FFFFEB000050E30C00000A0C
:10E450002EFFFFEB4E02A0E3400C80E3001090E59E
:10E46000011091E3001080E5400BA0E3EB10E0E326
:10E47000F01EC1E3000081E50100A0E3B4149FE5B4
:10E48000A00081E5A8049FE5001090E5041091E349
:10E49000001080E50140BDE81EFF2FE15CEC00406C
:10E4A00054C0FF3F70B50024FFF740FE0500FFF7A2
:10E4B00047FE0600FFF74FFE01002E4331430D00DB
:10E4C000FFF754FE29000843204370BC08BC1847DE
:10E4D000F8B5002001009C490A688B68002B01D127
:10E4E000012300E003004C6A0094CC6A002C01D1A7
:10E4F000012400E004008D690E6A002E01D101267E
:10E5000000E00600CF684969002901D10120FFE73A
:10E510001B061B0E134000992406240E0C401C43BE
:10E520003606360E2E4026430006000E3840304395
:10E53000F2BC08BC18478548002101604160816039
:10E5400041628162C1628161C1610162C160016138
:10E550004161704710B402207D490A6802430A6095
:10E560006C490A6801239A430A607A4A7A4B1A6016
:10E5700000227A4B1A601322794B1A600122794BE0
:10E580001A60794B1A60012293430222D24313404E
:10E590000424A3430824A3431024A3432024A34317
:10E5A00040241C4380239C43704B23408024A400C0
:10E5B0001C436F4B23406F4C1C406F4B1C600B681F
:10E5C00018430860086802400A606C480068401CF4
:10E5D0006B49086010BC704770B505000C00FFF770
:10E5E000C5FD002807D059490A68002A01D0002D2E
:10E5F00001D000228A60554E3060002805D0002CE2
:10E6000003D070680019706000E07460FFF7A3FD2C
:10E61000002806D0F168002901D0002D01D000218A
:10E620007161F060002805D0002C03D0306900191A
:10E63000306100E03461FFF783FD002806D0B16946
:10E64000002901D0002D01D000213162B0610028E5
:10E6500005D0002C03D0F0690019F06100E0F461EE
:10E66000FFF764FD002806D0716A002901D0002D53
:10E6700001D00021F1627062002805D0002C03D087
:10E68000B06A0019B06200E0B46270BC08BC184700
:10E6900038B52D4D28000AF0C7F9040028000830CD
:10E6A0000AF0C2F9002801D1012000E00020000694
:10E6B000000E204032BC08BC184738B5224D280057
:10E6C00024300AF0B1F9040028002C300AF0ACF92B
:10E6D000002801D1012000E000200006000E2040AB
:10E6E00032BC08BC184738B5174D280018300AF05E
:10E6F0009BF90400280020300AF096F9002801D187
:10E70000012000E000200006000E204032BC08BCC2
:10E7100018470000044000E010F0FFFF38B50A4D34
:10E7200028000C300AF080F90400280014300AF0A8
:10E730007BF9002801D1012000E000200006000E36
:10E74000204032BC08BC18475CEC00402CEC004078
:10E75000C4C01FE0FF0707000C4000E0104000E0CD
:10E76000184000E01C4000E0204000E0FFFEFFFFFA
:10E77000FFFBFFFFFFF7FFFF144000E0084000E051
:10E78000244000E080B5FFF783FF00280DD0FFF79D
:10E7900094FF002809D1FFF7A6FF002805D1FFF755
:10E7A000BDFF002801D1012000E000200006000E7E
:10E7B0000ABC184780B5FFF76BFF00280DD1FFF7A3
:10E7C0007CFF002809D1FFF78EFF002805D0FFF756
:10E7D000A5FF002801D1012000E000200006000E66
:10E7E0000ABC184780B5FFF753FF00280DD1FFF78B
:10E7F00064FF002809D1FFF776FF002805D1FFF755
:10E800008DFF002801D0012000E000200006000E4E
:10E810000ABC184738B5FFF781FC00252C00FFF72C
:10E8200057FE00280AD13B48806B00286DD13A483A
:10E830000068002869D102F009FF66E037480068E7
:10E84000002809D1F3F77EFC3248C56301F0F7F8E0
:10E85000FFF7D8FD012059E03148C168002908D0F0
:10E86000C5600078012804D1F7210901282005F0AE
:10E870009EFDFFF722FF00281FD02A4C20002830E1
:10E880000AF0D2F8284988420CD3200018300AF048
:10E89000CBF8002802D102F011FE35E0234802F047
:10E8A0000FFD31E000282FD10BF04AFE0120E0627D
:10E8B0000BF050FE01F0DAF926E0FFF763FF0028C5
:10E8C00008D00BF03DFE0120164988600BF042FE97
:10E8D00001F074F9FFF76EFF002808D00BF030FE4E
:10E8E0000120104908620BF035FE01F01FF9FFF717
:10E8F00079FF002808D00BF023FE01200949486168
:10E900000BF028FE01F035F90124200032BC08BCD0
:10E9100018470000E4EB0040D0B1004030CB00408D
:10E92000ECEC00402CEC0040D107000044FD02005C
:10E9300040FD020040C11FE0F4E80040B9487047C4
:10E94000B9487047B8487047B8487047B8487047EA
:10E950000120704710B5B748002202600021C9436A
:10E9600041608160642104000C3420000BF080FFC2
:10E9700010BC08BC184780B5FFF7ECFF01F05FF84A
:10E98000AC488168416001200ABC184780B5AA489C
:10E9900001F039F801200ABC184780B5A64801F0FB
:10E9A00032F801200ABC184710B5A24C2068401C60
:10E9B000206001F03CF801F06AF8A0686060012076
:10E9C00010BC08BC184738B59A4C00202060251DA3
:10E9D0000020C043286001F02AF801F058F8A06830
:10E9E0002860012032BC08BC18470120704780B560
:10E9F00000F009F801200ABC1847012070470120E7
:10EA0000704701207047F0B585B000210020F3F772
:10EA100099F80120F3F789F803210120F3F788F82A
:10EA20000020F3F77FF880204002F2F7EBFF8348E5
:10EA3000F3F78CF8E923F02235210020F2F7ECFF00
:10EA4000B548F3F7C4F87B4E306F002863D00C2133
:10EA5000002202AC20000BF00BFF706800900098C1
:10EA60000021C943884209D1306FF7F706FA401EEA
:10EA700000900098002801D5002000900098002800
:10EA80000DD034000C34642322006946306FFCF74B
:10EA9000E7FCA249884203D0002802D135E038E0E3
:10EAA00039E02000317B30390A2929D22021200089
:10EAB0000EF01AFD0500002D21D0281B0190019AAF
:10EAC000210002A80CF052FD002816D00C210022D3
:10EAD00002AF38000BF0CCFE019A210002A80CF026
:10EAE00087F88F48F3F773F802A8F2F779FE8DA044
:10EAF000F2F776FE8848F3F76AF8681C00E0200019
:10EB0000F2F76EFE87A0F2F76BFE87488068BE289A
:10EB1000B4DB0098B06005B0F0BC08BC184780B505
:10EB2000F2F717FE00F002F80ABC184730B5C1B082
:10EB3000404C216F002901D100202EE00500206FFC
:10EB4000F7F79BF9009001A8F2F754F977A101A813
:10EB50000CF0FEFC4A2229000EF0D8FC71A101A89D
:10EB60000CF0F6FC0CF018F8652805D3704BF12278
:10EB700070497148F2F790FD01A80CF00DF8030000
:10EB800001AA6946206FF7F7F5FA6449884201D077
:10EB9000012000E000200006000E41B030BC08BC9F
:10EBA000184770B565A529002800F6F73FFF214CEE
:10EBB000260070363060002805D101222900280087
:10EBC000F6F7EEFF3060206F002801D0012000E052
:10EBD00000200006000E70BC08BC184710B592B0AB
:10EBE00004005748F2F7B5FD010005A80DF0F2FC4E
:10EBF00020000CF003F902000B00524968460BF0AC
:10EC00006FFF694605A80CF0A3FC09F04DF8010060
:10EC100005A80CF09DFCFFF789FF12B010BC08BCE2
:10EC20001847000088FD02009CFD0200B4FD0200B0
:10EC3000C8FD020070EB0040C4450300683E0200BE
:10EC400038B598B040480168002902D040680028D3
:10EC500001D100205BE03D4D290005A80DF0BAFC74
:10EC60003B4CDB20800020180DF094FC0CF082F867
:10EC70000CF0C4F802000B00364968460BF030FF78
:10EC8000694605A80CF064FCDD20800020180DF01A
:10EC900081FC0CF06FF80CF0B1F802000B002E496B
:10ECA00068460BF01DFF694605A80CF051FCDF20FB
:10ECB000800020580CF0A2F802000B00274968469B
:10ECC0000BF00EFF694605A80CF042FCFFF72EFF83
:10ECD000290005A80DF07EFCC820400020180CC8B3
:10ECE00008381F4968460BF0FBFE694605A80CF082
:10ECF0002FFCFF202A30225C1A4968460BF0F0FEF8
:10ED0000694605A80CF024FCFFF710FF012019B09C
:10ED100030BC08BC18470000003F3F0005400080A1
:10ED200000203F000D00000030CB00400900000033
:10ED300028FE0200E4FD0200F8FD02006C6F67008F
:10ED400048FE020074FE020028D500407CFE02004E
:10ED5000F8DD004084FE02008CFE020094FE0200FA
:10ED60009CFE0200A8FE0200F8B5AE480168082229
:10ED700091430160AC48016801220A43026001210D
:10ED8000AA4A116080229204A9490B6813430B60C0
:10ED9000802464040B6823430B60A64B1A601C603C
:10EDA0008022D2010C6814430C60A34C22608024A2
:10EDB000E4050D6825430D601C6080219F4B1C6895
:10EDC0000C431C600368802424061C4304609C4898
:10EDD00001609C480168114301609B490A608021E1
:10EDE000890102680A430260984801600BF0A8FBA1
:10EDF0009748016801220A4302600168102291438A
:10EE00000160016820220A430260924801680322DF
:10EE1000914301220A4302608F4801688F4A0A40E9
:10EE2000802149031143016001688D4A0A40802115
:10EE300049011143016002F02BFC02F0F7FD02F0E2
:10EE400047FD884801680F220A430260864801682E
:10EE5000FF220A43026002F005FDF3F7C7F8F1F75D
:10EE600029FF02F0A1FCF3F7B5FBF3F78FFAF3F7F4
:10EE7000FEFCF5F7CBFFF5F7DBFFFFF76BFBFFF7CA
:10EE80005AFB05F089F9FDF7B7FAFDF743FAFDF7EC
:10EE90001BF9FDF7E5FDF7F7B7FFF7F7FCFFF1F713
:10EEA0007BF9F1F713FE0AF0F5FB0AF07DFCF8F7A9
:10EEB00037FB01F0D9F9FEF777FF0BF04BFB05F0BC
:10EEC00090F905F084F900F06DFDB948F2F7B7FA52
:10EED000F9F7A0F9F6F77EFBFFF728F9002805D02F
:10EEE000FFF744F9002801D003F016FEFFF71EF9E2
:10EEF000002807D0FFF724F9002803D00AF054FCBB
:10EF000002F078FFF3F79EFD02F0FEFFF3F73EFA02
:10EF1000A84C2000F2F75BFE2223F02213210020F0
:10EF2000F2F77AFD00210020F2F70CFE0020F2F744
:10EF3000FCFD01210120F2F7FBFD0020F2F7F2FDBC
:10EF40009D48F2F75FFD9D48F2F700FE9C48F2F7FE
:10EF500047FC2300EF2233210020F4F792FD00212B
:10EF60000020F2F7EFFD0020F2F7DFFD0321012082
:10EF7000F2F7DEFD0020F2F7D5FD80204002F2F727
:10EF800041FDFF2004F048F9F3F78AFCA34805F09F
:10EF9000B0F902F099FDF7F70FFBF3F717FD02F058
:10EFA00093FDF7F7D7FA642005F065FAFFF7F9FD4E
:10EFB0009B48FFF7B4FDFBF7D7FEF9F78FFBF8F797
:10EFC00097FCF1F7BBFC05F06DFFFEF759F8FEF773
:10EFD0006FF8FEF751FAFEF7DCFAFEF75EFAFEF77D
:10EFE000E9F9FEF759F8FEF703FB8E4FB8680028E1
:10EFF00014D1786A002811D1F86800280ED1386938
:10F0000000280BD17869002808D1B869002805D1FB
:10F01000F869002802D1386A002827D0994800F002
:10F02000F2FC26E028C002E020C0FF3F38C0FF3FCE
:10F0300000C0FF3F1CC0FF3F18C0FF3F40C0FF3F64
:10F0400058C0FF3F80C0FF3F98C0FF3F9CC0FF3FBC
:10F05000A0C11FE00CC11FE0A8C11FE0FFFFCFFF50
:10F06000FFCFFFFF08C11FE0A4C11FE0864800F0EA
:10F07000CAFCFFF7C7F985480068002801D004F0F2
:10F0800087FF8348006801004900C90F002906D1A5
:10F09000804BD622520080498048F2F7FDFA804C1E
:10F0A0002500B8352868002803D002F099FD00201B
:10F0B00028607C4D2869002851D002F005FDB4205D
:10F0C00020581F2802D3A34802F0FAF82600C036C1
:10F0D0003068401C30603068C4216158884215D3C4
:10F0E00000F000FD002811D1A2489321C900415829
:10F0F00000290BD1A0494058002807D1A548006835
:10F10000002803D0F2F7EEFF00203060F8F76DF929
:10F11000F8F7EDF9A6480068002801D0F8F7B6FA2C
:10F12000F0F7FDFF0AF086FAF7F726FFF8F734F854
:10F13000A87B05210BF0DCFB00290ED1FDF7ACFF0D
:10F14000FDF79EFFFDF7B4FFF7F704FAB020205853
:10F15000002802D0A34805F0CCF8F3F78BFD00F0AF
:10F16000AAFD386B002806D0B86B002803D0002019
:10F17000B86300F0B7FDF0F7EBFF0AF077F9AB4D9D
:10F180002868002809D0286800F01CF82868F6F7DD
:10F190009FFC00202860C0216050FCF7D4FFFFF7DF
:10F1A00039FB002800D16CE70020C021605068E7DF
:10F1B0001AE80040003F20000200010090600200B9
:10F1C000FCFE020010B50400200000F06DF82000E5
:10F1D00000F0D4F8200000F0DFF8200000F0EAF89A
:10F1E000200000F0F3F8200000F01EF8200000F0EE
:10F1F00009F8200000F0F8F8200000F0ADF810BC8D
:10F2000008BC184780B56B46894A8A49FCF712FA50
:10F21000002801D1F3F7E0FD09BC1847CC34030006
:10F2200004FF0200E4EB00403EB505000020029020
:10F2300001900090804C02AB804A21002800FCF72E
:10F24000F9F900281BD101AB7D4A21002800FCF709
:10F25000F1F9002813D16B467A4A21002800FCF707
:10F26000E9F900280BD178480299D0228150019900
:10F27000D42281540099D6228152F5F7B5FF37BCCC
:10F2800008BC1847E4E70200784D0300F0DD0040B9
:10F2900094C0FF3F58FF0200F4FE02002CFF020062
:10F2A000F4E80040B8EC004038B58CB00500674C7D
:10F2B0000BAB67A221002800FCF7BCF9002845D160
:10F2C0000AAB64A221002800FCF7B4F900283DD164
:10F2D00009AB614A21002800FCF7ACF9002835D1C0
:10F2E00008AB5EA221002800FCF7A4F900282DD16C
:10F2F00007AB5BA221002800FCF79CF9002825D170
:10F3000006AB58A221002800FCF794F900281DD173
:10F3100005AB4B4A21002800FCF78CF9002815D1D9
:10F3200004AB484A21002800FCF784F900280DD1DD
:10F330000498039005980290069801900798009011
:10F34000089B099A0A990B98F1F7F8FD0DB030BCAB
:10F3500008BC18476CFF020080B56B46344A42492E
:10F36000FCF768F9002802D140A001F0A9FF09BC10
:10F37000184700006CD000409C04000080B56B462C
:10F380002B4A3B49FCF756F9002801D100F06EFCEE
:10F3900009BC184730CB004080B56B46244A35493C
:10F3A000FCF748F9002801D100F008FC09BC184717
:10F3B00028D5004080B56B461D4A2F49FCF73AF925
:10F3C000002801D100F0B2FB09BC184780B56B469C
:10F3D000174A2A49FCF72EF9002801D100F0C9FB91
:10F3E00009BC1847E43403001CB56B46104A244995
:10F3F000FCF720F9002815D16424F1F725F902E083
:10F400000A2002F035FB1F480068002802D1641E64
:10F41000002CF5D10BF094F80AF03CF90AF012F93F
:10F420000BF098F813BC08BC18470000ECDD004056
:10F43000BCFF0200A8FF0200C4FF0200DCFF0200C4
:10F44000E4FF0200ECFF020020E70040F4FF0200AE
:10F45000736563006D696E0008000300646F6D00E2
:10F46000646F7700646F79001000030000000000F3
:10F4700020000300300003003C0003004C000300A8
:10F480005C00030004CB004000B57B480068002806
:10F4900001D07A4800E0BC4808BC1847BB48704718
:10F4A000BB48704700B5AB48F82189004158002996
:10F4B00004D0F72189004058002801D1B54800E068
:10F4C000002008BC18470020704780B5B24800688B
:10F4D0001E2803DB00F015F800F027F807F0F2FF14
:10F4E0000ABC184780B507F05DFD00F00AF809BCBA
:10F4F000184780B507F0E2FD00F003F801200ABCD0
:10F50000184700B50020A54984228850020004E075
:10F5100004235343CB185860521C1E2AF8DBC867DB
:10F5200080228850086008BC18473EB59C4D0122D7
:10F530009CA19DA0F6F734FB28602868002810D015
:10F54000002401949948009004236A4601A9286880
:10F55000F6F710FE9649884203D12868F6F7B8FA04
:10F560002C6037BC08BC1847F8B588B0FDF722FFFF
:10F57000784CF820800022181068002816D0F72058
:10F5800080002058002811D0F2208000205889499E
:10F590000BF0D8FB0AD2FDF7FBFA092830DBFDF7A8
:10F5A00097FFFDF78BFF07F003FF29E010680028A5
:10F5B00026D1F72080002058002821D1774DEE6F0A
:10F5C0003000401CE867FA2080002058002802D054
:10F5D00080273F0600E00027F020800020580DF033
:10F5E000EFF8074304204643A8194760E86F1E2838
:10F5F00001D100F045F8280080300168491C016005
:10F60000664D286800282CD06B48FDF76AFB00285F
:10F6100027D0E86F012824DB0020286007F048FE8F
:10F6200000281ED000F02CF800281AD06846F1F708
:10F630005DFC0200614904A80BF052FA5AA304AA27
:10F6400058A11800F6F726FBFFF75BFFFFF7F8FA63
:10F65000002803D008F000FAFFF7C0FA584804F079
:10F6600048FE0020FA218900605000F010FA0120C5
:10F6700009B0F0BC08BC184748D40040180103008A
:10F68000F8B594B0454C84202058002801D1FFF7EC
:10F690004CFF84202058002805D10020E06704F0AA
:10F6A00077FC002052E084202058F6F7E6FB00901B
:10F6B000002504AE0020C0430290042202A93700B6
:10F6C00038000BF069F8361D2D1D07223D49370023
:10F6D00038000BF061F8F61DED1D1E223A49370087
:10F6E00038000BF059F837001E371E3503951026E9
:10F6F0003200364D2900019701980BF04DF8019822
:10F7000038001030039B103304AA69468420205827
:10F71000F6F730FD0700012F09DBE36F04204343B8
:10F72000221D694684202058F6F724FD0700310089
:10F730000026320028000BF09BF8E6671C48874241
:10F7400003D104F025FC002000E0012015B0F0BC3E
:10F7500008BC18476CD0004080B51D4800F053F934
:10F7600001200ABC184780B5F8F77AFC01200ABCD2
:10F77000184780B5FDF70EFEFDF742FE0120074950
:10F78000086001200ABC1847380103004801030043
:10F79000600103007001030068EB0040E8EA0040EC
:10F7A0006CEB0040746D70006D637300EEEEEEEE76
:10F7B000054000800100E040D0A100408801030026
:10F7C000C0340300C0EC004064E10040ECD40040D1
:10F7D000C445030080B5FFF794FE07F0E9FD0ABCBD
:10F7E000184700006148704761487047604870479B
:10F7F0005F4870475E48704710B5102100225D4C8D
:10F8000020000BF035F810BC08BC184780B5052067
:10F8100058490860FA20800000F0AEFB00F00FF9B4
:10F8200001200ABC184710B500F031F9514C20688E
:10F83000401E2060206800280BD16068002805D198
:10F840004D4B58224D494E48F1F726FF606800F0B5
:10F85000A7F8012010BC08BC184710B5454C6068DB
:10F86000002805D1444B612246494548F1F714FF71
:10F87000606800F095F8012010BC08BC184710B56E
:10F880003C4C6068002805D13B4B67223E493C4810
:10F89000F1F702FF606800F083F8012010BC08BC9B
:10F8A000184710B5334C6068002805D1324B6D22E3
:10F8B00036493348F1F7F0FE606800F071F8012036
:10F8C00010BC08BC184710B52A4C6068002805D148
:10F8D000294B73222E492A48F1F7DEFE606800F0BA
:10F8E0005FF8012010BC08BC18470120704780B5A4
:10F8F00000F009F801200ABC1847012070470120D8
:10F9000070470120704710B5EA23F022352100200E
:10F91000F2F782F800210020F2F714F90120F2F743
:10F9200004F900210120F2F703F91A48F2F76AF806
:10F930001948F2F70BF90120F3F702FAF2F7ADF8E4
:10F940000C4CA068002805D10B4B9E2213490C4893
:10F95000F1F7A2FEE068A16800F023F8F3F7FAF9E6
:10F960000020F3F7EDF910BC08BC1847D4010300E0
:10F97000F801030000ED00405802030010020300EC
:10F98000240203007C02030090020300A40203008F
:10F99000B802030002000100404C0200CC02030048
:10F9A0000047084780B584480021C162C163AE4A60
:10F9B000026041600163416381630164416404F05A
:10F9C0001DFF07F0EFFAFFF78DFD07F0EBFA09F0E6
:10F9D0005DF803F041F9F7F7E3FFF1F74FFB0AF0A9
:10F9E000DAFDF4F7D0FD09F055FBFEF7B3FF08F0A0
:10F9F00073FBF5F751FCFAF7A1FFFFF7FDFE02F0EC
:10FA000072FC09BC184738B505006B4C2068A84249
:10FA100001D000F054F825600020E06300F09FFA68
:10FA200000F01CF8FEF7EEFC31BC08BC184780B5AE
:10FA3000AA4803C8C822F3F74DFC09BC184780B593
:10FA40005D48C06B002801D1FFF7F1FF00F075F9A8
:10FA500000F0B6F900F01BF809BC184780B5A048C3
:10FA60000068002801D1F2F76DFB534801680029B6
:10FA700001D1012009E001688969002901D1012033
:10FA800003E00068806900F0EDFB0ABC184780B510
:10FA900049480168002901D101200EE0C16B00290D
:10FAA0000AD10168096B002901D1012005E0006835
:10FAB000006B00F0D7FB00E001200ABC184780B5BE
:10FAC0003D480168002901D1012009E00168496B26
:10FAD000002901D1012003E00068406B00F0C2FB67
:10FAE0000ABC184710B534480168002901D101202B
:10FAF00019E0AE490968002901D0002013E001682F
:10FB0000896B002901D101200DE00068806B00F0B5
:10FB1000A9FB0400002C05D0F5F714FB002801D048
:10FB2000002000E0200010BC08BC184710B5224C93
:10FB30002068002801D1012018E0E06B002803D0E4
:10FB400000F039FB012011E02068806800F08AFB9A
:10FB5000002801D1012009E02068C069002801D1F6
:10FB6000012003E02068C06900F07CFB10BC08BCE9
:10FB7000184710B5104C2068002801D1012018E06A
:10FB8000E06B002803D000F02BFB012011E020687F
:10FB9000C06800F067FB002801D1012009E020685F
:10FBA000006A002801D1012003E02068006A00F00B
:10FBB00059FB10BC08BC1847E4EB004070B57C4D05
:10FBC0002868002801D101204BE0E86B002836D0DE
:10FBD0002E6C002401E0761E641C6868006D84426F
:10FBE0000ADA6868042161434018C06F00F03AFBEC
:10FBF0000028F1D0002EEED168680421614340183E
:10FC0000406D002805D16B4BC7226B496B48F1F75B
:10FC100043FD686804214C430019406D00F022FB4D
:10FC20000400012C05D1E86B002806D000F01EF876
:10FC300003E0002C01D100F00DFA200011E028684B
:10FC4000006900F00FFB002801D1012009E02868BD
:10FC5000406A002801D1012003E02868406A00F0D2
:10FC600001FB70BC08BC1847C445030010B5504CDC
:10FC70002068002801D101201AE0E06B002805D09F
:10FC80000020E063FFF7DBFE012011E020684069FF
:10FC900000F0E8FA002801D1012009E02068806A1C
:10FCA000002801D1012003E02068806A00F0DAFA20
:10FCB00010BC08BC184780B53D480168002901D137
:10FCC000012009E00168C96A002901D1012003E08F
:10FCD0000068C06A00F0C6FA0ABC18472C0303008B
:10FCE00030CB004080B5CA480168002901D101200D
:10FCF00009E00168096C002901D1012003E00068D6
:10FD0000006C00F0AFFA0ABC184710B5C04C206870
:10FD1000002801D101200DE00020E063FFF78FFEF5
:10FD20002068C06B002801D1012003E02068C06B6F
:10FD300000F098FA10BC08BC184738B51C4C206875
:10FD400000282FD0206845682800F1F740FF2223C3
:10FD5000F02213210020F1F75FFE00210020F1F7CF
:10FD6000F1FE0020F1F7E1FE01210120F1F7E0FEB4
:10FD70000020F1F7D7FEB348F1F744FEB248F1F79F
:10FD8000E5FE2068006800F06DFA04006E20F1F7CF
:10FD900067FE2000F1F7EFFC2B00EF22332100205B
:10FDA000F3F76FFE31BC08BC18470000A4E900401F
:10FDB000E4EB00406C030300340303004003030042
:10FDC00070B5934C2068002800D1BDE020684068E1
:10FDD000F1F7FDFE0021C9430120F1F7A9FE002043
:10FDE000F1F7A3FE0020F1F79DFE9648F1F70AFE19
:10FDF0009648F1F7ABFEFF2520352123F02229009C
:10FE00000020F1F709FE6420F1F72AFE0F235022AB
:10FE100029000020F1F700FE00210020F1F792FEFA
:10FE2000E06B002802D000F096F80BE020688068B4
:10FE300000F018FA002804D02068806800F012FA58
:10FE400000E083A0F1F797FC0F23502229005020F7
:10FE5000F1F7E2FD00210020F1F774FEE06B0028CD
:10FE600002D000F076F80BE02068006900F0FAF9A3
:10FE7000002804D02068006900F0F4F900E074A0C4
:10FE8000F1F779FC0F235022972149005020F1F718
:10FE9000C3FD00210020F1F755FEE06B002802D0E1
:10FEA00000F055F80BE02068406900F0DBF900280D
:10FEB00004D02068406900F0D5F900E064A0F1F7B3
:10FEC0005AFC0F2350222900A020F1F7A5FD0021A4
:10FED0000020F1F737FEE06B002802D000F03DF87B
:10FEE0000BE02068C06800F0BDF9002804D020684D
:10FEF000C06800F0B7F900E055A0F1F73CFCB74C42
:10FF0000FF2540352300EF2229000020F3F7B9FD3B
:10FF10002300EF22FF2122310020F3F7B2FD23005E
:10FF20009F22982149005120F3F7ABFD91267600DE
:10FF300023002A0031005020F3F731FD23002A006E
:10FF40003100A020F3F72BFD70BC08BC1847AE4869
:10FF50007047AE487047AE487047AE48704780B5AE
:10FF600000F050F82A48002101630AF0E9FA8163A1
:10FF70000AF0F0FA09BC184710B504000A2C06D2A2
:10FF8000A54BFF225C32A549A548F1F785FB00F09F
:10FF900039F81F480121016344630AF0D1FA0021B6
:10FFA00081630AF0D7FA200000F003F810BC08BC07
:10FFB000184770B504000A2C06D2974BFF226C320A
:10FFC00098499748F1F768FB0AF0BAFA964D286805
:10FFD0000121884328609548066820000A21F1F72E
:10FFE00053FB3018924908609248016808220A437E
:10FFF000026028680121014329600AF0ABFA70BC55
:020000040001F9
:1000000008BC18478B48016808229143016070477B
:10001000E4EB004010B50400002C06D1864BC22250
:10002000520086497E48F1F737FB85480121C163BC
:1000300000210164446000F00DF8FFF7C1FE10BC20
:1000400008BC18470200010090600200404C02000A
:1000500000000000FEB57A4C2068002800D188E03E
:1000600060685430002806D1764BFF2296327649DC
:100070006B48F1F711FBEA23F02235210020F1F75C
:10008000CBFC0020F1F751FD0020F1F74BFD6F484C
:10009000F1F7B8FC6E48F1F759FD6E48F1F797FD9E
:1000A0000A20F1F7DDFC6C4D00272F603E000CE0CC
:1000B0006068042171434018C06F00F0D3F8002835
:1000C00002D0606C401C2860761C6068006D86421F
:1000D000EEDB0A20616C401A1421484305003535D7
:1000E000EA21081A0190019BEC2229000420F1F773
:1000F00093FC04210120F1F71BFD03210320F1F7FC
:1001000021FD6068007800280CD06068F1F733FBAF
:1001100052A0F1F765FB4F4BEE222900143101206C
:10012000F3F7AFFC4E48F1F76DFC20684068F1F73B
:100130004EFD0EE06068042179434018C06F00F066
:1001400091F8002804D0F1F716FB44A0F1F748FB22
:100150007F1C6068006D8742ECDB3E480090019890
:100160002B185B1EEF2229000020F2F7C9FD00F0DA
:1001700003F8F7BC08BC184770B5314D2868002853
:1001800016D0696C484214214843FD30801C296C0C
:10019000491C142251434618002407E0286843688C
:1001A000ED2231190220F3F785FE641C132CF5DBD8
:1001B00070BC08BC184780B5FFF7DEFF2048016C13
:1001C000002903D0016C491E016402E0416C491E04
:1001D0000164FFF7D1FF09BC18470000003F3F0052
:1001E00080B5FFF7C9FF1648016C426C521E914260
:1001F00003D2016C491C016401E000210164FFF796
:10020000BBFF09BC18470000840303009C030300E4
:10021000B8030300C8030300F0030300DC0303007A
:10022000400303000C040300040007E0080007E09B
:100230001C0007E0140007E034040300200403005E
:10024000E4EB00405C0403004C04030002000100E6
:10025000404C02000020200028EC00400D0000006F
:10026000010001000047000038B5A54C012086219F
:1002700049006054002588204000255000F0E2F934
:10028000DB2080002218002000210DF065FADD201F
:1002900080002218002000210DF05EFA0020DF21EE
:1002A00089006050E02189006050E12189006050A0
:1002B0002800E22189006054C148255431BC08BCA3
:1002C0001847F2B507008E4C012086214900605482
:1002D0000025280020712E0003E0B85D00F059F8D9
:1002E000761C00988642F8D3E220800026183570EC
:1002F000FF205A3025182878002847D08C2040004D
:10030000201803C8DB229200A2180DF025FA9020D5
:100310004000201803C8DD229200A2180DF01CFA3C
:100320002878022802DB3078401C307028780328B7
:100330000BD13078401C30709C204000201803C83E
:100340000AF018FDDF21890060509548205C56288E
:100350001CD03078401C30703078401C3070CE207B
:10036000800020180CC8083896A003C80BF0C2FF04
:100370000AF000FDE02189006050D02080002018A4
:1003800003C80AF0F7FCE12189006050F1BC08BC09
:10039000184738B55A4A862149005418217801294E
:1003A00009D000D2A7E0032941D00FD3052900D1FD
:1003B00086E076D39FE00006000E242805D10020B9
:1003C0000100117050800220207096E001000906A3
:1003D000090E2C2919D001000906090E2A2914D06A
:1003E0005188082902DB012020701FE05188511834
:1003F00008715188491C518011784840107050880C
:10040000082813DB0120207010E05188082902DB46
:10041000012020700AE000210B00558855192B712E
:1004200013785840107051800320207065E001005F
:100430000906090E2A290CD15088FF2802DD012067
:1004400020702DE00020518851180873042020707E
:1004500026E08021490053888B4202DB0120207076
:100460001EE003001B061B0E0D2B0BD10020518834
:100470005118087311000C31101D00F043F80120D1
:1004800020703AE01378434013705388D3181873E0
:100490005088401C50805088884201DB0120207029
:1004A0002BE001000906090E30390A2902DA0001A1
:1004B000507002E0373800015070052020701CE0B9
:1004C00001000906090E30390A2904DA517830385A
:1004D0000843507003E05178373808435070107863
:1004E0005178884204D111000C31101D00F00AF837
:1004F0000120207001E00120207031BC08BC1847A9
:10050000F8DD004038B504000D00264920000AF04F
:1005100007FB002805D0244920000AF001FB002831
:1005200003D1280000F0DAF932E0204920000AF077
:10053000F7FA002805D01E4920000AF0F1FA002839
:1005400003D1280000F004FB22E01A4920000AF041
:10055000E7FA002805D0184920000AF0E1FA00283F
:1005600003D1280000F09EFC12E0144920000AF09C
:10057000D7FA002803D1280000F080FB08E0BE492C
:1005800020000AF0CDFA002802D1280000F0E6FD94
:10059000CA480168491C0160012032BC08BC1847E8
:1005A0002303000078040300800403008804030090
:1005B0009004030098040300A0040300A8040300AF
:1005C000890300006F1283C0CAA1FD3FF0B5002867
:1005D00003D0002901D0012B01DA00202FE00024F4
:1005E0002500260096420DD0475D002F0AD0475DBA
:1005F0002C2F00D1761C6D1C475D002FF2D10C70A2
:1006000000201CE0425D2C2A02D0425D2A2A02D141
:100610000C70002013E02200465D2C2E0DD0465DAC
:100620002A2E0AD0465D002E07D0465D8E54521CFD
:100630006D1C9A42F0DB5B1E1A008C540120F0BC4A
:1006400008BC1847F0B500239D4A18008A214900CC
:1006500050541800FF211631505418008B214900C6
:100660005054002000218C246400141903C4083C59
:1006700090246400141903C4083C1C0094256D00E8
:1006800054551C00FF252A3554559824640014192C
:1006900003C4083C9C246400141903C4083CA0242F
:1006A00064001351A22464001351A424640014199B
:1006B00003C4083CA8246400141903C4083C4D2456
:1006C000AC256D0054550124FF255A3554551C00A6
:1006D00007E01D00022666439619AD277F00F553FB
:1006E000641C142CF5DBC4246400141903C4083CF6
:1006F000C8246400141903C4083CCC2464001419F1
:1007000003C4083CD024640013511C00D2256D00A2
:1007100054551C00D3256D0054531C0022E01D00CD
:100720000C2666439619D8277F00F5531D000C262A
:1007300066439619D9277F00F5531D000C266643A2
:100740009619D4277F00F5531D000C266643961991
:10075000D5277F00F5530C2565435519D62676001D
:10076000AB51641C142CDADBA624A40013515624CC
:10077000A725AD005455A825AD00551903C5083D62
:100780003F25AA26B60095551D004E4E95551D00D5
:100790004D4E9555BC25AD00551903C5083DBE25E8
:1007A000AD00551903C5083DC025AD00551903C559
:1007B000083DC225AD00551903C5083DC425AD004F
:1007C000551903C5083DC625AD005455C725AD00D4
:1007D00053511D00C826B60095551D003B4E95553A
:1007E0001D003B4E95553B4D5455CA24A400141989
:1007F00003C4083CCC24A400141903C4083CCE2430
:10080000A400141903C4083CD024A400141903C480
:10081000083C01242500D226B600955525002E4E11
:100820009555FA25ED00C24E9553D426B60096197B
:1008300003C6083ED620800013501800D721890037
:1008400050541800BB4950541800BB495054200064
:10085000BA495054D82080001454B9481552180091
:10086000D921890050541800B6495054DA2080002C
:100870001350F0BC08BC1847B004030010B50100C9
:100880000904090C002901D1002013E0002100E037
:10089000491C0C290DDA0200AB4B02244C431B19F6
:1008A000AD2464001B5B1204120C9A42F0D10120AB
:1008B00000E0002010BC08BC1847000008DF004022
:1008C000F8DD0040A9020000C90200002103000079
:1008D000220300002303000049030000F8B58EB096
:1008E00007001E23002269463800FFF76FFE00282C
:1008F00026D008AC312020703520607000252800FB
:10090000A070914E08A80CF0BFFE8A2149007054D7
:1009100032202070372060702800A07008A80CF0EA
:10092000B3FEFF2116317054684601792170407979
:100930006070A57008A80CF0A7FE8B2149007054C8
:100940001E23012269463800FFF740FE00281AD016
:100950007E4D6C46A01CF3F7E9FD0022C14B0AF066
:100960006DFE03C5083D0020A0706846F3F7DEFD6C
:100970000CAA03C2083A03CD083D0CAA0CCA0BF01E
:1009800081FE03C5083D1E23022269463800FFF799
:100990001DFE00280BD068460078532807D16B4A0B
:1009A00003CA083A80231B06594003C2083A1E2393
:1009B000032269463800FFF709FE00281AD0AA4D25
:1009C0006C46E01CF3F7B2FD0022A64B0AF036FE9F
:1009D00003C5083D0020E0706846F3F7A7FD0CAAA8
:1009E00003C2083A03CD083D0CAA0CCA0BF04AFE1C
:1009F00003C5083D1E23042269463800FFF7E6FDC3
:100A000000280BD068460078572807D1964A03CAB9
:100A1000083A80231B06594003C2083A1E230522C8
:100A200069463800FFF7D2FD002804D068460078F8
:100A300030388E4908701E23062269463800FFF7B9
:100A4000C5FD00280CD008A869460A7802704978CC
:100A500041700021817008A80CF016FE84490870CE
:100A60001E23072269463800FFF7B0FD002805D095
:100A70006846F3F75BFD7F4A03C2083A1E2308224B
:100A800069463800FFF7A2FD002805D06846F3F755
:100A90004DFD794A03C2083A2B4CFF201630205CEA
:100AA0003C2148438B214900615C4518A22040004D
:100AB0002058A84225DAA22040002058401B0BF005
:100AC00037FD0022674B0AF0B9FD06000F00002039
:100AD000002132003B000CF027FE12D0A420400081
:100AE000201803C89C225200A2180CCA0AF042FF28
:100AF00032003B000AF0A2FDA8225200A21803C255
:100B0000083A9C204000201803C8A4225200A218D2
:100B100003C2083AA22040002550A020400020181F
:100B20000168491C01600FB0F0BC08BC1847000008
:100B30004A0300005D0300005E0300005F03000045
:100B40006203000065030000F8DD004010DF004094
:100B500078B58BB005001E23002269462800FFF7F8
:100B600035FD002803D068460078C54908701E236B
:100B7000012269462800FFF729FD002804D06846B5
:100B800000783038BF4908700026340024E0300077
:100B9000BD49022262438918AD22520088521AE0F0
:100BA0001E232200921C69462800FFF70FFD002833
:100BB000EDD008A869460A78027049784170310082
:100BC000817008A80CF060FDAF49022262438918C9
:100BD000AD2252008852641C0C2CE1DB1E230E2235
:100BE00069462800FFF7F2FC002806D06846F3F7B4
:100BF0009DFCA64A03C2083A04E000200021A34A53
:100C000003C2083A1E230F2269462800FFF7DEFCC4
:100C1000002806D06846F3F789FC9D4A03C2083ACB
:100C200004E0002000219A4A03C2083A1E23102241
:100C300069462800FFF7CAFC002806D06846F3F78B
:100C400075FC944A03C2083A04E000200021914A4E
:100C500003C2083A90480168491C01600CB070BC9E
:100C600008BC184700004E4018DF004020DF00405D
:100C700021DF004028DF004030DF0040F8B58AB0B7
:100C800007000026340035001E23002202A9380088
:100C9000FFF79CFC002808D002A80CF0F5FC04002B
:100CA0002000001E0A2800D3E5E0012C03DB04200D
:100CB0004443142C00DBDEE01E23012202A938008D
:100CC000FFF784FC002803D002A80CF0DDFC05002F
:100CD0002800401E092800D3CDE01E23022202A9CD
:100CE0003800FFF773FC002804D002A80CF0CCFCFD
:100CF0006A49088034004DE0634804216943611863
:100D00000C2251434018BD2149003200425225E0D7
:100D10005D480421694361180C2251434018C021E9
:100D20004900320042521E2304226243921D02A94E
:100D30003800FFF74BFC0028DED0534804216943FC
:100D400061180C2251434118BD22520000920191BA
:100D500002A80CF099FC0199009A88524A48042193
:100D6000694361180C2251434118BE22520000927F
:100D7000019102000420684321180C204143100017
:100D80004018BC214900405AFFF778FD0199009AAC
:100D90008850641C042C6ADA1E2304226243D21C8D
:100DA00002A93800FFF712FC002811D036480421B0
:100DB000694361180C2251434118BC225200009231
:100DC000019102A80CF060FC0199009A88520AE097
:100DD0002D480421694361180C2251434018BC215D
:100DE0004900320042521E2304226243121D02A90E
:100DF0003800FFF7EBFB002811D02348042169439A
:100E000061180C2251434118C122520000920191F5
:100E100002A80CF039FC0199009A88520AE01A489D
:100E20000421694361180C2251434018C121490033
:100E3000320042521E2304226243521D02A938008E
:100E4000FFF7C4FB002800D162E70F480421694383
:100E500061180C2251434118C022520000920191A6
:100E600002A80CF011FC0199009A88525BE70C482B
:100E70000168491C01600BB0F0BC08BC18470000B9
:100E800050DF004051DF0040F8DD004080DF0040CF
:100E900088DF004090DF004098DF00409EDF004088
:100EA00090E00040F1B58CB0312608AC26703820B7
:100EB00060700020A070A24DA24F08A80CF0E4FBC7
:100EC00038701E23002269460C98FFF77FFB00282C
:100ED0001ED03220207066700020A07008A80CF090
:100EE000D3FB38702670372060700020A07008A8EF
:100EF0000CF0CAFB94496854684601792170407926
:100F000060700020A07008A80CF0BEFB8F496854E8
:100F10001E23012269460C98FFF758FB002804D0D5
:100F2000684600788A49685402E056208849685427
:100F30001E23022269460C98FFF748FB002815D0B3
:100F4000844F6E46B01CF3F7F1FA0022824B0AF090
:100F500075FB03C7083F0020B0706846F3F7E6FA58
:100F60000CCF083F0BF08EFB03C7083F1E23032264
:100F700069460C98FFF72AFB00280DD068460078D8
:100F8000532809D1CA2080002A1803CA083A8023AE
:100F90001B06594003C2083A1E23042269460C98D6
:100FA000FFF714FB002815D0B24F6E46F01CF3F784
:100FB000BDFA0022684B0AF041FB03C7083F00203E
:100FC000F0706846F3F7B2FA0CCF083F0BF05AFB0B
:100FD00003C7083F1E23052269460C98FFF7F6FA5F
:100FE00000280DD068460078572809D1CC20800011
:100FF0002A1803CA083A80231B06594003C2083A3C
:101000001E23062269460C98FFF7E0FA002808D054
:101010006846F3F78BFACE229200AA1803C2083A68
:1010200009E000200021CE229200AA1803C2083A4B
:101030005620474968541E23072269460C98FFF73B
:10104000C5FA002808D06846F3F770FAD02292005B
:10105000AA1803C2083A09E000200021D022920019
:10106000AA1803C2083A5620394968541E23082298
:1010700069460C98FFF7AAFA002828D06E46307807
:1010800020707078607000273800A07008A80CF0FD
:10109000FBFAD22189006854B0782070F078607033
:1010A0003800A07008A80CF0EFFA73496854307942
:1010B000207070796070A77070482C1808A80CF028
:1010C000E3FA20802088FA21C900401820801E23DE
:1010D000092269460C98FFF779FA002808D068467B
:1010E000F3F724FAD4229200AA1803C2083A06E0C1
:1010F00000200021D4229200AA1803C2083A1E231D
:101100000A2269460C98FFF761FA00280DD068465C
:101110000078572809D1D42080002A1803CA083A39
:1011200080231B06594003C2083AD62080002818A5
:101130000168491C01600DB0F0BC08BC18470000F4
:10114000F8DD004018E10040210300002203000008
:101150002303000020E1004000004E40F1B58CB0B8
:101160001E23002269460C98FFF730FA002824D08D
:101170006C4608AD207828706078687000263000D2
:10118000A8703F4F08A80CF07FFAD7218900785447
:10119000A0782870E07868703000A87008A80CF07B
:1011A00073FA384978542079287060796870AE7085
:1011B00008A80CF069FA344978541E2301226946C4
:1011C0000C98FFF703FA002805D068460CF05CFA8B
:1011D0002E49087002E001202C4908701E230222CB
:1011E00069460C98FFF7F2F9002805D068460CF024
:1011F0004BFA2749087002E00120254908701E2398
:10120000032269460C98FFF7E1F9002805D06846EB
:101210000CF03AFA1F49088002E001201D490880BD
:101220001E23042269460C98FFF7D0F9002805D048
:1012300068460CF029FA1849087002E000201649A7
:1012400008701E23052269460C98FFF7BFF9002895
:1012500005D068460CF018FA1049087002E000202A
:101260000E4908700E480168491C01600DB0F0BCC1
:1012700008BC184728E10040490300004A03000069
:10128000F8DD00405D0300005E03000057E1004010
:1012900058E100405AE100405CE100405DE100405F
:1012A00060E1004000C09FE51CFF2FE17143010099
:1012B00008B4024B9C4608BC6047C046D8370000C3
:1012C00038B504000020FEF79EFB03F01FF903F081
:1012D00007F900F0C7FAEFF7F9FBF6F7FFF9664DEB
:1012E0002868002803D1654803F003F801E002F004
:1012F00078FF002028606248027862496248FAF765
:1013000085FC6248FDF70BFC200009F045FC002835
:1013100002D02000FDF703FCF3F766FF5C4801688C
:10132000012291430160F1F7BBFA200000F034F88C
:1013300000F0B6F802F055FF01E000F0C5FBFDF744
:10134000B1F80028F9D1F0F7CDFE524880214903C9
:1013500001608021890301608020C0034E4908603C
:1013600001244E4801680322914321430160E0209B
:1013700000060168042291430160016802220A43C9
:101380000260016821430160B848006820400028DD
:10139000FAD000F099FBF7E738B5040001210120ED
:1013A000F0F7C6FB6423F02267210020F0F734FB3E
:1013B00000210020F0F7C6FBA048F0F723FB002037
:1013C000F0F7B0FBF0F7E2FF9D48F0F7BFFBFC251C
:1013D000AD032800F0F7FBFB9A48F0F7CCF99A48E8
:1013E000F0F7B4FBA248F0F7C6F9FC208001F0F753
:1013F000EEFB2000F0F7BFF92B00EF228721002041
:10140000F2F73FFB31BC08BC184780B50121012031
:10141000F0F78EFB6423F02268210020F0F7FCFA3D
:1014200000210020F0F78EFB8448F0F7EBFA002053
:10143000F0F778FBF0F7AAFF8148F0F787FB8D48BB
:10144000F0F7C5FB8C48F0F796F97F48F0F77EFB84
:101450008A48F0F790F9FC208001F0F7B8FBCF48FC
:10146000F0F789F9FC239B03EF2288210020F2F793
:1014700008FB09BC18470000A4E90040D834030069
:10148000ECEC0040C8040300B8040300D0040300DF
:101490000C4002E03CC0FF3F040000E0100000E010
:1014A00010B5002405E0FAF74EFE422000F0E0FA05
:1014B000641C1E2CF7DB10BC08BC1847F8B570483C
:1014C00002F017FF00246F48046001206E49086095
:1014D000FBF7DCFFFCF703F8FBF7DEFD00F0C2F9D9
:1014E00002F0FEFF03F012F8EFF7F0FAA748C06829
:1014F0006649884201D0F6F7F1F8FFF786FFFFF75B
:10150000CFFF02F06EFE01E000F0DEFAFCF7CAFF4A
:101510000028F9D1F0F7E6FD9848016804220A4353
:101520000260016802220A430260016880220A43C5
:1015300002600168802212020A430260944804613A
:1015400002F0E4FF9648006803218843944908604C
:101550009448046000F0B8FAA04DA0202C50A420BC
:101560002C50AC202C50A8202C500126BC202E50F2
:10157000F1F71AFA00F00EF9012000F079FA0120D3
:1015800000F076FA964F3868002802D000F028FB69
:101590003C60A020285800280ED1A82028580028F8
:1015A0000AD1B0202858002806D18E48C16A0029E7
:1015B00002D1806A0028CDD0794801680322914386
:1015C0000E43066077480460FBF790FFFBF764FD6D
:1015D000BC202C5001E000F077FAFCF763FF0028F4
:1015E000F9D1FCF70FFF02F0F2FD802000037E49E5
:1015F00008607E490860F0F7A5FDF0F7C7FE634874
:10160000C0680E49884201D0F6F774F89348006824
:101610001E49884201D1EFF717F8914D286800283C
:1016200007D00020FEF7EFF9C548FEF7ECF92C6073
:1016300001E0FEF76AFBF1BC08BC1847020001009C
:1016400090600200FC040300404C0200704700B5AB
:1016500062480068002802D00020C04300E096489D
:1016600096490860B749086008BC184754C0FF3F56
:101670001C050300003F3F003C0503005805030024
:10168000D834030048D400404CD40040010001008D
:10169000F8B58021C9038A4A10680843106053488E
:1016A0000160884913680B40136080239B03146812
:1016B0001C431460036080242402834B1D6825436F
:1016C0001D60824D2C6080246403156825431560DD
:1016D000802292009C4D2E689C4F374017432F600C
:1016E000046018689A4C04401C609A4803689A4C3D
:1016F0001C40046003682024A343036097480368E8
:101700001940016096480168964B0B40036096486B
:101710000024046001680A43026000F031F82F4899
:10172000C0214450A0214450A4214450AC21445035
:10173000A8214450B0214450B4214450BC2144500D
:1017400021008180C6498160C1600121016164215D
:10175000816196214900C4228150B8214450FE2164
:1017600089059C228150F1BC08BC18477E4801685D
:10177000802212010A4302607047000044C11FE04A
:1017800079480168CE4A0A400260704728D5004077
:10179000ECEC00400220CB4908607047780503005C
:1017A0000CC11FE004C11FE080B500F010F89E4896
:1017B00001680722914303220A430260C548016879
:1017C0000322914302220A43026009BC1847C14820
:1017D000016803229143016070470000F4E8004073
:1017E000ACE9004060EA00403CC0FF3F38C0FF3F2A
:1017F00070B508F0A5FE9B490868002827D1012094
:1018000008600321984A116098490A68D20BD203F4
:10181000072313430B600A68AF4B13400B60AF49BB
:101820000A6802430A60AE4CAA2525605526266048
:10183000AC4A1268920E0240002AF9D008680222CF
:1018400002430A60FFF703FF2560266001E0FFF70F
:10185000FEFE08F07FFE70BC08BC184758BE004072
:1018600000D5004070B508F06BFE7E49086800287E
:101870001AD00020086099490A6802239A430A6036
:10188000974AAA231360552414600D680126B543B6
:101890000D6013601460934909680A005201D20F69
:1018A000002AF8D170490860FFF7D1FE08F052FE17
:1018B00070BC08BC18470000AAAAAAAAA8C11FE0C9
:1018C00020C0FF3FFFFF7FFF80C0FF3F98C0FF3F6A
:1018D00025480168802252010A430260B448B54994
:1018E0000A68024080235B0313430B60B2490A6815
:1018F00010408022920302430A60B0480168FF2230
:10190000914308220A4302600168AD4A0A4002601E
:101910000168FF2212020A4302600168A94A0A40D4
:101920000260A9480168802252000A4302604D48C3
:10193000002194228150982281504161704700001B
:10194000C4450300ACC11FE04CC002E0FFFCFFFF38
:10195000FFFFFFBF40C0FF3FFFFBFFFF60C0FF3F37
:1019600000C0FF3FFFFFFDFFC4C01FE00120704724
:101970001CB508F0E5FD3B4AB0215158936908F0C9
:10198000E9FD002909D05469002C01D1012400E0AF
:1019900000242406240E546101E00124546152699C
:1019A000002A2DD0002900D000234C2B06DB874ACB
:1019B00000210004000CF0F71FFA32E0332B06DBA5
:1019C000834A00210004000CF0F716FA29E01A2BD4
:1019D00006DB804A00210004000CF0F70DFA20E03D
:1019E0000D2B06DB7C4A00210004000CF0F704FA02
:1019F00017E07A4A00210004000CF0F7FDF910E02E
:101A0000C5490CC9083969460CC1083901006A4644
:101A100011801730694688806422684603C8F1F750
:101A200059FC13BC08BC184704C01FE08020000408
:101A3000BA4908600120BA490A6803239A4302435D
:101A40000A60E02109060A6804239A430A600A68CA
:101A500002239A430A600A68104308607047000036
:101A600000004040F4E8004004C11FE084C01FE0D3
:101A700070B50400002C1FD008F062FDA94D0020B5
:101A8000286008F067FDD94E30680721884301219E
:101A900001433160306880210143316003E000F090
:101AA00013F8FFF7D3FD280006F0BEFFA042F6D3DF
:101AB000306880218843306070BC08BC1847000043
:101AC000FFF7FFFFC0C01FE0C948AA2101605521F0
:101AD0000160704700C01FE0FFFF00FF80C01FE0F3
:101AE0008CC01FE088C01FE070402DE94E02A0E3CB
:101AF000D00B80E3000090E5A00FB0E1000050E3C0
:101B00002800000AD0629FE5B80096E5000050E387
:101B10002400001AC0049FE5000090E52003B0E116
:101B2000000BB0E1200BB0E1B400C6E1E004A0E39B
:101B3000D00B80E3001090E57016D1E3001080E533
:101B4000001090E58019D1E3001080E59C1096E527
:101B500088049FE5792800EBA82400EB0020A0E191
:101B60000130A0E19A0F8FE2030090E8E12900EB39
:101B70000040A0E10150A0E1B400D6E14E2B00EB03
:101B80000420A0E10530A0E1DA2900EB0020A0E369
:101B90004C349FE5A92600EB762400EB080086E58F
:101BA0000100A0E3B80086E57040BDE81EFF2FE10C
:101BB000FFFFCFFF04C002E044C002E0004003E0AA
:101BC000FFFFFEFFFFFFF1FF0C4003E08C18020057
:101BD000D41302001C0F0200640A0200AC050200CC
:101BE000F8B57E4C942020581E2804DA9420205802
:101BF000401C94216050982020580421484320180C
:101C0000A168C1610025002637000EE09820205809
:101C1000C01B002800D51E30042148432018C0698D
:101C200029000AF0E9FD05007F1C200094300168BE
:101C30008F42EBDB006809F017F90100280009F07A
:101C40009BFF27000C37386065480168491C01601C
:101C500001681E2900DB066025001835E06809F0E0
:101C6000CDF860A20CCA0AF00DFD0022A34B0AF0C9
:101C700041FBA3A20CCA09F0E1FC0AF00FFB2860AB
:101C8000A069652802DB6420286004E0A0690528BB
:101C900001DA05202860FFF769FE2061A848386056
:101CA0000125A848006840092840002802D1B0203A
:101CB000265014E02069002804D0E068A24909F009
:101CC00041F80CD22700B0373868002806D1AD485B
:101CD000FCF725FFF5F702FDEEF7F8FE3D60B020BA
:101CE0002058002805D02000B4300168491C01604C
:101CF00001E0B4202650F1BC08BC1847A248016896
:101D0000802292030A4302600168A04A0A408021AF
:101D1000490411430160704778060300040000E0A5
:101D2000100000E0CCEC004038402DE9B4429FE5C3
:101D30000100A0E3A80084E5BC0094E5000050E3A6
:101D40000200000A0000A0E39C129FE5940481E5D4
:101D500094529FE5E00395E5000050E31600001A59
:101D600088029FE52C0090E5000050E31200001A65
:101D70007C029FE5001090E578229FE5020051E18A
:101D80000300000A000090E56C129FE5010050E19D
:101D90000600001A800DA0E39F11E0E3FD1DC1E3E2
:101DA000000081E5FA1FA0E33200A0E33CFDFFEB59
:101DB0000000A0E3E80385E5C00084E53C029FE560
:101DC000001090E5021091E3001080E53140BDE87D
:101DD0001EFF2FE148E17A14AE47F13FF4E80040DE
:101DE0008CE9004066666666666600C0404002E0B8
:101DF000080000E0F8B5FFF75BFA6548EFF7F0FC84
:101E00006448EFF7EDFC80200002634908608024FD
:101E1000E4036248046096204000FFF729FE604812
:101E20000460FA20C000FFF723FE08F089FB0026BB
:101E30005C4A16605C48832303700A2116605B4C81
:101E40002170032101700127074302210F4304255C
:101E50003D43C0200543564F3D601660554A16600D
:101E6000554F3B700A231660544D2B7003233B7073
:101E700001233B430B4304271F433843504B186057
:101E8000FE230340FD201840EF230340BF201840ED
:101E90004006400E4B4B18701660E02000060268AA
:101EA0001143016048480178C90705D547490978B9
:101EB000890601D52178297044490978C90704D5D4
:101EC0000078800601D528782070FCF72FF90028CB
:101ED00000D0761CFFF7F8FD642EE3DB2F4880214D
:101EE0004903016080218903016008F033FBFA2077
:101EF000C000FFF7BDFDF1BC08BC18470000594009
:101F0000686666666666D63F38B5002425000CE034
:101F10000AE0FFF7F3FE96204000FFF7A9FDFFF768
:101F200025FD0028F4D16D1C641C092CF1DB092D62
:101F300002D12748FFF7C4F931BC08BC184700009C
:101F40006666064054C0FF3F3433034030B500217D
:101F50000A00802252051F4B1C6814431C601C6839
:101F60008025AD0525431D6006E00B4B1A601A4C19
:101F700022601A602260491C8142F6DB30BC08BC3A
:101F800018470000BC050300004003E0FFFFFFF816
:101F9000F4050300180603009CC0FF3F3CC0FF3F50
:101FA00038C0FF3F04C000E00CC000E000C000E00B
:101FB00008C000E0040001E00C0001E0000001E0C6
:101FC000080001E0100001E014C000E0140001E08E
:101FD0003C06030080C0FF3F98C0FF3F1C4003E069
:101FE0003333534000F88F40F4E800406CD0004099
:101FF00060EA0040E4EB0040C445030090010300A8
:1020000040C11FE0FEB517000024A14D002F02D1F2
:102010002000290018E001266A4603C2083A0FE0B2
:1020200030000AF049FC02000B00684603C809F0C2
:1020300005FB22002B000AF05DF904000D00761C60
:10204000B742EDD22000290003B0F0BC08BC18470D
:10205000F8B58AB0060014001D0010A803C80022BD
:102060000023139F0CC7083F06AA03C2083A30009A
:1020700008F0C4FE06000F000020854906AA0CCA1D
:1020800009F0DCFA08AA03C2083A1398049085A064
:1020900003C8029003910094019506A80CC8083863
:1020A0003000390000F013F8002801D100200AE0C8
:1020B000129C0AF001FC08AA0CCA0AF01BF90AF0EB
:1020C000C1FA206001200BB0F0BC08BC1847F8B57D
:1020D00086B016001F000CAA30CA083A32003B0036
:1020E0000AF008F902AA03C2083A200029003200C7
:1020F0003B0009F0A3FA04AA03C2083A02A803C8E5
:102100000AF0A0FA04002000401C1E214843009061
:1021100002A80CC80838200000F07FF806000F0065
:1021200000205E4932003B000BF0FEFA01D1002096
:1021300042E0109D0020564932003B0009F01AFC95
:1021400004AA0CCA0AF0D6F803C5083D03CD083D21
:102150000EAA0CCA0AF084F801D220002CE0641CFC
:1021600013E000204A4932003B0009F003FC04AAB6
:102170000CCA0AF0BFF803C5083D03CD083D0EAAFE
:102180000CCA0AF06DF816D3641C0098844212D26F
:10219000FFF79AFC02A80CC80838200000F010F8DD
:1021A00006000F0000203D4932003B000BF0BCFA56
:1021B000D7D1002000E0200007B0F0BC08BC1847D1
:1021C000F1B516001F00002031493000390080228F
:1021D000120651400BF0E0FA04000D00009A3000A6
:1021E0003900FFF70FFF2E4A0CCA0AF04BFA2C4AAF
:1021F00003C2083A2A4803C826A20CCA09F0E8F923
:1022000002D80020254905E0254803C822002B00FC
:102210000AF070F8F4BC08BC1847F1B50FB4002000
:102220001B4902A803C88022120651400BF0B4FAE1
:102230006A4603C2083A1A4D00260027C0C5083D69
:10224000002400E0641C0498A04216D3220002A8D7
:1022500003C8FFF7D7FE02000B0003CD083D0AF0CC
:1022600011FA03C5083D03CD083D0AA20CCA09F0C6
:10227000AFF9E7D80020094906E068460CC80838DD
:1022800003CD083D0AF036F805B0F0BC08BC18478D
:102290000000F03F60067A9ECE85247C0000F0BFEF
:1022A00038ED00409A9999999999A93F0120704772
:1022B00053487047012053490860534870475348BA
:1022C00070475348704780B55248FDF79CFB01208A
:1022D0000ABC184780B55048FDF795FB01200ABCA1
:1022E00018474E48704738B504210022454C250058
:1022F000280008F0BDFA0120206031BC08BC184756
:10230000012070470120704701207047012070476D
:10231000434870474348704780B5FDF790FB012064
:102320000ABC184780B54048FDF76DFB01200ABC88
:10233000184780B53D48FDF766FB01200ABC1847E9
:10234000E0B530480068002803D03948FDF75BFB52
:1023500009E03848019038A00090384B0022002155
:102360003748F2F7AEF90020C04303B008BC184765
:1023700080B524480068002801D1012003E03148DD
:10238000FDF748FE01200ABC184780B5EA23F02279
:1023900035210020EFF740FB00210020EFF7D2FBB2
:1023A0000120EFF7C2FB01210120EFF7C1FB264816
:1023B000EFF728FB2548EFF7C9FB0A20EFF750FBA2
:1023C00010480068002803D02148EFF7D4F902E054
:1023D0002048EFF7D0F901200ABC184780B5002843
:1023E00008D000F051FE0120064908600A48FDF7B8
:1023F0000AFB02E00848FDF706FB09BC184700008D
:102400008006030090ED004090060300AC06030038
:10241000C0060300304F0300080A0300E40603006F
:10242000340703004C070300C44503009001030078
:10243000083D0300DD230100000000000F2700001D
:102440005C0703006409030002000100404C020025
:10245000D0070300A40803005B4870475B4870473F
:102460005B48704780B55B480068002808D00228A8
:102470000AD007D304280BD008D305280AD00BE0D4
:10248000554810E055480EE055480CE055480AE024
:10249000554808E0554806E0554B67225549C34862
:1024A000EFF7FAF800200ABC184700B55248006858
:1024B000002801D0514800E0CA4808BC1847CA4863
:1024C0007047E0B505F0F0FB4D490291AA49019132
:1024D0000090AB4BFE229205AA480168C348F2F770
:1024E0006AF80020C04303B008BC184710B50028A4
:1024F0000BD0A44CAE48F2F719F808F03BFC206072
:102500002268AC49CD48F9F7AFFB00F051F810BC98
:1025100008BC1847CA487047E0B5A7480190A748CB
:10252000009096235B001E22B1480168C548F2F76F
:10253000C8F80020C04303B008BC184710B50028F5
:1025400009D0AB4C9A480BF09FF820602268A9494B
:10255000D148F5F728FF00F02BF810BC08BC18474D
:10256000CF487047CF487047E0B5B7480190B7A053
:10257000009096239B001E22B5480168D048F2F7D0
:10258000A0F80020C04303B008BC184710B50028CD
:1025900009D0AF4C86480BF077F820602268BB4921
:1025A000C848F9F733FB00F003F810BC08BC184723
:1025B00038B5084D2C68C448FDF725FA2C60FDF7A6
:1025C0003EFA31BC08BC18474C0A0300640A0300F9
:1025D0007C0A030020E70040A80A0300C40A0300A5
:1025E000E00A0300FC0A0300180B0300300B030091
:1025F000800B0300900A030090ED0040A00B030045
:10260000ED240100F8B5C948C0C80838EFF7BEFE90
:1026100000240AE020008206920E30003900F0F714
:10262000C9FC0A20FFF724FA641C402CF2DBFA25CF
:102630006D002800FFF71CFA00240BE02000800644
:10264000800E020230003900F0F7B4FC0A20FFF7D8
:102650000FFA641C402CF1DB2800FFF709FA002474
:102660000BE020008006800E020430003900F0F7F5
:10267000A1FC0A20FFF7FCF9641C402CF1DB2800C8
:10268000FFF7F6F9002413E03F202100014009067E
:10269000090E0902220010400006000E02040A433F
:1026A00030003900F0F786FC0A20FFF7E1F9641CDE
:1026B000402CE9DB2800FFF7DBF9002412E03F2083
:1026C000210001400906090E220010400006000EFC
:1026D00002020A4330003900F0F76CFC0A20FFF7D1
:1026E000C7F9641C402CEADB2800FFF7C1F900247D
:1026F00012E03F20210001400906090E220010408F
:102700000006000E02040A4330003900F0F752FCC4
:102710000A20FFF7ADF9641C402CEADB2800FFF724
:10272000A7F9002418E03F20220002401206120EF2
:10273000210001400906090E090211432200104040
:102740000006000E02040A4330003900F0F732FCA4
:102750000A20FFF78DF9641C402CE4DB2800FFF70A
:1027600087F9EFF713FE2800FFF782F9FDF767F905
:102770000120F2BC08BC1847840C0300AD48704728
:1027800000007A4450D40040E0B58D4801902FA05D
:102790000090062302228B484168C048F1F791FF60
:1027A0000020C04303B008BC184700004C0B0300D6
:1027B000C0E900409C0C03003D250100740D03009E
:1027C00010B5002809D07F4C93480AF05DFF606087
:1027D000626899493048F5F7E6FDFFF7E9FE10BC5D
:1027E00008BC1847B40B0300D00B0300000C030017
:1027F000A4530040A00D03001FB5724C606B09F09C
:1028000047FC08F0FBFA00228C4B08F017FF08F099
:10281000B1FAA0638A4802908A4801908A480090E1
:102820008A4BFE229205A16BB848F1F7C4FE002046
:10283000C04304B010BC08BC184700008C0C030057
:10284000AC0C0300F40C03008D2501000000000017
:10285000B8E9004010B5002812D05A4C6E48F1F784
:1028600065FE08F087FAA063A16B934809F066FA49
:1028700009F0A6FF6063626B90490748F5F793FD86
:10288000FFF796FE10BC08BC18470000D40E0300EA
:10289000B3487047B3487047900D0300B248704783
:1028A000B80D0300080E030080B5994B994AAF4953
:1028B000FC20800307F033FF01200ABC184700000A
:1028C000540E0300C40E0300F02F030038B5002897
:1028D0001AD00020040096A0F3F74EFD0500002D4D
:1028E0000DD02800F3F7F4F89249884203D1C1488B
:1028F0000068002808D1641C200000F073FBFFF77B
:10290000E3F8002DE7D1FFE7FDF791F8FDF797F821
:1029100031BC08BC184780B5954B964A9349FC20BA
:10292000800307F0FCFE01200ABC1847E80E0300F4
:1029300070B5002832D0002005007DA421008E480B
:10294000F3F75EFD0600002E0DD03000F3F7C0F85F
:102950007849884203D1A7480068002808D16D1C37
:10296000280000F03FFBFFF7AFF8002EE5D1FFE7AE
:1029700021009948F3F744FD0500002D09D02800F7
:10298000F3F7A6F86B49884203D19A4800680028FB
:1029900004D1FFF799F8002DEAD1FFE7FDF747F8DA
:1029A000FDF74DF870BC08BC184780B5A24BA44A8F
:1029B0006E49FC20800307F0B2FE01200ABC1847D4
:1029C000C12701000400004038B500281CD00020B9
:1029D0000400A0A0F3F7D0FC0500002D0DD02800C6
:1029E000F3F776F85349884203D1824800680028FB
:1029F00008D1641C200000F0F5FAFFF765F8002DFF
:102A0000E7D1FFE7FCF7CDF8FDF711F8FDF717F870
:102A100031BC08BC18470000C0E9004080B5954BA8
:102A2000954A5249FC20800307F079FE01200ABC38
:102A300018470000F00E0300780F03000000244048
:102A400055280100840C0300EC0F030000004040F7
:102A500038B500281AD000200400A8A0F3F78CFC99
:102A60000500002D0DD02800F3F732F831498842D7
:102A700003D160480068002808D1641C200000F0E1
:102A8000B1FAFFF721F8002DE7D1FFE7FCF7CFFF00
:102A9000FCF7D5FF31BC08BC18470000200F03002D
:102AA00080B59F4B9F4A3149FC20800307F037FED9
:102AB00001200ABC1847000000002041F40F030069
:102AC00038B500281ED00020040097A0F3F754FC6E
:102AD0000500002D09D02800F2F7FAFF15498842B9
:102AE00003D144480068002808D1641C200000F08D
:102AF00079FAFEF7E9FF002DE7D1FFE7FCF797FF32
:102B0000FCF7C5FF31BC08BC18470000840F030068
:102B1000CD280100C410030080B5844B844A1349BA
:102B2000FC20800307F0BDFD01200ABC184700000F
:102B300073707A0005400080E0B500280ED07D4813
:102B400001907DA000907D4B002200217C48F1F790
:102B5000B8FD00207B49486107F0B6FD0FBC18475F
:102B6000081003004C10030070100300A4100300B1
:102B700031290100C0110300181303003EB5040001
:102B8000002C22D0052100226D46280007F070FE9F
:102B900007F0D6FC6C48437B1B061B0E027B6B497F
:102BA000684607F09DFF07F0D5FC6949684607F0C5
:102BB000B7FF002809D12000F3F700FFE02000064E
:102BC000016802220A430260FEE701205D49486174
:102BD00037BC08BC184700002013030080B55D4BCC
:102BE0005D4A5E49FC20800307F099FD01200ABC84
:102BF00018470000A4E9004080B5002813D0192030
:102C000000F0F0F9F7F7F6FF322000F0EBF9F8F7F3
:102C10000DF84B2000F0E6F9F8F76AF8632000F0B1
:102C2000E1F9F8F7A1F8FCF702FFFCF708FF09BC8F
:102C30001847CD4870470000C9290100CB487047AC
:102C400028130300CA487047CA487047CA487047EB
:102C5000CA4870476C6F670080B5C94800210160A1
:102C600041608160C16001614161816100F006F8ED
:102C700009BC1847512A010018140300F8B514269E
:102C8000310000242200BE4D2F001C37380007F011
:102C9000EFFD310022002F003037380007F0E8FD4B
:102CA000310022002F004437380007F0E1FD3100E9
:102CB00022002F005837380007F0DAFD31002200DB
:102CC0002F006C37380007F0D3FD310022002F00B1
:102CD0008037380007F0CCFD310022002F009437F8
:102CE000380007F0C5FD310022002C00A834200078
:102CF00007F0BEFDF1BC08BC184700006D6373000F
:102D000080B5FFF7BBFFFA208000FDF735F9002002
:102D1000B1490860FCF793FE01200ABC1847000087
:102D2000C12A0100041503006C696200392B0100FF
:102D3000041603007D2B0100000000000F27000097
:102D400018180300D4EC0040B8EC0040A8180300A9
:102D5000C0E90040F92B0100B4180300A4100300DF
:102D600070B5874C2068002805D0042806D00528B7
:102D700000D1AEE0E5E000F00BFAE2E0974D686BC1
:102D800008F03CF802000B00954920001C3007F0C9
:102D9000A7FE142805D3B24BAA4AB549B548EEF7A9
:102DA0007BFCA86B08F02AF80022A74B09F06AFC0C
:102DB00009F048FC0200002A00D10122AE4920009F
:102DC000303007F08DFE142805D3A54BA54AA8493D
:102DD000A848EEF761FC286B08F010F802000B0021
:102DE000A1492000443007F07BFE142806D39C4BF9
:102DF000E82292009E499F48EEF74EFC9BA66A6827
:102E000031002000583007F06BFE142805D3944B96
:102E10009A4A97499748EEF73FFC6A6931002000CB
:102E20006C3007F05DFE142805D38D4B944A904911
:102E30009048EEF731FC93A6286F07F0DFFF020001
:102E40000B0031002000803007F04AFE142805D323
:102E5000834BA14A86498748EEF71EFCA86F07F00E
:102E6000CDFF02000B009DA12000943007F038FE3A
:102E7000142806D37A4BEB2292007D497D48EEF769
:102E80000BFC686F07F0BAFF02000B003100200056
:102E9000A83007F025FE142805D3714B904A7449D9
:102EA0007448EEF7F9FB8F48006807F0A7FF0200AF
:102EB0000B008D492000BC3007F012FE142805D30A
:102EC000674B8A4A6A496B48EEF7E6FBFCF7DFFD81
:102ED00037E0874DAA69684920001C3007F000FEE2
:102EE000142806D35E4BEF22920061496148EEF749
:102EF000D3FB804EE86807F081FF02000B00310031
:102F00002000303007F0ECFD142805D3544B974ACD
:102F100057495848EEF7C0FB9C20285807F06EFF31
:102F200002000B0031002000443007F0D9FD1428C6
:102F300005D34B4B8E4A4E494E48EEF7ADFBFCF79E
:102F4000A6FD012070BC08BC184780B5AC48FCF752
:102F50005AFD01200ABC184780B5AA48FCF753FD6A
:102F600001200ABC18470000D81903001C1A0300EE
:102F70005C1A0300AC1A0300DC1A0300141B0300E4
:102F800020E700401CB5144C2068401C20602068DD
:102F9000062801D100202060FFF770FEFCF74FFDEE
:102FA0002068012811D1642000F01CF8200018309E
:102FB0000090230014332200103221000C31200035
:102FC0000830F3F755FEFCF732FDFCF760FD0120F9
:102FD00016BC08BC1847000020E7004060EA00402B
:102FE0006C1B03001FB50400FCF721FD8648EEF7BB
:102FF000ADFD1023F02277210020EEF70DFD834870
:10300000EEF7E5FD00210020EEF79CFD0020EEF735
:103010008CFD01210120EEF78BFD0020EEF782FDF3
:103020007B48EEF7EFFC7B48EEF7A5FB2200ABA157
:10303000684607F055FD6846EEF7D2FB1FBC08BC9A
:1030400018470000970300000000E03F80B500280B
:1030500002D00120A2490860FFF7AAFA09BC18476C
:10306000741B03009D0300008C1B030025750000EA
:10307000581B03004C0B0300841B0300A303000038
:10308000A60300002566000010B5FCF7D0FC5E48E2
:10309000EEF75CFDEA23F02235210020EEF7BCFCC0
:1030A00014210020EEF74EFD0020EEF73EFD012139
:1030B0000120EEF73DFD5648EEF7A4FCA848EEF7D8
:1030C0005AFBFA24A4002000FEF7D2FC2000FEF7F1
:1030D000CFFC10BC08BC1847A903000025670000FE
:1030E000AF03000050D40040941B0300B60300005F
:1030F000F4E80040840C0300E0B57948006800283B
:103100000BD17848019078A00090784B00220021E4
:103110007748F1F7D6FA012024E0924800680028A9
:1031200008D0022816D009D304280FD00AD30528C6
:1031300014D016E08C48FCF76DFF12E08B48FCF7CA
:1031400069FF0EE08A48FCF765FF0AE08948FCF752
:1031500061FF06E08848FCF75DFF02E0C748FCF726
:1031600059FF012003B008BC18470000BF0300004E
:10317000C20300000120704780B500F0BBFB0120B6
:103180000ABC184701207047012070470120704792
:1031900080B588B079480168002907D0807BC007D6
:1031A00004D5FC208003EEF712FD02E01748EEF78D
:1031B0000EFD1023F02235210020EEF72DFC00211A
:1031C0000020EEF7BFFC0020EEF7AFFC012101204C
:1031D000EEF7AEFC0020EEF7A5FC80204002EEF7F3
:1031E00011FCD948EEF7B2FC0A20EEF739FC68462C
:1031F000EDF700FEEEF7F4FA09B008BC184700003E
:10320000C4450300B0FE0200404C0200003F3F00F6
:1032100002000100A01B03007FB50400584D2800E8
:10322000EEF794FC57482318F022FF204030011B92
:103230000020EEF7F1FB5448EEF7C9FC0120EEF751
:1032400074FC8F48EEF7CCFA8E48EEF794FA454CB2
:10325000D02022588CA1684607F042FC6846EEF761
:10326000BFFA8A48EEF787FAD620235AD420225C88
:103270008749684607F034FC6846EEF7B1FA85489E
:10328000EEF7A5FC8448EEF776FA84A63000EEF758
:10329000A7FA8348EEF76FFA3000EEF7A1FA8148FB
:1032A000EEF754FC8048EEF79BFA2000FA30EEF778
:1032B00097FA2800EEF74AFC3000EEF791FA7B48C7
:1032C000EEF785FC7A48EEF78BFA7A48EEF753FA78
:1032D0009E48EEF785FA7FBC08BC18470D256400B0
:1032E00090ED00404D300100000000000F2700006D
:1032F000201C030000B585B09548EEF727FCEA23B3
:10330000F02235210020EEF787FB6848EEF75FFCDE
:103310009048EEF730FA9048EEF72DFA8F48EEF726
:103320002AFA8F48EEF727FA8E48EEF724FA8E48ED
:10333000EEF721FA8D48EEF71EFA8D48EEF71BFAEC
:103340008C48EEF718FA8C4802684FA1684607F0DF
:10335000C7FB6846EEF744FA05B008BC1847000002
:10336000E41B030020E70040343003007C310300FD
:10337000D830030020320300C4320300B8EC004010
:10338000404C0200E2FEFFFF00203F0038B56E48CF
:10339000EEF7DCFB4548EEF71AFCAB23F0223521B3
:1033A0000020EEF739FB0120EFF7CAFCEEF775FBC2
:1033B0007248EEF7E0F97248EEF7DDF9714C200043
:1033C0001C30EEF70DFA35A52800EEF709FA6E4825
:1033D000EEF7D1F920003030EEF702FA2800EEF7D0
:1033E000FFF96A48EEF7C7F920004430EEF7F8F924
:1033F0002800EEF7F5F96648EEF7BDF920005830E1
:10340000EEF7EEF92800EEF7EBF96248EEF7B3F9C4
:1034100020006C30EEF7E4F92800EEF7E1F9984867
:10342000EEF7A9F920008030EEF7DAF92800EEF780
:10343000D7F99448EEF79FF920009430EEF7D0F9D1
:103440002800EEF7CDF99048EEF795F92000A83066
:10345000EEF7C6F92800EEF7C3F93D48EEF776FB24
:103460008A48EEF788F92000BC30EEF7B9F9002061
:10347000EFF766FC31BC08BC184700006833030056
:10348000941C0300AC1C030025750D00D41C030024
:10349000041D0300003F2000740003000D00000025
:1034A000D0000300943302000C1D0300003F3F00D6
:1034B000141D0300281D030038B52348EEF746FB12
:1034C0007348EEF784FB4C23F02235210020EEF701
:1034D000A3FA0120EFF734FCEEF7DFFA6D48EEF7C0
:1034E0004AF96D48EEF747F9264C20001C30EEF7FC
:1034F00077F96AA52800EEF773F96948B0214158B9
:10350000002902D08069032803DA6648EEF733F910
:1035100002E06548EEF72FF96448EEF72CF9200039
:103520003030EEF75DF92800EEF75AF96048EEF713
:1035300022F920004430EEF753F90020EFF700FCA9
:1035400031BC08BC18470000404C0200781D030045
:10355000683E02008C1D0300FC1D0300681E030072
:10356000BC1E0300201F0300801F03000020030077
:103570007020030078200300E8D40040E42003001A
:103580001421030020E700404421030070210300C0
:10359000A4210300E021030030B58FB04548EEF7C9
:1035A000D5FAEA23F02235210020EEF735FA424819
:1035B000EEF70DFB4148EEF7DEF8414C20000830F5
:1035C000EEF70EF935A0EEF70BF93EA53E4822586E
:1035D0002900684607F084FA3C2805D33B4B3C4A57
:1035E0003C493D48EEF758F83C48EEF7C4F86846C9
:1035F000EEF7F6F8A2692900684607F071FA3C2850
:1036000005D3324B364A33493348EEF745F835484F
:10361000EEF7B1F86846EEF7E3F86268290068460D
:1036200007F05EFA3C2805D3284B2F4A29492A483F
:10363000EEF732F82D48EEF79EF86846EEF7D0F830
:10364000606B08F025FD2A4908F096FA07F0D6FBD2
:1036500002000B002749684607F042FA3C2805D3D0
:103660001A4B254A1B491C48EEF716F8D048EEF7CE
:1036700082F86846EEF7B4F80FB030BC08BC1847C3
:103680001822030034220300582203008022030082
:10369000003F3F00D0220300F42203000D00000091
:1036A000F4E800401823030060230300B423030060
:1036B000E0230300404C020000203F0030240300C0
:1036C0000400004025640D0054300000741B03000A
:1036D0003A050000182403004C0B03005C2403008F
:1036E0003F0500008424030044050000B0240300CB
:1036F00000002041DC24030049050000F8B590B02B
:103700007848EEF723FAEA23F02235210020EEF77D
:1037100083F97548EEF75BFA744C6768744D954E03
:103720002A00310001A807F0DBF93C2805D3B34B90
:10373000914AB349B348EDF7AFFF9048EEF71BF855
:1037400001A8EEF74DF8EA1B310001A807F0C8F90F
:103750003C2805D3A94B8A4AA949AA48EDF79CFF02
:103760009448EEF708F801A8EEF73AF864204743CA
:1037700038002900EDF788FF02008F4901A807F003
:10378000AFF93C2805D39D4B8C4A9D499D48EDF7E8
:1037900083FF8B4F3800EDF7EEFF01A8EEF720F81E
:1037A000A068009098A5009A290001A807F098F950
:1037B0003C2805D3914B954A91499248EDF76CFF0F
:1037C0009948EDF7D8FF01A8EEF70AF864200099B0
:1037D00064225143890A421A774901A807F080F907
:1037E0003C2805D3854B914A85498648EDF754FF1F
:1037F0003800EDF7C0FF01A8EDF7F2FFE2682900FD
:1038000001A807F06DF93C2805D37C4B884A7C4918
:103810007C48EDF741FF8748EDF7ADFF01A8EDF7D4
:10382000DFFF2269290001A807F05AF93C2805D3D7
:10383000724B814A72497348EDF72EFF7F48EDF7CE
:103840009AFF01A8EDF7CCFF6269290001A807F0F3
:1038500047F93C2805D3694B794A69496948EDF72E
:103860001BFFA548EDF787FF01A8EDF7B9FFA448B6
:10387000016F002903D0006FF2F7FFFA00E000208B
:10388000FA218900EDF700FF401C0200310001A879
:1038900007F026F93C2806D3584BB422D2005849E9
:1038A0005848EDF7F9FE9748EDF765FF01A8EDF7E9
:1038B00097FF954802889FA101A807F011F93C28BD
:1038C00006D34E4BB522D2004D494E48EDF7E4FEEB
:1038D000D048EDF750FF01A8EDF782FF11B0F0BC22
:1038E00008BC1847404C0200003F200020E7004081
:1038F000AF03000080B500210020EEF723F900207F
:10390000EEF713F903210120EEF712F90020EEF78C
:1039100009F980204002EEF775F89148EEF716F9A4
:1039200090480068002808D0022812D00BD3042841
:1039300015D00BD305280FD014E0F520FFF76CFC51
:10394000FFF726FC14E0FFF7D9FE11E0FFF724FE95
:103950000EE0FFF7CFFC0BE0FFF7AEFD08E0FFF74E
:1039600015FD05E08E4B8F4A8F492648EDF794FEF2
:1039700009BC18473C2503005E05000044250300F0
:1039800064050000E0B59548029095A0019095A0CF
:1039900000908023DB05FC22920593480168BD4816
:1039A000F0F709FE0020C04303B008BC1847000030
:1039B000E4240300682503008C2503006A05000049
:1039C0009425030070B5002813D0934C26009C3634
:1039D0009248F0F7ABFD07F0CDF930602500B03527
:1039E0002C680020286032688D49C048F8F73CF9FF
:1039F0002C60FEF7DDFD70BC08BC1847741B03008B
:103A0000242503004C0B030025750D0073050000F1
:103A100080B5914B914AB649FC20800106F041FEE9
:103A20000020C0430ABC1847B425030079050000F4
:103A300082050000D82503008B0500000426030042
:103A40009405000070B5002852D0FDF7C0FEFDF7C8
:103A500009FFEDF73BF8F3F741FEFDF721FD00F01C
:103A600055FD00F03DFD0020FBF7CDFF6A4C002521
:103A7000B0202550F1F7B8FBEEF712FFEEF732FB5E
:103A80008548016804220A430260016802229143CA
:103A90000160016880229143016001688022120266
:103AA0000A430260FEF710F82600A0363560A42015
:103AB0002550AC202550A82025500120BC21605065
:103AC000EEF73AFFFDF766FE30680028EAD0FAF715
:103AD000E9FC002802D0FDF7F7FFF8E7C048802195
:103AE00049030160802189030160FDF7EDFFFCE7D8
:103AF00070BC08BC1847000034260300B948704762
:103B000070EB004068260300C0E40040E0B579484F
:103B1000029033A0019033A00090774B774A784809
:103B2000016FCC48F0F747FD0020C04303B008BC4C
:103B3000184700002575000010B500280BD0704C08
:103B40003648F0F7F3FC07F015F92067226F874934
:103B5000C148F8F789F8FEF72BFD10BC08BC1847E0
:103B6000404C020020E700403EB5814802901CA076
:103B7000019080480090804B002214001D00604896
:103B8000816F994808F0DAF801002B002200B34851
:103B9000F0F711FD0020C0433EBC08BC18470000F0
:103BA000800B0300CE050000C426030010B50028DA
:103BB0000FD0534C1948F0F7B9FC00228B4B07F09B
:103BC0003DFD07F0D7F8A067A26F8949A248F8F732
:103BD0004BF8FEF7EDFC10BC08BC1847C5390100D6
:103BE000256600000000000090E90040E0B59C4818
:103BF00002909CA001909C4800909C4B0022404861
:103C0000416FCD48F0F7D7FC0020C04303B008BC9B
:103C10001847000094260300F4E80040C0E9004083
:103C20006427030010B500280BD0354C9048F0F7FE
:103C30007DFC07F09FF86067626F8E498648F8F751
:103C400013F8FEF7B5FC10BC08BC1847CA4870470B
:103C5000CA487047CA487047453A0100A027030088
:103C600010B5A64CA648E067A64880216050A6483B
:103C7000C82160500023072221000C31A3A0F2F7D5
:103C8000EBFAA060CA48FBF7BEFE0020C04310BCA0
:103C900008BC1847E026030044C11FE010B5002807
:103CA0001ED0A64C95481022016810235943401895
:103CB00001000C31200006F09BFF2200A049A14822
:103CC000F4F796FB00280BD0F4F7F0FBAD498842DF
:103CD00006D1AD4BAD4AB749FC20800306F0E1FCAC
:103CE000FEF766FC10BC08BC18470000C40E0300B9
:103CF00070270300393B010000002041BD378635A5
:103D000060EA00407047F8B57C4CA068072801D0F5
:103D1000002027E027000C37260008367BA56068C6
:103D200007214843A1684318072239002800F2F709
:103D300093FA3060A068002803D06068401C60607F
:103D400008E0636807204343072239002800F2F7A0
:103D500083FA3060A068012801DB012000E0002028
:103D60000006000EF2BC08BC18470000282A030019
:103D7000AD3B0100842A030000007A44F8B55F4C93
:103D80006068002801D1002026E0270008372600BF
:103D90000C365EA5636807204343DB1F0722310012
:103DA0002800F2F759FA3860A068002803D060684C
:103DB000401E606008E0636807204343072231002B
:103DC0002800F2F749FA3860A068012801DB0120D9
:103DD00000E000200006000EF2BC08BC18470000FE
:103DE0003CC0FF3F8C2903000024744980842E418D
:103DF000902A030038B504006F4D7049200000F090
:103E00003BF86F4968506F49200000F035F88D216C
:103E1000C9006850FE218905200000F02DF86A498C
:103E20006850A549200000F027F88E21C90068508D
:103E3000A249200000F020F8B84968508021C90547
:103E4000200000F019F88F21C900685031BC08BC6F
:103E500018470000BC290300182A0300302A030079
:103E6000253C010025660000F42A030000001041F3
:103E7000C0E90040042B0300F8B588B00D00904C59
:103E800008F01AFD0022994B08F034FA06000F00E2
:103E900006A8039004A80290280006F0AFFF009047
:103EA000019132003B009348FEF7D2F8002818D069
:103EB000049808F001FD0022994B08F0E3FB040090
:103EC0000D006D006D080020964908F011F9020000
:103ED0000B002000290007F0B1FB06F04BFF0400A7
:103EE00006E0914BE922D20090499148EDF7D4FBCE
:103EF000200009B0F0BC08BC1847000024E80040CE
:103F0000073D01007D3D01009D3C01006C696200A0
:103F1000E0B58848019088480090E1239B01012288
:103F2000864801688648F0F7CCFB0020C04303B008
:103F300008BC1847834870479C2A03000C000040C7
:103F4000C82B0300900D030010B500280ED07B4C49
:103F50007D4809F099FB20602068FFF74BFFF9F7D7
:103F600009F9226879497A48F7F750FEFEF720FBF5
:103F700010BC08BC18470000102B0300502B030096
:103F80008C2B030005400080053D0100F82B030049
:103F900080B570480068002806D16F4B6F4A7049A1
:103FA000FC20800306F0BBFB01200ABC1847000080
:103FB000A4B10200D82B03006CD00040C3F5A83E8A
:103FC00064040000C3F5283F6C04000070B50028AD
:103FD0006AD00020050063A421006348F2F710FABC
:103FE0000600002E0DD03000F1F772FD5F498842C7
:103FF00003D158480068002808D16D1C2800FEF73E
:10400000F1FFFDF761FD002EE5D1FFE721005848E3
:10401000F2F7F6F90600002E0DD03000F1F758FD4A
:104020005249884203D14B480068002808D16D1CD2
:104030002800FEF7D7FFFDF747FD002EE6D1FFE78A
:104040004CA0F2F799F90400002C0DD02000F1F7F4
:104050003FFD4649884203D13E480068002808D108
:104060006D1C2800FEF7BEFFFDF72EFD002CE7D1EA
:10407000FFE741A0F2F780F90400002C0DD02000EA
:10408000F1F726FD3949884203D1324800680028FB
:1040900008D16D1C2800FEF7A5FFFDF715FD002CCB
:1040A000E7D1FFE7FAF77DFDFBF7C1FCFBF7C7FCA3
:1040B00070BC08BC18470000713DAA3FE17AD43FAC
:1040C000000080BFE0B52D4802902DA001902DA0EA
:1040D00000902D4B2D4A2E4801682E48F0F76BFAC0
:1040E0000020C04303B008BC1847000000004E4049
:1040F000284870470000484210B5002809D0244CD9
:104100001148F0F713FA06F035FE20602068F9F741
:104110004BFAFEF74DFA10BC08BC184774040000B7
:10412000000049C000004940F82C0300E02C0300C7
:104130004C0B0300493F0100642D0300E8D400400C
:10414000142D0300842D0300C0E90040D02D03008E
:104150008C0C0300A4E90040CD3F0100E82D0300D2
:10416000A410030073707A00181303000540008048
:10417000201303006C6F67006D637300F94001004A
:10418000256600000000000000001041BD378635A4
:10419000B0950040B02F030038B50024994D2000A1
:1041A00028722000688100F06DF88020C0019649D7
:1041B0000A6802430A60C849086000F0ACF90120AF
:1041C000287000F0A3F9EC6031BC08BC184780B53A
:1041D00080208001C04908601920FDF749FC09BC16
:1041E000184780B580208001C049086000F044F87D
:1041F00009BC184744049FE5001090E5E004A0E3E3
:10420000800C80E3002090E50130A0E3A20013E1E0
:104210000000000A021091E3002090E5010012E383
:104220000800000A8E22A0E3802C82E3002092E5A1
:10423000CC319FE5043093E5022093E000349FE504
:10424000002083E5011091E3002090E50130A0E318
:10425000220113E10000000A041091E3002090E520
:104260000130A0E3A20113E10000000A081091E36D
:10427000001080E51EFF2FE19D4801680122914357
:10428000016070479048016804220A430260934825
:10429000016801229143016001218A430221C9433F
:1042A0000A4004239A4308239A4310239A43202365
:1042B0009A4340239A4380239A438E4B13408E4A5D
:1042C0001A408E4B13408E4A1A40894B1A6002687E
:1042D00002231343036002681140016089498A4A3E
:1042E00011600021B24A1160016801220A43026094
:1042F000704780B5B649086100F002F809BC18475C
:1043000010B5404C207801280BD19948006800284E
:1043100009D0B0482169814203D321691C30814210
:1043200001D3002020612069002819D0206900886D
:10433000220010322169891C116001000904090C56
:1043400000290BD02169098823699B1C136009048B
:10435000090C0004000C00F02AF801E000201060B5
:104360002069002801D100F0D1F810BC08BC184722
:1043700038B505000C002800EEF79BFA7C48006871
:10438000002811D192480178012904D12100280088
:1043900000F00DF808E00078002805D1642D00D267
:1043A0006425280000F067F831BC08BC184738B510
:1043B00005000C000A2D06D2874BFF2228328749C0
:1043C0008748EDF769F928000A21EDF75DF9050046
:1043D000200000F01BF84148016801229143016070
:1043E000804909684919804A116080490A68402358
:1043F00013430B60016801220A43026031BC08BC10
:1044000018470000ECEC004080C0FF3F10B50400EE
:1044100000F0BEF876482100EDF736F9401E7549E8
:10442000086075482100EDF72FF9401E00F0C2F832
:1044300000F0A0F810BC08BC184780B564490A78A1
:10444000012A06D16D4A00210004000CEDF7D4FCCE
:104450000FE00978002906D1694A00210004000C08
:10446000EDF7CAFC05E0674A00210004000CEDF7F7
:10447000C3FC09BC184710B504000A2C06D2624BD5
:10448000FF22543261495648EDF706F920000A210F
:10449000EDF7FAF8040000F019F81048016801225D
:1044A000914301604F49096809194F4A11604F490A
:1044B0000A68402313430B60016801220A4302602B
:1044C00010BC08BC18470000C4C01FE08020C00119
:1044D000064908607047000098C0FF3F048000E074
:1044E0008020C0014A490860704700009CC0FF3F1F
:1044F000148000E0FFFEFFFFFFFDFFFFFFFBFFFF5B
:10450000FFF7FFFFFF6701000C8000E080B500F0BF
:104510003FF809BC18473F48016840220A4302603F
:104520003D4801684900490801603C480168102283
:104530000A4302603A4801683A4A0A408021490029
:104540001143016000203849086038490A68202377
:104550009A430A600A6880239B0113430B60344925
:1045600008603448016820220A4302607047000056
:10457000A4E900403048016802220A430260016851
:1045800001220A43026001680222914301607047E0
:1045900010B5294C2068022101432160002000F061
:1045A00009F8206808218843206010BC08BC18471F
:1045B000108000E020490A68082313430B601F495C
:1045C00008601C48016820220A430260704700000E
:1045D000ECEC0040E43403005034030010340300DA
:1045E00024340300080007E0200007E0140007E07F
:1045F00000A08C00188001E000504600EC29020069
:10460000242D02005C300200843403006C3403006B
:1046100098C0FF3FC4C01FE000C0FF3F40C0FF3F45
:1046200010C002E0FFFCFFFF0C8001E04C8001E0C5
:10463000148001E0508001E0048001E0448001E04A
:104640000C340300188000E008B4024B9C4608BC00
:104650006047C046A8DD01008A48704780B55F48C2
:10466000006800280BD002280DD00AD304280ED0F1
:104670000BD3062801D00CD30DE0594812E059485D
:1046800010E059480EE059480CE059480AE05548F6
:1046900008E0544806E0574B7B2257499848ECF70E
:1046A000FBFF00200ABC184780B54C480068002872
:1046B0000BD002280DD00AD304280ED00BD3062825
:1046C00001D00CD30DE0704812E0704810E0704843
:1046D0000EE070480CE070480AE06C4808E06B4857
:1046E00006E0444B92226D498548ECF7D5FF002047
:1046F0000ABC184780B53948006800280BD002284A
:104700000DD00AD304280CD00DD3062801D00CD329
:104710000DE07C4812E07C4810E07C480EE07C48CC
:104720000CE07C480AE07C4808E07C4806E0314B1D
:10473000AD227B497248ECF7AFFF00200ABC184756
:10474000B248704780B5B248FBF75DF90020C0431E
:104750000ABC184770B500210800724A724BF22457
:10476000A4001C1925680026F643B5420BD0F121A0
:1047700089005D1821682A68914202DA21682A6856
:1047800001E02268296807E0684C1C5904254D4364
:10479000641964680019491C8A42F5DA634959585A
:1047A0009C4A885070BC08BC184710B55E486049E8
:1047B0008969604A815200210A005F4BC2520A0097
:1047C00005E004235343C318934C1951521C802312
:1047D000DB009A42F5DB10BC08BC1847849100400E
:1047E0001C3503002C350300443503005C35030001
:1047F0006C350300B83503000435030070B500259F
:10480000494CF02080002550DC20F12189006050C7
:10481000824825504848201844496050FFF7C5FF9A
:104820007F4880496050F32080002550F4208000AC
:104830002550F520800025507B4825507B48255089
:104840000020C043F2218900605079482550354846
:1048500078496050784825507848255096212A009C
:1048600077482618300006F003F864212A007548BE
:104870002618300005F0FCFFFA208001255070BC9E
:1048800008BC1847F4340300E0350300FC3503008E
:10489000183603002C36030040360300C8350300E9
:1048A00070B5FA208000FBF767FB1F4C22482018E8
:1048B0001E49605000255D4825505D482550194827
:1048C0005C4960505C4825500020C043F2218900BB
:1048D000605064212A005B482618300005F0C8FFAC
:1048E0005948255059482550594825505348255076
:1048F000F8F7D2FBFBF7A3F8012070BC08BC1847FF
:10490000883503006C360300803603009C360300B4
:10491000B8360300D0360300E8360300043703003E
:1049200058360300FF030000AC530040D43D0000A4
:10493000B8EC0040F62C00002C1C000070B5454C73
:10494000D12080002018F8F7CCF9002801D10120EF
:1049500058E0FA2000012018F8F7C3F9002819D010
:10496000AA48205C800708D4A94838494158002942
:1049700010D03749405801280CDBA6480168491E71
:1049800001600020F4F7ACFAFFF7E4FE01F068FCE8
:10499000FBF77DF802209D49615C0200114209D0BD
:1049A000F8F7F8FCF8F72CFDF8F704FD00209A4919
:1049B000086013E09649254A8A181368002B0DD128
:1049C000234BC85001201060944808189449896905
:1049D0000288891A01809348FFF78BFC924C20686B
:1049E00000280CD0914D2868002808D100202060B4
:1049F00002F05EFC01262660F8F7A0FC2E60F8F7B6
:104A00004BFB012070BC08BC184700002037030096
:104A1000C445030004100000301C0000302C0000CE
:104A200020FD0000281C0000D80B0000D83D00002D
:104A3000DC3D0000E03D0000E43D00007C3E000065
:104A4000602C0000E83D0000703E0000783E000051
:104A5000743E000030920040F8B501206C4E74495D
:104A6000705074497418216800290BD0022946D06F
:104A70003ED3042900D192E000D285E0062932D04D
:104A800000D3B7E000F090FC6B48C069410A491CB4
:104A9000152900DB1421F120800030180268511A1A
:104AA00001606649711802680B689A4207DA026869
:104AB000634BF358D2180968511A491C016000F081
:104AC00073FC00F0F3FAF220800030580021C94353
:104AD000884203D0FFF73EFE00F0B0FA01F0C0FBC1
:104AE00000F07DFA8DE057497050FAF7D0FF88E06A
:104AF00000F0D8F900202060FBF762F981E0002483
:104B0000514834504E4835184C483618286831689A
:104B1000401A401CF12836DB4C48009002273068D0
:104B2000009909684018390005F0E2FE30602868F5
:104B3000009909684018390005F0DAFE28602868F5
:104B40003168401A401C1AE0F021081A390005F0BB
:104B5000CFFE401C3168091A31603168002900D548
:104B6000346029680818286028688021C9008842B4
:104B700001DBA048286028683168401A401CF028F2
:104B8000E2DBFAF784FF3CE02F483018016808297F
:104B900004DA0168491C0160FAF779FF31E000206E
:104BA00029497050254971180A68012A21DB0A68D1
:104BB0000A3A0A60224AB21813680A3B13600B686B
:104BC000002B04D513680C681B1B13600860F120D0
:104BD0008000301803680C68A34202DA096801609B
:104BE00005E011680368994201DA11680160FAF77B
:104BF0004EFF06E0804BD62252008049C648ECF7B3
:104C00004BFD0120F2BC08BC18470000A41F0000A7
:104C1000AC5300402092004024920040F62C00004B
:104C2000B8EC0040C0340300A4E900402C920040DE
:104C3000703E0000D83D00005CEC0040DC3D000010
:104C4000E03D00007C3E0000E43D00007057004065
:104C5000FEB5984D01209849685098482C18206856
:104C600000280AD0022846D03ED3042800D183E091
:104C700077D3062832D000D3B0E000F095FBA148EE
:104C80000069410A491C152900DB1421F12080002C
:104C90002818026851180160A94969180A68036850
:104CA0009A4207DA02680968511A9C4AAA58891878
:104CB000491E016000F078FB00F0F8F9F220800056
:104CC00028580021C943884203D0FFF743FD00F074
:104CD000B5F901F0C5FA00F082F986E000209949A3
:104CE0006850FAF7D4FE80E0F8F728FB0020206037
:104CF000FBF766F879E000249F482C50904828582C
:104D000086496958401A401C8021C900884227DA28
:104D10009A4801909A4D02262F68019800682968E8
:104D2000401A310005F0E4FD381A2860954F3968C3
:104D30000091386801990968401A310005F0D8FDE2
:104D40000099081838602868002800D52C60386859
:104D50008021C900884201DB26483860FAF797FEB7
:104D600043E0854828180168012904DB0168491ED1
:104D70000160FAF78CFE38E000207F4968507048E7
:104D8000281801681B4A914227DA644969180A68A1
:104D90000A320A6002680A32026002688023DB007D
:104DA0009A4208DB0268A34BD2180B689B1A0B606F
:104DB00003689A1A0260F1229200AA1813680C681C
:104DC000A34202DA0868106005E00168136899429E
:104DD00001DA00681060FAF75AFE06E0064BFF227F
:104DE000FC3295494C48ECF757FC0120FEBC08BC4E
:104DF00018470000FF030000B835030034370300F4
:104E000010B52C482C4944182168002907D02B499B
:104E100041180A68012A02DB00220A6016E02749CD
:104E200041180A68521C0A600A68072A01DB00223E
:104E30000A600968042909D141494158374A825812
:104E4000891A491C8022D2009142E8D01B4941585E
:104E5000052914D1F121890041180A68F2239B0029
:104E6000C2500A68121D0A60354A80580A6890428A
:104E700002DA086808380860FFF76CFC0AE0F221E3
:104E8000890040180021C94302688A4202D00160AB
:104E9000FFF760FC00202060FAF792FF012010BCB1
:104EA00008BC184780B5A148006800F009F809BCA3
:104EB00018470000AC530040703E0000D83D000091
:104EC00070B506009A489B4944189B4941182160D7
:104ED0009A4DA9699A4A8152F8F737FA30000004CE
:104EE000000CF8F739FAF8F722FA072229000831FE
:104EF0002068944BC418200005F04EFC70BC08BC20
:104F0000184700005CEC004080B58F48FBF782F842
:104F100001200ABC1847000088350300DC3D000072
:104F20000120704780B500F013F801200ABC184733
:104F30007F48814941187F4A815001207047000015
:104F4000E03D00007C3E00000120704700207047DB
:104F500080B500F073F800F042F800F00BF97B48E0
:104F600000687B49884203D100F01EFA00F09EF8E9
:104F700000F00AF809BC1847E43D000070570040F3
:104F8000889100408C91004080B57248ECF71FFE7C
:104F9000522378226D217820ECF73EFD002100207D
:104FA000ECF7D0FD0120ECF7C0FD01210120ECF76A
:104FB000BFFD0020ECF7B6FD6748ECF723FD67481E
:104FC000ECF7C4FD0120EDF7BBFEECF766FD64488D
:104FD000ECF706FC0020EDF7B3FE09BC184780B5DE
:104FE0005C48ECF7F4FD2423F02247210020ECF785
:104FF00013FD00210020ECF7A5FD0120ECF795FD45
:1050000001210120ECF794FD0020ECF78BFD5248C4
:10501000ECF7F8FC5148ECF799FD0120EDF790FE14
:10502000ECF73BFD4F48ECF7DBFB0020EDF788FE8B
:1050300009BC184701FCFFFF4437030030B58FB0AF
:10504000FC208001ECF7C3FD1223F0223521002063
:10505000ECF7E2FC0020ECF768FD01210120ECF701
:1050600067FD0020ECF75EFD3B48ECF7CBFC3B48CE
:10507000ECF76CFD3C4800683C490A6814880968F4
:105080003B4A8D5805F0BAFE009001912B0022009A
:10509000C34902A805F024FD0A20ECF7E1FC02A8B0
:1050A000ECF79EFB0FB030BC08BC184710B58EB0B3
:1050B000FC208001ECF78BFD1023F022FF21103142
:1050C0000020ECF7A9FC0020ECF72FFD01210120C6
:1050D000ECF72EFD0020ECF725FD1F48ECF792FCC5
:1050E0001E48ECF733FD1248F12189004118114A9E
:1050F00082580B6804246343D218526800920A68ED
:1051000002235A438018F6229200835A0A68A5495E
:1051100001A805F0E5FC6420ECF7A2FC01A8ECF77F
:105120005FFB0EB010BC08BC18470000D46F0040F5
:10513000AC530040D43D00002C1C0000B8EC0040F3
:10514000F62C000008100000643C0300E4EB004073
:10515000083D030000203F0001000100683E0200FE
:10516000005300409491004030D4004080910040B2
:1051700004100000F0B587B00024B64F3D681BE076
:10518000B548085804226A4380184068B34A8958D1
:1051900000290DD000280BD006F07AFF05F02EFE76
:1051A000FFF752FA0022AE4B07F0A4F807F04AFAD4
:1051B000844200D204006D1CB549AA480858A84290
:1051C000DEDAB44803C86422EEF784F8002C00D17C
:1051D000E2E00026FF200E3000900100F021AE48F2
:1051E0000390039800683A68821A521CF12A02DB85
:1051F00008001100020048000690500005904D4242
:1052000000200190002003E00199491C01916408ED
:10521000A42CF9D2512C02D2401C6400FAE7AC490C
:10522000096840180490386800282FD098498A48A7
:1052300008583A6804235A4380184068874A8958B6
:1052400000290DD000280BD006F022FF05F0D6FD76
:10525000FFF7FAF90022824B07F04CF807F0F2F959
:10526000FF210E31049A9040019AD040081A009014
:10527000009887214900884203DBFF200E30009010
:1052800004E000986A2801DA6A20009091480068DA
:1052900000283AD03C6803980068A0427CDB7C4937
:1052A0006D48085804226243801840686B4A895848
:1052B00000290DD000280BD006F0EAFE05F09EFD77
:1052C000FFF7C2F90022664B07F014F807F0BAF9AD
:1052D000FF210E31049A9040019AD040081A010033
:1052E0006A39A42908D2C54A01000904090C300012
:1052F0000004000CEDF721F905982D18012D02DBB3
:10530000761C06982D1A641CC5E7002002903F68A1
:105310003EE06A2C33DA6A2431E05D494E48085891
:1053200004227A4380184068029A824200D2029096
:1053300005982D18012D2ADB029800220292474A77
:10534000895800290DD000280BD006F0A1FE05F0E9
:1053500055FDFFF779F90022414B06F0CBFF07F02E
:1053600071F9FF210E31049A9040019AD0400C1A35
:1053700006982D1A872040008442CADB0C009F4B00
:10538000220000993000EEF70AFB761C00947F1C87
:1053900003980068B842C0DA07B0F0BC08BC1847F0
:1053A0005837030074370300F8B5394C294D2D48A0
:1053B00020582968401A401C0090F1208000205895
:1053C0002968401AF021484305F04EFD0600009878
:1053D00005F04AFD0100300006F0CEFB05F00EFDA1
:1053E0000022BD4B07F04EF906F058FFFF270E379D
:1053F000824E33006A223900EEF7BAFBF2208000B9
:10540000201801680022D24391421FD00068296809
:10541000401AF021484305F027FD0400009805F0EC
:1054200023FD0100200006F0A7FB05F0E7FC0022A9
:10543000A94B07F027F906F031FF0100091EF029FA
:1054400004D233006A223900EEF792FBF1BC08BCAB
:105450001847000088910040D43D00007C3E0000C9
:1054600000005940E03D0000E0B50120029077487F
:10547000019077480090774B002277480168AB484D
:10548000EFF72BF90020C04303B008BC1847000019
:10549000AC5300408C3703008C91004080B500284D
:1054A00006D0764808F0F0F86B490860FFF7FAFC80
:1054B0009F48FAF7A8FA09BC184780B5764A0F2129
:1054C0009C48EFF75BF90020C0430ABC1847000076
:1054D000909100406C57004010B5002826D07548C8
:1054E00075494158002906D1744940187B4989699A
:1054F0000288891A0180614C0021200000F0B8F96F
:10550000002805D17648FEF7F4FEFEF741FD10E0D5
:105510000021C943884206D17848FEF7EAFE200000
:1055200000F0E0F805E07948FEF7E3FEB848FAF746
:105530006AFA10BC08BC1847E0B57F4802907F4863
:1055400001907FA000907F4B00227F480168B14806
:10555000EFF731F80020C04303B008BC184780B50E
:1055600000280AD04548EEF7E1FF05F003FC764934
:105570000860F7F7A9FDFFF795FCA548FAF743FA8D
:1055800009BC1847E0B5714801906DA000909623C2
:105590005B0000226E4801889F48EFF792F80020D8
:1055A000C04303B008BC184710B500280ED0684CA3
:1055B000324808F069F820802088F7F78EFEFFF760
:1055C00071FC228895499648F6F720FB9048FAF737
:1055D0001AFA10BC08BC1847E0B59248019058A0D0
:1055E0000090914B914A924801889248EFF769F8F0
:1055F0000020C04303B008BC18470000003F3F0034
:1056000010B500280ED08A4C1C4808F03DF82080C8
:105610002088F7F777FEFFF745FC22888649804807
:10562000F6F7F4FA7A48FAF7EEF910BC08BC184716
:105630008248704700B5824800683D49884201D0E1
:10564000002000E07F4808BC184700009D5401007E
:10565000F437030020FD0000D46F004000B515486A
:1056600079494158B42292018018814201D1002029
:1056700000E0764808BC184775487047C0E900400C
:1056800000B56F4800682A49884201D0002000E038
:10569000704808BC18470000D954010000B568489C
:1056A00000682349884201D0002000E05A4808BC25
:1056B00018470000AC530040783E0000F62C000074
:1056C00000B55F4800681A49884201D0002000E018
:1056D000584808BC184700000000E03FB8EC004004
:1056E000A034030080B55C495C4A8A605C4A4A6029
:1056F000C8605C48FAF787F909BC1847AC34030066
:1057000080B54348FAF77FF909BC1847C034030055
:1057100010B504005448ECF72EF85448ECF72BF879
:105720002000ECF75DF810BC08BC18479437030064
:10573000083D0300103803005F550100F4380300F2
:105740000000000000F07F4590950040A955010041
:1057500008950040F8B506000025300005F01CFA59
:1057600004002321300007F0BFFE0700002F05D002
:1057700030001030C01B042800DA0027002F0AD1A7
:105780001020001B042801DA001F241837192320D9
:105790003870241D19E07A78B878F9781300303B16
:1057A0000A2B00D330220300303B0A2B00D33020D9
:1057B0000B00303B0A2B00D3302164235A430A23C9
:1057C000584310184018C84945186D1C00956426A8
:1057D0000098310005F08CF8050030350098310054
:1057E00005F086F808000A2105F082F80600303638
:1057F00000980A2105F07CF830317D70BE70F97098
:10580000102C01DA00203871F1BC08BC18470000E8
:10581000083D0300A0380300FC38030044390300AE
:105820003039030001560100FF0F0000B80B0000E3
:105830001895004050390300843903009039030063
:10584000E4EB0040BC390300D43D0000F83903000C
:10585000343A0300703A030000ED00401157010094
:1058600001570100E80203009C3A0300FC3A0300E0
:10587000F8B5F0B00D009D490968002902D001205B
:10588000C04325E106000120059099A421003000C5
:10589000F0F7CCF82F00002813D0002F11D1954D30
:1058A000FCF712F93000FFF755FF21003000F0F748
:1058B000BDF8002802D06D1E002DF1D10020C0439C
:1058C00005903A0021003000F0F76AF90190019844
:1058D000002801D10020FBE00020049030AD00241E
:1058E0000222854801682E00300004F055FFAD1CEF
:1058F000A41C072280480068804941182E0030000F
:1059000004F04AFFED1DE41D1E227B4800687C491F
:1059100041182E00300004F03FFF1E351E340422D3
:1059200075480068774941182E00300004F034FFB4
:105930002F1D241D02949625290000220AAC200068
:1059400004F096FF002412E006A805F025F90600F1
:10595000962100910AA805F01FF90099081A8642BD
:1059600014D20F2206A90AA807F0D0FD641C6648CD
:10597000806984420ADA06A92000F3F783F9002837
:10598000F4D00021C9438842DED1FFE72A000AA9EA
:105990003C00200004F000FF3C009634029D963548
:1059A0005548006840680390042203A9260030008F
:1059B00004F0F2FE201D2D1D012414E00299017057
:1059C000401C6D1C0EE002997F31FE29F6D3802128
:1059D0000170461C022202A93700380004F0DCFEE8
:1059E000B01CED1C641C8021C9008C422EDAFD2DF8
:1059F0000ADB2B0030AA04A90198F0F7BBFBB949D8
:105A000088421ED0002530A83B4909680422624321
:105A100089184968039A8A1A0292039102999F4A47
:105A2000891A802252029142CDD37F210170461CF7
:105A3000032202A93700380004F0AEFEF01C2D1D31
:105A4000D0E70198F0F744F8002041E0012D0DDB8C
:105A50002B0030AA04A90198F0F78CFBA1498842D9
:105A600004D10198F0F734F8002031E0002430AE82
:105A70000422214D28689C4941183700380004F061
:105A80008BFE361D241D02222868984941183700D4
:105A9000380004F081FEB61CA41C04222868944936
:105AA00041183500280004F077FE301D241D230026
:105AB000012B0CDB30AA04A90198F0F75BFB8949A4
:105AC000884204D10198F0F703F8002000E005981F
:105AD00071B0F0BC08BC184780B505A1F0F742F9D9
:105AE00000F014F80ABC184730EBFFFFA4E90040AF
:105AF00073707A00090300008091004008100000D4
:105B00000F1000003010000004000040F1B5C4B0D8
:105B10004498002805D1774B774A78497848EBF7C5
:105B2000BBFD0020029004AC00252B2680235B00E7
:105B300004AA02A94498F0F7BFF9019001986949B5
:105B4000884202D00198B04205DA6E4B6E4A6B492A
:105B50006B48EBF7A1FD022221006C4E300004F0EF
:105B60001BFEA41CAD1C07222100694E300004F06E
:105B700013FEE41DED1D2E001E222100654D2800A0
:105B800004F00AFE25001E351E36042422002900DA
:105B9000614F380004F000FE2D1D361D96222900AD
:105BA0005E4F380004F0F8FD963596362200290045
:105BB00003AC200004F0F0FD0398594908602D1D46
:105BC000361D012429E0000600160090761C17E01F
:105BD00001007F22D243090609169142F3D1002029
:105BE0000090022229006F46380004F0D5FD00988D
:105BF000000403D500987D4901430091AD1CF61CBB
:105C00000398009940180002000A7949042262436F
:105C10008918784A88500390641C8020C000844210
:105C200034DAFD2E18DB02980199401A801902908F
:105C300080235B0004AA02A94498F0F73DF9019083
:105C400001982849884205D16B4B6C4A2B492C4856
:105C5000EBF722FD002604AD28786D1C0100090633
:105C600009167F29B4D100200090032229006F4635
:105C7000380004F091FD0098000204D50098FF213F
:105C8000090601430091ED1C361DB9E7FEF762FDE0
:105C9000002045B0F0BC08BC184700000080FFFFA2
:105CA00010B557A15748F0F75DF8002801D190488A
:105CB00015E04F4C2100F6F711F80100002901D141
:105CC0008B480CE0FE239B05F62080002218200064
:105CD00000F0D8FC0120F32189006050002010BCA6
:105CE00008BC184705400080CC100000CA10000016
:105CF000D01000007C3B03004A050000683B030015
:105D000088350300843B03005A050000AC80004046
:105D1000B4900040BB900040DC900040E090004018
:105D2000B080004070B55FA473A12000F0F71AF8AE
:105D3000002801D16E4856E02000FFF7CDFE2C4C24
:105D4000594820182B49615801609F214901611869
:105D50006A4AA2580A6000680968484306F098F940
:105D60000500002635E030000006000E04214843FF
:105D700020186349405831000906090E0422514396
:105D800061185C4A885030000006000E0421484328
:105D900020185B49405806F07BF9290005F0ECFE1D
:105DA00031000906090E082251436118F2225200FF
:105DB000885030000006000E401C05F055F83100F8
:105DC0000906090E082251436118F022520088503A
:105DD000761C30000006000E1328C4DB0120F421DD
:105DE00089006050002070BC08BC18470000FFFF0D
:105DF000AC530040042D0000943B03007E050000DE
:105E000063616C00AC3B030038B53EA43AA12000AE
:105E1000EFF7A8FF002801D135483FE02000FFF749
:105E20005BFE002108002CE0374A0B001B041B0C12
:105E300004245C431319934C1B590C002404240CB8
:105E4000022565435419904D63530B001B041B0C32
:105E500002245C4313198C4C1B5B0C002404240C9F
:105E6000042565435419254D6459A34208D0030005
:105E70001B041B0C02245C431219844BD152401C9E
:105E8000491C0A001204120C8023DB009A42CBDB6F
:105E900001207F49086000F0E6FA002032BC08BC0F
:105EA0001847000064726B00DC13000038B579A15C
:105EB0007948EFF757FF002801D10D4815E0124C43
:105EC0002500F0352900F5F709FF0100002901D16F
:105ED00007480AE08723DB0570482218280000F0F5
:105EE000D1FB0120D4496050002032BC08BC1847C7
:105EF00005400080E413000073707A00082D000054
:105F00000C2D000064727700AC530040F3B587B0ED
:105F10000798006806F0EAFA040080256D00C74F74
:105F20000220604338185D49415A02204843290045
:105F300004F0DEFC211A2018012900DA0121C04AF0
:105F4000904200DBBF48884201DA002095E0002241
:105F50000AE0BD4BFB5804264E439B195B689A42EE
:105F600001DA1A000C00491C8842F2DA0220604370
:105F700038184A49415A02204843290004F0B8FC25
:105F8000261A20180290012E00DA01260298AC4948
:105F9000884201DBAB4802900298B04201DA00204F
:105FA0006BE00020002104000D0004AA03C2083A9F
:105FB00020E0A5483858042171434018406800216A
:105FC00002000B0006F06CFC02000B00A4185D41FF
:105FD00004A803C800900191100019003200F317C3
:105FE00006F05EFC009A019B8018594104AA03C286
:105FF000083A761C0298B042DBDA002D04DC01DBA3
:10600000012C01D2002038E004A803C807F0F0FBFF
:1060100006002000290007F0EBFB0100300005F02E
:10602000ABFD079908600798006804F0E7FE0022BE
:10603000864B06F027FB06F031F90400022060438E
:1060400038181649405A06F037FC0022804B06F0FB
:1060500051F900227F4B05F0F1FA06F01FF901001B
:10606000601A6118012800DA0120754A914200DBAC
:106070007449089B079A00F013F809B0F0BC08BCFB
:1060800018470000042D0000281400004C3E0000BA
:106090008057004063616C00B43B0300DC0B0000E0
:1060A000FFB583B004000498001B012801DA00202A
:1060B000BEE06948006804216143405866490968A8
:1060C0000422624389184968401863490968042218
:1060D00062438918896845185F480068049904225A
:1060E000514340585C490968049A04235A4389186B
:1060F0004968401858490968049A04235A43891882
:1061000089684018401B04F0AFFE06000498001B8D
:106110000321484304F0A8FE0100300005F02CFDE7
:106120000190280004F0A0FE04F068FE00224B4B12
:1061300005F084FA06000F00200004F095FE019996
:1061400005F0FCFD04F05AFE02000B00300039009F
:1061500005F010FC04F00EFE029000250026002041
:10616000009039E03C4800680421614340184068D1
:1061700005F08EFF0700200004F076FE0100019874
:1061800005F0DCFD0100380005F07EFE029905F007
:106190007BFE07003800002104F0D4FD00D2002768
:1061A0002800390006F028FB0500200004F05CFE02
:1061B000390005F0C3FD07003000390006F01CFB74
:1061C0000600200004F050FE390005F0B7FD0099EC
:1061D00006F012FB0090641C0498A042C2DA28006A
:1061E000002104F0AFFD01D8002021E0059C300023
:1061F000290005F0C1FC20600098290005F0BCFCD6
:1062000005002168206805F099FD0100280005F0CF
:106210003BFE002104F096FD01D8002008E0069C1A
:1062200004F0ECFD05F064FF04F0A4FD2060012003
:1062300007B0F0BC08BC1847D80B0000AC530040B6
:10624000FF030000FE030000D43D00000000E03F1B
:1062500000000C40000070408091004000000840A9
:10626000F0B59DB0642100273A00844EA64834184A
:10627000200004F0FDFA82483058002805D0F320B1
:10628000800035182868002800D1E8E0F12080005F
:10629000305804F0E9FD0290F220800030180168C7
:1062A0000022D24391420FD0006804F0DDFD029934
:1062B00006F0A2FA04F0A2FD00228023DB0505F01F
:1062C000BDF904F057FD029003A902A8FFF71EFED6
:1062D000002800D1C0E08D4C2868002821D0029809
:1062E000F4F73CF905000298039906F085FAF4F7F3
:1062F00035F9290005F0C8FD210005F01FFD290032
:1063000005F03AFC04F07AFD00900191029804F047
:1063100075FD02000B007E497B48301804F0E0FB5D
:1063200014E00399200005F009FD029905F024FC12
:1063300004F064FD00900191029804F05FFD0200FA
:106340000B0073497048301804F0CAFB0298F4F748
:1063500005F904F053FD00227B4B06F093F905F09C
:106360009DFF04006848301804F016FC22007749AD
:106370003018654BC01804F0B3FB029804F03EFDE2
:1063800004000D00039804F039FD0022704B05F065
:10639000B1FF02000B002000290005F0EBFA05F028
:1063A0007DFF0400029804F029FD009001910398FC
:1063B00004F024FD0022664B05F09CFF009A019B2F
:1063C00006F060F905F06AFF002C00D53C00802142
:1063D000C900884200DB78483D0007E077497158E2
:1063E00004226243891849686D18641CA042F5DADA
:1063F00064213A0004AC200004F03AFA8948C06AEB
:10640000012808D011D303280AD00ED2864904A847
:1064100006F0E0F80DE0844904A806F0DBF808E097
:10642000824904A806F0D6F803E07F4904A806F0E4
:10643000D1F83548301804F0AFFB04007C48006800
:1064400004F0DCFC009001912A0004A930192E4BC5
:10645000C01804F045FB02E00D202B4970541DB01C
:10646000F0BC08BC184780B573480068002803D00A
:1064700000F008F8F7F741F809BC1847AC530040A2
:10648000D80B000038B5002420001DE0734D022019
:10649000604328186749405A022148432818F621CA
:1064A0008900405A05F0F4FD082161436918B522BE
:1064B00092008850200004F0D7FC0821614369183D
:1064C000B42292008850641C112CDFDB31BC08BC64
:1064D000184710B5624C6348E067634880216050FC
:1064E0006248C82160500023072221000C3160A0BF
:1064F000EFF7B2FEA0605F48F9F785FA0020C043CD
:1065000010BC08BC18470000E83D0000578C6B43E6
:10651000BC3B030010B504005748F9F774FA002C8F
:106520000FD04F4801681022514340180C30FFF73C
:10653000D3FA4A48B42189014118204A8150F9F719
:106540007EFA10BC08BC18470000E03FD03B0300B7
:1065500000000C40F8B5424CA068072801DA002082
:1065600026E027000C372600083641A5636807207F
:106570004343DB1D072239002800EFF76DFE306032
:10658000A068002803D06068401C606008E0636871
:1065900007204343072239002800EFF75DFE3060F3
:1065A000A068012801DB012000E000200006000EA9
:1065B000F2BC08BC18470000FF030000D43D0000F7
:1065C000F8B5274C6068002801D1002026E027009C
:1065D000083726000C3626A5636807204343DB1FD7
:1065E000072231002800EFF737FE3860A068002846
:1065F00003D06068401E606008E063680720434382
:10660000072231002800EFF727FE3860A068012834
:1066100001DB012000E000200006000EF2BC08BCF7
:1066200018470000E4EB0040DC3B0300F83B0300AC
:1066300038D400404C3E00007857004080B5FCF74D
:106640006AF90ABC184700B50C4800680A49884234
:1066500001D0002000E00A4808BC1847AC530040B5
:1066600024E8004055650100C16501001565010081
:1066700073707A00A4B10200083D0300E4EB00400F
:10668000143C0300FCB5DDB002000F000024230021
:1066900026E0082070431058029904F053FB01D201
:1066A00002903500761CBE42F3DB08205843105898
:1066B000082169435050029808215943505008203E
:1066C0006843101840680821594351184968082642
:1066D00075435519696008215943511848605B1C7E
:1066E000BB4207DA08205843105802901D001E00D4
:1066F000761CD8E720000FE00821414351583FABFA
:10670000042545435951082141435118496821AB9B
:10671000042545435951401CB842EDDB174B03A8F3
:10672000019000933A0021A93FA800F029F85D9E4E
:106730005E9D1BE002A80190200004F095FB0090F4
:106740003B0003AA21A93FA800F0D2F90298290032
:1067500005F0F4FA04F052FB0022E14B05F092FF41
:1067600005F09CFD022161437052641C8020C00032
:106770008442DFDB5FB0F0BC08BC1847CAF2C971C5
:10678000F3B5A1B0050016001C002000D54904F0A7
:106790003DFF05D8002003900398299908602CE05C
:1067A000BF200006299908606868296805F06CFB1D
:1067B00004F024FB02000B000020CB4904F03EFF54
:1067C00000900191229840682299096805F05CFBCD
:1067D00007006868296805F057FB0100380005F0DC
:1067E000CBF9210005F050FB04F008FB009A019B57
:1067F00005F080FD04F0BEFA039001240296C6E085
:10680000042060432858042161436918091F09685E
:1068100005F03AFB06000420604328184068042174
:1068200061436918091F096805F02EFB010030005B
:1068300005F0A2F907002998042161434018001FC0
:106840000068390005F07AFA04F0D8FA00228023B3
:10685000DB0505F017FF04F08DFA0600380004F0A0
:10686000CDFA0022A14B05F00DFF00900191300000
:1068700004F0C4FA02000B000098019904F0DEFE57
:1068800004F078FA2999042262438850229804215E
:10689000614340184068229904226243895805F0F8
:1068A000F3FA0090042060432818406804216143F3
:1068B000695805F0E9FA0100009805F05DF90190CA
:1068C0002298042161434058229904226243891886
:1068D000091F096805F0D8FA009004206043285881
:1068E000042161436918091F096805F0CDFA010008
:1068F000009805F041F90100019805F0C5FA03A9D7
:1069000004226243885003A804216143405804F0E4
:1069100075FA0022C34B05F0EDFC009001910420B4
:10692000604328184068042161436918091F0968F9
:1069300005F0AAFA04F062FA02000B00009801992F
:1069400004F07CFE0090019103A8042161434018EB
:10695000001F0068390005F0F1F904F04FFA020059
:106960000B000098019905F005F8009001913000A6
:1069700004F044FA02000B000098019904F05EFE56
:1069800004F0F8F903A9042262438850641C0298B9
:10699000401E844200DA33E7289E3000514904F05B
:1069A00035FE02D800252C0049E0FC24A4050298FD
:1069B000042148432818001F00680299042251430B
:1069C00069180839096805F05FFA04F017FA02003F
:1069D0000B000020444904F031FE00900191229800
:1069E0000299042251434018001F0068229B029A1A
:1069F00004214A4399180839096805F045FA070047
:106A00000298042148432818001F006802990422B4
:106A1000514369180839096805F036FA0100380051
:106A200005F0AAF80100300005F02EFA04F0E6F9AE
:106A3000009A019B05F05EFC04F09CF9050003A898
:106A4000029904225143401808380068210005F0DB
:106A500075F90100280005F017FA04F0CFF90600D7
:106A60000F00299802990422514340180838006801
:106A7000210005F063F904F0C1F900226A4B05F02A
:106A800001FE02000B003000390004F0D7FD04F0D5
:106A900071F92999029A04235A438918091F086039
:106AA000029CA41E15E029980421614340582999AD
:106AB000042262438918496805F040F903A90422B9
:106AC0006243895805F098FE299904226243885050
:106AD000641E002CE7D523B0F0BC08BC18470000AA
:106AE0000000E03FCDED4771000008400000F0BF1E
:106AF000F1B584B00E00170000245B1E1D0000E0FD
:106B00001500281B02280BDB281942100A9804994B
:106B100004235343C95804F015F9F1D31400F0E7E6
:106B20000498042169434058049904226243895817
:106B300005F0AAF902900298002106F0E1FD01D1CA
:106B400000206AE0039701960498042169434058A5
:106B50000A9905F099F9029905F00EF806000A98CD
:106B6000049904226243895805F08EF9029905F0D0
:106B700003F807000198042161434058310005F0F3
:106B8000DDF800900198042169434058390005F070
:106B9000D5F8009905F030FE04F030F9009001912D
:106BA0003000310005F0CAF8310005F0C7F83100B7
:106BB00005F06AF9039904225443095905F0BEF817
:106BC00004003800390005F0B9F8390005F0B6F8CE
:106BD000390005F059F9039904225543495905F044
:106BE000ADF80100200005F007FE01000C0002993D
:106BF000029805F0A3F8210005F0A0F804F0FEF8D3
:106C00000022084B04F01AFD009A019B05F03AFDA2
:106C100004F0B0F80B990860012005B0F0BC08BC86
:106C200018470000000018400000F03FF0B587B0A2
:106C300099489321C9004158002901D0974884E020
:106C400097494158002901D096487EE0F7218900F4
:106C50004158002901D0A04877E0FB218900405825
:106C6000002801D19E4870E09E4800689E4909882E
:106C7000461A002E00D500266421002422009B48DD
:106C80000190019D280003F0F3FD01980090142568
:106C90002900220002AF380003F0EAFD32009F49CC
:106CA00002A803F01DFF02A9009804F051FC02A8FD
:106CB00003F072FF0099081821000170401C009039
:106CC0002900220002AF380003F0D2FD32009349C0
:106CD00002A803F005FF02A9009804F039FC02A8FD
:106CE00003F05AFF0099081821000170401C009021
:106CF0002900220002AF380003F0BAFD32008749B4
:106D000002A803F0EDFE02A9009804F021FC02A8FD
:106D100003F042FF0099081821000170471C290068
:106D2000220002AD280003F0A3FD3200984902A81A
:106D300003F0D6FE02A9380004F00AFC02A803F012
:106D40002BFF38180470401C019807B0F0BC08BC39
:106D5000184700B58F480078002803D0012803D1D8
:106D60008D4802E08D4800E0AF4808BC184700B5E8
:106D70004948FB2189004158002906D08B21C900D0
:106D80004058002801D1864800E0C04808BC184798
:106D900000B541489321C9004158002903D1404919
:106DA0004158002901D0A14815E0F7218900415838
:106DB000002901D09E480EE0FB218900415800299E
:106DC00008D08B21C9004058002801D0994802E022
:106DD000994800E0AE4808BC1847AE48704780B5F7
:106DE000ADA0FAF76DFA01200ABC1847AB4870470E
:106DF00080B5F7F725FF00F02FFEF7F7EFFEA84864
:106E0000FDF777FA01200ABC1847A648704780B5FD
:106E1000A548F8F7F8FD01200ABC184700B51E4840
:106E20009321C9004158002903D11D494058002829
:106E300001D09E4800E0002008BC184780B51648E5
:106E4000F721890041180A68002A0AD000220A6046
:106E50000121F82292008150F6F718FBF6F799FB12
:106E600007E001220A600021F82292008150F6F723
:106E700003FB00F0E3F88E48FEF722F8F6F70DFB6F
:106E8000F6F70AF9F8F7DBFD00F074F800F030FDD2
:106E900001200ABC184700006CD000404C3D0300A4
:106EA0009C040000703D030000B582489321C90096
:106EB0004158002905D180494058002801D1C148D6
:106EC00000E0002008BC184780B5BF48F8F79BFDDC
:106ED00001200ABC18470000983D0300BB487047DA
:106EE000BC3D0300A0530040D86F004060D4004078
:106EF00080B5704800219322D200815001226E4B50
:106F0000C250F7239B00C250F82292008150F6F73E
:106F1000B3FAF8F794FD01200ABC1847D03D0300EE
:106F200000B5AB480068002801D0002000E0A94867
:106F300008BC184780B55F4801219322D2008150D8
:106F400000225D4BC250F7239B00C150F8218900FD
:106F50004250F6F791FAF8F772FD01200ABC184783
:106F600000B59D480068002801D0002000E0CC4812
:106F700008BC184700B50021080004E04D4A04236E
:106F80004343D150401CF028F8DB08BC18470000F0
:106F9000D83D0300ECEC0040E03D0300F83D030069
:106FA0002C3E030070B5FFF7E5FF424C0125F720AA
:106FB00080002550F820800025500020F021890015
:106FC0006050F121890060508449F2229200A15062
:106FD000F3229200A050F4229200A150F5218900E2
:106FE000605000263000F62189006052FE208005A6
:106FF000F92189006050AB48265000F01FF88C2022
:10700000C000265096208000A74960509220C00002
:107010002650A64826509320C0002650CC48255024
:1070200070BC08BC18470000143E0300703E03000B
:10703000883E0300A03E0300B83E030070B5102157
:10704000002422001B4D9020C0002E18300003F0B9
:107050000FFCFA2080002C50FB2080002C50FC20DC
:1070600080002C508B20C0002C509320C0002C504E
:10707000012011496850F1F75BFEA248A24941582E
:10708000C54A815070BC08BC18470000603E030030
:10709000CC3E0300DC3E030000000000F03E030095
:1070A000C0340300183F0300C4450300503F0300F1
:1070B00020FD00006CD000409C04000080B5FF2043
:1070C0004E30F8F759FFFFF7B9FFF8F7B8FC00F0BA
:1070D0000FFC01200ABC184710B5F5F759FD03282D
:1070E00001DA012050E0F6F765F99A4C9320C000D0
:1070F0002058002841D19648205800283DD1F3203F
:1071000080002058944904F081FA06D9F1208000CB
:107110002058924904F07AFA01D8012000E00020BA
:107120000006000E9221C90062181168814205D044
:107130001060002802D101205A496050F8208000D8
:1071400023181868002822D0F72080002058002833
:107150001DD0F22080002058904903F0F3FD16D294
:10716000F5F716FD092808DBF6F7B2F9F6F7A6F9E8
:1071700000208B49C86300F01BF90020FA21890028
:107180006050F8F784FC012010BC08BC1847186850
:107190000028F2D1F720800020580028EDD1804847
:1071A000006880498842E8D110680028E5D1BE48CF
:1071B000006C0028E1D100F013F80028DDD1012097
:1071C000E2E700007C3F0300784D0300A43F03008A
:1071D00008D50040DC3F030004D5004000004843D0
:1071E00070B55C4CFA2080002058002821D0FB208C
:1071F00080002518286800281BD1F7F721FD6A4870
:10720000F7F78DFC00F028FCF7F7E8FC0120286078
:107210006648FDF755FEF8F7D3FDF1F789FD3948CB
:10722000394941585C4A8150F6F7B4F8F6F7E8F866
:1072300032E0FB208000205800282DD09B48F5F735
:1072400050FD00281FD00120F1F74AFE0125FC2047
:10725000800025502B4E964800884F49715888422F
:107260000FDBAB48F7F75BFCB4483018F7F75EFC70
:1072700000F01EF88B20C000255000F099F8002087
:107280000BE0F8F75AFD8B20C0002058002803D1EE
:10729000F6F780F8F6F7B4F8012070BC08BC184780
:1072A000104003005C0400007C0400009404000013
:1072B000F8B53B48C06A032808D16846E9F716FECE
:1072C00002009F499F4803F00BFC07E06846E9F77E
:1072D0000DFE02009C499B4803F002FC9B489C4920
:1072E00089690288891A018001219648FEF7C0FA4F
:1072F000002803D1FCF74CFE002000E0012005B07F
:1073000008BC184704000040A053000080B5114895
:10731000FB2189004158002914D08B21C900405815
:1073200000280FD18B491C48081802688A4BC9589D
:10733000511801600168AE4A914206DBE1218900E3
:10734000016002E0AB48F8F75EFB01200ABC184779
:107350009C0400006CD0004001009643015043475C
:1073600080B503F0EDF8A4480178002904D0012984
:1073700005D10021017004E00221017001E001212A
:107380000170FDF7ADF8FDF7C1F803F0E3F8F8F789
:1073900017FD01200ABC18479C5300000100E04083
:1073A000E4EB0040C44503003C40030020FD000026
:1073B00010B5F5F7EDFB012807DA9048FCF799FFC7
:1073C000C820FDF758F8012060E08D499322D200D3
:1073D0008A58002A03D1B34A8A58002A06D0F6F701
:1073E0005CF801203049C86701204FE0072807DA20
:1073F0008248FCF77EFFC820FDF73DF8012045E0FC
:10740000F720800008180268002A0AD000220260D3
:107410000120F82292008850F6F738F8F6F7B9F80C
:1074200024E0FB2292008A58002A17D08B20C0004B
:107430000C182068002803D09948F8F7E4FA0BE00C
:107440003348F7F76CFBB348F7F770FBFFF730FFF3
:1074500001202060F8F7B4FC012017E0012202604F
:107460000020F82292008850F6F706F8FFF7E6FDB4
:10747000AA48FDF725FDF6F710F8F5F70DFEF8F729
:10748000DEFAFFF777FD00F033FA012010BC08BCEC
:10749000184780B5A048F8F7BDFD0120A049086055
:1074A00001200ABC1847000060EA0040D0A100405B
:1074B000D86F00400120704780B500F0A3F801208C
:1074C0000ABC184710B54E4CFB20800020580028FD
:1074D0000AD08B20C0002058002805D10C48F7F7AF
:1074E0001EFB8C48F7F722FBFFF744FD9320C000FA
:1074F00020180021016000686A496050012010BC1A
:1075000008BC184701208649086001207047000028
:107510007845030000B53A48FB218900415800290D
:1075200006D1F72189004058002801D1012000E050
:1075300000200006000E08BC18470000FC520000A6
:10754000A8400300ECD40040B0400300A2800040FB
:10755000B8EC004004000040A053000038B5924D44
:107560002800EAF734FB1023F02235210020EAF747
:1075700053FA00210020EAF7E5FA0020EAF7D5FAED
:1075800001210120EAF7D4FA0020EAF7CBFA874874
:10759000EAF738FA8648EAF7D9FAFA20EAF760FA01
:1075A0008448EAF7E8F88024A4012300EF22672149
:1075B0000020ECF766FA2800EAF709FB1023F02216
:1075C00069210020EAF728FA00210020EAF7BAFA38
:1075D000FA20EAF745FA7848EAF7CDF82300EF22D7
:1075E0009B210020ECF74DFA31BC08BC1847000085
:1075F00085030000080A0300ECEC0040A0340300FF
:107600006CD0004010B5FFF7A9FF00F05DFA00F064
:10761000A7F900F0FFFA2448016C002902D000F01D
:1076200081F839E0406C002836D1644C9220C000CB
:107630002058002830D1FB208000205800280ED090
:107640005F48006800280AD0FC20800024182068C9
:10765000002821D000F0BAF8002020601CE0594832
:1076600020180168002904D00021016000F040F9D1
:1076700012E000F0FBF854480068784988420BD1CA
:10768000F82080002058002806D1F72080002058DC
:10769000002801D100F00AF810BC08BC184700000F
:1076A000C44503009C04000060EA0040E0B51023DC
:1076B000F0229E210020EAF7AFF900210020EAF72E
:1076C00041FA0020EAF731FA01210120EAF730FA05
:1076D0000020EAF727FA80204002EAF793F93448BD
:1076E000EAF734FA5E48EAF772FA5E480068032166
:1076F000E9F7CAFF02005CA1684603F0F1F90A202D
:10770000EAF7AEF97748EAF736F86846EAF768F834
:107710000FBC1847005300400846030020FD00003E
:10772000C8D4004080B58023F0229E210020EAF7D3
:1077300073F900210020EAF705FA0120EAF7F5F9CC
:1077400002210220EAF7F4F90020EAF7EBF98020A1
:107750004002EAF757F91648EAF7F8F96248807BE1
:10776000C00702D5FC20800300E06048EAF72FFA4A
:107770000120EBF7E5FAEAF790F97748E9F7FBFF24
:10778000EAF7FAF973494A6A002A01D0022200E0B6
:1077900001225043C9684018EBF7DCFA0020EBF7F0
:1077A000CFFA09BC1847000000203F00020001008A
:1077B000404C0200B8400300EC4003006CD0004095
:1077C0009C5300405C040000E4EB004010B58023B3
:1077D000F0229E210020EAF71FF900210020EAF79D
:1077E000B1F90120EAF7A1F902210120EAF7A0F995
:1077F0000020EAF797F980204002EAF703F957489A
:10780000EAF7A4F9FC208001EAF7E1F90120EBF79F
:1078100097FAEAF742F99A48E9F7ADFFA34C20003E
:107820000830E9F7DDFFA2A0E9F7DAFFEAF735F95A
:10783000FC208003EAF7CBF99E48E9F79CFF2B4830
:10784000EAF7C5F99C482018E9F7CAFFEBF782FA76
:107850000020EBF775FA10BC08BC18479001030034
:10786000003F200068EB004025750000F8B5934DFF
:10787000F72080002858002831D18F277F00012071
:1078800000903B00EF22AE210120ECF7B5FCEF2683
:1078900004207043285803214843542801DB532017
:1078A00004E01A21C943884200DA080081256D00EE
:1078B000291A0091002802D4FC24A40303E0002824
:1078C00001D5FC24A40100233A00AF213000ECF7DD
:1078D00066F82300009A29003000ECF760F8F1BC4C
:1078E00008BC18473C410300B8EC0040003F3F0093
:1078F00070B5734803C83222EBF7ECFCBC4EF7209E
:1079000080003058002822D1002515E000280ED52F
:10791000FC24A4010BE01A21C943884200DA0800C4
:10792000812149000A1A0028F0D4FC24A403230072
:107930002800ECF734F86D1CF02D08DA04206843B9
:107940003058032148435428E5DB5320E8E770BC56
:1079500008BC184730CB00407C410300404C02007B
:1079600030B599B05748EAF732F92023F0227A214E
:107970000020EAF751F800210020EAF7E3F80020A0
:10798000EAF7D3F801210120EAF7D2F80020EAF75C
:10799000C9F880204002EAF735F89648EAF7D6F8A9
:1079A0004649F12080000858F22292008D58922218
:1079B000D2008A58002A04D19322D2008958002983
:1079C00002D08D49086B8D6BFE21890503F0BAF951
:1079D00001D28A4C0CE08A4903F0B4F901D2894CF7
:1079E00006E0894903F0AEF901D2884C00E0884CEA
:1079F00003F004FA02000B002100684603F070F85F
:107A0000C820EAF72DF86846E9F7EAFEA848EAF741
:107A10009DF80021A020EAF795F8280003F0EEF980
:107A20000022A44B04F02EFE04F00CFE002800D12E
:107A300001200200A049684603F052F86846E9F7C1
:107A4000CFFE1021A020EAF77DF8B9A0E9F7C8FE23
:107A500019B030BC08BC184700B51849F3208000A5
:107A600008589222D2008A58002A04D19322D200C8
:107A70008958002901D06048406B08BC18470000B5
:107A8000F441030000B50D49F4208000085892220B
:107A9000D2008A58002A04D19322D20089580029A2
:107AA00001D05548806B08BC184700000400004016
:107AB0000D00000078450300FC5200006CD000402F
:107AC0001C420300003F3F0078B599B04A4C606CFF
:107AD000002804D1206C002801D1964807E0964880
:107AE000807BC00702D5FC20800300E09148EAF7C4
:107AF0006EF82023F02246210020E9F78DFF0021B7
:107B00000020EAF71FF80020EAF70FF80121012012
:107B1000EAF70EF80020EAF705F880204002E9F7BE
:107B200071FF3448EAF712F8FFF796FF0500FFF7F8
:107B3000A9FF0600206C00280CD0804DFE26B6055B
:107B40007D48807BC00702D5FC20800300E0794897
:107B5000EAF73DF82800FE21890503F0F3F801D289
:107B6000264C0EE02800264903F0ECF801D2254C03
:107B700007E02800244903F0E5F801D2234C00E097
:107B8000234C280003F03AF902000B00210068465C
:107B900002F0A6FFFA20E9F763FF6846E9F720FE46
:107BA0004348E9F7D3FF0021A020E9F7CBFF3000DD
:107BB00003F024F900223F4B04F064FD04F042FD81
:107BC0000200002A00D101223B49684602F088FFEA
:107BD0006846E9F705FE1021A020E9F7B3FF00F0A1
:107BE00063F8E9F7C8FD1AB070BC08BC184700007C
:107BF0006CD000409060020060EA00402442030024
:107C0000000020412C4203000000C842344203001F
:107C10003C42030000B599B08023F0229E21002051
:107C2000E9F7FAFE00210020E9F78CFF0120E9F7CF
:107C30007CFF02210220E9F77BFF0020E9F772FFB9
:107C400080204002E9F7DEFE1948E9F77FFFFC20BB
:107C50008003E9F7BCFF0120EBF772F8E9F71DFF9D
:107C60006F48006803F0CAF802000B006DA1684677
:107C700002F036FFFA20E9F7F3FE6846E9F7B0FDB7
:107C8000E9F77AFFC8494A6A002A01D0022200E0D7
:107C900001225043C9684018EBF75CF80020EBF76D
:107CA0004FF819B008BC1847C0487047CB48704718
:107CB000404C02000000E03F44420300E0B5894828
:107CC0001D49098901600121029187490191874974
:107CD0000091874BFA22D2000168C148ECF7FDFC05
:107CE0000020C04303B008BC18471FB5002803D1CB
:107CF0008048F7F788FE17E07F4C804805F0C4FC09
:107D00009421C90060507E4820180B49897A01608F
:107D1000012102918C4901918C4900910C2301228F
:107D20000168B048ECF7D9FC1FBC08BC184700003C
:107D300063707300003F3F00B8EC00400050C34741
:107D40007FB5002803D16B48F7F75DFE43E06A4E2C
:107D50006B483418694805F097FC20609520C000F6
:107D600035189348C07A2860206802280ED0206811
:107D7000082801DB012600E000262068022102F02D
:107D8000B7FD3606360E4E401E3618E09420C00071
:107D900034182068C821490002F0AAFD00290BD040
:107DA0002068042102F0A4FD002907D120681921D0
:107DB00002F09EFD002901D01D2600E01C260120B6
:107DC0000290894801908948009033000122296877
:107DD0009148ECF782FC7FBC08BC18471FB500280F
:107DE00003D14448F7F70FFE17E0434C434805F032
:107DF0004BFC9521C9006050884820186C490979CE
:107E00000160012102918649019178490091062380
:107E1000002201688348ECF760FC1FBC08BC1847CF
:107E2000C09500402566000078B58FB0002803D1CA
:107E30003048F7F7E8FD50E02F4C304805F024FCBF
:107E40007649605003A878493022EFF72BFA962044
:107E5000C000251800202860012007E0296803AA37
:107E600004234343D25889182960401C24496118CF
:107E70000A689042F2DB28689522D200A258801846
:107E800028600868032817DB9420C0002618307883
:107E90008007800F00280FD13068642102F028FD90
:107EA000002906D13068C821490002F021FD0029CF
:107EB00002D12868401C28605C4820183C49097B96
:107EC0000160012102915A4901915A4900911723F9
:107ED000002201685848ECF700FC10B070BC08BCE8
:107EE000184700000CD50040EB7C0100A4420300C1
:107EF000B80B0000C44503006CD00040C0E900404E
:107F0000A40400001FB5002803D14C48F7F77BFDFF
:107F100017E04B4C4B4805F0B7FB444960509720A5
:107F2000C00020182249497B016001210291464985
:107F30000191464900913B23002201684448ECF737
:107F4000CCFB1FBC08BC1847417D0100EC4203007C
:107F500038B584B000281ED0394D9720C0002C18A9
:107F6000384805F091FB20609420C0002858039009
:107F70003848285802909620C00028580190274879
:107F8000285800909520C0002B5828482A5821686E
:107F90001E20E8F7D3FF2948F7F735FD05B030BCC0
:107FA00008BC18472C48704730CB00404C420300B7
:107FB000B8EC004080B5294801002C31C26A521C3F
:107FC0000A60C26A042A01DB00220A60C26A2449EC
:107FD0002448F3F71BFE00200ABC18476442030044
:107FE00074420300B8420300DD7D010054430300E6
:107FF00000B51A48C06A012806D009D3032801D069
:1080000004D305E0184804E0184802E0184800E0EE
:10801000184808BC1847000004430300AC040000E3
:10802000297E010068430300E8430300B404000014
:10803000057F01004844030018440300C4450300C1
:108040006CD00040C0E90040517F0100944403001F
:108050005C440300A4040000B0440300E4EB0040CF
:10806000F4440300E8440300FC4403001C450300FF
:108070003C45030058450300B948704700B5A14886
:108080000078052801D1A04800E0B64808BC184790
:1080900000B59C480178032904D00078062801D057
:1080A000002000E0B04808BC184700B595480178AA
:1080B000032904D14168002901D0AC4808E00178C7
:1080C000062902D00078052801D1B94800E0002037
:1080D00008BC18470020704780B58A4800214160DD
:1080E000A34AF3239B00D358002B03D0B14BD258A3
:1080F000002A02D10722027001E00322027081608F
:108100000021416281614161C16100F002F809BC56
:10811000184710B57B4CA068002806D0A648F0F799
:108120003FFB02F0A1FE206205E0A448F0F738FB17
:1081300002F09AFE206210BC08BC184780B5FFF719
:10814000CBFFF5F713FAF5F725F9F5F759F9FA200A
:108150008000F7F711FFF7F772FC01200ABC1847FF
:10816000F8B500242000964ED92080003018F4F78E
:10817000B8FD002801D1012067E0624D6868002841
:1081800009D101206860D82080003058A862F7F734
:108190007EFCF7F715FEFA2000013018F4F7A1FD78
:1081A000002801D1012050E02878002850D0012873
:1081B00004D0022867D0042868D084E08148006891
:1081C000E968884238D380480088062834DBF0F715
:1081D000D7FE002802D1062028702DE07B4FE868EA
:1081E000FA2189004018386000F052FA002821D1A5
:1081F0007448009000980068754988421CD3D820C4
:10820000800032181068002105F07AFA0FD00020A3
:108210001060F4F759FF00980460FA20C00038603D
:108220006C48FCF74DFEF5F7A1F92C7004E0062030
:10823000287001E002202870F5F7ACF8F5F7E0F8B7
:10824000F7F725FCF7F7BCFD0120F2BC08BC184786
:108250004749614808180268EB689A4212D35F4A9E
:10826000895A06290EDB0021E96169622961012131
:1082700029700460FA20C000E8605648FCF720FE30
:10828000F5F774F9D8E700F0B5F9D5E7D820800004
:1082900032181068002103F0B9F911D210688B214F
:1082A000C90502F04FFD0BD2FA20C000E860454836
:1082B00004604848FCF704FEF5F758F92C7001E01B
:1082C00006202870B8E70120BFE780B5C848F7F757
:1082D0009AFB01200ABC184780B5F5F747F9D0484A
:1082E0008168002901D1012100E000210906090E61
:1082F0008160FFF70EFFF7F763FDF7F7C8FB01207A
:108300000ABC18478CEC0040C846030070B5344CDA
:108310002078C01E02D0801E01281CD80025E561EF
:10832000FFF7F7FE206AF4F709FFFA20C000E060CB
:108330000026244806602B480560F4F7C5FE267029
:108340002448FCF7BDFDF5F711F9F5F723F8F5F72B
:1083500057F8F7F735FD012070BC08BC184700003E
:10836000AC460300E0460300FC4603002C47030034
:10837000AC530040012070470120704780B500F0E9
:1083800037F801200ABC184780B51548017805293F
:108390000AD00178032907D04168002904D0806AF7
:1083A000A0490860F4F790FE01200ABC18470000BD
:1083B00044470300D80B000096020000B6050000F9
:1083C00030920040DC7F0040D86F004098EC0040C5
:1083D0003175000020FD0000302C00002C1C000036
:1083E0008CEC0040909500400120704700207047C1
:1083F000F0B599B01023F02235210020E9F70CFBED
:1084000000210020E9F79EFB0120E9F78EFB012106
:108410000120E9F78DFB0020E9F784FB824F38004B
:10842000E9F7F0FA8148E9F791FB0120EAF788FCC7
:10843000E9F733FB7E48E9F7CAFB7E48E9F79BF989
:108440007DA52800E9F7CCF97C4E3000E9F7BFFBA9
:10845000734C207800284BD0022850D041D30428F8
:1084600046D005D306285CD050D3072864D06DE0F1
:10847000A068002817D07248E9F77DF980204002F3
:10848000E9F7C0FAFC208003E9F7A1FB6D48E9F7A2
:1084900072F93000E9F79BFB6B48E9F76CF938009B
:1084A000E9F7B0FA13E06948E9F765F9802040027E
:1084B000E9F7A8FAFC208003E9F789FB6448E9F7AB
:1084C0005AF93000E9F783FB3800E9F79BFA2800F6
:1084D000E9F786F95F48E9F74EF92800E9F780F9EE
:1084E00034E05D48E9F747F92800E9F779F92DE02C
:1084F0005A48E9F740F92800E9F772F926E05848A8
:10850000E9F739F92800E9F76BF91FE0FC20800151
:10851000E9F75DFB5348E9F72EF92800E9F760F920
:1085200014E0FC208003E9F752FB4F48E9F723F9F8
:108530002800E9F755F909E0FC208003E9F747FB3B
:108540004A48E9F718F92800E9F74AF92078072896
:1085500041D080204002E9F755FA2800E9F740F9B8
:108560004348E9F708F94348026843A1684602F026
:10857000B7FA6846E9F734F94048E9F7FCF8404DA6
:10858000206A02F03BFC02000B002900684602F062
:10859000A7FA6846E9F724F93A48E9F7ECF8E06900
:1085A00002F02CFC02000B002900684602F098FA49
:1085B0006846E9F715F93448E9F7DDF81948006825
:1085C00002F01CFC02000B003049684602F088FAF9
:1085D0006846E9F705F93800E9F714FAEAF7BAFB53
:1085E0000020EAF7ADFB19B0F0BC08BC184700004A
:1085F000C445030010B5D64C6069A16903F006F8C4
:1086000002D80520207008E0E069F4F77BFDF4F75C
:10861000B9FFF4F7ABFF0420207010BC08BC18476A
:108620008CEC00409095004001000100404C02009D
:1086300000203F00604703000D000000003F3F00A6
:1086400098470300C4470300DC4703009048030039
:10865000E048030020490300F0490300444A0300B6
:10866000944A0300D44A0300004B03002C4C03003F
:108670009C4C0300DC7F004025750D00C04C0300BE
:10868000004D0300084D03003C4D0300704D0300F6
:10869000F0B589B0AE4D286A02F0B0FB0022AD4BB8
:1086A00003F028FE03F0FAFD0400286A8021C905C2
:1086B00003F062FA03F01AFF69460883A648210016
:1086C0000904091404224A438018466D002E00D57F
:1086D00000260896002069464882002069460882E4
:1086E000002069468883684644830027002068622A
:1086F00028616861A8611BE020006A461821515E6C
:108700000004001488422FDB0598089068464482D4
:1087100000206946088238000006000E002802D1B9
:1087200068464483012768466946428B8A83059ED2
:1087300020006A461821515E00040014884200DAC5
:1087400000E1641E844821000904091404224A43FC
:108750008018406D05900598002801D500200590EF
:10876000089805998842C7DB002E14D00598301A66
:1087700003F0DEFE4900490802F0FCFA00903000E8
:1087800002F072FB0100009803F0F6F9924902F042
:10879000D9FA00D205960598864220DA20006A466A
:1087A0001821515E00040014884218DB38000006CE
:1087B000000E002809D1684644830127694612202B
:1087C000085E002801D10020089069461020085E4C
:1087D0000028ACD12000401C69460882A7E7059814
:1087E000B04200DA00270598002807D020006A462A
:1087F0001821515E00040014884298DA694610205E
:10880000085E002803D12000401C694608826946A2
:108810001220085E01288ADB69461C20085E0128B8
:1088200085DB089802F020FB02F0E8FA0090019145
:1088300049486A461221515E04224A43801867491A
:10884000405803F075FE03F053FC02000B00009843
:10885000019902F0F3FE02F08DFA614E310002F050
:10886000D5FE00D963E7686269461220085E02F00F
:10887000FBFAE8615B4828612869310003F05EFA81
:108880002861286902F0BAFA02900391E86902F0BF
:10889000B5FA00900191E86902F0B0FA03F028FC03
:1088A000009A019B03F026FD02000B000298039939
:1088B00002F0C4FE02F05EFA286128694A4902F01B
:1088C000A5FE01D8494828612E0014364848696A37
:1088D00003F052F930604749686902F033FA01D277
:1088E000316006E06869444902F090FE01D84348CF
:1088F0003060089802F0B8FA020069461C20095E50
:108900006B461020185E00F029F8E869296A03F028
:1089100033F902F073FA02000B000020384903F02B
:1089200029F84900490802F025FAA861686A29690E
:1089300002F06CFE04D9E8683249884200D2F6E6BB
:10894000012000E0002009B0F0BC08BC184700007E
:108950008CEC00400000F83F04000040F2B5060037
:1089600000252C0011E02000390003F045FF040031
:1089700030000004001402F077FA390003F0DEF949
:10898000290003F039FF0500761C69460020085EC7
:1089900031000904091488420FDB1B483100090427
:1089A000091404224A438018406D02F05DFA070062
:1089B0003800002102F02AFED5D32000002104F067
:1089C0009FFE05D02800210003F0D6F80F49C861AA
:1089D000F1BC08BC184700000BD7233C5420000012
:1089E0000000604000E02B460100204200002042D1
:1089F0003108AC3CA69B443BA79BC43BA69BC43B15
:108A00000000F03F31750000040000408CEC004095
:108A100010B5040001F094FD200001F0BDFE01F04E
:108A200099FD10BC08BC184700B501F089FD00682D
:108A300001F090FD08BC184738B5040001F080FD36
:108A4000626A2168E56A280001F0A6FE606820637A
:108A5000207A34216054E068A0630020E06001F0D7
:108A600079FD31BC08BC1847BB487047BB4870470C
:108A7000BB48704700B59248C068002801D0B9488B
:108A800000E0B94808BC1847002070478C48002116
:108A9000016041600121C160B449B54A8A588260D1
:108AA0000020F52292008850704780B5FF204E309C
:108AB000F7F762FAFFF7EAFFF4F7F6FCF6F7BFFF05
:108AC00001200ABC1847F8B57D4C606803F0E0FA55
:108AD00002F094F90022A74B02F0B0FD02F04AF92F
:108AE0000100A548006803F029F9050028000021CD
:108AF00004F006FE27D0206803F0CAFA290003F02C
:108B0000C3F902F07BF906000F00280002F076F9A5
:108B100003F0EEFA02000B003000390002F08EFD87
:108B200002F028F9002102F071FD0CD2A16802F0D8
:108B30006DFD08D880208001CF490860FA218900A6
:108B40003220FBF715FCF1BC08BC184710B55C4C93
:108B5000E06800280BD0F4F72DFCFFF7B4FF606845
:108B60000321E8F791FD002901D1F6F790FF0120DC
:108B700010BC08BC184780B5E048F6F744FF012058
:108B80000ABC184780B5DE48F6F73DFF01200ABC55
:108B9000184780B54A48C168002905D00021C16046
:108BA000F7F70EF9012006E0F4F77EFCFFF76EFF01
:108BB000F6F745FF01200ABC184701207047012045
:108BC000704780B500F07EF801200ABC18470120EC
:108BD0007047012070470020704710B5A748E8F79C
:108BE000F6FF0020E8F7A1FF01210120E8F7A0FF30
:108BF0000020E8F797FFA248E8F7A8FFA148E8F7A8
:108C000001FF1023F02235210020E8F705FF0021A5
:108C10000020E8F797FF4620E8F722FFB948E8F779
:108C2000AAFD8024A4012300EF2267210020EAF797
:108C300028FF1023F02269210020E8F7EDFE002133
:108C40000020E8F77FFFFA20E8F70AFFAE48E8F7D0
:108C500092FD2300EF229B210020EAF712FF102350
:108C6000F0229D210020E8F7D7FE00210020E8F740
:108C700069FFC820E8F7F4FEA448E8F77CFD23006C
:108C8000EF22CF210020EAF7FCFE1023F022D121B1
:108C90000020E8F7C1FE00210020E8F753FF322052
:108CA000E8F7DEFEB948E8F766FD2300EF22FF2172
:108CB000091D0020EAF7E5FE10BC08BC18470000BB
:108CC00010ED004080B5FFF788FF00F021F900F0BB
:108CD000DBF800F053F800F061F900F002F809BC8D
:108CE000184700B585B06548E8F771FF1023F022FA
:108CF000862149000020E8F78FFE00210020E8F7D8
:108D000021FF0020E8F711FF01210120E8F710FF03
:108D10000020E8F707FF80204002E8F773FE58487C
:108D2000E8F714FFC820E8F79BFE9948E8F723FD11
:108D30001148006802F062F802000B00954968468D
:108D400001F0CEFE6846E8F74BFDBEA0E8F748FD0F
:108D500005B008BC18470000BC4D0300CC4D030013
:108D6000E44D0300F44D0300084E03006CD00040B6
:108D70006404000000000840A0950040D8B585B00C
:108D80008548E8F724FF2023F022AE210020E8F7F1
:108D900043FE00210020E8F7D5FE0020E8F7C5FEDD
:108DA00001210120E8F7C4FE0020E8F7BBFE802087
:108DB0004002E8F727FEA448E8F7C8FEA34C606825
:108DC00000281CD0206803F063F902F017F80600B1
:108DD0000F00606803F05CF902F010F800229C4B71
:108DE00002F02CFC02000B003000390002F026FCDF
:108DF00002000B009749684601F072FE03E096A15D
:108E0000684603F0E7FBC820E8F72AFE6846E8F763
:108E1000E7FC1021B420E8F795FE1948E8F796FE24
:108E200088A0E8F7DDFC0021B420E8F78BFEC8201D
:108E30002168002910D0206803F03EFD03F058F9A6
:108E400002000B000020854902F0F8FB0022844B51
:108E500003F018FC03F0F6FB002800D1012002000B
:108E60008049684601F03CFE6846E8F7B9FC06B068
:108E7000D0BC08BC1847000098C0FF3F00203F004E
:108E8000404C02000200010000B585B04248E8F7FE
:108E90009EFE2023F0227A210020E8F7BDFD00216C
:108EA0000020E8F74FFE0020E8F73FFE01210120F7
:108EB000E8F73EFE0020E8F735FE80204002E8F7A4
:108EC000A1FD6148E8F742FE6048026866A1684675
:108ED00001F006FEC820E8F7C3FD6846E8F780FC0D
:108EE0001021B420E8F72EFE6048E8F72FFE60A0BE
:108EF000E8F776FC05B008BC18470000C44503003D
:108F0000080A0300204E03003C4E0300644E030099
:108F100000B585B02048E8F75AFE2023F02246210C
:108F20000020E8F779FD00210020E8F70BFE002083
:108F3000E8F7FBFD01210120E8F7FAFD0020E8F742
:108F4000F1FD80204002E8F75DFD3F48E8F7FEFDB7
:108F50003E4840680321E8F797FB020042A16846BB
:108F600001F0BEFDFA20E8F77BFD6846E8F738FC23
:108F70001021B420E8F7E6FD3C48E8F7E7FD3DA006
:108F8000E8F72EFC05B008BC18470000B44E0300FB
:108F9000D04E0300004F0300003F3F0018B585B0DE
:108FA0003548E8F714FE2023F022E2210020E8F7FC
:108FB00033FD00210020E8F7C5FD0020E8F7B5FDEE
:108FC00001210120E8F7B4FD0020E8F7ABFD802087
:108FD0004002E8F717FD1C48E8F7B8FD274A10687B
:108FE000FE21890501F0AEFE01D2254C0CE0254999
:108FF00001F0A8FE01D2244C06E0244901F0A2FEB3
:1090000001D2144C00E0224C106801F0F7FE02007F
:109010000B002100684601F063FD6420E8F720FDA5
:109020006846E8F7DDFB1021B420E8F78BFD0F4818
:10903000E8F78CFDFEF73AFEE8F79DFB06B010BCA2
:1090400008BC1847637073009060020010ED004088
:1090500000000840084F03002D0000000000694098
:109060000000E03F104F030025750000404C020057
:10907000636E740073000000003F3F0040D4004066
:10908000184F030000002041204F03000000C84299
:10909000284F0300034800210160416001218160E5
:1090A0007047000020ED004010402DE98C459FE501
:1090B000400CD4E5000050E31300000A0000A0E3D8
:1090C0003C0C84E5400CC4E50F0000EA0010A0E36E
:1090D000802B9FE5541C82E5501C82E5E014A0E340
:1090E0007C1A81E30000C1E56C0B9FE5041090E55C
:1090F000011091E2041080E520069FE5001090E544
:10910000011091E2001080E5A49EFFEB4C0B9FE55F
:109110000010D0E5010011E30500001A8E12A0E353
:10912000C01C81E3001091E50C1011E20C0051E32A
:109130005400001AE004A0E3C00C80E30000D0E576
:109140007C1C94E5000051E3DFFFFF1A3C1C94E512
:109150005C2C94E5020051E11E00002A3C1C94E5C1
:10916000000051E30A00001A3C1C94E5000051E3A2
:109170001A00001A0010B0E1FF1011E2010051E3E3
:109180000300000A0010B0E1FF1011E2020051E3F9
:109190001200001A84159FE5002091E5012092E25B
:1091A000002081E53C1C94E5012091E23C2C84E503
:1091B000382C94E50100C2E73C0C94E5040050E330
:1091C0000600003A3800A0E3C00E80E3000094E0FF
:1091D000BB9BFFEB010000EA0300A0E3400CC4E5E9
:1091E000400CD4E5040050E30200001A0000A0E3A4
:1091F0003C0C84E5400CC4E53C0C94E5020050E3D3
:10920000C1FFFF3A400CD4E5000050E3BEFFFF0A67
:109210003C0C94E5010050E23C0C84E53C2C94E5C8
:10922000380C94E5011090E2380C94E5250600EB2B
:10923000380C94E50000D0E5010050E30700000A77
:10924000380C94E50000D0E5020050E30300000A6A
:109250003C0C94E5020050E3ECFFFF2AAAFFFFEA72
:109260000000A0E3400CC4E53C0C94E5040050E38E
:109270000300003A3800A0E3C00E80E3000094E051
:109280008F9BFFEBA0FFFFEA0010D0E5200011E369
:109290001200000A4C1C94E5502C94E5020051E1A8
:1092A0000C00002A74149FE5042091E5012092E24D
:1092B000042081E54C1C94E5012091E24C2C84E5CE
:1092C000482C94E50110D2E7E024A0E3C02C82E30F
:1092D0000010C2E5010000EA0110A0E3541C84E57F
:1092E0000000D0E50E0010E30100000A0200A0E338
:1092F000400CC4E51040BDE81EFF2FE170B504002E
:1093000004252800616822681278022A2ED122687A
:109310005278512A0AD025D3532A0BD008D3552A84
:109320001DD01AD3572A1CD017D31BE0001D4BE0C9
:10933000083049E02268127A23685B7A0A290AD346
:109340001206120E8026760072431B061B0ED218E0
:109350000832801800E0FF2036E0133034E0801C33
:1093600032E031E00020022222722DE022681278E1
:10937000012A27D122685278921E042A14D9521F3A
:1093800019D0521E10D0521E022A0FD9D21E012A05
:1093900012D9121F0AD0521E0DD0521E012A05D911
:1093A0002E3A012A07D909E0001D0DE022689278C3
:1093B000521C801808E007E0801C05E00020022213
:1093C000227201E002222272884209D1206800F054
:1093D0001DFA002801D1257206E00120E06003E0BB
:1093E000884201D20220207270BC08BC184738B5F0
:1093F0000100012905DB924CC6200001205888425B
:1094000007D2984B9422520097499848E8F744F9BC
:1094100029E001F095F800259548255095482058F9
:10942000002803D0C5200001215006E092482058B2
:1094300000F0BFF9C5210901605001208F4960503B
:109440008F4825502800C421090160548D482550BB
:109450008948205800788C490870B1484168491CF7
:10946000416001F077F831BC08BC184710B5744C66
:1094700086482018FFF7E0FAC7200001205800288E
:1094800006D000F008F8012020600020C5490860DF
:1094900010BC08BC18477CB5694C7D482518286865
:1094A0000078012847D128684078092843D02868E7
:1094B00040780A283FD02868407811283BD0286897
:1094C0004078022837D028684078082807D12868D3
:1094D0008078002803D12868C07801282BD028681C
:1094E0004078042808D128688078002804D12868AA
:1094F000C0781E380A281ED30026F643019600962F
:1095000001A96846F3F716FB0098B04209D08548D8
:109510002018854909680268914202D30168002930
:1095200000D14FE002212A6811700168891E286865
:10953000F3F7BAFA46E028680078022828D02868AD
:109540004078092824D0286840780A2820D0286844
:10955000407811281CD028684078022818D0286844
:109560004078082807D128688078002803D1286827
:10957000C07801280CD028684078042822D12868B7
:10958000807800281ED12868C0781E380A2819D291
:109590003E48201800F098F9C52000012018016805
:1095A000022908D30168C6221201A258914202D2B0
:1095B0000068FFF71CFFB84820180168012901D195
:1095C0000021016073BC08BC1847F8B5A449AE205F
:1095D00080000C182068022806D31948C622120100
:1095E000825823689A4200D221E0AD229200891865
:1095F00001252A000B681A702268921E09681E4B0A
:10960000C6183768380001F0C7F830684078052878
:1096100009D13068C078222805D130680079FF2848
:1096200001D19E48C5672068801EFFF7E0FEF1BCAF
:1096300008BC18479A4801684160002101607047E2
:10964000B0BE00400120974908609748832101700F
:1096500005210022954B1A600B4A117003210170FD
:1096600070470000B44F0300744F0300884F03009D
:10967000540C00007C0C0000480C00004C0C000056
:109680003C0C0000440C000000C000E0380C00005E
:10969000640C0000F0B582488549020008320A6077
:1096A000844A854BC31813608323DB00C318834CA3
:1096B00003518224E400824BC450C6231B01C3180B
:1096C0001C6000247F4D445104604460250004E088
:1096D00026007A4FC7597E556D1C1E68B542F7D3D8
:1096E000230006E025000E68F55425001668F554A1
:1096F0005B1C734D4559AB42F4D3A949445021003A
:10970000C42212018154A7494450A7494450C5219D
:1097100009014450A5494450F0BC08BC184700005A
:1097200020ED0040680C0000E094004070B5E1219D
:1097300049029F4802680823134303603020C04356
:109740009C4B1A680240102414431C60C022D24370
:109750001C681440402525431D60974B1C68204021
:109760001860186802401A60504C002525604E4E63
:10977000832030709148E7F787FF00092560BF49D3
:1097800008700320307001210143022008430421A6
:109790000143C0200843BA4908600720206070BC1C
:1097A00008BC1847B4E9004080B5FFF7BFFF09BC0B
:1097B000184770B504000E00B248002506E001000D
:1097C0000904090C605D00F04DF86D1CB542F6DB34
:1097D000010061556D1C0004000C000A60556D1CF1
:1097E000280070BC08BC184710B502000800002112
:1097F000012302E0D45C09195B1C052BFADB5171D3
:1098000003211154401C10BC08BC1847F8B50400D3
:109810000F009C480026350006E001000904090CF1
:10982000605D00F01FF86D1CB91E8D42F5DBE1197B
:10983000491E0978E219921E12780004000C0906EC
:10984000090E09021206120E0A43904201D10120AC
:1098500000E030000006000EF2BC08BC1847000013
:109860003092004002B469460988090A48406946B6
:109870000988854A03001B061B0ED25C4A406946D4
:109880004A706946814A0006000E105C08706846FE
:10989000008801B070470000740C000060EA0040CE
:1098A000B0BE00402CCB00400CC000E004C000E083
:1098B000E8CA004014CB004028080000480C000013
:1098C0005C0C00007C0C000010B50400E06A00781D
:1098D00021690870E06A407821694870E06A407840
:1098E000022818D004281AD008281CD009281ED015
:1098F0000A2820D0112822D0512824D0522826D03E
:10990000532828D054282AD055282CD056282ED079
:10991000572830D032E0200000F01BFD2EE0200060
:1099200000F06AFC2AE0200000F058FD26E020004C
:1099300000F0AEF822E0200000F09CF91EE02000CC
:1099400000F098FA1AE0200000F03AF816E0200043
:1099500000F0D2FA12E0200000F046FB0EE02000FA
:1099600000F09EFB0AE0200000F0CFFB06E02000A4
:1099700000F0F4FB02E0200000F01DFCE06A4078FB
:10998000512803D10020B149086006E0E06A407820
:10999000572802D10120AD49086010BC08BC184707
:1099A0003C0C0000440C00004C0C0000780C000043
:1099B000C4C01FE000C002E040C002E000A08C0074
:1099C000F8B50500E86A80780002E96AC9780843BA
:1099D00069460880684600888021C900884204DB07
:1099E0002900022000F0AFFB45E0E86A007906029A
:1099F000E86A4079064330000004000C212804D2B4
:109A000030000004000C002804D12900032000F0DD
:109A10009AFB30E0002410E020228D492023584397
:109A20000818842149004118286920236343C0187D
:109A3000071D380000F0B0FE641C30000004000C6C
:109A400084420CDA684600880019EBF718FE814959
:109A50008842E1D12900042000F075FB0BE03604B8
:109A6000360C20207043010A2A69917001002A698E
:109A7000D170001DA861F1BC08BC184700C000E00F
:109A800008C000E0FFFF0000F4510300F45203009F
:109A9000FEB50400E06A8078062804D02100022088
:109AA00000F051FBCEE0E06AC0780002E16A09797B
:109AB000084369464880D0200001E16A49790902DB
:109AC000E26A92790A4302920299814204D3210008
:109AD000022000F038FBB5E0E16AC9790D02E16AC5
:109AE000097A0D4329000904090C5E4A91420BDAF8
:109AF00029000904090C002906D002992A00120441
:109B0000120C8918884204D22100032000F01BFBAC
:109B100098E0002610E002290DD1684600882169EE
:109B20008919C87007E00129F5D168460088000A44
:109B300021698919C870761C28000004000C86422F
:109B400079DA029880190321E7F79EFD0700029851
:109B500080190321E7F798FD68464088424A904201
:109B60000DD18020C000874209DA404802225743C5
:109B7000C019F6229200805A6A46108037E0684683
:109B800040883B4A90420CD18020C000874208DACE
:109B9000364802225743C019B34A805A6A46108099
:109BA00025E068464088B14A90420CD18020C00030
:109BB000874208DA2D4802225743C019AC4A805A1E
:109BC0006A46108013E068464088C94A904209D12D
:109BD000132F07DA254804225743C019C54A805875
:109BE000019004E0002002006B461A800190684654
:109BF0004088BF4A904216D1002905D10198000C37
:109C000021698919C87096E7012905D10198000AD0
:109C100021698919C8708EE702298CD101982169C0
:109C20008919C87087E7002900D07CE700202169E6
:109C30008919C8707FE72800216988702D042D0CD0
:109C4000ED1CA561F7BC08BC1847000028CB0040FC
:109C5000CCD9004005400080D8B100402CED004038
:109C600014C000E00104000033080000AC530040C1
:109C700031080000F8B50400E06AC0780602E06A26
:109C800000790643E06A40790502E06A807905437D
:109C9000E06AC0790002E16A097A084369460880EF
:109CA000E06A807869460988891D884204D02100CD
:109CB000022000F048FAD3E068460288D21DE06A2C
:109CC000811C2069871C380000F066FD684600880A
:109CD0000930A0613604360C8548361A02D0761E4B
:109CE0003FD0B9E02D042D0C002D39D1002001000A
:109CF00020E003224A43E36A15002D042D0C5B1972
:109D00005B7A1B04E56A16003604360CAD19AD7A91
:109D10002D021D43E36A1204120C9A18D27A2A43C8
:109D2000AF4B0D002D042D0C04266E439B19714D75
:109D30005A51491C0A001204120C132AD9DB0BE0F9
:109D4000A749042242438A186A4BD258042343434A
:109D5000C918A44BCA50401C1328F1DBFCF783FB45
:109D60007EE028000004000C032100F0C1FD00216A
:109D70000A0000E0D21C13006E4636881B041B0C40
:109D8000B3421FD2E36A16003604360C9B199B7A45
:109D90001F02E36A16003604360C9B19DB7A1F4358
:109DA0008F4EB44606003604360C022373436646D3
:109DB000F6182F4BF752401C03001B041B0CB34E2C
:109DC000B342D7DB2800B24A12880004000C90424C
:109DD00000D10800C32000012D042D0C85423AD18A
:109DE00008000BE07E4A02234343D318204C1B5B40
:109DF0000424444312197B4C1351401C8022D2008E
:109E00009042EFDB08001CE0754B0C002404240C8E
:109E1000022565435C19164D645B0D002D042D0C65
:109E200002266E439D199B4EAD5BAC4208D00400E8
:109E30002404240C022565435B19974C1953401CDC
:109E4000491C0B001B041B0C9342DDDBFCF70BFBD6
:109E500001209249086003E02100022000F073F91C
:109E6000F1BC08BC18470000DC0B00002F08000004
:109E70002814000010B4122102699170BC210269FB
:109E8000D170002102691171DA4A13681B0E04694E
:109E9000637113681B0C0469A37113681B0A0469BE
:109EA000E371126803691A72042203695A72026923
:109EB00091720C220369DA72026911730B22036931
:109EC0005A730269917301220369DA732C220369C0
:109ED0001A7402695174642203699A740269D17414
:109EE0004021026911751521816110BC7047000085
:109EF0002E080000DC13000038B50400E06A80780A
:109F00000502E06AC078054328000004000C8021A7
:109F1000C900884204DB2100022000F014F95BE054
:109F20002D042D0C6D1C2800ECF7C0FA002804D17C
:109F30002100022000F007F94EE02800EBF79DFF1A
:109F4000E16A09790906E26A527912040A43E16A70
:109F5000897909021143E26AD2790A430092009991
:109F6000814204D32100022000F0EDF834E0E16AE0
:109F7000097A0B02E16A497A0B4319000904090CBA
:109F8000424A91420BDA19000904090C002906D053
:109F900000991A001204120C8918884204D2210078
:109FA000032000F0D0F817E01B041B0C2069021DF1
:109FB00069462800EBF780FFD149884204D121008F
:109FC000042000F0C0F807E0010A22699170010046
:109FD0002269D170001DA06131BC08BC1847000087
:109FE000AC530040301C00001CB50400E06A8078CF
:109FF0000002E16AC978084301000904090C8022C3
:10A00000D200914204DB2100022000F09CF839E0EC
:10A010000004000C401CE16A09790906E26A5279E1
:10A0200012040A43E16A897909021143E26AD2798A
:10A030000A430092E16A097A0B02E16A497A0B430A
:10A0400019000904090C114A914204DA19000904A3
:10A05000090C002904D12100032000F074F811E05C
:10A060001B041B0CE16A0A000A326946ECF782F80D
:10A07000A349884204D12100042000F064F801E0E3
:10A080000220A06113BC08BC1847000001040000B6
:10A09000000000402A1400004C3E000024CB004089
:10A0A00078B585B00400102100252A0001AE3000EB
:10A0B00000F0DEFB1022E06A811C01A800F098FD90
:10A0C00003212A006D46280000F0D2FB0322E06A3B
:10A0D00001001231684600F08BFD0022010001A84A
:10A0E000EBF75EFD002804D12100042000F02BF8DE
:10A0F00007E0401E010A226991702169C87004209E
:10A10000A06106B070BC08BC184710B50400E06A36
:10A1100080780002E16AC978084301000904090C4B
:10A120008022D200914204DB2100022000F00BF8D3
:10A1300006E00004000C401CEBF7CAFC0220A06102
:10A1400010BC08BC18470A695278802313430A6977
:10A1500053700A69907003208861704778B585B0A4
:10A160000400102100252A0001AE300000F080FB21
:10A170001022E06A811C01A800F03AFD03212A00A8
:10A180006D46280000F074FB0322E06A01001231E2
:10A19000684600F02DFD010001A8EBF747FC401ECA
:10A1A000010A226991702169C8700420A06106B07B
:10A1B00070BC08BC18471FB5040001A885490CC92C
:10A1C0000CC008390838684683490A680260694645
:10A1D00001A8EBF72BFC002804D121000320FFF796
:10A1E000B2FF03E0D24908600220A0611FBC08BC96
:10A1F00018470000F0E7004070B50600F06AC57827
:10A20000F06A447902206043316988700320B061AC
:10A2100017E000213069B269801800F082F80BE085
:10A22000B548016A3069B269801800F06BF8B0690E
:10A23000801CB0616D1C641EB069801CB0616D1C17
:10A24000641E20000006000E002856D028000006DC
:10A25000000E1E2814D0DCD320281ED00AD32228BA
:10A2600028D007D3242832D004D32628D8D001D32D
:10A270002728CED131000220FFF765FF0024DBE75D
:10A280009D48C1683069B269801800F053F8B06920
:10A29000801CB0616D1C641ECEE7974881693069EF
:10A2A000B269801800F02EF8B069801CB0616D1C96
:10A2B000641EC1E79048016A3069B269801800F0F5
:10A2C00021F8B069801CB0616D1C641EB4E78A4837
:10A2D000C06900F093FD97A20CCA02F00BF800F0E1
:10A2E00049FD01003069B269801800F00BF8B069CF
:10A2F000801CB0616D1C641E9EE770BC08BC1847D2
:10A300000540008002B46946C978017069468978C1
:10A31000417069464978817069460978C17001B019
:10A32000704702B4694649780170694609784170FE
:10A3300001B0704702B46946C978017069468978EE
:10A34000417069464978817069460978C17001B0E9
:10A35000704730B5C16AC978C26A5279FE241C4080
:10A36000FD252540FB232B40644C2468002C01D0A4
:10A37000012400E00024F7251D40E30008242340C9
:10A380002B435D4CA46A002C01D0012400E0002482
:10A39000EF251D402301102423402B43DF241C40C4
:10A3A000BF2323400469E3700369DB781B061B0E9F
:10A3B000CB400169CB700169C9780F230424A21A2C
:10A3C00013410B400169CB700421816130BC08BC92
:10A3D00018470000D04F0300D84F0300F8B5FFB076
:10A3E00087B0070000242000396988700125280003
:10A3F0003969C870200039690871200039694871CD
:10A400000620B8613E480068FEF7F1FF20000BE02F
:10A410003C49042242438A183B4BD258042343430D
:10A42000C9183A4BCA50401C1528F1DB354E28009C
:10A4300037497052012137A0FBF71AFA00281CD1C6
:10A4400035480562FA208000F7F712FB0A20E7F78B
:10A4500007FB00210020E7F775FB63A82F498C223A
:10A46000ECF720FF63A8E7F78DF943A82C49802279
:10A47000ECF718FF43A8E7F785F920000AE002216E
:10A4800041437118274A895A04224243B2181F4B8C
:10A49000D150401C8021C9008842F0DB28001C49B3
:10A4A0007052012120A0FBF7E3F900281CD11A48C3
:10A4B0000562FA208000F7F7DBFA0A20E7F7D0FA06
:10A4C00000210020E7F73EFB20A818498C22ECF77A
:10A4D000E9FE20A8E7F756F9684618498022ECF70C
:10A4E000E1FE6846E7F74EF9FBF7BDFFBC617FB0C0
:10A4F00008B0F0BC08BC184760EA0040FCD400403B
:10A5000000CB0040AC530040DC130000301C0000C6
:10A510002C1C000064726B00E4EB0040DC4F030075
:10A52000685003002814000064727700E8500300AC
:10A53000ECDD00408DEDB5A0F7C6B03E74510300D0
:10A540007847C04600C00FE1C0C08CE30CF021E1A9
:10A550001EFF2FE17847C04600C00FE1C0C0CCE32A
:10A560000CF021E11EFF2FE110B5774C6068002848
:10A5700005D1764B332276497648E7F78DF8606847
:10A5800010BC08BC184774487047744870470020D6
:10A5900070470020704700206B4948608860C860A1
:10A5A0000861FC2292030A604861704780B5F5F7A4
:10A5B00046FA01200ABC18470120704710B5624CCA
:10A5C000E068002805D1664B642266496148E7F7D8
:10A5D00063F82069F5F717FA0120E16800F0DAF86E
:10A5E00001206061012010BC08BC184710B5564C12
:10A5F000E068002805D15A4B70225B495548E7F7BF
:10A600004BF82069F5F7FFF90020E16800F0C2F887
:10A6100001206061012010BC08BC18470120704770
:10A62000012070470120704780B500F009F8012033
:10A630000ABC18470120704701207047002070476E
:10A6400010B5414CA068002805D1484B9C224849D0
:10A650004048E7F721F82068E7F7B9FAEA23F02243
:10A6600035210020E7F7D8F900210020E7F76AFA42
:10A670000120E7F75AFA01210120E7F759FA0020F3
:10A68000E7F750FA3B48E7F7BDF93B48E7F75EFAD2
:10A690000A20E7F7E5F9A068E7F76DF810BC08BCF9
:10A6A000184738B5284C0025656120606160A260BC
:10A6B000E3603248006820613148F5F7A4F900F002
:10A6C00003F831BC08BC184780B522E02D4800696A
:10A6D00000280AD0F7F7F8F92B4800681F2802D3A2
:10A6E0002A48F6F7EDFDE8F7C5FAF5F7E4FA23484E
:10A6F000016B002906D0816B002903D00021816302
:10A70000F5F7F0FAF4F786F8002802D00020204987
:10A7100008600D4840690028D8D009BC184738B5F2
:10A72000094C0025656120606160A260E360144807
:10A7300012490A68824201D009682161F5F763F97C
:10A7400031BC08BC18470000D4EC00404054030062
:10A75000F45303000C5403005C5403006C540300D6
:10A76000905403007C540300B4540300E4540300E9
:10A77000C854030002000100404C0200E4EB00401A
:10A7800040550300B8EC0040A8E900400455030020
:10A79000B4E90040084700007847C046030011E3D1
:10A7A0000400000A012052E20130D1240130C0240B
:10A7B000F9FFFF8A1EFF2FE1030010E31200001AC9
:10A7C000102052E20500003A30002DE93810B1E8BF
:10A7D000102052E23810A0E8FBFFFF2A3000BDE84D
:10A7E000823EB0E10810B1280810A028043091443E
:10A7F00004308044822FB0E1B220D1200130D14416
:10A80000B220C0200130C0441EFF2FE1042052E2DC
:10A810001000003A010010E30600001A043091E431
:10A82000042052E2B230C0E06338A0E1B230C0E0B0
:10A83000F9FFFF2A070000EA043091E4042052E205
:10A840000130C0E46334A0E1B230C0E06338A0E17D
:10A850000130C0E4F7FFFF2A04208232012052E2D7
:10A860000130D1240130C024FBFFFF8A1EFF2FE1FD
:10A870007847C046022CB0E1222482E1222882E1FE
:10A88000010080E0033010E20400000A031051E0F0
:10A890001100003A833FB0E101206045B220602101
:10A8A0000230A0E100402DE902C0A0E102E0A0E1F9
:10A8B000101051E20C502029FCFFFF8A811EB0E1EC
:10A8C0000C002029042020450111B0E1B2206021B4
:10A8D000012060450040BDE81EFF2FE1031091E01C
:10A8E00001206015020011E3012060151EFF2FE119
:10A8F0007847C046802411E200106142402032E0D7
:10A900000700000A04402DE900006022040000EB6B
:10A910008220B0E100106142000060220440BDE8E6
:10A920001EFF2FE1010050E1020051231800003A00
:10A930000030A0E3200851E10118A091103083926B
:10A94000200451E10114A09108308392200251E1CA
:10A950000112A09104308392200151E10111A091D4
:10A9600002308392A00051E18110A09101308392C6
:10A97000010050E0A110A0E1001061E20130D3E23B
:10A980004A0000DA010090E00100403020C063E29C
:10A990008CF18FE0010011E1040D000A010050E18B
:10A9A0000010A0310000A0330010A0231EFF2FE1F3
:10A9B0008000B1E0010040308000B1E00100403093
:10A9C0008000B1E0010040308000B1E00100403083
:10A9D0008000B1E0010040308000B1E00100403073
:10A9E0008000B1E0010040308000B1E00100403063
:10A9F0008000B1E0010040308000B1E00100403053
:10AA00008000B1E0010040308000B1E00100403042
:10AA10008000B1E0010040308000B1E00100403032
:10AA20008000B1E0010040308000B1E00100403022
:10AA30008000B1E0010040308000B1E00100403012
:10AA40008000B1E0010040308000B1E00100403002
:10AA50008000B1E0010040308000B1E001004030F2
:10AA60008000B1E0010040308000B1E001004030E2
:10AA70008000B1E0010040308000B1E001004030D2
:10AA80008000B1E0010040308000B1E001004030C2
:10AA90008000B1E0010040303013A0E1110320E05C
:10AAA0000000A0E002C0A0E31C0380E11EFF2FE134
:10AAB000013093E201009030010040300010A0E12D
:10AAC0000300A3E01EFF2FE110402DE90040A0E1AC
:10AAD000390500EB0400A0E11040BDE81EFF2FE1A6
:10AAE0000CB418B583B0040006A8029000200A0038
:10AAF0000090019402AB01A9084878441E3004F08C
:10AB000017F8019A00211170002801D40198001B48
:10AB100004B0019910BC03B00847C0469932000048
:10AB20007847C046003021E0030013E31100001A0B
:10AB3000002FB0E10500000A0120D0E40130D1E48B
:10AB4000010052E303005221F8FFFF0A0E0000EA61
:10AB50003CC09FE5002090E5003091E5030052E104
:10AB60000C3042000230C3018C0313010420B005F5
:10AB70000430B105F8FFFF0A0120D0E40130D1E430
:10AB8000010052E303005221FAFFFF0A030052E0E2
:10AB90001EFF2FE1010101017847C046013080E22C
:10ABA000001FB0E10300000A0110D0E4000051E3EF
:10ABB000FAFFFF1A0A0000EA002090E528C09FE58E
:10ABC0000C1052E00210D1E18C0311E10420B00519
:10ABD000FAFFFF0A0110D0E4000051E30110D01485
:10ABE000FCFFFF1A030050E01EFF2FE101010101ED
:10ABF0007847C04601402DE9040052E30D00003AB9
:10AC0000030011E31800001A7CE09FE5003091E595
:10AC100003C010E20700001A042052E2AEC3432032
:10AC200003C0CC210C001E21043080040430B10587
:10AC3000F8FFFF0A042092E2020012E10800000A75
:10AC40000130D1E4012052E20130C0E403001311CD
:10AC50000130D114FAFFFF1A0210B0E10020A0E386
:10AC600006FFFF1B0140BDE81EFF2FE10130D1E4CC
:10AC7000012052E20130C0E4010053E3030011E37C
:10AC8000F9FFFF8ADFFFFF2AF2FFFFEA8080808062
:10AC900000C09FE51CFF2FE1BFDD010000C09FE564
:10ACA0001CFF2FE151FB010000C09FE51CFF2FE1BD
:10ACB00069ED000000C09FE51CFF2FE1C3DD01002E
:10ACC0000100A0E3F1FFFFEB000050E30000000AE9
:10ACD000F1FFFFEB0000A0E10000A0E30000A0E115
:10ACE000F0FFFFEBF2FFFFEB380C00EBFDFFFFEA9C
:10ACF0007847C0460330D0E50220D0E50110D0E50A
:10AD00000000D0E5032482E1010480E1020880E133
:10AD10001EFF2FE17847C04600C0A0E1010011E30B
:10AD200001C0C1142CC4A011B0C0C1E12CC8A0E165
:10AD300002C0C115B2C0C1011EFF2FE1002800D51D
:10AD4000404270477847C04640C7A0E380007CE19E
:10AD500081007C911EFF2F8101C080E10C007CE10D
:10AD60000100002A010050E11EFF2FE100005111F7
:10AD70001EFF2FE17847C046802401E2023051E0F7
:10AD8000E01543E2400951E3060000BAFF0651E333
:10AD90001400002A812182E18011B0E18014D1E207
:10ADA000A00EA2E01EFF2FE1413AA0E1093063E2CC
:10ADB000210053E30900002A8115A0E1A01A81E1D6
:10ADC0008005B0E101108113800481E320C063E2BB
:10ADD000101CB0E18014D1E23003A2E01EFF2FE18D
:10ADE0000200B0E11EFF2FE10000E0E3200673E166
:10ADF000200CA051800B82511EFF2FE17847C046E6
:10AE0000001080E0211CB0E1FF0051130400000A93
:10AE1000C011A0E1800EA0E17014C1E3E01581E251
:10AE20001EFF2FE1010011E10900001A801400E269
:10AE30000004B0E10500000AE01581E2000090E0A6
:10AE4000401941E2FCFFFF5AA01581E0800AA0E111
:10AE50001EFF2FE18014B0E1701880038014E0130E
:10AE60000000B0E31EFF2FE17847C046000050E32A
:10AE70009D10A0E3401F8143000070421EFF2F0180
:10AE8000400B50E30008A03110104132400750E35E
:10AE90000004A03108104132400550E30002A03107
:10AEA00004104132400450E30001A031021041324D
:10AEB000800450E38000A0310110413200CCB0E1A9
:10AEC0002004A0E180C4DCE2810BA0E01EFF2FE1A2
:10AED00000C09FE51CFF2FE1D9DF010000C09FE506
:10AEE0001CFF2FE1F1DD010000C09FE51CFF2FE1F9
:10AEF000FDE0010078482DE90350A0E10240A0E107
:10AF00008034C1E30020C0E3400953E30800002A75
:10AF100000C0A0E300C08DE5000053E30100001A6B
:10AF2000000052E30C00000A0D20A0E1FD0C00EB34
:10AF3000090000EAFD60E0E370B4E0E3C06FC6E33F
:10AF4000FFB6CBE3232A86E0C035A0E30B1001E077
:10AF5000FE3683E300208DE5031081E10420A0E1AB
:10AF60000530A0E1E30400EB00E09DE581C0A0E135
:10AF7000ACCAB0E10C308EE00700000A000053E3D9
:10AF8000050000DAFFC0A0E370CE8CE30C0053E1B3
:10AF9000000000BA320000EA2B0000EA370000EAA5
:10AFA00078482DE90350A0E10240A0E18034C1E3DC
:10AFB0000020C0E3400953E30800002A00C0A0E3DA
:10AFC00000C08DE5000053E30100001A000052E3C9
:10AFD0000C00000A0D20A0E1D20C00EB090000EAF1
:10AFE000FD60E0E370B4E0E3C06FC6E3FFB6CBE31F
:10AFF000232A86E0C035A0E30B1001E0FE3683E390
:10B0000000208DE5031081E10420A0E10530A0E1DE
:10B010008A0100EB00E09DE581C0A0E1ACCAB0E18F
:10B020000C308EE00700000A000053E3050000DA50
:10B03000FFC0A0E370CE8CE30C0053E1000000BA27
:10B04000070000EA000000EA0C0000EA7448BDE8CE
:10B0500070C4E0E3FFC6CCE301C00CE0031A8CE14E
:10B060001EFF2FE17448BDE80C3AA0E183C0A0E1C7
:10B07000800401E2AC1080E10000A0E31EFF2FE19C
:10B080000040C0E38054D1E30100001A000054E303
:10B090000100000A0E20A0E1C20C00EB7448BDE8DC
:10B0A0001EFF2FE1F84C2DE900A0A0E101B0A0E1C6
:10B0B0000370A0E1000052E38F00000A8014DBE37C
:10B0C0000100001A000050E38B00000A8B30A0E161
:10B0D0000110A0E3C31A91E00100001A0B06B0E1D1
:10B0E0008500000AC015A0E30000A0E3FF1681E37D
:10B0F000000052E31300005A004062E208629FE53C
:10B100000F6086E0816F86E20850A0E30020A0E394
:10B110000130A0E1000054E3000055134100000A93
:10B12000010014E30300000A030096E8710400EB39
:10B130000020A0E10130A0E1A440A0E1086086E287
:10B14000015045E2F2FFFFEA5B0000DAB8519FE5EB
:10B150000F5085E06D5F85E20860A0E30240A0E14A
:10B16000010014E30100000A0C0095E8610400EB03
:10B17000C440A0E1085085E2016046E2000054E3CB
:10B18000010000DA000056E3F4FFFF1A0020A0E1FE
:10B190000130A0E10A00A0E10B10A0E154FFFFEB99
:10B1A00001B0A0E100A0A0E18014DBE30100001ADF
:10B1B000000050E34000000A8B20A0E10110A0E352
:10B1C000C21A91E00100001A0B06B0E13A00000A31
:10B1D000000054E3380000DA0A00A0E10B10A0E1FF
:10B1E000D12F8FE20C0092E841FFFFEB0020C0E37B
:10B1F0008034D1E30100001A000052E32C00000A61
:10B2000081C0A0E10130A0E3CC3A93E00100001A34
:10B210000126B0E12600000A014044E2000054E3A8
:10B22000EEFFFFCA220000EA0A00A0E10B10A0E135
:10B230005AFFFFEB01B0A0E100A0A0E18014DBE326
:10B240000100001A000050E31B00000A8B20A0E15F
:10B250000110A0E3C21A91E00100001A0B06B0E150
:10B260001500000A000054E31300000A0A00A0E1E0
:10B270000B10A0E1AE2F8FE20C0092E81CFFFFEB59
:10B280000020C0E38034D1E30100001A000052E343
:10B290000700000A81C0A0E10130A0E3CC3A93E0AE
:10B2A0000100001A0126B0E10100000A014054E249
:10B2B000EFFFFF1A00A0A0E101B0A0E10000CAE387
:10B2C0008014DBE30100001A000050E30500000ACF
:10B2D0008B20A0E10110A0E3C21A91E00600001A41
:10B2E0000B06B0E10400001A0000A0E1000057E3E3
:10B2F0000000971501108013001087150A00A0E1C7
:10B300000B10A0E1F44CBDE81EFF2FE17CA2010070
:10B31000F14D2DE90380B0E114D04DE20000A013FF
:10B320000000881514409DE50150A0E102B0A0E1A5
:10B3300014008DE2E5FEFFEBC011A0E10800C0E3C0
:10B3400001A001E2010050E32600001A14109DE55F
:10B350000200A0E300008DE504308DE20520A0E1AD
:10B360000400A0E1DCFEFFEB0040B0E10000A00320
:10B370000010A0031700000A08009DE56C0400EB14
:10B38000020054E3130000BA0C608DE2017044E245
:10B390000020A0E10130A0E19C119FE50000A0E3A6
:10B3A000D40300EB0040A0E1040096E40150A0E1CA
:10B3B0005F0400EB0020A0E10130A0E10400A0E167
:10B3C0000510A0E1AF0400EB0020A0E10130A0E1F6
:10B3D000017057E2EFFFFF1A04C09DE50830A0E1BD
:10B3E0000B208CE03F0000EA020050E33F00001A0F
:10B3F00014109DE500008DE504308DE20520A0E1EC
:10B400000400A0E1B7FEFFEB0040B0E10000A003A4
:10B410000010A0031400000A08009DE5440400EB9E
:10B42000020054E3100000BA0C608DE2017044E2A7
:10B430004034A0E30020A0E36C3783E3AD0300EBCE
:10B440000040A0E1040096E40150A0E1380400EBC4
:10B450000020A0E10130A0E10400A0E10510A0E17E
:10B46000880400EB017057E2F0FFFF1A04C09DE56D
:10B470008130A0E1A3EAB0E10E308CE01000000AB8
:10B48000000053E30E0000DAFFC0A0E370CE8CE3AF
:10B490000C0053E1050000BA0C3AA0E183C0A0E122
:10B4A000800401E2AC1080E10000A0E30B0000EAA0
:10B4B00070C4E0E3FFC6CCE301C00CE0031A8CE1EA
:10B4C000060000EA0020C0E38034D1E30100001A46
:10B4D000000052E30100000A0C20A0E1B10B00EBD8
:10B4E0000830A0E10B20A0E1EDFEFFEB090000EA2F
:10B4F000030050E37014A0030000A003FF168103B3
:10B500000400000A040050E30000E0038014C003BC
:10B510000000A0130010A01318D08DE200005AE321
:10B52000F04DBDE8801421121EFF2FE13CBF737F58
:10B53000DD4F1575436FAC642806C80A65CDCD4153
:10B540000030A0E30020A0E30010A0E36FFFFFEABB
:10B55000020000E0521C1378002BFBD10B78137013
:10B56000002B02D0521C491CF8E7704710B404E0CD
:10B57000002C0ED0401C491C521E002A09D00B780A
:10B5800004789C42F4D002D20020C04302E00120A3
:10B5900000E0002010BC704770B50D78002D11D16F
:10B5A00012E0491C0E78964207D0401C290001F099
:10B5B0009BFF002808D0010023005B1C1A78002A9A
:10B5C000EFD101E00C00F1E770BC08BC18470000A7
:10B5D0007847C04680C9A0E381007CE183007C916C
:10B5E0001EFF2F8103C081E18CC090E10CC092E16D
:10B5F0000200002A010053E1000052011EFF2FE16A
:10B6000003005111020050011EFF2FE17847C04690
:10B6100040C7A0E380007CE181007C911EFF2F8168
:10B6200001C080E10C007CE10100002A000051E132
:10B630001EFF2FE1010050111EFF2FE17847C04689
:10B6400070402DE9036021E0806406E2FF40A0E342
:10B65000704E84E321CA14E0235A141004003C11F4
:10B6600004003511A600000A05C04CE001C04CE200
:10B67000C0E4E0E301450EE0204B84E10005A0E1D9
:10B6800003350EE0223B83E10225B0E10210A0E386
:10B690001F00000A02E050E00340D4E0403483E39E
:10B6A0000400002A01C04CE28EE0B0E10440A4E0B6
:10B6B00002E09EE00340B4E08EE0B0E10440A4E08C
:10B6C00002005EE10350D4E002E04E200540A021DC
:10B6D0000110B1E0F7FFFF3A800EA0E38EE0B0E189
:10B6E0000440A4E002005EE10350D4E002E04E20FA
:10B6F0000540A0210000B0E0F7FFFF3A8EE0B0E186
:10B700000440A4E002E05EE00350D4E00E001E011D
:10B71000300000EA034054E0403483E30200002A92
:10B7200001C04CE28000B0E18440A3E0003063E25D
:10B73000000010E11100000A401E81E3000090E0CB
:10B740008440B3E0034044300110A1E0000090E0E9
:10B750008440B3E0034044300110A1E0000090E0D9
:10B760008440B3E0034044300110A1E0000090E0C9
:10B770008440B3E0034044300110B1E0F2FFFF3AEF
:10B78000844093E0034044300110A1E0844093E002
:10B79000034044300110A1E0844093E00340443072
:10B7A0000110B1E0F8FFFF3A800EA0E3844093E07F
:10B7B000034044300000A0E0844093E00340443064
:10B7C0000000A0E0844093E0034044300000B0E07B
:10B7D000F5FFFF3A844093E08044A0230040A0336B
:10B7E00040448413810A80E1A115A0E140CE9CE28F
:10B7F0000C0000DA040074E10000B0E20C1AB1E0C1
:10B80000400971E3061081E10100004A7040BDE883
:10B810001EFF2FE1FF1686E3701481E30000A0E312
:10B820007040BDE81EFF2FE1401981E301C07CE2BA
:10B8300020505CE2080000AA20506CE2040014E1F1
:10B84000A440A0E101408413104594E1300CA0E134
:10B85000110580E1311CA0E1080000EA34005CE33E
:10B860000B0000CA20C065E2804094E13045A0E1B1
:10B87000014084133105A0E1114C94E10010A0E3D4
:10B880008044D4E20000B0E20610B1E07040BDE8B0
:10B890001EFF2FE10000A0E30610A0E17040BDE80C
:10B8A0001EFF2FE10C001CE10700001A050015E146
:10B8B0000C00001A01C04CE28000B0E10110A1E0D0
:10B8C000400911E3FAFFFF0A01C08CE201C08CE2DB
:10B8D0008220B0E10330A3E0400913E3FAFFFF0A3E
:10B8E00002C04CE261FFFFEA015085E28000B0E156
:10B8F0000110A1E0400911E3FAFFFF0A00C065E270
:10B900005AFFFFEA235A04E004003CE10400351129
:10B910000B00000A81E090E183E09211E0FFFF1A42
:10B9200081E090E10000A0E30610A0E1041A81117B
:10B930007040BDE81EFF2F1183C092E10010E003AC
:10B940001EFF2FE180E9A0E30000A0E381007EE17B
:10B9500083007E9181007E010010E0230200002A16
:10B9600083007EE10610A001041A86117040BDE834
:10B970001EFF2FE17847C04610402DE903C031E09B
:10B98000803423424303004A024050E003E0D1E008
:10B990000400002A80E42EE2040050E00E10D1E002
:10B9A000042092E00E30B3E080C9A0E381007CE186
:10B9B0008340DC308044A0E35600002A21CAA0E185
:10B9C00023EA4CE036005EE3500000CA01005EE36B
:10B9D000290000CA0CCAA0E1833584E1A23A83E1C0
:10B9E0008225A0110225A001A330A001811584E1C8
:10B9F000A01A81E1800572E00310D1E01600004A30
:10BA00000010A0010000A00300E0A01320E0A003AC
:10BA1000010011013D00000A0300004A01E08EE22E
:10BA2000000090E00110B1E0FBFFFF5AECCFA0E175
:10BA30008ECA5CE001E0DCE3ECC0A0E10600008A15
:10BA400080E97EE2AEEAA0E180C40CE2300EA0E123
:10BA5000710E20E0311EA0E1010020E0A005B0E160
:10BA6000810A80E18014C1E3A040B0210000B0E26F
:10BA7000A115ACE01040BDE81EFF2FE1833584E145
:10BA8000A335A0E1811584E1A115A0E120005EE3CA
:10BA9000080000DA20E05EE20220B011734EA0E15F
:10BAA000334E24E001408413004074E2330ED0E0B2
:10BAB0000010C1E2080000EA724EA0E1322EA0E1BF
:10BAC000024024E0732E22E0333EA0E1032022E076
:10BAD000004074E20200D0E00310C1E0400911E32D
:10BAE0000500001A01C04CE28C2AB0E10200000AF5
:10BAF0008440B0E10000B0E00110A1E04019C1E3D2
:10BB0000A030B0E18034D4E20000B0E20C1AA1E031
:10BB10001040BDE81EFF2FE181007CE11100002AEA
:10BB20008034C3E383E092E10A00000A8CC0A0E104
:10BB300081005CE10500008A21CAA0E101E04CE23D
:10BB400034005EE3CEFFFFDA1040BDE81EFF2FE1B8
:10BB5000020050E00310D1E081E090E10010A0036A
:10BB60001040BDE81EFF2FE183007C010010E023A0
:10BB70001040BDE81EFF2FE17847C046FF30A0E32C
:10BB8000A0CB13E0A12B131003003C1103003211D2
:10BB90002D00000A02C04CE08024A0E3013020E028
:10BBA000023003E0011482E1000482E12021A0E1DF
:10BBB0002111A0E1400FA0E3012052E001C04C326E
:10BBC00082208130822071E0022081300000A0E0DC
:10BBD000822071E0022081300000A0E0822071E02C
:10BBE000022081300000A0E0822071E0022081303C
:10BBF0000000B0E0F2FFFF3A7FC09CE2070000DAED
:10BC0000A000B0E18C0BB0E080087053030080E12D
:10BC10001EFF2F51FF00A043800B83411EFF2FE129
:10BC200002C07CE2400780E319005CE3040000CA24
:10BC300020106CE2102192E18014D2E2300CA3E0DB
:10BC40001EFF2FE10300A0E11EFF2FE14027A0E32C
:10BC5000800072E1810072310B00003A800072E1D5
:10BC60000400003A810072E10000E023800411E347
:10BC7000800420421EFF2FE1810072E10000E013EA
:10BC800001002000800400021EFF2FE180C0B0E10F
:10BC900081C0B0110700001A80C0B0E1010020E0AF
:10BCA000800400E2830B80111EFF2F1181C0B0E1E0
:10BCB0000000E0031EFF2FE1A0CB13E01500001AE7
:10BCC000A1CB13E0013020E0803403E20900001A28
:10BCD0000004A0E100C0A0E38000B0E101C04C522C
:10BCE000FCFFFF5A0114A0E18110B0E101C08C52A9
:10BCF000FCFFFF5AACFFFFEA00C06CE20004A0E1C9
:10BD00008000B0E101C04C52FCFFFF5A0114A0E1D9
:10BD1000801481E3A4FFFFEA013020E0803403E2D5
:10BD20000114A0E18110B0E101C08C52FCFFFF5A68
:10BD30000004A0E1800480E39BFFFFEA7847C0464F
:10BD4000FF20A0E3A0CB12E0A13B121002003C11A7
:10BD5000020033111500000A012020E003C08CE02E
:10BD60008034A0E3011483E1000483E1913080E09A
:10BD7000802402E2001090E0000080307FC0DCE20E
:10BD8000350000BAA330A0E1003C93E12004A0E11B
:10BD90008014D3E28C0BB0E080087053000082E185
:10BDA0001EFF2F51FF00A043800B82411EFF2FE199
:10BDB000A13B02E002003CE1020033111A00000A3C
:10BDC0008020B0E18120B0110200001A010020E0C3
:10BDD000800400E21EFF2FE1012020E0802402E227
:10BDE0000C001CE10900001A030013E12300000A03
:10BDF00003C0A0E10004B0E18000B0E101C04C52FA
:10BE0000FCFFFF5A0114A0E1801481E3D6FFFFEA92
:10BE10000114B0E18110B0E101C04C52FCFFFF5AA7
:10BE20000004A0E1800480E3CFFFFFEA8030B0E1AE
:10BE30008130B0110000E0034037A0E3810073E1DE
:10BE40000100A081800073911EFF2F81010020E07E
:10BE5000800400E2820B80E11EFF2FE108C07CE23B
:10BE600020005CE3050000CA20106CE2A330B0E1C2
:10BE7000103193E18014D3E2300CA2E01EFF2FE1D9
:10BE80000200A0E11EFF2FE17847C046010030E12B
:10BE9000801421425B02004A000051E180C42082EC
:10BEA000800421820C10A0814037A0E3800073E160
:10BEB000810053312B00002AA0CBA0E1A13BDCE0A4
:10BEC0000800003A8024A0E3011482E11800008AEF
:10BED000800471E00600003AA004B0E1A010B02197
:10BEE0008C0BA0E01EFF2FE1010050E01EFF2F0190
:10BEF0008004B0E10120A0E30120825200009050B4
:10BF0000FCFFFF5A000080E0A004A0E16C34A0E137
:10BF1000023C53E0E30080801EFF2F81800880E315
:10BF200043CCA0E1833FA0E101C06CE2300C83E18F
:10BF30001EFF2FE1180053E31EFF2FC13123A0E1A4
:10BF4000121371E001208233800472E0000080301F
:10BF500000C0CCE2802BB0E1A004A0E18014D2E2CA
:10BF60008C0BA0E01EFF2FE1800073E10E00002A81
:10BF70008120B0E10900000AA0CBA0E1A13B4CE088
:10BF8000020053E3040000BA8114A0E18024A0E37E
:10BF9000170053E3E8FFFFDA1EFF2FE1A20040E0A5
:10BFA000000070E10000A0031EFF2FE1810073E19B
:10BFB0000000E0231EFF2FE17847C046000051E15A
:10BFC0000130823003005031F3F9FF2A020080E093
:10BFD000030013E30400000A012052E2011073255C
:10BFE00001106025F9FFFF8A1EFF2FE1030010E317
:10BFF0001200001A102052E20500003A30002DE92C
:10C00000321033E9102052E2321020E9FBFFFF2A00
:10C010003000BDE8102082E2042052E204103325F3
:10C0200004102025FBFFFF8A04208232012052E207
:10C030000110732501106025FBFFFF8A1EFF2FE111
:10C04000042052E2F7FFFF3A010010E30600001A55
:10C05000041033E5042052E2B41060E16118A0E15D
:10C06000B210C0E1F9FFFF2AEEFFFFEA041033E54A
:10C07000042052E2041060E56114A0E1B110C0E1B7
:10C080006118A0E10310C0E5F7FFFF2AE5FFFFEA12
:10C090007847C046000050E31EFF2F019D10A0E32B
:10C0A000400B50E30008A03110104132400750E32C
:10C0B0000004A03108104132400550E30002A031D5
:10C0C00004104132400450E30001A031021041321B
:10C0D000800450E38000A0310110413200CCB0E177
:10C0E0002004A0E180C4DCE2810BA0E01EFF2FE170
:10C0F0007847C046FF30A0E3703E83E321CAB0E139
:10C1000003207C104400009A10402DE90C1AC1E174
:10C11000401981E3FDC08CE2C0CF8CE2ACC0B0E13D
:10C120000100003A000090E00110B1E00111A0E12F
:10C13000201F81E10001A0E1C049A0E30030A0E39D
:10C140008024A0E340E9A0E3901851E20700004AF0
:10C15000AEE0B0E11D00002A041051E00E4094E072
:10C16000000090E00110B1E00E1051E0F7FFFF5A1F
:10C17000AEE0B0E10A00002A041091E00E4054E065
:10C18000000090E00110B1E00E1051E0EFFFFF5A07
:10C19000AEE0B0E1F7FFFF3A010000EAA220B0E113
:10C1A0001700000A030090E00410B1E0023053E0F1
:10C1B0000E40D4E0000090E00110B1E0020050E039
:10C1C0000E10D1E0F4FFFF4AA220B0E10A00000AFD
:10C1D000030050E00410D1E0023093E00E40B4E0E0
:10C1E000000090E00110B1E0020050E00E10D1E03C
:10C1F000E9FFFF4AA220B0E1F4FFFF1A013093E209
:10C200000E40B4E00CCAA0E1A300B0E1840F90E1BD
:10C21000A4108CE01040BDE81EFF2FE1812090E1CA
:10C220000800002A03003C111EFF2F0110402DE9D9
:10C23000000090E00110B1E0400911E301C04C02A0
:10C24000FAFFFF0AB2FFFFEA400971E31EFF2F81E8
:10C2500081C090E18014E0130000A0E11EFF2FE1F7
:10C260007847C04680C9A0E381007CE183007C91CF
:10C270001EFF2F8101C083E18CC090E10CC092E1D0
:10C280000200002A030051E1020050011EFF2FE1CD
:10C2900001005311000052011EFF2FE17847C046F4
:10C2A00081C0A0E1ACCAA0E1FEC04CE2C0CF5CE21C
:10C2B0000D0000DA20C07CE2C12FA0E1050000DA09
:10C2C0008115A0E1A01A81E1800481E3300C82E0B5
:10C2D000020020E01EFF2FE1E1008CE2C00F90E29F
:10C2E0000220E011800422121EFF2FE10000A0E3D3
:10C2F0001EFF2FE17847C04670402DE9FF40A0E3C4
:10C30000704E84E3036021E0806406E221CA14E0F9
:10C31000235A141004003C11040035112400000AB3
:10C3200005C08CE0843AC3E1403983E38115A0E184
:10C33000801481E3A05A81E180E5A0E10210A0E130
:10C340009E0282E0000050E30000A0E39521A0E0FF
:10C350000010A0E3932EA1E001208213010090E0E1
:10C360000010A0E30110A1E09305A1E040CE4CE253
:10C370000156B0E10200002A8220B0E10000B0E0E6
:10C380000110B1E001C0BCE23D0000DAA050B0E114
:10C390008024D2E20000B0E20C1AB1E0401941E280
:10C3A000061081E1041A86410000A0437040BDE8F8
:10C3B0001EFF2FE1235A04E004003CE10400351184
:10C3C0002300000A81E090E183E092110300001A4B
:10C3D0000610A0E10000A0E37040BDE81EFF2FE1C1
:10C3E0000C001CE105C08CE01200001A050015E1EC
:10C3F000F6FFFF0A0116B0E10010A0010000A00343
:10C4000014504502201A91E10006A0E105C0A0E108
:10C410000300004A01C04CE28000B0E10110B1E02D
:10C42000FBFFFF5A00E0A0E10150A0E1843AC3E124
:10C43000403983E3C0FFFFEA01C04CE28220B0E153
:10C440000330A3E0400913E3FAFFFF0A01C08CE2C6
:10C45000B5FFFFEA81E090E183E092110010E00374
:10C460008059A0E3830075E10310A08181007591DC
:10C47000D8FFFF8A041A86E10000A0E37040BDE8FF
:10C480001EFF2FE101C07CE220505CE2080000AA00
:10C4900020506CE2020012E1A220A0E101208213F0
:10C4A000102592E1300CA0E1110580E1311CA0E1E2
:10C4B000080000EA35005CE3C4FFFFCA20C065E263
:10C4C000802092E13025A0E1012082133105A0E116
:10C4D000112C92E10010A0E38024D2E20000B0E22F
:10C4E0000610B1E07040BDE81EFF2FE17847C0465E
:10C4F0008010A0E1211CA0E17E1051E220C071C299
:10C50000C02FA0E1040000DA0004A0E1800480E371
:10C51000300C82E0020020E01EFF2FE1000051E31A
:10C520000000A0D30200E0C1800420C21EFF2FE162
:10C530007847C0460010B0E11EFF2F0100006042A6
:10C54000C214A0434214A053400B50E30008A03192
:10C5500040174132400750E30004A03180184132B7
:10C56000400550E30002A03140184132400450E33E
:10C570000001A03180194132800450E38000A031D5
:10C5800040194132C01941E2A01581E0800AA0E1C2
:10C590001EFF2FE17847C0460730D0E50620D0E5E2
:10C5A00005C0D0E50410D0E5032482E10330D0E5D6
:10C5B0000C1481E101C0D0E5021881E10220D0E530
:10C5C0000000D0E5032482E10C0480E1020880E150
:10C5D0001EFF2FE17847C04601402DE9013020E0E1
:10C5E000030013E30E00001A030010E30400000A26
:10C5F0000130D1E40130C0E4000033E3F9FFFF1A59
:10C600000C0000EA34C09FE5002091E50C3052E0B8
:10C610000230D3E18C0313E1042080040420B1052F
:10C62000F9FFFF0A0130D1E40130C0E4000033E338
:10C630000130D114FBFFFF1A0140BDE81EFF2FE1BE
:10C64000010101017847C046011091E0A00AA0E174
:10C65000010580E10800002AA11AA0E1401E41E284
:10C66000011091E2800480E3030000BA1F1071E220
:10C670003001A0510000E0431EFF2FE10000A0E3C5
:10C680001EFF2FE17847C04610402DE903C031E07E
:10C6900080342342BBFCFF4A024050E003E0D1E07B
:10C6A0000300002A040050E00E10D1E0042092E0C4
:10C6B0000E30B3E080C9A0E381007CE18340DC3030
:10C6C0008044A0E32B00002A21CAA0E123EA4CE029
:10C6D00035005EE3370000CA833584E1A335A0E16D
:10C6E000811584E1C115A0E120005EE3080000DAB5
:10C6F00020E05EE20220B011734EA0E1334E24E050
:10C7000001408413330E90E00010B1E20800002ACB
:10C710000B0000EA724EA0E1322EA0E1024024E0BC
:10C72000732E22E0332E22E0020090E0331EB1E0AF
:10C730000300003AA110B0E16000B0E16440B0E154
:10C7400001408423401981E2A020B0E18024D4E29A
:10C750000000B0E20C1AA1E01040BDE880C9A0E3DF
:10C7600081007CE11EFF2F310000A0E3211AA0E12F
:10C77000011AA0E11EFF2FE181007CE10D00002ADB
:10C7800083E092E10B00000A81005CE10600008A70
:10C7900021CAA0E10430C3E101E04CE234005EE3D1
:10C7A000CEFFFFDA1040BDE81EFF2FE18034C3E367
:10C7B000020090E00310B1E01040BDE81EFF2FE141
:10C7C0007847C046000010E18010A0E1211CA0E1E4
:10C7D0007F1051520500004A1F1071E20004A05161
:10C7E000800480533001A0510000E0431EFF2FE180
:10C7F0000000A0E31EFF2FE17847C046010030E1B2
:10C8000080142142A3FDFF4A01C050E00C004030DB
:10C810000C108130FF20A0E3A0CB02E0A13B12E08E
:10C8200002003C118024A0E31300000A03C04CE086
:10C8300018005CE31EFF2FC1011482E1A03BA0E1C0
:10C84000000482E1310C90E00200C031A00082219E
:10C8500019C06CE2521CC1E1001C91E12004A0E16E
:10C8600002C0D1E0830BA0E04037A0E3800073E179
:10C870001EFF2F31420400E01EFF2FE1FF005CE3AA
:10C880001EFF2F018114B0E10C001C11A1048000D7
:10C890001EFF2F01170053E3E7FFFFDA1EFF2FE112
:10C8A0007847C04690030CE091C22CE0920081E0F2
:10C8B0000C1081E01EFF2FE17847C0460010B0E168
:10C8C0001EFF2F014214A0E3400B50E30008A031EB
:10C8D00040174132400750E30004A0318018413234
:10C8E000400550E30002A03140184132400450E3BB
:10C8F0000001A03180194132800450E38000A03152
:10C9000040194132C01941E2A01581E0800AA0E13E
:10C910001EFF2FE1F04D2DE930D04DE20150A0E196
:10C9200050109DE50260A0E10040A0E1000051E34D
:10C9300050209D150000A0130370A0E10000821597
:10C9400000A0C6E380B4D7E30100001A00005AE358
:10C950000F00000AC015A0E30000A0E3FF1681E36A
:10C960000420A0E10530A0E16F0300EB0800000AFD
:10C97000801481E36C0300EB0800001A8710A0E12B
:10C980000120A0E3C12A92E00400001A0706B0E1EA
:10C990000200001A0000A0E3C015A0E3D70000EADF
:10C9A0008500A0E10110A0E3C01A91E00800000A90
:10C9B0000020C4E38034D5E30100001A000052E3F4
:10C9C0000300000A8700A0E10110A0E3C01A91E073
:10C9D000CE00001A8520A0E10110A0E3C21A91E068
:10C9E0000300001A0506B0E10400A0110510A01113
:10C9F000A002001A8710A0E10120A0E3C12A92E062
:10CA00000300001A0706B0E10600A0110710A011EC
:10CA10009802001A01C0A0E38700A0E1C01A9CE0C0
:10CA20006C00000A0600A0E10710A0E10130A0E1BF
:10CA3000002090E00330B3E00300001A000052E34E
:10CA40000D00A001C00080081700000A33E0A0E339
:10CA500040EE8EE3A32A4EE0350052E3050000BA13
:10CA60008034A0E30000A0E3031001E00DE0A0E1AA
:10CA700003008EE80C0000EA200052E3202042C2AE
:10CA80003102A0C11012A0C1000000CA0100001AAA
:10CA90000000A0E3020000EA000052E33002A0C15F
:10CAA0001002A0C10D20A0E1030082E80730A0E140
:10CAB0000620A0E1000053E3060000AA0000A0E366
:10CAC0008014A0E3020050E00310C1E008E08DE212
:10CAD00003008EE8010000EA08A08DE20C008AE85D
:10CAE00003009DE8000051E3030000AA0020A0E33A
:10CAF0008034A0E3000052E00110C3E008E08DE2C2
:10CB0000000C9EE801005BE10100001A00005AE100
:10CB10000000000A00C0A0E30C009DE80310A0E1A3
:10CB2000020092E00110B1E00200001A000050E3A0
:10CB30000C009D081200000A34E0A0E340EE8EE3F2
:10CB4000A10A4EE0350050E38014A0A30020A0A36A
:10CB5000013003A00A0000AA200050E3200040C2D8
:10CB60003310A0C11130A0C1000000CA0100001A9A
:10CB70000020A0E3020000EA000050E33210A0C150
:10CB80001120A0C100005CE31200000A03009DE830
:10CB9000000051E3030000AA00A0A0E380B4A0E3DA
:10CBA00000005AE00110CBE0000053E3030000AAAC
:10CBB00000A0A0E380B4A0E302205AE00330CBE061
:10CBC000030051E10200001A020050E100C0A0037E
:10CBD0000000000A01C0A0E38510A0E10120A0E34D
:10CBE000C12A92E00700001A0506B0E10500001A0C
:10CBF000A54FB0E11600001AA76FB0E10000A0E356
:10CC00003D00000A340000EA8710A0E10120A0E303
:10CC1000C12A92E01600001A0706B0E11400001ABB
:10CC20008014C5E30000C4E3400951E31C00002A5E
:10CC300000208DE5000051E30100001A000050E3E0
:10CC40001B00000A0D20A0E10510A0E1B50500EBD6
:10CC5000170000EAA76FB0E10100001A00005CE3D2
:10CC6000220000EA00005CE30000A0E31A00000AD2
:10CC7000070000EA00005CE30040A003A54FA011FC
:10CC8000A76FB0E11800001A000054E30000A0E311
:10CC90001100000A30D08DE2F04DBDE88014A0E311
:10CCA0001EFF2FE1FD20E0E3C02FC2E3210A82E056
:10CCB00000008DE500109DE5A76FB0E10300001AAC
:10CCC000000051E30000A0E30B0000CA020000EAEC
:10CCD000000051E30000A0E3070000DA30D08DE24D
:10CCE000F04DBDE80010A0E31EFF2FE1000054E36B
:10CCF0000000A0E3F014A0130000001A7014A0E3D9
:10CD000030D08DE2F04DBDE8FF1681E31EFF2FE12C
:10CD100007B0A0E10B10A0E10A009AE00110B1E019
:10CD20000100001A000050E31200000A3320A0E3C3
:10CD3000402E82E3A10A42E0350050E38034A0A3F4
:10CD400000A0A0A303B00BA00A0000AA200050E39B
:10CD5000200040C23B10A0C111B0A0C1000000CA19
:10CD60000100001A00A0A0E3020000EA000050E366
:10CD70003A20A0C112A0A0C1A50FB0E11F00000A77
:10CD80000710A0E10600A0E1000051E3060000AAA0
:10CD90000020A0E38034A0E3000052E00110C3E0D3
:10CDA0000DC0A0E103008CE8010000EA0DE0A0E165
:10CDB00003008EE80B10A0E10A00A0E1000051E39F
:10CDC000030000AA0020A0E38034A0E3000052E0AA
:10CDD0000110C3E00C009DE8010053E10100001ABE
:10CDE000000052E10500000A0000A0E130D08DE211
:10CDF000F04DBDE80000E0E38014C0E31EFF2FE12A
:10CE00008034C5E30020C4E3400953E30C00002A4A
:10CE10000000A0E300008DE5000053E30100001ACC
:10CE2000000052E31000000A0D20A0E10400A0E180
:10CE30000510A0E13B0500EB0040A0E10150A0E19E
:10CE4000090000EAFD00E0E37014E0E3C00FC0E376
:10CE5000FF16C1E3230A80E0C035A0E3015005E0DE
:10CE6000FE3683E300008DE5035085E1A50FB0E1B8
:10CE70000020A0032E00000A0A00A0E10B10A0E190
:10CE80000130A0E1002090E08054C5E30330B3E01E
:10CE90000100001A000052E31200000A34C0A0E3AF
:10CEA00040CE8CE3A32A4CE0350052E38034A0A3AB
:10CEB0000000A0A3031001A00A0000AA200052E372
:10CEC000202042C23102A0C11012A0C1000000CA3D
:10CED0000100001A0000A0E3020000EA000052E393
:10CEE0003002A0C11002A0C100005BE3030000AA51
:10CEF0000020A0E38034A0E30AA052E00BB0C3E01E
:10CF0000000051E3030000AA0020A0E38034A0E366
:10CF1000000052E00110C3E001005BE10300001AD1
:10CF200000005AE10000A00308008D050100000A7E
:10CF30000120A0E308208DE500209DE5010052E3DB
:10CF40002C00001AAE2F8FE20C0092E80400A0E142
:10CF50000510A0E1C2FCFFEB2600002AC015A0E3EB
:10CF60000000A0E3FF1681E310208DE2030082E8B9
:10CF70008530A0E1A32AB0E10080A0E3011082E2A5
:10CF80001000000A000051E30E0000DAFF20A0E3C9
:10CF9000702E82E3020051E1050000BA021AA0E1FE
:10CFA0008120A0E1800405E2A25080E10040A0E3DE
:10CFB0002F0000EA7024E0E3FF26C2E3052002E030
:10CFC000015A82E12A0000EA00A0C4E380B4D5E35C
:10CFD0000100001A00005AE32500000A0120A0E326
:10CFE0000400A0E10510A0E1EE0400EB0040A0E188
:10CFF0000150A0E11E0000EA4014A0E30000A0E3FD
:10D00000501881E30420A0E10530A0E1B9FCFFEB5A
:10D010000130A0E10020A0E1C015A0E30000A0E3E2
:10D02000FE1681E397FDFFEB9CFCFFEB208040E2C6
:10D030000800A0E13EFDFFEB0130A0E10020A0E1EF
:10D04000C015A0E30000A0E3F91681E3A9FCFFEB03
:10D050000130A0E10020A0E1C015A0E30000A0E3A2
:10D06000FE1681E387FDFFEB10208DE2030082E8CE
:10D070008882A0E110C08DE20C009CE80400A0E1D1
:10D080000510A0E13BFAFFEB10E08DE20C009EE8FA
:10D0900000A0A0E101B0A0E10400A0E10510A0E122
:10D0A00078FDFFEB0020A0E10130A0E10A00A0E143
:10D0B0000B10A0E161F9FFEB18C08DE203008CE8D2
:10D0C00018E08DE20C009EE88AFCFFEB20C08DE2A8
:10D0D0000040A0E1000C8CE80150A0E1E80F8FE2D5
:10D0E000030090E80420A0E10530A0E181FCFFEB03
:10D0F0000020A0E10130A0E1E30F8FE2030090E8FF
:10D1000060FDFFEB0420A0E10530A0E179FCFFEB1E
:10D110000020A0E10130A0E1DE0F8FE2030090E8E3
:10D1200058FDFFEB0420A0E10530A0E171FCFFEB0E
:10D130000020A0E10130A0E1D80F8FE2030090E8C9
:10D1400050FDFFEB0420A0E10530A0E169FCFFEBFE
:10D150000020A0E10130A0E1D20F8FE2030090E8AF
:10D1600048FDFFEB0420A0E10530A0E161FCFFEBEE
:10D170000020A0E10130A0E1CC0F8FE2030090E895
:10D1800040FDFFEB0420A0E10530A0E159FCFFEBDE
:10D190000020A0E10130A0E1C60F8FE2030090E87B
:10D1A00038FDFFEB28208DE210C08DE2030082E8FD
:10D1B0000C009CE8C015A0E30000A0E3FF1681E38B
:10D1C000ECF9FFEB8130A0E1A3CAB0E101308CE2C1
:10D1D0001300000A000053E3110000DAFFC0A0E3CF
:10D1E00070CE8CE30C0053E1070000BA0C3AA0E1CA
:10D1F00083C0A0E1800401E2ACB080E100A0A0E324
:10D20000110000EACD3B7F669EA0E63F70C4E0E3DC
:10D21000FFC6CCE301C00CE003BA8CE100A0A0E1A2
:10D22000090000EA0020C0E38034D1E30200001AC4
:10D23000000052E300A0A0030200000A0120A0E3C6
:10D24000580400EB00A0A0E101B0A0E128C08DE2ED
:10D250000C009CE80400A0E10510A0E125FCFFEB18
:10D2600020E08DE20C009EE8C2F9FFEB0A20A0E16D
:10D270000B30A0E103FDFFEB0020A0E10130A0E1B5
:10D2800018C08DE203009CE81AFCFFEB20C08DE281
:10D290000C009CE8F8E19FE50FE08EE07DEF8EE268
:10D2A00008E08EE004E08DE5F6FCFFEB00A0A0E1D5
:10D2B00000009DE501B0A0E19DFCFFEB04E09DE5D1
:10D2C0000C009EE8EFFCFFEB0040A0E10150A0E164
:10D2D0007A0F8FE2030090E80A20A0E10B30A0E172
:10D2E00004FCFFEB0420A0E10530A0E1E5FCFFEB2E
:10D2F0000620A0E10730A0E1FEFBFFEBC034A0E375
:10D300000020A0E3E03883E3D5FBFFEB5600003AB2
:10D310000120A0E38034C3E3ADF8FFEB4800009A9E
:10D32000A12FB0E10020A0E37F34831240374302F5
:10D33000D4FCFFEBD9FBFFEB0080A0E10620A0E1CD
:10D340000730A0E10A00A0E10B10A0E1E9FBFFEB30
:10D3500001B0A0E104109DE500A0A0E1082091E546
:10D360000C3091E5100091E5141091E5C5FCFFEB40
:10D370000620A0E10730A0E1DEFBFFEB512F8FE29A
:10D380000C0092E8DBFBFFEB0A20A0E10B30A0E1F0
:10D39000BCFCFFEB00A0A0E101B0A0E10620A0E1F1
:10D3A0000730A0E10400A0E10510A0E1D1FBFFEBF4
:10D3B0000040A0E10150A0E10800A0E15CFCFFEB0F
:10D3C0000020A0E10130A0E10400A0E10510A0E1EF
:10D3D00068F9FFEB0020A0E10130A0E1E4008FE25A
:10D3E000030090E8C3FBFFEB0A20A0E10B30A0E1B3
:10D3F000A4FCFFEB50E09DE5C035A0E300005EE338
:10D4000000808E150080A01300808DE50020A0E331
:10D41000FF3683E3320400EB0020C0E38034D1E325
:10D420000100001A000052E30F00000A81C0A0E1D1
:10D430000130A0E3CC3A93E00400001A0126B0E1E9
:10D440000200001A7014A0E30000A0E3FF1681E3BD
:10D4500008309DE5000053E30600000A30D08DE25D
:10D46000F04DBDE8801421E21EFF2FE10000A0E393
:10D470000010A0E3F5FFFFEA30D08DE2F04DBDE8EB
:10D480001EFF2FE1F7DE29BFD8F8C23FF4B3FECC70
:10D490001A99C33F3C81010062CB68D96F46C73FF0
:10D4A000C6C912DAC471CC3F4AE98A942449D23FF2
:10D4B000F75F97999999D93FBC5555555555E53F13
:10D4C000FE822B654715F73FEF39FAFE422EE63F05
:10D4D00000502DE900C0A0E300C08DE50CFDFFEB7E
:10D4E0000440BDE81EFF2FE17847C0460020D0E58C
:10D4F000FF1001E2010052E3020031E10120F0855A
:10D50000FBFFFF8A0000A0131EFF2FE110B40300F1
:10D5100000E05B1C1C78002CFBD1002A07D00C78A3
:10D52000002C04D01C70491C5B1C521EF5E7002126
:10D53000197010BC70470000FCB587B0002B02D0FA
:10D54000089C002323600390050000E06D1C2878F0
:10D550000300093B052BF9D32028F7D02D2801D053
:10D560002B2803D16B4618706D1C02E02B206B46F4
:10D5700018700191002A03D4012A01D0252A03DB67
:10D58000080055D0039852E0002A0ADD102A16D16F
:10D590002878302813D168782021014378290ED1CA
:10D5A0000AE02878302801D00A2208E06878202193
:10D5B0000143782902D11022AD1C00E00822069513
:10D5C00000E06D1C28783028FBD02E497944B43116
:10D5D0000B0028336E460024737005950292049464
:10D5E000284E7E449E3609E069464A7804946D1CB4
:10D5F000871A02983F0644433F0EE4192978080031
:10D6000041381A2800D22031029A3000283001F027
:10D6100037FA0028E8D1069A029938002F00049DB5
:10D62000BA4207D10198002802D0039801990860F6
:10D63000002022E0059A735CBA1AD21A002A11D48B
:10D6400005DC201A03D3E4F71FF8A8420AD0C0462D
:10D65000C0460898002802D00899012008600024DC
:10D66000E44305E0684601782D2901D160420400B9
:10D670000198002800D00760200009B0F0BC08BC69
:10D680001847C0466C83010080B5FFE700230A22DB
:10D690000021FFF751FF0ABC184730B4020006E032
:10D6A000A54209D05B1C1C78002CF9D1521C1578BE
:10D6B000002D01D00B00F6E730BC101A70470000B7
:10D6C000C04602000906090E002000E0521C137833
:10D6D0008B4200D11000002BF8D1704730B402000B
:10D6E00000E0521C1378002B07D00D0002E0A3428B
:10D6F000F7D06D1C2C78002CF9D130BC101A704773
:10D700007847C04601C080E10C007CE11EFF2F017C
:10D71000010050E11EFF2F1100C080E040077CE3B4
:10D720000C005C911EFF2FE17847C046020050E1DB
:10D730001EFF2F1103C081E18CC090E11EFF2F015D
:10D74000030051E11EFF2F1180C9A0E381007CE19D
:10D750000C003C311EFF2FE17847C04620C4A0E1F9
:10D760000000C2E501C0C2E52CC4A0E102C0C2E5D0
:10D770002CC4A0E103C0C2E521C4A0E10410C2E5AD
:10D7800005C0C2E52CC4A0E106C0C2E52CC4A0E1DE
:10D7900007C0C2E51EFF2FE17847C04600502DE9C3
:10D7A0008120A0E10130A0E3C23A93E00800001A12
:10D7B0000100001A01C6B0E10A00001AA12FB0E171
:10D7C0000800000A0440BDE80000A0E30010A0E348
:10D7D0001EFF2FE10020A0E3C035A0E300208DE56F
:10D7E000FF3683E33E0300EB0440BDE81EFF2FE15C
:10D7F0007847C04680C411E200007012010011E1B8
:10D800000010F1420020A0132020A0030010B0015E
:10D810001EFF2F01400B51E30118A031102082326E
:10D82000400751E30114A03108208232400551E342
:10D830000112A03104208232400451E30111A031D1
:10D8400002208232800451E38110A0310120823213
:10D85000200052E30400002A202062E2301281E11D
:10D86000202062E21002B0E101108113BD2062E2CB
:10D87000822B8CE1010CB0E18004D0E22104B2E003
:10D880001EFF2FE1F04D2DE90060A0E10170A0E145
:10D890008700A0E10110A0E310D04DE20280A0E1DA
:10D8A000C01A91E00700001A0100001A0726B0E133
:10D8B0000100001AA70FB0E12600001A0600A0E13F
:10D8C0000710A0E1160100EA8014C7E30000C6E3D8
:10D8D000400951E30B00002A0020A0E300208DE561
:10D8E000000051E30100001A000050E30F00000A9D
:10D8F0000D20A0E10710A0E18A0200EB0060A0E18A
:10D900000170A0E1090000EA7054E0E3FF56C5E3AE
:10D91000FD20E0E3055007E0C02FC2E3C075A0E39F
:10D92000210A82E0FE7687E300008DE5077085E13D
:10D930000000C6E38014D7E30300001A000050E3A0
:10D94000F014A003FF168103F500000A0710A0E100
:10D95000A10FB0E10500000A0000A0E110D08DE2A7
:10D96000F04DBDE80000E0E38014C0E31EFF2FE1AE
:10D970000600A0E1000051E3030000AA0020A0E39C
:10D980008034A0E3000052E00110C3E0C52F8FE215
:10D990000C0092E8000053E3030000AA0040A0E35B
:10D9A0008054A0E3022054E00330C5E0030051E1BD
:10D9B000250000CA010000BA020050E12200002A3E
:10D9C0008710A0E1A12AB0E1011082E21000000A54
:10D9D000000051E30E0000DAFF20A0E3702E82E386
:10D9E000020051E1050000BA021AA0E18120A0E185
:10D9F000800407E2A27080E10060A0E30F0000EA6B
:10DA00007024E0E3FF26C2E3072002E0017A82E10E
:10DA10000A0000EA0040C6E38054D7E30100001A80
:10DA2000000054E30500000A0120A0E30600A0E185
:10DA30000710A0E15B0200EB0060A0E10170A0E133
:10DA400000109DE501C041E200C08DE5B014A0E3E7
:10DA50000000A0E3FF1681E30620A0E10730A0E16B
:10DA600008FBFFEB0150A0E10040A0E1C015A0E3DE
:10DA70000000A0E3FF1681E30620A0E10730A0E14B
:10DA800000FBFFEB0020A0E10130A0E10400A0E1D9
:10DA90000510A0E1E9F6FFEB0060A0E10170A0E154
:10DAA0000620A0E10730A0E112FAFFEB00A0A0E100
:10DAB00001B0A0E19D0F8FE2030090E80A20A0E1F1
:10DAC0000B30A0E10BFAFFEB9A2F8FE20C0092E8EB
:10DAD000ECFAFFEB0A20A0E10B30A0E105FAFFEB26
:10DAE000962F8FE20C0092E8E6FAFFEB0A20A0E105
:10DAF0000B30A0E1FFF9FFEB922F8FE20C0092E8D0
:10DB0000E0FAFFEB0A20A0E10B30A0E1F9F9FFEB0E
:10DB10008E2F8FE20C0092E8DAFAFFEB0A20A0E1E8
:10DB20000B30A0E1F3F9FFEB8A2F8FE20C0092E8B3
:10DB3000D4FAFFEB0A20A0E10B30A0E1EDF9FFEBF6
:10DB4000862F8FE20C0092E8CEFAFFEB0A20A0E1CC
:10DB50000B30A0E1E7F9FFEB0020A0E10130A0E1EC
:10DB60000400A0E10510A0E182F7FFEB0620A0E190
:10DB70000730A0E1DFF9FFEB0060A0E100009DE5C8
:10DB80000170A0E16AFAFFEB00A0A0E101B0A0E102
:10DB9000000058E31400001A720F8FE2030090E8AF
:10DBA0000A20A0E10B30A0E1D2F9FFEB0620A0E1B2
:10DBB0000730A0E16FF7FFEB0420A0E10530A0E102
:10DBC000B0FAFFEB0150A0E1A0119FE50040A0E1F9
:10DBD000C004A0E30A20A0E10B30A0E1C5F9FFEBEF
:10DBE0000420A0E10530A0E14C0000EA2F0000DA9B
:10DBF0007C119FE50000A0E30420A0E10530A0E136
:10DC0000BCF9FFEB08008DE50C108DE5590F8FE294
:10DC1000030090E80420A0E10530A0E1B5F9FFEB96
:10DC200003008DE8550F8FE2030090E80A20A0E181
:10DC30000B30A0E1AFF9FFEB522F8FE20C0092E81E
:10DC40000040A0E10150A0E10600A0E10710A0E122
:10DC5000A8F9FFEB0020A0E10130A0E10400A0E161
:10DC60000510A0E143F7FFEB00209DE504309DE5A2
:10DC700084FAFFEB08209DE50C309DE581FAFFEB6F
:10DC80000170A0E104119FE50060A0E10000A0E3A5
:10DC90000A20A0E10B30A0E196F9FFEB0620A0E1FD
:10DCA0000730A0E11D0000EACD3B7F669EA0E63F65
:10DCB000DC109FE56004A0E30420A0E10530A0E1B2
:10DCC0008CF9FFEB03008DE8C8008FE2030090E8B9
:10DCD0000420A0E10530A0E186F9FFEB0040A0E1BF
:10DCE0000150A0E1B4008FE2030090E80620A0E11B
:10DCF0000730A0E17FF9FFEB0020A0E10130A0E1B7
:10DD00000400A0E10510A0E11AF7FFEB00209DE55B
:10DD100004309DE55BFAFFEB0A20A0E10B30A0E1A7
:10DD200058FAFFEB10D08DE2F04DBDE81EFF2FE159
:10DD3000F7DE29BFD8F8C23FF4B3FECC1A99C33F2F
:10DD400062CB68D96F46C73FC6C912DAC471CC3FEF
:10DD50004AE98A942449D23FF75F97999999D93F24
:10DD6000BC5555555555E53F9EBC9AF71C7D7F3EE9
:10DD7000422EE63F7BCBDB3FABA6320EE526553E7F
:10DD80007CC4BC7FDE27743E0EE526157BCBDB3FD3
:10DD90001344D33F4715F73F44DF5DF80BAE543EC5
:10DDA000FE822B654715F73F0020A0E3B4FEFFEA93
:10DDB0001EFF2FE10268531C0360117070470120A1
:10DDC000704780B500F0A8FE09BC18477847C046E8
:10DDD00000502DE90000A0E12630A0E3803B83E362
:10DDE0000310A0E11800A0E3563412EFFBFFFFEA96
:10DDF000F5B592B019981E00C400002322180293B2
:10DE00002D2A00DD2D22336000247460080001E01B
:10DE1000401C012401783029FAD000253100067811
:10DE20003700303F0A2F00D3A7E0954207DB0C688C
:10DE3000641C0C600678302E05D0012303E0303ED0
:10DE400006AC66556D1C401C0124E8E7020004E0A6
:10DE50000868521C401E0860012410783028F7D052
:10DE60001378180030380A2800D391E019988542B9
:10DE700007DA303B06AC635508686D1C401E08602D
:10DE800003E0302B01D001200090521C0124E7E771
:10DE900006A8401E415D00290AD120686D1E401C65
:10DEA0002060002DF4DC03D10020694608760125AE
:10DEB0000398002852D00020049028000921092747
:10DEC000FCF716FD7F1A38000921FCF711FD002927
:10DED00001D0012002900094029C0595049D0598B4
:10DEE000854264DA06A9485D092102903800FCF7F2
:10DEF000FFFC00290AD00098A1004018026802998E
:10DF000093009B185B005918016004E00298009987
:10DF1000641CA20088507F1C6D1CE0E72B260023A8
:10DF2000002209E02B48824204DA93009A1852003A
:10DF30005218303A6D1C01232978080030380A281D
:10DF4000F0D301952D2E01D15042020000980168B6
:10DF500089180160002B01D10498019013990029C0
:10DF600006D00398002801D0019800E012980860BC
:10DF7000029814B0F0BC08BC1847199200930278BC
:10DF80002E2A00D1401C002D00D15FE7020067E778
:10DF900019980192009A0394002A06D006AB5B1EE2
:10DFA0001A5C06AB5B1E521C1A540C0079E70198F0
:10DFB0000294017820220A43652ACFD10198049067
:10DFC0000198451C2E782B2E01D02D2EA6D16D1C2C
:10DFD000A5E7C04600E1F505F1B481B000680E0088
:10DFE0000700002200E07F1C3B781C00093C052C48
:10DFF000F9D3202BF7D02D2B01D1082201E02B2BB8
:10E0000000D17F1C3B78202520241D4300966E2DD7
:10E0100025D17A7820231343612B03D1BA78144396
:10E020006E2C02D00700002044E0FF1C39000A7863
:10E030000420282A3ED1491C0A7813001C00613CA8
:10E040001A2CF8D31C00413C1A2CF4D3303B0A2B79
:10E05000F1D35F2AEFD0292A2CD14F1C2AE0692D59
:10E060002CD17B7820251D436E2D04D1BB78202533
:10E070001D43662D02D0070000201BE0FF1C3978ED
:10E080000320104320220A43692A13D179782022E1
:10E090000A436E2A0ED1B97820220A43692A09D18F
:10E0A000F97820220A43742A04D139790C43792C57
:10E0B00000D17F1D31001DD037601BE0302B17D100
:10E0C00078780443782C13D1B81C01782E2900D11C
:10E0D000401C007801006139052906D90100413949
:10E0E000052902D930380A2802D2BF1C022000E0DC
:10E0F0000120104301990F60F6BC7047F5B58FB051
:10E1000016980022C400201A0292232800DD232042
:10E110001A6000245C60002601E0491C01260A7890
:10E12000302AFAD073A200920D001F0016902978B1
:10E1300070A0162200F0A4FC002800D1A7E01699D8
:10E14000A14203DA3868401C386007E0009AC046F4
:10E150006EA1801A095C04AB1955641C6D1C012664
:10E16000E5E738686D1C401E3860012628783028A5
:10E17000F7D029785FA41622200000F081FC002847
:10E1800000D18DE01699009A91420BDB5FA1001B34
:10E190000A5C009904AB5A540098401C00903868FF
:10E1A000401E38606D1C0126E3E704A8401E415D57
:10E1B00000290AD120686D1E401C2060002DF4DC6F
:10E1C00003D1002069460874012520688100216080
:10E1D000039800284CD000200D9028000721072626
:10E1E000FCF786FB761A30000721FCF781FB00293B
:10E1F00001D001200290029F00950D9D009885425C
:10E2000064DA04A9485D072102903000FCF770FB36
:10E21000002907D0B800201801680A010299511896
:10E22000016003E002987F1CB9006050761C6D1CF1
:10E23000E4E72B240025002609E02D4DAE4204DA48
:10E24000B700BE197600B618303E5B1C01251A785F
:10E250001700303F0A2FF0D301932D2C01D17142CA
:10E260000E0000990A6892190A60002D00D10190F1
:10E270001099002906D00398002801D0019800E0E9
:10E280000F980860029811B0F0BC08BC18470094C1
:10E2900028782E2800D16D1C200000D069E765E7A2
:10E2A00016980195009D3C000396A84286DA04A9C1
:10E2B0000A5C072A05DD04AA531E195C521E491C7C
:10E2C000115405002068401C206077E701980094F5
:10E2D0000297017820220A43702AC9D10198431C71
:10E2E0001C782B2C01D02D2CA3D15B1CA2E70000A5
:10E2F00000E1F50530313233343536373839616273
:10E3000063646566414243444546000000010203E0
:10E310000405060708090A0B0C0D0E0F0A0B0C0D5D
:10E320000E0F00007847C04610402DE90240A0E1E2
:10E33000020000EB002084E51040BDE81EFF2FE145
:10E34000FFC0A0E370CE8CE3212A1CE00C00321148
:10E350002CC1A0118C204210021A41101EFF2F1157
:10E360000C0032E181C090110B00000A80C401E270
:10E37000012042E28000B0E10110A1E0400911E378
:10E38000FAFFFF0A0C1081E1FC2F42E20D2042E26D
:10E39000FC1581E2D01881E21EFF2FE10020A0E3EE
:10E3A0001EFF2FE17847C046020012E11E00004A1E
:10E3B000FFC0A0E370CE8CE3213A1CE00C003311C7
:10E3C0000800000A023093E00C0053E1021A813089
:10E3D0001EFF2F31801401E20C1A81E10000B0E32E
:10E3E0000000A0E11EFF2FE10C0033E1813090110D
:10E3F0001EFF2F01020012E11EFF2F01803401E2F7
:10E40000000090E00110A1E0012052E20100000AAA
:10E41000400911E3F9FFFF0A031081E1013082E2B4
:10E42000020012E1E7FFFF1A1EFF2FE1002072E257
:10E43000FFC0A0E370CE8CE3213A1CE00C00331146
:10E440002000000A03C052E0021A41301EFF2F31A3
:10E4500001208CE2031AC1E1401981E380C401E28A
:10E46000350052E31B0000CA10002DE90C1021E01A
:10E47000203052E2050000AA203062E21043B0E1F1
:10E480003002A0E1110380E13112A0E1060000EAB0
:10E49000000070E13043A0E1014084133103A0E1AA
:10E4A000203063E2114394E10010B0E38024D4E211
:10E4B0000000B0E20C10B1E0040014E11000BDE86F
:10E4C0000000A0E11EFF2FE10C0033E181C090119C
:10E4D000E1FFFF1A1EFF2FE10C10A0E10000B0E3E6
:10E4E000BEFFFFEAFC4D2DE90040A0E10150A0E194
:10E4F0008500A0E10110A0E30260A0E10370A0E1AB
:10E50000C01A91E01500000A0020C4E38034D5E36E
:10E510000100001A000052E31000000A8700A0E189
:10E520000110A0E3C01A91E00C00000A0020C6E32D
:10E530008034D7E30100001A000052E30700000A0C
:10E540000510A0E1000051E3700000AA0020A0E344
:10E550008034A0E3040052E00110C3E06B0000EA45
:10E560008510A0E10120A0E3C12A92E00100001A79
:10E570000506B0E12B01001A8710A0E10120A0E3FD
:10E58000C12A92E00100001A0706B0E13B00001A20
:10E590000020C6E38034D7E30800001A000052E3ED
:10E5A0000600001A8510A0E10120A0E3C12A92E034
:10E5B0003200001A0506B0E13000001A0A0000EA35
:10E5C0000120A0E3C12A92E00C00001A0706B0E186
:10E5D0000A00001A8510A0E10120A0E3C12A92E000
:10E5E0002600001A0506B0E12400001A0000A0E190
:10E5F000FC4DBDE80000E0E38014C0E31EFF2FE106
:10E600000000C4E38014D5E32000001A000050E3AA
:10E610001E00001A28309DE58720A0E1A22AB0E163
:10E62000021083E02600001A0000C6E38014D7E33E
:10E630000100001A000050E30400000A0320A0E1DA
:10E640000710A0E157FFFFEB0060A0E10170A0E11F
:10E650000000C6E38014D7E30100001A000050E375
:10E660000500000A8720A0E10110A0E3C21A91E092
:10E670000200001A0706B0E10000001A0000A0E145
:10E680000600A0E10710A0E1FC4DBDE81EFF2FE150
:10E690008510A0E10120A0E3C12A92E01900001A30
:10E6A0000506B0E11700001A0620A0E10730A0E13E
:10E6B0000400A0E10510A0E108D08DE2F04DBDE816
:10E6C0000CF7FFEA000051E3D6FFFFDAFF20A0E3DA
:10E6D000702E82E3020051E1050000BA021AA0E1A7
:10E6E0008120A0E1800407E2A27080E10060A0E345
:10E6F000D6FFFFEA7024E0E3FF26C2E3072002E032
:10E70000017A82E1D1FFFFEA801407E2D80000EA33
:10E7100020339FE5000053E380B4A0B30330CBB0B7
:10E72000030051E1801407B2160000BA08139FE5F8
:10E730000000A0E3000051E38034A0B30110C3B097
:10E740000530A0E10420A0E1000053E3020000AA8C
:10E7500080B4A0E3022050E00330CBE0030051E19D
:10E76000090000CA010000BA020050E10600002AB8
:10E770007014A0E3FF1681E38120A0E1800407E28A
:10E780000000A0E1A21080E1B90000EAAB0F8FE227
:10E79000030090E80420A0E10530A0E1D5F6FFEBEE
:10E7A000C035A0E3FE3683E383C0A0E180E401E24C
:10E7B000AC308EE10020A0E3B2F7FFEBB7F6FFEB41
:10E7C0000080A0E15AF7FFEB01B0A0E174129FE5D1
:10E7D00000A0A0E1F804A0E30A20A0E10B30A0E132
:10E7E000C4F6FFEB0020A0E10130A0E10400A0E1AD
:10E7F0000510A0E15FF4FFEB0040A0E10150A0E1B3
:10E80000910F8FE2030090E80A20A0E10B30A0E115
:10E81000B8F6FFEB0020A0E10130A0E10400A0E188
:10E820000510A0E153F4FFEB0150A0E1C035A0E3D7
:10E830008014C5E30020A0E3C93683E30040A0E1D3
:10E8400087F6FFEB0640A0310750A0314800003AA0
:10E850000420A0E10530A0E10510A0E1A5F6FFEB42
:10E8600000A0A0E101B0A0E1790F8FE2030090E8E1
:10E870000A20A0E10B30A0E19EF6FFEB762F8FE29D
:10E880000C0092E87FF7FFEB0A20A0E10B30A0E13B
:10E8900098F6FFEB0DC0A0E103008CE8700F8FE24B
:10E8A000030090E80A20A0E10B30A0E191F6FFEB15
:10E8B0006D2F8FE20C0092E872F7FFEB0A20A0E1C7
:10E8C0000B30A0E18BF6FFEB0130A0E10020A0E1CE
:10E8D000C015A0E30000A0E3FE1681E369F7FFEB9B
:10E8E0000420A0E10530A0E182F6FFEB0040A0E1AA
:10E8F0000150A0E103009DE80420A0E10530A0E163
:10E9000060F7FFEB0130A0E10020A0E1C015A0E31B
:10E910000000A0E3FF1681E35AF7FFEB00A0A0E19F
:10E9200001B0A0E103009DE80420A0E10530A0E1D2
:10E9300010F4FFEB0130A0E10020A0E1C015A0E33E
:10E940000000A0E3FF1681E34EF7FFEB0020A0E1FB
:10E950000130A0E10A00A0E10B10A0E137F3FFEBCA
:10E960000620A0E10730A0E162F6FFEB0040A0E145
:10E970000150A0E128009DE58510A0E1082080E07D
:10E98000A13AB0E1031082E01000000A000051E358
:10E990000E0000DAFF20A0E3702E82E3020051E1B6
:10E9A000050000BA021AA0E18120A0E1800405E27E
:10E9B000A25080E10040A0E30E0000EA7024E0E3F2
:10E9C000FF26C2E3052002E0015A82E1090000EAC5
:10E9D0000060C4E38074D5E30100001A000056E330
:10E9E0000400000A0400A0E10510A0E16DFEFFEBA9
:10E9F0000040A0E10150A0E10000C4E38014D5E391
:10EA00000100001A000050E30500000A8520A0E183
:10EA10000110A0E3C21A91E00200001A0506B0E15D
:10EA20000000001A0000A0E10400A0E10510A0E130
:10EA3000FC4DBDE81EFF2FE100C89CC000C89C40F3
:10EA4000FE822B654715F73F422EE63FF2E4D5BC28
:10EA5000E7E84B3E112E5781A03F503F5843128CA0
:10EA60008F71BC3F4BE8A541B752013F0BBDF3DAB4
:10EA7000E8708C3FFC4DBDE80000A0E31EFF2FE1D5
:10EA80007847C046FF1001E2030010E30500000ACA
:10EA9000012052E21C00003A0130D0E4030031E1D1
:10EAA000F8FFFF1A160000EA082052E20E00003AB2
:10EAB000042082E210002DE9011481E1011881E1B6
:10EAC0004CC09FE5043090E4042052E20130232042
:10EAD000AC4343200340C4210C001421F8FFFF0A7B
:10EAE0001000BDE8FF1001E2040050E2082092E2AD
:10EAF0000130D0E4012052E203003121FBFFFF8A04
:10EB00000100A013010050E21EFF2FE10000B0E35E
:10EB10001EFF2FE1808080807847C0460070B0E102
:10EB20000700B0E1A9FCFFEBFDFFFFEA0EF0B0E14A
:10EB3000F0B5A1B0269C049102A93B254C550027B5
:10EB40000D970190140000930BE00498019A00F0D7
:10EB500061FF0490002800D1A3E00D98641C401CC4
:10EB60000D902178002909D02529EED10797089723
:10EB700009970A970B970C97002104E00D9892E0F3
:10EB8000080001210143641C20782028F8D02328A4
:10EB90000DD02B2804D02D2805D030280AD086E0AF
:10EBA00008000221EEE70A0004211143EBE7080008
:10EBB0000821E7E70A001021F7E7474B0F9709E024
:10EBC0000F98984205DA85002D186D00A818303886
:10EBD0000F90641C2278100030380A28F0D3207877
:10EBE0002E2803D00020C0430E9028E0641C20781B
:10EBF0002A280AD10098009A0068641C10600268F4
:10EC0000009B001D18600E9219E02D2802D12D22C4
:10EC1000641C00E00022304D0E970BE0002A08D162
:10EC20000E98A84205DA860036187600F0183038BB
:10EC30000E90641C2378180030380A28EED302ADF9
:10EC40002987267825A03100FEF74EFC002801D048
:10EC5000641C00E000263A202E543A21685C6828A3
:10EC600004D12078682809D1622005E06C2805D1FC
:10EC700020786C2802D171206854641C009A12A874
:10EC800006902378019802A900F06AF8641C002815
:10EC900007D1019812AA02A900F0BCF9002800D4FB
:10ECA0005FE70020C04321B0F0BC08BC18472A2809
:10ECB00000D082E70098026802601068009B121D75
:10ECC0001A600F90002804D54242080004210F92D8
:10ECD0000143641C83E70000CBCCCC0C686A6C74E5
:10ECE0007A4C00000B0062281ED068280DD06A28DC
:10ECF00003D06C2827D0712825D11A680720D21D8F
:10ED000082431A6003CA1A6070471968002A1960A2
:10ED1000086804D0091D0004196000141AE0091DD8
:10ED200000041960000C19E01968002A19600868CD
:10ED300004D0091D0006196000160BE0091D00062D
:10ED40001960000E0AE01968002A1960086803D0EB
:10ED5000091D1960C1177047091D1960002170470E
:10ED600070B50C0025691E0011003000253800D157
:10ED700016E11C3868D0001F022865D9133842D02C
:10ED8000093861D0801E16D0401E1ED0401E0228B9
:10ED90005AD9001F19D0401F00D17EE0401E32D04A
:10EDA000401E00D1C9E0C01E00D1D7E0801E2AD08D
:10EDB000C01E28D0FAE06069421C62610A680A60DD
:10EDC0001368121D0A602B54FAE03A23E05C01221A
:10EDD000FFF788FF03C4083C002904DA60692D228C
:10EDE000411C61610DE0208F810704D560692B22F1
:10EDF000411C616105E0C00721D560692022411CEA
:10EE000061612A541BE03A20205C0022FFF76AFF70
:10EE100003C4083C3821605C020710D503CC083CD1
:10EE2000002901D100280AD020203043782806D1BB
:10EE3000606930212954401C421C62612E54606973
:10EE400031002818E06085E008680722C01D904363
:10EE500008600CC808600CC4083C03CC083CC80F10
:10EE600004D060692D22411C61610DE0208F810773
:10EE700004D560692B22411C616105E0C00704D5FF
:10EE800060692022411C61612A54606931002818A0
:10EE9000E060200000F004FA92E03B20225C002AAF
:10EEA00004D00024E443C04647A062E03A20225C3C
:10EEB000622A08D0682A23D06A2A12D06C2A2ED05F
:10EEC000712A0ED02BE00A680A601068121D0A60D1
:10EED000002803D10024E44341A04AE0E16A017024
:10EEE0006EE0086808600268001D0860002A03D10F
:10EEF0000024E4433AA03CE0E06AC11703C25FE0AB
:10EF00000A680A601068121D0A60002804D10024F3
:10EF1000E443C04632A02CE0E16A018050E00A6878
:10EF20000A601068121D0A60002803D10024E4431F
:10EF30002BA01EE0E16A016042E0086808600268F8
:10EF4000001D08600020C0430021104003C4083C9D
:10EF5000E5607821200000F0E9F831E008680860F9
:10EF60000568001D0860E560002D06D10024E4431B
:10EF700021A000F0BDFD201A23E0266B002E03D552
:10EF80002800FBF709FE09E0320000212800FFF706
:10EF900077FD002801D0401B00E03000A0610FE0A9
:10EFA00060692522411C61612A5409E061692522BA
:10EFB000481C60616A54310002D0411C61612E54CA
:10EFC000002070BC08BC18477072696E74665F736D
:10EFD0003A20256E20646973616C6C6F77656400FC
:10EFE0007072696E74663A2062616420256E2061D9
:10EFF0007267756D656E74007072696E74665F73AA
:10F000003A2062616420257320617267756D656EB8
:10F0100074000000FEB506000D00686B69691700FA
:10F02000411A286A081AA969411A686A081AE9691E
:10F03000411AA86A081A01903821685C410710D467
:10F04000202069460870019800280ADD019C0123F0
:10F050006A462900300000F0C0FC002860D1641E20
:10F06000F5D16B693A002900300000F0B6FC0028A9
:10F0700056D13027684607702C6A002C09DD012321
:10F080006A462900300000F0A8FC002848D1641E20
:10F09000F5D1AB69EA682900300000F09EFC002839
:10F0A0003ED1684607706C6A002C09DD01236A4670
:10F0B0002900300000F091FC002831D1641EF5D108
:10F0C000E868A969EB6942182900300000F085FC66
:10F0D000002825D168460770AC6A002C09DD0123A1
:10F0E0006A462900300000F078FC002818D1641E20
:10F0F000F5D13821685C410710D520206946087099
:10F10000019800280ADD019C01236A46290030008D
:10F1100000F063FC002803D1641EF5D1002001E05B
:10F120000020C04303B0F0BC08BC1847F2B586B05D
:10F13000040025696F2901D1082706E020220A432F
:10F14000782A01D00A2700E0102703CC04AA03C2C2
:10F150006B461A7E3C26083C642A03D06A46137E1E
:10F16000692B09D1002907DA04A803C8002200236B
:10F17000121A8B4104A80CC004AA03CA002922D188
:10F18000002820D1206B00281DD1082F51D1382113
:10F19000605C01074DD53B26302049E000290ED5A3
:10F1A0003821625C14231340102B08D1616B626913
:10F1B0008A1A216A511A081A002800DD206207B055
:10F1C000F0BC08BC18470294009504A830C83A0067
:10F1D00020002900FB1700F01FFC30321006761EBD
:10F1E000000E01963A2803DB6846017E5139521819
:10F1F00000982900825520003A00FB1700F00CFC13
:10F2000004000D0001D1002C05D00298C1680098BF
:10F2100080198142DBD3029C009D082F09D138213F
:10F22000605C010705D5A85D302802D0761E30202D
:10F23000A8553C21881B216BAA19A061E260884275
:10F24000ACDA081A14492062208F01402187B6E702
:10F25000F8B5124F002604000D00009214E0C1071B
:10F2600007D532003B0020002900FDF743F80400D9
:10F270000D000098320041100091300039003B0031
:10F28000FDF738F806000F0000980028E7D12000AD
:10F290002900F4BC08BC1847EFFF00000000244020
:10F2A0000200F3B593B003CA02AB03C314AA1078EB
:10F2B00020216A46014305AE117061290BD01398D5
:10F2C000006B002801D5062003E004D1672902D194
:10F2D000012013990863139803C84C006215521C4F
:10F2E00016D10A0314D013990320886114AA107848
:10F2F00061381A2804D25B497944FF31693103E04F
:10F3000059497944FF316331139B0322D86813E0D4
:10F310006215521C13D10A0311D11399032088617D
:10F3200014AA107861381A281CD350497944FF3147
:10F330003D3113980322C068FBF72EFADAE110ACD6
:10F3400003C410AD0CCD9AA430CC1D4080231440D2
:10F350005B039D420FD200270197002D07D1002C9F
:10F3600005D114E042497944FF31C91DE1E701AA02
:10F37000FEF7D8FF0BE089A003C82C0D00190190FF
:10F3800010AA03CA87A430CC0D4088492943139A98
:10F3900003C268460178612912D113983021C068F0
:10F3A00001701399821CCA6014AA1178612901D1D5
:10F3B000782100E05821417013994869801C486108
:10F3C000139830C87AA003C82040294004D10028EF
:10F3D00002D16A46108181E168460178612900D036
:10F3E000B3E01398006B002801D5212000E0401CF9
:10F3F0000090009F02AE03CE7F1C00220023FCF78A
:10F400002FFF02D28020000645400198001F019086
:10F410006846027505AA561C002F00DC72E1200028
:10F42000290000220023FCF7D3F800D36AE1690029
:10F430004A0D11001C31002A1CD000291ADDBC4ADB
:10F44000914209DB110580204A002B00000652087A
:10F4500003401343002003E0B64A0B052A40134340
:10F46000190015E0DC650100DC650100E0650100C4
:10F47000D86501000020C04341082040294003D145
:10F48000002801D1290003E01C222900FEF78AFF91
:10F4900004000D00FCF702FFFF1F0290002F09DDA2
:10F4A000FDF746F802000B0020002900FCF762FA85
:10F4B00004000D00029AF01D072104E01607401E0B
:10F4C000360F06701211002A01DD491EF6D5491EBD
:10F4D00000D513E1401E00220270F8E7002203006D
:10F4E00005ACE41801E0401E641E25785B1E9542C1
:10F4F000F9D00F2A04D14C1CE25C491C521CCA549E
:10F50000002B04D5019905AE091D401C0191421E36
:10F5100012D414A90978B3181C78303425062D0E9E
:10F520003A2D02DB0D003A3D64191C70521E5B1E21
:10F53000002AF1D514AA117013990A6B002A00D47D
:10F54000C9E0139A411E1163C5E07B4902A830C887
:10F5500001986D00484379496D08FBF7C9F901909E
:10F5600001990720411A0291080005DD02002000E0
:10F570002900FFF76DFE0AE0714942420020FFF7C3
:10F5800067FE02000B0020002900FCF757F86A46CE
:10F590001378662B10D1019A0A320EE002FCFFFFAD
:10F5A000FFFFFFFFFFFFFFFFFFFF0F800000E03FB7
:10F5B000FFFFFFFFFFFFFF7F0622139B1C6BA218BC
:10F5C000142A00DD142230236C46237505AD6C1C13
:10F5D00002E0049A02A803C8002A3CDD02AB03C380
:10F5E000049202A803C80834FDF72CF80F90060017
:10F5F000042530000A21E2F747F80F0030000A2105
:10F60000E2F742F806003037601E077030000A212A
:10F61000E2F73AF80F0030000A21E2F735F8060069
:10F62000A41E303727706D1EE3D1049808340838C3
:10F6300004900028CDDD0F98FDF73EF902000B0085
:10F6400002A803C8FCF796F93E4B0022FCF752FED5
:10F6500002AA03C2C5E705A8411C05AA611A561CE7
:10F6600004E00198491E401E0190761C3078302835
:10F67000F7D068460278662A02D10198401C04E05F
:10F68000652A01D1012000E00020139A136B18189D
:10F69000814200DA481E00281DD4884204DA315C19
:10F6A000352901DB392100E030210200731E9C184E
:10F6B00001E0401E641E2578521E8D42F9D0392982
:10F6C00002D1B15C491CB154002A04D501991E0035
:10F6D000491C401C01916946088101986946000453
:10F6E0000014009008200B5E139814AC21783200AF
:10F6F00000F02AF815B0F0BC08BC1847C61D002F52
:10F7000000DD8CE605A9481C321A009805AB5E1C8A
:10F71000824200DC1000002800D50DE7904200DB9B
:10F72000DCE64A1C135C072B00DCD7E60F22D6E68A
:10F73000FF070000FFFF0F8097750000A086010003
:10F740000000F03F84D79741F6B583B00600346BD4
:10F750001D00002D03DCC0469FA0012504900F0072
:10F7600020203843662803D16846078D7F1C1CE0A3
:10F77000672800D08DE0694628200A5E0323DB431A
:10F780009A4200DA89E0A24200DB86E06846078DF3
:10F790003821705C7F1C010702D4A54200DA2C00DE
:10F7A00038040014241A00D50024B169F0683A0422
:10F7B00040181214002A28DC491C30220270002C48
:10F7C00003DC3822B05C020703D5F2682E205054C7
:10F7D000491C3804B161001441428C4200DA67428E
:10F7E0003F043F147842E4197062AC4200DA25000D
:10F7F000F368B0692D042D14F56104992A001818D6
:10F80000FAF7CAFF601BB062CAE0954218DA0499A1
:10F810002A00FAF7C1FFB0693F043F1441197A1B6F
:10F82000B1617262002C03DC3822B05C020705D59E
:10F83000F2682E205054F069401CF061B462AFE0D1
:10F840000499ED1BFAF7A8FFB169380400140918F0
:10F85000002C03DC3823F25C130703D5F3682E2257
:10F860005A54491CB161290409148C4200DA25005C
:10F870000499B3690918F0682A041214C018FAF739
:10F880008BFFB0692D042D144019611BB0617162AA
:10F8900086E0612F11D1702712E0A54204DA3822E8
:10F8A000B05C020700D42C00641E00D50024672F32
:10F8B00001D1652704E0452702E0412F00D1502700
:10F8C000B069411CB161049A1378F268135404982A
:10F8D000421C0492002C03DC3822B05C02071AD5CB
:10F8E000F368481CB0612E225A54002C13DD6D1EA3
:10F8F000290409148C4200DA2500F36804992A04CB
:10F9000012141818FAF748FFB0692D042D14401985
:10F91000611BB0617162F068B1696B464018077095
:10F920002822995E002904D42B214170801C049068
:10F9300006E02D2242704A42801C694604900A85E6
:10F9400069462820085E00246D4605E00A21FAF782
:10F95000CFFF2970641C6D1C000400140028F5DC26
:10F96000012C09DC20203843652805D1049930207A
:10F9700008700498411C0491002C29D1049930206E
:10F9800008700498411C06E0641E105D3030087059
:10F99000491C002CF8DCF068B2698218891AF16100
:10F9A0003820315C14220A40102A0DD17069B169E7
:10F9B0004118706A0818F1694118B06A0818716B2B
:10F9C000884201DA081A306205B0F0BC08BC18475A
:10F9D00004996A46DDE700003000F8B50024002BEA
:10F9E00014D007000E0014001D002178B06800F04C
:10F9F00012F8B060002807D0F06A641C401CF06266
:10FA00006D1EF2D1002401E00024E4432000F2BC8A
:10FA100008BC1847104738477847C04601C093E1F3
:10FA20000C00001A00502DE90210A0E1BCEBFFEB26
:10FA30000120A0E10010A0E30030A0E30050BDE8E9
:10FA40001EFF2FE10130A0E10020A0E10010A0E3A3
:10FA50000000A0E31EFF2FE1020050E103C0D1E04F
:10FA6000F7FFFF3A03C092E13400000A30002DE9AD
:10FA700000C0A0E3022092E00330B3E00300002ABC
:10FA8000030051E10200500101C08C22F8FFFF2A5F
:10FA90006330B0E16220A0E18054A0E320405CE24A
:10FAA0003544A0210050A023355CA0310040A03394
:10FAB000010000EAA330B0E16220A0E1020050E1C1
:10FAC00003C0D1E0020040200C10A0210440B4E0AB
:10FAD0000550B5E0F6FFFF3A0020A0E10130A0E1BB
:10FAE0000400A0E10510A0E13000BDE81EFF2FE1F9
:10FAF00080B5002801D1C04608A007490B68002B3B
:10FB000004D02222002100F019F801E000F01AF8D8
:10FB10000ABC22201847000094ED0040636F6E730A
:10FB2000747261696E742068616E646C65723A20EB
:10FB3000626164206D65737361676500184700003A
:10FB40001EFF2FE180B50120FEF740F909BC1847E0
:10FB500010B5094979442031084C7C441E3405E035
:10FB60000A68081D891800F00BF80100A142F7D1BE
:10FB700010BC08BC1847C0460805FEFF2805FEFF5C
:10FB8000084770B40123002413E00168001D1942E6
:10FB900002D04D466D1E49190C60091D121F042A22
:10FBA000FAD20D00960701D50C80AD1C1A4000D08A
:10FBB0002C700268001D002AE7D170BC704730B479
:10FBC00001220168001D00290FD003684468C31892
:10FBD0000830144202D04D466D1E64191D681B1D6D
:0EFBE0002560241D091FECD0F8E730BC7047EB
:10FBF000426C7565746F6F74685F73656E6453658E
:10FC00007175656E63650000443A5C557365727387
:10FC10005C43686972696B616C6F5C41524D5F70E7
:10FC2000726F6A5C53505244325F355C626C75652A
:10FC3000746F6F74682E630053656E642073657112
:10FC400075656E636520697320746F6F206C6F6ECD
:10FC500067000000426C7565746F6F74685F736550
:10FC60006E6453657175656E6365457800000000CC
:10FC700002520300000000000252041400001300AE
:10FC80005261645365617263686572202325303563
:10FC90007500000000000000000010002534752EE3
:10FCA000253032752E2530327520253032753A25B3
:10FCB0003032753A2530327500000000253032753B
:10FCC0003A253032753A25303275000025303275CC
:10FCD0002530327525303275253032752530327534
:10FCE000000000004C494E4B204F4E004C494E4BFB
:10FCF000204F4E004C494E4B204F4E00D1E2FFE7C3
:10FD0000FC20E2EAEB0000004C494E4B204F4646F7
:10FD1000004C494E4B204F4646004C494E4B204F1D
:10FD2000464600D1E2FFE7FC20E2FBEA00000000CB
:10FD30006261636B006261636B006261636B00ED23
:10FD4000E0E7E0E40000000073657475700073651F
:10FD500074757000736574757000EEEFF6E8E80076
:10FD60006F6666006F6666006F666600E2FBEAEB30
:10FD7000000000006F6E006F6E006F6E00E2EAEB35
:10FD8000000000006D656E75006D656E75006D6537
:10FD90006E7500ECE5EDFE0052656365697665649D
:10FDA0003A0042656B6F6D6D656E3A005265636532
:10FDB000697665643A00CFF0E8EDFFF2EE3A0000B4
:10FDC0005472616E736D69747465643A0041627354
:10FDD000656E64756E673A005472616E736D697416
:10FDE0007465643A00CFE5F0E5E4E0EDEE3A00003A
:10FDF0004D6F64756C65206E616D653A0D004D6FD9
:10FE000064756C65206E616D653A0D004D6F6475AB
:10FE10006C65206E616D653A0D00C8ECFF20ECEE5C
:10FE2000E4F3EBFF3A0D0000626C7565746F6F745C
:10FE300068436F6E74726F6C00000000636F6D6DCD
:10FE40005F706F7765725F737461746500000000A6
:10FE50004F4E3A20616374697665004F4E3A2061D7
:10FE60006374697665004F4E3A2061637469766504
:10FE700000C2CACB3A20E0EAF2E8E2EDEE00000070
:10FE80004F4E3A206D616E75616C6C79004F4E3A41
:10FE9000206D616E75616C6C79004F4E3A206D611A
:10FEA0006E75616C6C7900C2CACB3A20E2F0F3F750
:10FEB000EDF3FE00491000001E3F00005D10000041
:10FEC000611000006510000079100000871000002C
:10FED000A7100000B5100000C3100000E1100000E2
:10FEE000EF100000F3100000FF10000007110000E9
:10FEF000031100009B1000004D454E553A204C491F
:10FF00004E4B004D454E553A204C494E4B004D4509
:10FF10004E553A204C494E4B00CCC5CDDE3A20D14F
:10FF2000C2DFC7DC0000000000000000000000008D
:10FF300000000000000000000000000000000000C1
:10FF4000000000000000000001000000FF110000A0
:10FF500000000000000000000000000000000000A1
:10FF60000000000000000000000000000000000091
:10FF7000000000002512000000000000000000004A
:10FF80000000000000000000000000000000000071
:10FF90000000000000000000000000002530327862
:10FFA0000000000000000000963007772C610EEE84
:10FFB000BA51099919C46D078FF46A7035A563E9C0
:10FFC000A395649E3288DB0EA4B8DC791EE9D5E0E7
:10FFD00088D9D2972B4CB609BD7CB17E072DB8E7E6
:10FFE000911DBF906410B71DF220B06A4871B9F33B
:10FFF000DE41BE847DD4DA1AEBE4DD6D51B5D4F474
:020000040002F8
:10000000C785D38356986C13C0A86B647AF962FDD8
:10001000ECC9658A4F5C0114D96C0663633D0FFA25
:10002000F50D088DC8206E3B5E10694CE44160D52B
:10003000727167A2D1E4033C47D4044BFD850DD215
:100040006BB50AA5FAA8B5356C98B242D6C9BBDB28
:1000500040F9BCACE36CD832755CDF45CF0DD6DC23
:10006000593DD1ABAC30D9263A00DE518051D7C8CA
:100070001661D0BFB5F4B42123C4B3569995BACF55
:100080000FA5BDB89EB802280888055FB2D90CC676
:1000900024E90BB1877C6F2F114C6858AB1D61C1EF
:1000A0003D2D66B69041DC760671DB01BC20D2980E
:1000B0002A10D5EF8985B1711FB5B606A5E4BF9F9B
:1000C00033D4B8E8A2C9077834F9000F8EA809968E
:1000D00018980EE1BB0D6A7F2D3D6D08976C6491F9
:1000E000015C63E6F4516B6B62616C1CD830658512
:1000F0004E0062F2ED95066C7BA5011BC1F40882EF
:1001000057C40FF5C6D9B06550E9B712EAB8BE8B2F
:100110007C88B9FCDF1DDD62492DDA15F37CD38CB8
:10012000654CD4FB5861B24DCE51B53A7400BCA3B6
:10013000E230BBD441A5DF4AD795D83D6DC4D1A4E8
:10014000FBF4D6D36AE96943FCD96E34468867ADBF
:10015000D0B860DA732D0444E51D03335F4C0AAA5E
:10016000C97C0DDD3C710550AA41022710100BBE61
:1001700086200CC925B56857B3856F2009D466B9A8
:100180009FE461CE0EF9DE5E98C9D9292298D0B0DD
:10019000B4A8D7C7173DB359810DB42E3B5CBDB78A
:1001A000AD6CBAC02083B8EDB6B3BF9A0CE2B6030B
:1001B0009AD2B1743947D5EAAF77D29D1526DB04C0
:1001C0008316DC73120B63E3843B64943E6A6D0D0B
:1001D000A85A6A7A0BCF0EE49DFF099327AE000A56
:1001E000B19E077D44930FF0D2A3088768F2011EE9
:1001F000FEC206695D5762F7CB67658071366C1980
:10020000E7066B6E761BD4FEE02BD3895A7ADA10A0
:10021000CC4ADD676FDFB9F9F9EFBE8E43BEB71781
:10022000D58EB060E8A3D6D67E93D1A1C4C2D8380B
:1002300052F2DF4FF167BBD16757BCA6DD06B53F71
:100240004B36B248DA2B0DD84C1B0AAFF64A0336B0
:10025000607A0441C3EF60DF55DF67A8EF8E6E312F
:1002600079BE69468CB361CB1A8366BCA0D26F2578
:1002700036E2685295770CCC03470BBBB9160222C5
:100280002F260555BE3BBAC5280BBDB2925AB42BDA
:10029000046AB35CA7FFD7C231CFD0B58B9ED92CEF
:1002A0001DAEDE5BB0C2649B26F263EC9CA36A7554
:1002B0000A936D02A906099C3F360EEB856707720B
:1002C00013570005824ABF95147AB8E2AE2BB17B72
:1002D000381BB60C9B8ED2920DBED5E5B7EFDC7CF9
:1002E00021DFDB0BD4D2D38642E2D4F1F8B3DD6850
:1002F0006E83DA1FCD16BE815B26B9F6E177B06F4B
:100300007747B718E65A0888706A0FFFCA3B066637
:100310005C0B0111FF9E658F69AE62F8D3FF6B61C4
:1003200045CF6C1678E20AA0EED20DD75483044E66
:10033000C2B30339612667A7F71660D04D476949F4
:10034000DB776E3E4A6AD1AEDC5AD6D9660BDF4007
:10035000F03BD83753AEBCA9C59EBBDE7FCFB247BA
:10036000E9FFB5301CF2BDBD8AC2BACA3093B3539F
:10037000A6A3B4240536D0BA9306D7CD2957DE54A8
:10038000BF67D9232E7A66B3B84A61C4021B685D81
:10039000942B6F2A37BE0BB4A18E0CC31BDF055AFA
:1003A0008DEF022D446973706C61795F73657454CD
:1003B00065787457696E0000443A5C5573657273D2
:1003C0005C43686972696B616C6F5C41524D5F7030
:1003D000726F6A5C53505244325F355C646973706B
:1003E0006C61792E63000000546578742077696E23
:1003F000646F77206973206F7574206F6620626F59
:10040000756E647300000000446973706C61795FFD
:1004100073686F7753796D626F6C000053796D620A
:100420006F6C206C656E20696E20666F6E74206D37
:10043000757374206265203E30000000446973705B
:100440006C61795F6F75747075745F626D700000B8
:100450004269746D6170206C656E206D75737420D7
:100460006265203E3000000000000000EF003F0108
:10047000446973706C61795F426C696E6B5245447C
:100480004C4544004C454420626C696E6B206465A9
:100490006C6179206973206F7574206F66207261BA
:1004A0006E6765005741524D55500D00414E574102
:1004B000524D0D005741524D55500D00CFD0CEC377
:1004C000D0C5C20D00000000494E2050524F475287
:1004D0004553530D0D00455246554C4C554E470D56
:1004E0000D00494E2050524F47524553530D0D00B9
:1004F000C2DBCFCECBCDDFC5D2D1DF0D0D000000EA
:10050000506C6561736520776169742E2E2E0042F0
:10051000697474652077617274656E2E2E2E00509A
:100520006C6561736520776169742E2E2E00CFEEA5
:10053000E6E0EBF3E9F1F2E020E6E4E8F2E52E2E66
:100540002E00000070656374726F6D65747269636C
:100550000D0000006572736F6E616C0D000000008D
:100560006164696174696F6E0D0000006574656394
:10057000746F720053656172636865720D0D0000DF
:100580004154313332310D0D0000000041544F4DC4
:100590005445580D00000000A9323031312D323061
:1005A00031320D0073637265656E0000424DB80410
:1005B00000000000000036000000280000001800C5
:1005C000000010000000010018000000000082047C
:1005D0000000120B0000120B0000000000000000E1
:1005E000000000000000000000000000FFFF00FF0E
:1005F000FF00FFFF00FFFF00FFFF00FFFF00FFFF06
:1006000000FFFF00FFFF00FFFF00FFFF00FFFF00F4
:10061000FFFF00FFFF00FFFF00FFFF00FFFF00FFE5
:10062000FF00FFFF000000000000000000000000CD
:1006300000000000FFFF00000000000000000000BC
:1006400000000000000000000000000000000000AA
:10065000000000000000000000000000000000009A
:1006600000000000000000000000FFFF000000008C
:10067000000000000000000000000000FFFF00007C
:10068000000000000000000000000000000000006A
:10069000000000000000000000000000000000005A
:1006A000000000000000000000000000000000004A
:1006B0000000FFFF0000000000000000000000003C
:1006C00000000000FFFF000000000000000000002C
:1006D000000000000000000000000000000000001A
:1006E000000000000000000000000000000000000A
:1006F00000000000000000000000FFFF00000000FC
:10070000000000000000000000000000FFFF0000EB
:1007100000000000000000000000000000000000D9
:1007200000000000000000000000000000000000C9
:1007300000000000000000000000000000000000B9
:100740000000FFFF00FFFF00FFFF000000000000AF
:1007500000000000FFFF000000000000000000009B
:100760000000000000000000000000000000000089
:100770000000000000000000000000000000000079
:100780000000000000000000000000000000000069
:10079000FFFF00000000000000000000FFFF00005D
:1007A0000000000000000000000000000000000049
:1007B0000000000000000000000000000000000039
:1007C0000000000000000000000000000000000029
:1007D0000000000000000000FFFF0000000000001B
:1007E00000000000FFFF000000000000000000000B
:1007F00000000000000000000000000000000000F9
:1008000000000000000000000000000000000000E8
:1008100000000000000000000000000000000000D8
:10082000FFFF00000000000000000000FFFF0000CC
:1008300000000000000000000000000000000000B8
:1008400000000000000000000000000000000000A8
:100850000000000000000000000000000000000098
:100860000000000000000000FFFF0000000000008A
:1008700000000000FFFF000000000000000000007A
:100880000000000000000000000000000000000068
:100890000000000000000000000000000000000058
:1008A0000000000000000000000000000000000048
:1008B000FFFF00000000000000000000FFFF00003C
:1008C0000000000000000000000000000000000028
:1008D0000000000000000000000000000000000018
:1008E0000000000000000000000000000000000008
:1008F0000000000000000000FFFF000000000000FA
:1009000000000000FFFF00000000000000000000E9
:1009100000000000000000000000000000000000D7
:1009200000000000000000000000000000000000C7
:1009300000000000000000000000FFFF00FFFF00BB
:10094000FFFF00000000000000000000FFFF0000AB
:100950000000000000000000000000000000000097
:100960000000000000000000000000000000000087
:100970000000000000000000000000000000000077
:100980000000FFFF00000000000000000000000069
:1009900000000000FFFF0000000000000000000059
:1009A0000000000000000000000000000000000047
:1009B0000000000000000000000000000000000037
:1009C00000000000000000000000FFFF0000000029
:1009D000000000000000000000000000FFFF000019
:1009E0000000000000000000000000000000000007
:1009F00000000000000000000000000000000000F7
:100A000000000000000000000000000000000000E6
:100A10000000FFFF000000000000000000000000D8
:100A200000000000FFFF00FFFF00FFFF00FFFF00CE
:100A3000FFFF00FFFF00FFFF00FFFF00FFFF00FFC1
:100A4000FF00FFFF00FFFF00FFFF00FFFF00FFFFB1
:100A500000FFFF00FFFF00FFFF00FFFF000000009E
:100A600000000000424DB804000000000000360005
:100A70000000280000001800000010000000010025
:100A800018000000000082040000120B0000120B8E
:100A90000000000000000000000000000000000056
:100AA00000000000FFFF00FFFF00FFFF00FFFF004E
:100AB000FFFF00FFFF00FFFF00FFFF00FFFF00FF41
:100AC000FF00FFFF00FFFF00FFFF00FFFF00FFFF31
:100AD00000FFFF00FFFF00FFFF00FFFF000000001E
:100AE000000000000000000000000000FFFF000008
:100AF00000000000000000000000000000000000F6
:100B000000000000000000000000000000000000E5
:100B100000000000000000000000000000000000D5
:100B20000000FFFF000000000000000000000000C7
:100B300000000000FFFF00000000808000808000B7
:100B400080800000000000000000000000000000A5
:100B50000000000000000000000000000000000095
:100B600000000000000000000000FFFF0000000087
:100B7000000000000000000000000000FFFF000077
:100B80000000808000808000808000000000000065
:100B90000000000000000000000000000000000055
:100BA0000000000000000000000000000000000045
:100BB0000000FFFF00000000000000000000000037
:100BC00000000000FFFF0000000080800080800027
:100BD0008080000000000000000000000000000015
:100BE0000000000000000000000000000000000005
:100BF00000000000000000000000FFFF00FFFF00F9
:100C0000FFFF00000000000000000000FFFF0000E8
:100C100000008080008080008080000000000000D4
:100C200000000000000000000000000000000000C4
:100C300000000000000000000000000000000000B4
:100C40000000000000000000FFFF000000000000A6
:100C500000000000FFFF0000000080800080800096
:100C60008080000000000000000000000000000084
:100C70000000000000000000000000000000000074
:100C80000000000000000000000000000000000064
:100C9000FFFF00000000000000000000FFFF000058
:100CA0000000808000808000808000000000000044
:100CB0000000000000000000000000000000000034
:100CC0000000000000000000000000000000000024
:100CD0000000000000000000FFFF00000000000016
:100CE00000000000FFFF0000000080800080800006
:100CF00080800000000000000000000000000000F4
:100D000000000000000000000000000000000000E3
:100D100000000000000000000000000000000000D3
:100D2000FFFF00000000000000000000FFFF0000C7
:100D300000008080008080008080000000000000B3
:100D400000000000000000000000000000000000A3
:100D50000000000000000000000000000000000093
:100D60000000000000000000FFFF00000000000085
:100D700000000000FFFF0000000080800080800075
:100D80008080000000000000000000000000000063
:100D90000000000000000000000000000000000053
:100DA0000000000000000000000000000000000043
:100DB000FFFF00000000000000000000FFFF000037
:100DC0000000808000808000808000000000000023
:100DD0000000000000000000000000000000000013
:100DE0000000000000000000000000000000000003
:100DF0000000FFFF00FFFF00FFFF000000000000F9
:100E000000000000FFFF00000000808000808000E4
:100E100080800000000000000000000000000000D2
:100E200000000000000000000000000000000000C2
:100E300000000000000000000000FFFF00000000B4
:100E4000000000000000000000000000FFFF0000A4
:100E50000000808000808000808000000000000092
:100E60000000000000000000000000000000000082
:100E70000000000000000000000000000000000072
:100E80000000FFFF00000000000000000000000064
:100E900000000000FFFF0000000000000000000054
:100EA0000000000000000000000000000000000042
:100EB0000000000000000000000000000000000032
:100EC00000000000000000000000FFFF0000000024
:100ED000000000000000000000000000FFFF00FF15
:100EE000FF00FFFF00FFFF00FFFF00FFFF00FFFF0D
:100EF00000FFFF00FFFF00FFFF00FFFF00FFFF00FC
:100F0000FFFF00FFFF00FFFF00FFFF00FFFF00FFEC
:100F1000FF00FFFF0000000000000000424DB80489
:100F2000000000000000360000002800000018004B
:100F30000000100000000100180000000000820402
:100F40000000120B0000120B000000000000000067
:100F5000000000000000000000000000FFFF00FF94
:100F6000FF00FFFF00FFFF00FFFF00FFFF00FFFF8C
:100F700000FFFF00FFFF00FFFF00FFFF00FFFF007B
:100F8000FFFF00FFFF00FFFF00FFFF00FFFF00FF6C
:100F9000FF00FFFF00000000000000000000000054
:100FA00000000000FFFF0000000000000000000043
:100FB0000000000000000000000000000000000031
:100FC0000000000000000000000000000000000021
:100FD00000000000000000000000FFFF0000000013
:100FE000000000000000000000000000FFFF000003
:100FF00000008080008080008080000000008080F1
:1010000000808000808000000000000000000000E0
:1010100000000000000000000000000000000000D0
:101020000000FFFF000000000000000000000000C2
:1010300000000000FFFF00000000808000808000B2
:1010400080800000000080800080800080800000A0
:101050000000000000000000000000000000000090
:1010600000000000000000000000FFFF0000000082
:10107000000000000000000000000000FFFF000072
:101080000000808000808000808000000000808060
:101090000080800080800000000000000000000050
:1010A0000000000000000000000000000000000040
:1010B0000000FFFF00FFFF00FFFF00000000000036
:1010C00000000000FFFF0000000080800080800022
:1010D0008080000000008080008080008080000010
:1010E0000000000000000000000000000000000000
:1010F00000000000000000000000000000000000F0
:10110000FFFF00000000000000000000FFFF0000E3
:1011100000008080008080008080000000008080CF
:1011200000808000808000000000000000000000BF
:1011300000000000000000000000000000000000AF
:101140000000000000000000FFFF000000000000A1
:1011500000000000FFFF0000000080800080800091
:10116000808000000000808000808000808000007F
:10117000000000000000000000000000000000006F
:10118000000000000000000000000000000000005F
:10119000FFFF00000000000000000000FFFF000053
:1011A000000080800080800080800000000080803F
:1011B000008080008080000000000000000000002F
:1011C000000000000000000000000000000000001F
:1011D0000000000000000000FFFF00000000000011
:1011E00000000000FFFF0000000080800080800001
:1011F00080800000000080800080800080800000EF
:1012000000000000000000000000000000000000DE
:1012100000000000000000000000000000000000CE
:10122000FFFF00000000000000000000FFFF0000C2
:1012300000008080008080008080000000008080AE
:10124000008080008080000000000000000000009E
:10125000000000000000000000000000000000008E
:101260000000000000000000FFFF00000000000080
:1012700000000000FFFF0000000080800080800070
:10128000808000000000808000808000808000005E
:10129000000000000000000000000000000000004E
:1012A00000000000000000000000FFFF00FFFF0042
:1012B000FFFF00000000000000000000FFFF000032
:1012C000000080800080800080800000000080801E
:1012D000008080008080000000000000000000000E
:1012E00000000000000000000000000000000000FE
:1012F0000000FFFF000000000000000000000000F0
:1013000000000000FFFF00000000808000808000DF
:1013100080800000000080800080800080800000CD
:1013200000000000000000000000000000000000BD
:1013300000000000000000000000FFFF00000000AF
:10134000000000000000000000000000FFFF00009F
:10135000000000000000000000000000000000008D
:10136000000000000000000000000000000000007D
:10137000000000000000000000000000000000006D
:101380000000FFFF0000000000000000000000005F
:1013900000000000FFFF00FFFF00FFFF00FFFF0055
:1013A000FFFF00FFFF00FFFF00FFFF00FFFF00FF48
:1013B000FF00FFFF00FFFF00FFFF00FFFF00FFFF38
:1013C00000FFFF00FFFF00FFFF00FFFF0000000025
:1013D00000000000424DB80400000000000036008C
:1013E00000002800000018000000100000000100AC
:1013F00018000000000082040000120B0000120B15
:1014000000000000000000000000000000000000DC
:1014100000000000FFFF00FFFF00FFFF00FFFF00D4
:10142000FFFF00FFFF00FFFF00FFFF00FFFF00FFC7
:10143000FF00FFFF00FFFF00FFFF00FFFF00FFFFB7
:1014400000FFFF00FFFF00FFFF00FFFF00000000A4
:10145000000000000000000000000000FFFF00008E
:10146000000000000000000000000000000000007C
:10147000000000000000000000000000000000006C
:10148000000000000000000000000000000000005C
:101490000000FFFF0000000000000000000000004E
:1014A00000000000FFFF000000008080008080003E
:1014B000808000000000808000808000808000002C
:1014C000000080800080800080800000000000001C
:1014D00000000000000000000000FFFF000000000E
:1014E000000000000000000000000000FFFF0000FE
:1014F00000008080008080008080000000008080EC
:1015000000808000808000000000808000808000DB
:1015100080800000000000000000000000000000CB
:101520000000FFFF000000000000000000000000BD
:1015300000000000FFFF00000000808000808000AD
:10154000808000000000808000808000808000009B
:10155000000080800080800080800000000000008B
:1015600000000000000000000000FFFF00FFFF007F
:10157000FFFF00000000000000000000FFFF00006F
:10158000000080800080800080800000000080805B
:10159000008080008080000000008080008080004B
:1015A000808000000000000000000000000000003B
:1015B0000000000000000000FFFF0000000000002D
:1015C00000000000FFFF000000008080008080001D
:1015D000808000000000808000808000808000000B
:1015E00000008080008080008080000000000000FB
:1015F00000000000000000000000000000000000EB
:10160000FFFF00000000000000000000FFFF0000DE
:1016100000008080008080008080000000008080CA
:1016200000808000808000000000808000808000BA
:1016300080800000000000000000000000000000AA
:101640000000000000000000FFFF0000000000009C
:1016500000000000FFFF000000008080008080008C
:10166000808000000000808000808000808000007A
:10167000000080800080800080800000000000006A
:10168000000000000000000000000000000000005A
:10169000FFFF00000000000000000000FFFF00004E
:1016A000000080800080800080800000000080803A
:1016B000008080008080000000008080008080002A
:1016C000808000000000000000000000000000001A
:1016D0000000000000000000FFFF0000000000000C
:1016E00000000000FFFF00000000808000808000FC
:1016F00080800000000080800080800080800000EA
:1017000000008080008080008080000000000000D9
:1017100000000000000000000000000000000000C9
:10172000FFFF00000000000000000000FFFF0000BD
:1017300000008080008080008080000000008080A9
:101740000080800080800000000080800080800099
:101750008080000000000000000000000000000089
:101760000000FFFF00FFFF00FFFF0000000000007F
:1017700000000000FFFF000000008080008080006B
:101780008080000000008080008080008080000059
:101790000000808000808000808000000000000049
:1017A00000000000000000000000FFFF000000003B
:1017B000000000000000000000000000FFFF00002B
:1017C0000000808000808000808000000000808019
:1017D0000080800080800000000080800080800009
:1017E00080800000000000000000000000000000F9
:1017F0000000FFFF000000000000000000000000EB
:1018000000000000FFFF00000000000000000000DA
:1018100000000000000000000000000000000000C8
:1018200000000000000000000000000000000000B8
:1018300000000000000000000000FFFF00000000AA
:10184000000000000000000000000000FFFF00FF9B
:10185000FF00FFFF00FFFF00FFFF00FFFF00FFFF93
:1018600000FFFF00FFFF00FFFF00FFFF00FFFF0082
:10187000FFFF00FFFF00FFFF00FFFF00FFFF00FF73
:10188000FF00FFFF0000000000000000424DB80410
:1018900000000000000036000000280000001800D2
:1018A0000000100000000100180000000000820489
:1018B0000000120B0000120B0000000000000000EE
:1018C000000000000000000000000000FFFF00FF1B
:1018D000FF00FFFF00FFFF00FFFF00FFFF00FFFF13
:1018E00000FFFF00FFFF00FFFF00FFFF00FFFF0002
:1018F000FFFF00FFFF00FFFF00FFFF00FFFF00FFF3
:10190000FF00FFFF000000000000000000000000DA
:1019100000000000FFFF00000000000000000000C9
:1019200000000000000000000000000000000000B7
:1019300000000000000000000000000000000000A7
:1019400000000000000000000000FFFF0000000099
:10195000000000000000000000000000FFFF000089
:101960000000808000808000808000000000808077
:101970000080800080800000000080800080800067
:101980008080000000008080008080008080000057
:101990000000FFFF00000000000000000000000049
:1019A00000000000FFFF0000000080800080800039
:1019B0008080000000008080008080008080000027
:1019C0000000808000808000808000000000808017
:1019D00000808000808000000000FFFF0000000009
:1019E000000000000000000000000000FFFF0000F9
:1019F00000008080008080008080000000008080E7
:101A000000808000808000000000808000808000D6
:101A100080800000000080800080800080800000C6
:101A20000000FFFF00FFFF00FFFF000000000000BC
:101A300000000000FFFF00000000808000808000A8
:101A40008080000000008080008080008080000096
:101A50000000808000808000808000000000808086
:101A60000080800080800000000000000000000076
:101A7000FFFF00000000000000000000FFFF00006A
:101A80000000808000808000808000000000808056
:101A90000080800080800000000080800080800046
:101AA0008080000000008080008080008080000036
:101AB0000000000000000000FFFF00000000000028
:101AC00000000000FFFF0000000080800080800018
:101AD0008080000000008080008080008080000006
:101AE00000008080008080008080000000008080F6
:101AF00000808000808000000000000000000000E6
:101B0000FFFF00000000000000000000FFFF0000D9
:101B100000008080008080008080000000008080C5
:101B200000808000808000000000808000808000B5
:101B300080800000000080800080800080800000A5
:101B40000000000000000000FFFF00000000000097
:101B500000000000FFFF0000000080800080800087
:101B60008080000000008080008080008080000075
:101B70000000808000808000808000000000808065
:101B80000080800080800000000000000000000055
:101B9000FFFF00000000000000000000FFFF000049
:101BA0000000808000808000808000000000808035
:101BB0000080800080800000000080800080800025
:101BC0008080000000008080008080008080000015
:101BD0000000000000000000FFFF00000000000007
:101BE00000000000FFFF00000000808000808000F7
:101BF00080800000000080800080800080800000E5
:101C000000008080008080008080000000008080D4
:101C100000808000808000000000FFFF00FFFF00C8
:101C2000FFFF00000000000000000000FFFF0000B8
:101C300000008080008080008080000000008080A4
:101C40000080800080800000000080800080800094
:101C50008080000000008080008080008080000084
:101C60000000FFFF00000000000000000000000076
:101C700000000000FFFF0000000080800080800066
:101C80008080000000008080008080008080000054
:101C90000000808000808000808000000000808044
:101CA00000808000808000000000FFFF0000000036
:101CB000000000000000000000000000FFFF000026
:101CC0000000000000000000000000000000000014
:101CD0000000000000000000000000000000000004
:101CE00000000000000000000000000000000000F4
:101CF0000000FFFF000000000000000000000000E6
:101D000000000000FFFF00FFFF00FFFF00FFFF00DB
:101D1000FFFF00FFFF00FFFF00FFFF00FFFF00FFCE
:101D2000FF00FFFF00FFFF00FFFF00FFFF00FFFFBE
:101D300000FFFF00FFFF00FFFF00FFFF00000000AB
:101D400000000000424D3803000000000000360093
:101D5000000028000000100000001000000001003A
:101D600018000000000002030000120B0000120B1C
:101D70000000000000000000000000000000000063
:101D800000000000000000000000000000FF000054
:101D9000FF0000FF0000FF0000FF0000FF0000FF49
:101DA0000000000000000000000000000000000033
:101DB00000000000000000000000FF00FF0000FF26
:101DC0000000FF0000FF0000FF0000FF0000FF0018
:101DD0000000FF0000000000000000000000000004
:101DE00000000000000000FF00FF0000FF0000FFF7
:101DF0000000FF000000FF00FF0000FF0000FF00E8
:101E000000FF000000FF00000000000000000000D4
:101E100000000000FF00FF0000FF0000FF0000FFC7
:101E20000000FF000000FF0000FF00FF0000FF00B7
:101E300000FF0000FF000000FF00000000000000A5
:101E400000000000FF00FF0000FF0000FF0000FF97
:101E50000000FF000000FF00FF000000FF00FF0087
:101E600000FF0000FF000000FF0000000000000075
:101E700000000000FF00FF0000FF0000FF00000066
:101E8000FF00FF000000FF00FF0000FF000000FF58
:101E900000FF0000FF000000FF0000000000000045
:101EA00000000000FF00FF0000FF0000FF0000FF37
:101EB000000000FF0000FF00FF000000FF00FF0027
:101EC00000FF0000FF000000FF0000000000000015
:101ED00000000000FF00FF0000FF0000FF0000FF07
:101EE0000000FF000000FF0000FF00FF0000FF00F7
:101EF00000FF0000FF000000FF00000000000000E5
:101F000000000000FF00FF0000FF0000FF0000FFD6
:101F10000000FF000000FF0000FF00FF0000FF00C6
:101F200000FF0000FF000000FF00000000000000B4
:101F300000000000FF00FF0000FF0000FF0000FFA6
:101F4000000000FF0000FF00FF000000FF00FF0096
:101F500000FF0000FF000000FF0000000000000084
:101F600000000000FF00FF0000FF0000FF00000075
:101F7000FF00FF000000FF00FF0000FF000000FF67
:101F800000FF0000FF000000FF0000000000000054
:101F900000000000FF00FF0000FF0000FF0000FF46
:101FA0000000FF000000FF00FF000000FF00FF0036
:101FB00000FF0000FF000000FF0000000000000024
:101FC00000000000FF00FF0000FF0000FF0000FF16
:101FD0000000FF000000FF0000FF00FF0000FF0006
:101FE00000FF0000FF000000FF00000000000000F4
:101FF00000000000000000FF00FF0000FF0000FFE5
:102000000000FF000000FF00FF0000FF0000FF00D5
:1020100000FF000000FF00000000000000000000C2
:1020200000000000000000000000FF00FF0000FFB3
:102030000000FF0000FF0000FF0000FF0000FF00A5
:102040000000FF0000000000000000000000000091
:1020500000000000000000000000000000FF000081
:10206000FF0000FF0000FF0000FF0000FF0000FF76
:10207000000000000000000000000000424DB80415
:1020800000000000000036000000280000001800DA
:102090000000100000000100180000000000820491
:1020A0000000120B0000120B0000000000000000F6
:1020B0000000000000008000008000008000008020
:1020C0000000800000800000800000000000800010
:1020D0000080000080000000000000000000000000
:1020E00000000000000080000080000080000080F0
:1020F00000008000008000008000000000008000E0
:1021000000FF0000FF0000FF0000FF0000FF0000D4
:10211000800000000000800000FF00008000000040
:10212000000000000000000000000000000080002F
:1021300000FF0000FF0000FF0000FF0000FF0000A4
:10214000800000000000800000FF00008000008090
:102150000000800000FF0000800000000000800000
:1021600000FF0000800000000000000000000000F0
:10217000000000000000800000FF000080000080E0
:102180000000800000FF00008000000000008000D0
:1021900000FF0000800000000000800000FF000041
:1021A000800000000000800000FF000080000000B0
:1021B000000000000000000000000000000080009F
:1021C00000FF0000800000000000800000FF000011
:1021D000800000000000800000FF00008000000080
:1021E0000000800000FF0000800000000000800070
:1021F00000FF000080000000000000000000000060
:10220000000000000000800000800000800000004E
:102210000000800000FF000080000000000080003F
:1022200000FF0000800000000000800000FF0000B0
:10223000800000000000800000FF0000800000001F
:10224000000000000000000000000000000000008E
:1022500000000000000000000000800000FF0000FF
:10226000800000000000800000FF0000800000806F
:102270000000800000FF00008000000000008000DF
:1022800000FF00008000008000008000008000004F
:1022900080000000000080000080000080000080BE
:1022A0000000800000FF00008000000000008000AF
:1022B00000FF0000800000800000FF0000FF000021
:1022C000800000000000800000FF0000FF0000FF11
:1022D0000000FF0000FF0000800000000000800000
:1022E00000FF0000FF0000FF0000FF0000FF0000F3
:1022F000800000000000800000FF000080000080DF
:1023000000008000008000008000000000008000CD
:1023100000FF0000800000800000800000FF00003F
:10232000800000000000800000FF000080000080AE
:10233000000080000080000080000000000080009D
:1023400000FF00008000000000000000000000000E
:10235000000000000000800000FF0000800000007E
:102360000000800000FF00008000000000008000EE
:1023700000FF0000800000000000000000000000DE
:10238000000000000000800000FF0000800000004E
:1023900000000000000000000000000000008000BD
:1023A00000FF0000800000000000800000FF00002F
:1023B000800000000000800000FF0000800000009E
:1023C000000000000000000000000000000080008D
:1023D00000FF00008000000000008000008000007E
:1023E000800000000000800000FF0000800000006E
:1023F0000000800000FF000080000000000080005E
:1024000000FF00008000000000008000008000004D
:10241000800000000000800000FF0000800000003D
:102420000000800000FF000080000000000080002D
:1024300000FF0000800000000000800000FF00009E
:10244000800000000000800000FF0000800000000D
:102450000000800000FF00008000000000008000FD
:1024600000FF0000800000800000800000FF0000EE
:10247000800000000000800000FF0000800000805D
:102480000000800000FF00008000000000008000CD
:1024900000FF0000800000800000800000FF0000BE
:1024A000800000000000800000FF0000FF0000FF2F
:1024B0000000FF0000FF000080000000000080001E
:1024C00000FF0000FF0000FF0000FF0000FF000011
:1024D000800000000000800000FF0000FF0000FFFF
:1024E0000000FF0000FF00008000000000008000EE
:1024F000008000008000008000008000008000005C
:10250000800000000000800000800000800000804B
:1025100000008000008000008000000000008000BB
:10252000008000008000008000008000008000002B
:1025300080000000424DB80400000000000036009A
:10254000000028000000180000001000000001003A
:1025500018000000000082040000120B0000120BA3
:1025600000000000000000000000000000000080EB
:10257000000080000080000000000080000080005B
:10258000008000000000008000008000008000004B
:1025900080000080000080000080000000000080BB
:1025A000000080000080000000000080000080002B
:1025B00000800000000000800000FF00008000009C
:1025C000000000800000FF0000800000000000808C
:1025D0000000FF0000FF0000FF0000FF0000FF0000
:1025E00000800000000000800000FF00008000006C
:1025F000000000800000FF0000800000000000805C
:102600000000FF0000800000000000800000FF00CC
:1026100000800000000000800000FF00008000003B
:10262000800000800000800000800000000000802A
:102630000000FF0000800000000000800000FF009C
:1026400000800000000000800000FF00008000000B
:10265000000000800000FF000080000000000080FB
:102660000000FF00008000000000000000000000EB
:1026700000000000000000800000FF00008000005B
:10268000000000800000FF000080000000000080CB
:102690000000FF0000800000000000800000FF003C
:1026A00000800000000000800000FF0000800000AB
:1026B000000000000000000000000000000000809A
:1026C0000000FF0000800000000000800000FF000C
:1026D00000800000000000800000FF00008000007B
:1026E000000000800000FF0000800000000000806B
:1026F0000000FF000080000000000000000000005B
:1027000000000000000000800000FF0000800000CA
:10271000000000800000FF0000800000000000803A
:102720000000FF0000800000000000800000FF00AB
:1027300000800000000000800000FF00008000001A
:102740000000000000000000000000000000008009
:102750000000FF0000800000000000800000FF007B
:1027600000800000000000800000FF0000800000EA
:10277000000000800000FF000080000000000080DA
:102780000000FF000080000080000080000080004A
:1027900000000000000000800000FF00008000003A
:1027A000000000800000FF000080000000000080AA
:1027B0000000FF0000800000000000800000FF001B
:1027C00000800000000000800000FF0000FF00000B
:1027D000FF0000FF000080000000000000000080FB
:1027E0000000FF0000800000000000800000FF00EB
:1027F00000800000000000800000FF00008000005A
:10280000800000800000FF000080000000000080C9
:102810000000FF00008000008000008000008000B9
:1028200000000000000000800000FF0000800000A9
:10283000800000800000FF00008000000000008099
:102840000000FF0000800000FF0000800000FF008B
:1028500000800000000000800000FF0000800000F9
:1028600000000000000000000000000000000080E8
:102870000000FF0000800000FF0000800000FF005B
:1028800000800000000000800000FF0000800000C9
:10289000FF0000800000FF000080000000000080BA
:1028A0000000FF00008000000000000000000000A9
:1028B00000000000000000800000FF000080000019
:1028C000FF0000800000FF0000800000000000808A
:1028D0000000FF0000FF0000800000FF0000FF007C
:1028E00000800000000000800000FF000080000069
:1028F0000000000000000000000000000000008058
:102900000000FF0000FF0000800000FF0000FF004B
:1029100000800000000000800000FF000080000038
:10292000800000800000FF000080000000000080A8
:102930000000FF0000800000800000800000800098
:1029400000800000000000800000FF000080000008
:10295000800000800000FF00008000000000008078
:102960000000FF0000800000000000800000FF0069
:1029700000800000000000800000FF0000FF000059
:10298000FF0000FF0000FF0000800000000000804A
:102990000000FF0000800000000000800000FF0039
:1029A0000080000000000080000080000080000027
:1029B0000000008000008000008000000000008017
:1029C0000000800000800000800000800000800087
:1029D00000800000000000800000800000800000F7
:1029E000000000800000800000800000424D38039D
:1029F0000000000000003600000028000000100069
:102A00000000100000000100180000000000020398
:102A10000000120B0000120B00000000000000007C
:102A200000000000000000000000000000000000A6
:102A30000000000000000000000000000000000096
:102A40000080800080800080800080800000000086
:102A50000000000000000000000000000000000076
:102A60000000000000000000000000000000808066
:102A700000FFFF00FFFF00FFFF008080000000005C
:102A80000000000000000000000000000000000046
:102A90000000000000000000000000808000FFFF38
:102AA00000FFFF00FFFF00FFFF008080000000002C
:102AB0000000000000000000000000000000000016
:102AC0000000000000000000808000FFFF00FFFF0A
:102AD00000FFFF00FFFF00FFFF00808000000000FC
:102AE0000000000000000000008080008080008066
:102AF0008000808000808000FFFF00FFFF00FFFF5C
:102B000000FFFF00FFFF00FFFF00808000000000CB
:102B1000000000000000000000808000FFFF00FFB8
:102B2000FF00FFFF00FFFF00FFFF00FFFF00FFFFB0
:102B300000FFFF00FFFF00FFFF008080000000009B
:102B4000000000000000000000808000FFFF00FF88
:102B5000FF00FFFF00FFFF00FFFF00FFFF00FFFF80
:102B600000FFFF00FFFF00FFFF008080000000006B
:102B7000000000000000000000808000FFFF00FF58
:102B8000FF00FFFF00FFFF00FFFF00FFFF00FFFF50
:102B900000FFFF00FFFF00FFFF008080000000003B
:102BA000000000000000000000808000FFFF00FF28
:102BB000FF00FFFF00FFFF00FFFF00FFFF00FFFF20
:102BC00000FFFF00FFFF00FFFF008080000000000B
:102BD000000000000000000000808000FFFF00FFF8
:102BE000FF00FFFF00FFFF00FFFF00FFFF00FFFFF0
:102BF00000FFFF00FFFF00FFFF00808000000000DB
:102C0000000000000000000000808000FFFF00FFC7
:102C1000FF00FFFF00FFFF00FFFF00FFFF00FFFFBF
:102C200000FFFF00FFFF00FFFF00808000000000AA
:102C30000000000000000000008080008080008014
:102C40008000808000808000FFFF00FFFF00FFFF0A
:102C500000FFFF00FFFF00FFFF008080000000007A
:102C60000000000000000000000000000000000064
:102C70000000000000000000808000FFFF00FFFF58
:102C800000FFFF00FFFF00FFFF008080000000004A
:102C90000000000000000000000000000000000034
:102CA0000000000000000000000000808000FFFF26
:102CB00000FFFF00FFFF00FFFF008080000000001A
:102CC0000000000000000000000000000000000004
:102CD00000000000000000000000000000008080F4
:102CE00000FFFF00FFFF00FFFF00808000000000EA
:102CF00000000000000000000000000000000000D4
:102D000000000000000000000000000000000000C3
:102D100000808000808000808000808000000000B3
:102D200000000000424D36030000000000003600A5
:102D3000000028000000100000001000000001004A
:102D400018000000000000030000120B0000120B2E
:102D50000000000000000000000000000000F2FF82
:102D60000000000000000000000000000000000063
:102D70000000000000000000000000000000000053
:102D80000000000000F2FF00000000F2FF00000061
:102D90000000000000000000000000000000000033
:102DA000000000000000000000F2FF000000000032
:102DB0000000F2FF00000000000000000000F2FF31
:102DC0000000000000000000000000000000000003
:102DD000000000000000F2FF00F2FF000000000011
:102DE0000000000000F2FF000000000000000000F2
:102DF00000F2FF241CED00000000000000000000B5
:102E0000000000F2FF00F2FF00F2FF000000241CAF
:102E1000ED00000000000000F2FF00000000F2FFE3
:102E2000000000000000241CED0000000000000075
:102E3000F2FF00F2FF00F2FF00F2FF241CED0000A1
:102E40000000000000F2FF00000000F2FF000000A0
:102E500000000000000000F2FF241CED00F2FF0063
:102E6000F2FF00F2FF00F2FF241CED000000000062
:102E70000000F2FF00000000000000000000F2FF70
:102E800000000000000000F2FF00F2FF241CED0033
:102E9000F2FF00F2FF241CED00F2FF000000000032
:102EA0000000000000F2FF00000000000000000031
:102EB00000F2FF00000000F2FF00F2FF00F2FF242A
:102EC0001CED241CED00F2FF00F2FF0000000000EA
:102ED0000000000000000000F2FF00000000F2FF10
:102EE00000000000000000F2FF00F2FF00F2FF24EB
:102EF0001CED241CED00F2FF00F2FF0000000000BA
:102F00000000000000F2FF00000000F2FF000000DF
:102F100000000000000000F2FF00F2FF241CED00A2
:102F2000F2FF00F2FF241CED00F2FF0000000000A1
:102F30000000F2FF00000000000000000000F2FFAF
:102F400000000000000000F2FF241CED00F2FF0072
:102F5000F2FF00F2FF00F2FF241CED000000000071
:102F60000000000000F2FF00000000000000000070
:102F700000F2FF000000241CED0000000000000033
:102F8000F2FF00F2FF00F2FF00F2FF241CED000050
:102F90000000000000000000F2FF00000000F2FF4F
:102FA000000000241CED00000000000000000000F4
:102FB000000000F2FF00F2FF00F2FF000000241CFE
:102FC000ED00000000F2FF00000000F2FF00000032
:102FD00000000000000000000000000000000000F1
:102FE000000000000000F2FF00F2FF0000000000FF
:102FF0000000F2FF00000000000000000000F2FFEF
:1030000000000000000000000000000000000000C0
:10301000000000000000000000F2FF0000000000BF
:103020000000000000F2FF000000000000000000AF
:1030300000F2FF000000000000000000000000009F
:103040000000000000000000000000000000000080
:103050000000000000000000F2FF0000424D3803B5
:1030600000000000000036000000280000001000F2
:103070000000100000000100180000000000020322
:103080000000120B0000120B000000000000000006
:103090000000000000000000000000000000000030
:1030A0000000000000000000000000000000000020
:1030B0000080800080800080800080800000000010
:1030C00000000000FF0000FF000000000000000002
:1030D00000000000000000000000000000008080F0
:1030E00000FFFF00FFFF00FFFF0080800000FF00E7
:1030F00000FF0000000000FF0000FF0000000000D3
:103100000000000000000000000000808000FFFFC1
:1031100000FFFF00FFFF00FFFF0000FF0000FF00B7
:1031200000000000000000000000FF0000FF0000A1
:103130000000000000000000808000FFFF00FFFF93
:1031400000FFFF00FFFF0000FF0000FF0000000085
:1031500000000000000000000080800000FF000070
:10316000FF00808000808000FFFF00FFFF00FFFF66
:1031700000FFFF0000FF0000FF0080800000000053
:10318000000000000000000000808000FFFF000041
:10319000FF0000FF00FFFF00FFFF00FFFF00FFFF39
:1031A0000000FF0000FF00FFFF0080800000000023
:1031B000000000000000000000808000FFFF00FF12
:1031C000FF0000FF0000FF00FFFF00FFFF0000FF07
:1031D0000000FF00FFFF00FFFF00808000000000F4
:1031E000000000000000000000808000FFFF00FFE2
:1031F000FF00FFFF0000FF0000FF0000FF0000FFD6
:1032000000FFFF00FFFF00FFFF00808000000000C4
:10321000000000000000000000808000FFFF00FFB1
:10322000FF00FFFF00FFFF0000FF0000FF00FFFFA7
:1032300000FFFF00FFFF00FFFF0080800000000094
:10324000000000000000000000808000FFFF00FF81
:10325000FF00FFFF0000FF0000FF0000FF0000FF75
:1032600000FFFF00FFFF00FFFF0080800000000064
:10327000000000000000000000808000FFFF00FF51
:10328000FF0000FF0000FF00FFFF00FFFF0000FF46
:103290000000FF00FFFF00FFFF0080800000000033
:1032A000000000000000000000808000808000001E
:1032B000FF0000FF00808000FFFF00FFFF00FFFF16
:1032C0000000FF0000FF00FFFF0080800000000002
:1032D00000000000000000000000000000FF0000EF
:1032E000FF00000000000000808000FFFF00FFFFE3
:1032F00000FFFF0000FF0000FF00808000000000D2
:1033000000000000000000000000FF0000FF0000BF
:103310000000000000000000000000808000FFFFAF
:1033200000FFFF00FFFF0000FF0000FF00000000A3
:1033300000000000000000FF0000FF00000000008F
:10334000000000000000000000000000000080807D
:1033500000FFFF00FFFF00FFFF0000FF0000FF0075
:1033600000000000FF0000FF00000000000000005F
:10337000000000000000000000000000000000004D
:103380000080800080800080800080800000FF003E
:1033900000FF000009000000000000000003FFCF54
:1033A000073F0000003F000F000C60FCF00F6FFCB7
:1033B000F00F6F0C60000BF0E118C2FFFF18C4386B
:1033C0007815FE0083018301FEF0000FF0000F7FEF
:1033D00080C180C1007F0F3E3FC3E0C3C33E4E00AB
:1033E00038C0E70080033F0007F00F0E7001800730
:1033F00001800E70F00F0B360008007F00080036C9
:10340000000F000300030003F87F00030003000324
:1034100005008000400F00010001000100010001D3
:10342000000100010300C00900E0001FF0000E00D1
:103430000BFC3F07E003C007E0FC3F070CC0FFFFA9
:1034400000C00B06F003C803C687C17CC00B066032
:1034500003C0C3C0E3E03E3F0BC00330030E03FFD5
:10346000FF00030BFFE0C3C0C3C0C3E1033F0BF881
:103470003F8EE0C3C0C3E1003F0B030003F0030F26
:10348000F3000F000B3C3EC3E183C0C3E13E3E0BA3
:10349000FC0087C303C30771FC1F03070707006015
:1034A000073F00010F000380048004400820102023
:1034B0001010200FC00CC00CC00CC00CC00CC00CF5
:1034C000C00C0F1020201020104008800480040041
:1034D0000309070003CF83017E0013E01F1C60E295
:1034E0008F11101110F11F02100C10F00F0D00FCC5
:1034F000F00F0F0C0F0CF00F00FC0BFFFFC3C0C34D
:10350000C0C3E13E3F0DF81F0E7003C003C003C0EF
:1035100006600DFFFF03C003C007E00E70F00F0B45
:10352000FFFFC3C0C3C0C3C003C00BFFFFC300C3C2
:1035300000C300C3000DF81F0E7003C003C303C314
:10354000067F0DFFFFC000C000C000C000FFFF07E6
:1035500003C0FFFF03C00900C003C003C0FF7F0B0F
:10356000FFFFC001300E0E3001C009FFFF00C00098
:10357000C000C00FFFFF1F00E001000EE0011F00B0
:10358000FFFF0DFFFF0F00F800800F00F8FFFF0F97
:10359000F81F0E7003C003C003C00E70F81F0BFFAE
:1035A000FF030303038701FC000FF81F0E7003C025
:1035B00003C003C00E70F81F0DFFFF03030307874E
:1035C0000DFC7000800B7C60C7C083C183E3063EA6
:1035D0000B03000300FFFF030003000DFF3F00602B
:1035E00000C000C00060FF3F0B3F00C01F00E0C0F4
:1035F0001F3F00131F00E01F00E0E01F1F00E01F3F
:1036000000E0E01F1F000F01800660381CC003703F
:103610000E0E7001800B0F00700080FF70000F0015
:103620000B03F003CEC3C133C00FC007FFFF01007F
:103630000100090E00F001001E00E0070480048074
:10364000FCFF0B40003800060038004000130080EB
:10365000008000800080008000800080008000806A
:10366000070200040008000B003860CC60C66066EA
:10367000C0FF0BFFFFC0C060C0E0E0803F09803F9B
:10368000E0E060C060C00B803FE0E060C06060FFD1
:10369000FF0B803FE06660C660C6806707FFFF6182
:1036A0000061000B800FE0D860906090E07F0BFF1E
:1036B000FFC00060006000C0FF03E3FF0560C0E3DF
:1036C0007F0BFFFF0006800DC03020C003FFFF0FFF
:1036D000E0FF40006000C0FF40006000C0FF0BE062
:1036E000FFC00060006000C0FF0B803FE0E060C0F2
:1036F000E0E0803F0BE0FFC0306030E038801F0B1F
:10370000800FE03860306010E0FF07E0FFC000602D
:103710000009C0E360C260C4E07807FC7F60C0605D
:10372000C00BE07F00C000C00060E0FF0BE00000C5
:103730001F00E0001FE0000FE00F00F0001FE0009E
:10374000001F00E0E01F0B2080C071000EC0712040
:10375000800BE001009E0060001EE0010960E06057
:10376000DC60C3E0C0098000C0017E7F018003FFF0
:10377000FF0901807E7FC00180000F0C000600065B
:10378000000E000C000C00060009FEFF0280028003
:10379000FEFF190600060006000600FEFFC600C672
:1037A00000C6C0C6C0C0C08061003F0FFEFF06005B
:1037B0000600060006000600060005000000C00D19
:1037C000E0FF600068006400620060000B00000021
:1037D000C00000000000C00B00C0000000C00000DE
:1037E00000C00F600060006000FEFF6000600060CD
:1037F000000F608060806080FEFF6080608060807D
:1038000011C006E00FDC76C6C6C6C006C00C60302C
:103810001821FC00868102618619FC07C07E30C336
:103820000C8102C3007E0000007E00C3008100C343
:10383000007E1F00C000C0FE7F06000600060006D6
:1038400000FEFF80C180C180C180C180C1006300D3
:103850003E090004001B803140401BFEFF800180B8
:103860000180018001FEFF80C180C180C180C180D4
:10387000C10063003E11FEFF00038000E001180656
:10388000041802600080170600060006000600FE0D
:10389000FFC600C600C600C600800100FF11FEFF83
:1038A00000C000C000C000C000C000C0FEFF110C7E
:1038B00000FEFFCC006C006C006000E00080FF05A3
:1038C0003C0002000520001E00093C0002003C00F4
:1038D00002000920001E0020001E00090007800FC2
:1038E000800F00070D000400040004000400040021
:1038F000041D00040004000400040004000400048B
:10390000000400040004000400040004000409FE94
:10391000FF02800280FEFF1502000200FE0002008E
:103920000200FE003E00C0003E00FE001D00C00080
:10393000C0E07F6000600060006000E0FF00C60043
:10394000C600C600C600C400780940408031001B94
:10395000000419E0FF0006000600060006E0FF0074
:10396000C600C600C600C600C400780FE0FF000411
:103970000802840D421020600080110C00FEFFCC74
:10398000006C0060006000E000C0FF0FE0FF00C0BE
:1039900000C000C000C000C0E0FF011502001CC054
:1039A00060C080C3003C000C800360001C0002006B
:1039B0000FE000060F087008800C780607E0000D85
:1039C000007000C000C000C000E0FE3F0FB037E054
:1039D0001C601860186018E01CB0370FFEFF06006E
:1039E0000600060006000600070003FEE10F380F80
:1039F000E618C6308661064304E60C3C11FEFF86DD
:103A0000C186C186C186C186C186C106C017E00FC6
:103A100018300440C28732981290129022880440D5
:103A20001830E00F17F01F98318C6186C186C1866F
:103A3000C106C006C00C60183020080F0004001B2F
:103A400080314044001B803140400FC000C000C0A6
:103A500000C000C000C000C00F09000C000C000C2A
:103A6000000C17E00F18300440E29F2282228222CD
:103A70008EC29104401830E00F050000FEFF091CC3
:103A800000220022001C000F00C300C300C3F0FF8F
:103A900000C300C300C303FEFF03E6FF0DE0FF60A9
:103AA000006000600060007C000BF0FF0010001060
:103AB0000010F01F117800FC00FE01FEFF0600065A
:103AC00000FEFF06000300030F803FCC6660C66067
:103AD000C660C6CCC680671BFEFF3C00F0008003BA
:103AE000001E0078FEFF0000E03118361836183648
:103AF000F03311001FC06660C660C660C660C0407B
:103B00004080200F40408031001B40448031001B2A
:103B10000004050000E6FF137818CC6086E086C13B
:103B200086C106C106C30C62183C0DC06360C66046
:103B3000C660C460CCC078070C00E0FF0C000F002A
:103B4000E0801FFC060306FC06801F00E00BFFFF61
:103B500083C183C183C1007F0DFFFF83C183C18304
:103B6000C1C7E17C3E0BFFFF03000300030003001D
:103B70000F00C000F8FFC703C003C0FFFF00C00B69
:103B8000FFFF83C183C183C183C11703800770789E
:103B90000C80030001FFFF00018003780C07700315
:103BA000800B1C3807E083C1C3E37C3F0DFFFF009F
:103BB000380007E0001C00FFFF0DFFFF0038000782
:103BC000E0001C00FFFF0BFFFF0001F0060E3803B2
:103BD000C00D00C0FF7F030003000300FFFF0FFFC5
:103BE000FF3E00C00F00F0E00F1E00FFFF0DFFFFC3
:103BF0008001800180018001FFFF0FF00F0E700334
:103C0000C003C003C00E70F00F0DFFFF03000300E0
:103C100003000300FFFF0BFFFF030303030303FE87
:103C2000000DF80F0E7003C003C006601C180B03D4
:103C3000000300FFFF030003000B0FC0F0E1001EB4
:103C4000E0011F000FE00718180C30FFFF0C3018C0
:103C500018E0070D03C01C3CE003E0071C3803C05C
:103C60000FFFFF00C000C000C000C0FFFF00C00B7E
:103C7000FF01000700060003FFFF13FFFF00C00065
:103C8000C000C0FFFF00C000C000C0FFFF17FFFF63
:103C900000C000C000C0FFFF00C000C000C0FFFFA8
:103CA000008000800F03000300FFFF80C180C180FF
:103CB000C1007F0FFFFF80C180C180C1007F000075
:103CC000FFFF0BFFFF80C180C180C1007F0D0C385A
:103CD00007E083C183C18E71F81F13FFFF8001F8D5
:103CE0000F0E3003C003C003C00C70F00F0D7EE058
:103CF000C71D830383018301FFFF0BC07C30C630E7
:103D0000C63063E0FF0BFC3F67E033C073E0C33FA6
:103D100009F0FF30C630C6E07D07F0FF300030000C
:103D20000B00F0F0CF30C0F0FF00C00BC03F70635D
:103D300030C330E3C0330F30C0E03D0002F0FF007D
:103D400002E03D30C009C07030C030C6E07D0BF0ED
:103D5000FF00380007C000F0FF0BF0FF0338040736
:103D6000C300F0FF09F0FF0002D03D30C00B00C0DF
:103D7000F0FF30003000F0FF0FF0FFF001003E00D8
:103D8000C0003EF001F0FF0BF0FF00060006000649
:103D9000F0FF0BC03F70E030C070E0C03F0BF0FFA1
:103DA000300030003000F0FF0BF07F6010302070EA
:103DB00030C01F0BC03F70E030C030C0C0300B308F
:103DC000003000F0FF300030000B7000809F00E0FA
:103DD000801FF0000FC03F30C030C0FFFF30C03048
:103DE000E0C03F0B30C0C03C000FE07010800DF011
:103DF000FF00C000C000C0F0FF00C00BF007000EC5
:103E0000000C000CF0FF0BF0FF00C0F0FF00C0F052
:103E1000FF0FF0FF00C0F0FF00C0F0FF00C000C0C7
:103E20000B3000F0FF00C600C6007C0FF0FF00C39F
:103E300000C300C3007E0000F0FF0BF0FF00C300D2
:103E4000C300C3007E0BC03030C030C670E6C03F38
:103E50000FF0FF0006C03F70E030C070E0C03F09C7
:103E6000E0F3300E3006F0FF090000000000000013
:103E70000003FECF093E00000000003E00130004D6
:103E800020F4E00F3E04200420F4E00F3E04200064
:103E90000FE030B0611843FCFF18423066203C1937
:103EA000FC00860102818661FC180007C001307E9B
:103EB0000CC3028100C3007E15003C3C63C6C18672
:103EC000C1C6C33CC600680038006400C2033E009F
:103ED00009C00F783C0C4002800706803870E01F54
:103EE0000BC0008006E0018006C0000F0001000149
:103EF0000001E00F00010001000105008000400FFB
:103F000000010001000100010001000100010300A7
:103F1000C00900E0001FF0000E0011F01FFC7FFE42
:103F2000FF06C006C0FEFFFC7FF01F0D60003000E2
:103F30001800FCFFFEFFFEFF1318C01CF01EF80661
:103F4000FE06DF86CFFEC7FCC3F8C01118301C7018
:103F50001EF086C1C6C1FEFFFC7F783E13001C0028
:103F60001FE0197818FEFFFEFFFEFF001800181171
:103F7000E031FE71DEF0C6C0C6C1C6FF867F001FFD
:103F800011F01FFC7FFCFF86C186C19EFF1C7F18BD
:103F90003E110600060006F886FFE6FFFE077E00DB
:103FA0000E0011383C7C7EFEFF86C186C1FEFF7C80
:103FB0007E383C11F830FC71FEF306C306C3FE7F69
:103FC000FC7FF01F05183018300718300018F0007B
:103FD0000F00038004800440082010201010200FE0
:103FE000C00CC00CC00CC00CC00CC00CC00C0F101E
:103FF000202010201040088004800400030F1800C7
:104000000C00060006CE06038C0078001DC00F7061
:104010003018608C4FC498649026902288229EE4C9
:104020009F64900C98180CF0071700C00038000F20
:10403000C00C380C060C380CC00C000F003800C047
:1040400011FEFF86C186C186C186C186C1CC6330A0
:104050003E15E00F18300C6006C006C006C006C052
:104060000C601830200813FEFF06C006C006C0060C
:10407000C006C00C601830E00F11FEFF86C186C17B
:1040800086C186C186C186C106C011FEFF86018633
:10409000018601860186018601060015E00F1830B1
:1040A0000C6006C006C006C006C30C63183320FFB0
:1040B00011FEFF800180018001800180018001FEEE
:1040C000FF070280FEFF02800D007000C000C000EC
:1040D000C000C0FE7F11FEFF00068001E00118064F
:1040E0000618006000800FFEFF00C000C000C00086
:1040F000C000C000C013FEFF3800C003001C00E079
:10410000001CC0033800FEFF0FFEFF1C0060008093
:1041100003000C0070FEFF15E00F18300C6006C0A5
:1041200006C006C006C00C601830E00F11FEFF0686
:104130000306030603060306038C01780015E00F4F
:1041400018300C6006C006C006D006D00C60187887
:10415000E08F13FEFF060306030603060306038C27
:1041600005703800C0137818CC6086E086C186C11F
:1041700006C106C30C62183C1306000600060006C2
:1041800000FEFF060006000600060011FE3F00606C
:1041900000C000C000C000C00060FE3F170600382D
:1041A00000C0010006003800C000380006C0013819
:1041B0000006001F0E0070008003001C00F0000FBE
:1041C000F0000E00F000000F00F0001C80037000F3
:1041D0000E00170280044018302008C0060001C0FD
:1041E000062008183004400280170600080030003E
:1041F0004000800100FE8001400030000800060001
:104200001106E006D006CC06C286C166C016C00EF6
:10421000C007FCFF04800480090E00F001001E00AE
:10422000E00704800480FCFF0B40003800060038E3
:10423000004000130080008000800080008000802B
:1042400000800080008007020004000800118078D0
:1042500040C460C660C660C660C6C07F00C00FFEB6
:10426000FFC06060C060C060C0C060803F0F803F22
:10427000C06060C060C060C060C0C0600F003FC070
:104280006060C060C060C0C060FEFF0F803FC0665D
:1042900060C660C660C6C0C680670B60006000FC78
:1042A000FF660066000FC04F60D860986098609805
:1042B0006098E07F0FFEFFC000600060006000E0DB
:1042C00000C0FF03E6FF09008000800080F67F0F3A
:1042D000FEFF00040003800C40102060008003FEFD
:1042E000FF17E0FFC000600060006000C0FFC0007A
:1042F000600060006000C0FF0FE0FFC00060006071
:10430000006000E000C0FF0F803FC06060C060C080
:1043100060C0C060803F0FE0FF60186018601860E8
:10432000186018C00F0FC00F601860186018601870
:104330006018E0FF09E0FFC000600060000DC0638E
:1043400060C660C660C460CCC0780B60006000FCD2
:10435000FF60C060000FE07F00E000C000C000C050
:104360000060E0FF0FE0000003001C00E0001C0004
:1043700003E00017E000000F00F000180007E00065
:104380000007001800F0000FE0000F2080C0600060
:104390001B0004001BC0602080112000C08000872B
:1043A000007800180007C00020000D60E060D060B9
:1043B000CC60C260C1E0C00B000C001EFCF3060024
:1043C000060003FEFF0B06000600FCF3001E000CB7
:1043D0000F0C00060006000E000C000C0006000981
:1043E000FEFF02800280FEFF19060006000600069E
:1043F00000FEFFC600C600C6C0C6C0C0C0806100C7
:104400003F0FFEFF0600060006000600060006003D
:1044100005000000C00DE0FF60006800640062005D
:1044200060000B000000C00000000000C00B00C0D6
:10443000000000C0000000C00F600060006000FECF
:10444000FF6000600060000F608060806080FEFFA1
:1044500060806080608011C006E00FDC76C6C6C652
:10446000C006C00C60301821FC00868102618619EC
:10447000FC07C07E30C30C8102C3007E0000007EBA
:1044800000C3008100C3007E1F00C000C0FE7F0685
:1044900000060006000600FEFF80C180C180C180CA
:1044A000C180C10063003E090004001B8031404010
:1044B0001BFEFF8001800180018001FEFF80C18022
:1044C000C180C180C180C10063003E11FEFF0003B6
:1044D0008000E0011806041802600080170600063C
:1044E0000006000600FEFFC600C600C600C600802B
:1044F0000100FF11FEFF00C000C000C000C000C0EE
:1045000000C0FEFF110C00FEFFCC006C006C0060D0
:1045100000E00080FF053C0002000520001E0009AD
:104520003C0002003C0002000920001E0020001E8A
:1045300000090007800F800F00070D000400040031
:10454000040004000400041D00040004000400042E
:10455000000400040004000400040004000400043B
:104560000004000409FEFF02800280FEFF15020025
:104570000200FE0002000200FE003E00C0003E00FD
:10458000FE001D00C000C0E07F60006000600060B1
:1045900000E0FF00C600C600C600C600C4007809DF
:1045A00040408031001B000419E0FF0006000600B7
:1045B000060006E0FF00C600C600C600C600C40034
:1045C000780FE0FF00040802840D42102060008094
:1045D000110C00FEFFCC006C0060006000E000C029
:1045E000FF0FE0FF00C000C000C000C000C0E0FF3F
:1045F000011502001CC060C080C3003C000C800399
:1046000060001C0002000FE000060F087008800C1C
:10461000780607E0000D007000C000C000C000E098
:10462000FE3F0FB037E01C601860186018E01CB047
:10463000370FFEFF06000600060006000600070012
:1046400003FEE10F380FE618C6308661064304E624
:104650000C3C11FEFF86C186C186C186C186C1861B
:10466000C106C017E00F18300440C287329812907C
:104670001290228804401830E00F17F01F98318CF8
:104680006186C186C186C106C006C00C6018302094
:10469000080F0004001B80314044001B8031404063
:1046A0000FC000C000C000C000C000C000C00F09A3
:1046B000000C000C000C000C17E00F18300440E256
:1046C0009F22822282228EC29104401830E00F0580
:1046D0000000FEFF091C00220022001C000F00C386
:1046E00000C300C3F0FF00C300C300C303FEFF0309
:1046F000E6FF0DE0FF60006000600060007C0011DC
:10470000E0FFE0FF001000100010E00FE01F0010BD
:10471000117800FC00FE01FEFF06000600FEFF0609
:10472000000300030F803FCC6660C660C660C6CC45
:10473000C680671BFEFF3C00F0008003001E00786F
:10474000FEFF0000E031183618361836F03311003D
:104750001FC06660C660C660C660C0404080200F53
:1047600040408031001B40448031001B00040500A4
:1047700000E6FF137818CC6086E086C186C106C1CA
:1047800006C30C62183C0DC06360C660C660C4609E
:10479000CCC078070C00E0FF0C001700C000380008
:1047A0000FC00C380C060C380CC00C000F00380081
:1047B000C011FEFF86C186C186C186C186C106635F
:1047C000003E11FEFF86C186C186C186C186C1CC6E
:1047D00063303E0FFEFF06000600060006000600DE
:1047E00006001900C000F8FEC706C006C006C006D5
:1047F000C006C006C0FEFF00C000C011FEFF86C19B
:1048000086C186C186C186C186C106C01B028004DE
:10481000400830300C40028001FEFF800140023031
:104820000C0830044002801318300C6006C086C1AA
:1048300086C186C1CCC17863003E0FFEFF007000C8
:104840001E8003F0001C00FEFF0FFEFF0070011E23
:104850008103F1001C00FEFF11FEFF00038000E059
:104860000118060418026000801500C000C0FE7F19
:10487000060006000600060006000600FEFF13FE06
:10488000FF3800C003001C00E0001CC0033800FE1D
:10489000FF11FEFF80018001800180018001800105
:1048A000FEFF15E00F18300C6006C006C006C006FB
:1048B000C00C601830E00F11FEFF06000600060075
:1048C000060006000600FEFF11FEFF0603060306B3
:1048D00003060306038C01780015E00F18300C6006
:1048E00006C006C006C006C00C60183020081306BB
:1048F00000060006000600FEFF0600060006000691
:10490000001502001CC060C080C3003C000C800386
:1049100060001C0002001B8003600C301818301867
:10492000301830FEFF1830183018303018600C8006
:1049300003170280044018302008C0060001C0069A
:10494000200818300440028015FEFF00C000C0009F
:10495000C000C000C000C0FEFF00C000C013FE01C8
:104960000003000600060006000600060003FEFF26
:1049700017FEFF00C000C000C000C0FEFF00C00066
:10498000C000C000C0FEFF1BFEFF00C000C000C092
:1049900000C0FEFF00C000C000C000C0FEFF00C09D
:1049A00000C015060006000600FEFF80C180C18021
:1049B000C180C10063003C13FEFF80C180C180C183
:1049C00080C10063003E0000FEFF0FFEFF80C1803B
:1049D000C180C180C10063003E17200818300C6000
:1049E00006C006C086C186C186C18C619831F01FA1
:1049F00017FEFF80018001F00F1C300EE006C0069C
:104A0000C00EE01C70E00F1370C08C390605060361
:104A10000603060306030603FEFF11807840CC6000
:104A2000C660C660C660E6C07F00C00FF01FDC60D5
:104A300066C066C066C0C660833F0FE0FF60C660A8
:104A4000C660C660C660C6C0790DE0FF6000600049
:104A50006000600060001300C000F0E0CF60C06044
:104A6000C060C060C0E0FF00C00F803FC06660C68D
:104A700060C660C6C0C68067172080404080300096
:104A8000090006E0FF000600098030404020800F4A
:104A9000C060604060C060C660C660E6C0790FE07C
:104AA000FF00600038000E8003C000E0FF0FE0FF51
:104AB00006600838080E8C03C600E0FF0FE0FF0018
:104AC000040002800D4010206000801300C000C070
:104AD000E07F60006000600060006000E0FF13E0C5
:104AE000FFE001800F007C00C0007C800FE001E04F
:104AF000FF0FE0FF00060006000600060006E0FFCC
:104B00000F803FC06060C060C060C0C060803F0F69
:104B1000E0FF60006000600060006000E0FF0FE008
:104B2000FF60186018601860186018C00F0F803F91
:104B3000C06060C060C060C060C0C0600F600060E6
:104B4000006000E0FF600060006000112000E08075
:104B50008087007C001C8007E000200017801FC0B9
:104B600030402040204030E0FF4030402040204096
:104B700030801F0F2080C060001B0004001BC0603D
:104B8000208013E0FF00C000C000C000C000C0E0F3
:104B9000FF00C000C00FE007000E000C000C000C6E
:104BA000000CE0FF17E0FF00C000C000C000C0E044
:104BB000FF00C000C000C000C0E0FF1BE0FF00C05D
:104BC00000C000C000C0E0FF00C000C000C000C0C6
:104BD000E0FF00C000C01360006000E0FF00C600FE
:104BE000C600C600C600C4007813E0FF00C600C6B9
:104BF00000C600C600C400780000E0FF0FE0FF0020
:104C0000C600C600C600C600C4007811802040401F
:104C100060C060C660C660C6C066001F15E0FF00C9
:104C2000060006803FC06060C060C060C0C0608099
:104C30003F0FC0836066601C600C600C600CE0FF7E
:104C40001100000000000000000000000000000053
:104C50000007FECFFECFFECF133E003E003E000019
:104C600000000000003E003E003E001B000660C643
:104C700060FEE0FFF83FFEC77EFEE6FFF83FFE075E
:104C80007E06660660001538607CE0FEC0CEC1FE80
:104C9000FFFEFF06E706FE0E7E0C3C1F38807CC040
:104CA000FEE0C670C63CFE1E7C0FB83BE07DF0FE09
:104CB00078C61CC60EFE067C02381F001C007E0053
:104CC0007FBCF3FCE1FEC3C6C7E6CF7EDE7EFC1CE4
:104CD000F000F800FF009F0007073E003E003E0086
:104CE00011C007F01FF83F3C781C700EE006C006AC
:104CF000C01106C006C00EE01C703C78F83FF01FE3
:104D0000C0071740004000C004C00EF80F38033839
:104D100003C00FC00EC00440001B80018001800151
:104D200080018001F83FF83FF83F80018001800159
:104D3000800180010900B800F800780038170003EE
:104D4000000300030003000300030003000300034B
:104D5000000300030900E000E000E000E013008031
:104D600000E000F8007FC01FF007FC013C000C00D1
:104D700019E00FF83FFC7F1EF00EE006C006C00EE3
:104D8000E01EF0FC7FF83FE00F1708C00CC00CC01D
:104D90000CC0FEFFFEFFFEFF00C000C000C000C050
:104DA000150CE00EF006F806FC06CE06C78EC3FE14
:104DB000C1FCC078C0130CE08EE186C186C186C1FB
:104DC000CEE3FEFF7C7F383C19000C000F800FC043
:104DD0000DF00C780C3C0CFEFFFEFFFEFF000C00FB
:104DE0000C13FEC1FEC1FEC186C186C386E3067FE9
:104DF000067F063C17E00FF83FFC7F3CF38EC18630
:104E0000C186C186E38E7F0C7F001E17060006C098
:104E100006F006FC063F860FE603F6003E001E0085
:104E20000E0017003C387E7CFFFEE3C6C1C6C1CE33
:104E3000C3FEE77E7F3C7E003C17F000FC61FCE394
:104E40008EC306C306C306E39E79FC7FF83FE00FDE
:104E50000970387038703870380970B870F8707828
:104E60007038150001000180038003C006C0066091
:104E70000C600C701C301815600660066006600639
:104E800060066006600660066006600615301870F1
:104E90001C600C600CC006C006800380030001008B
:104EA00001171C001E001E0006CC06CE06CF86038E
:104EB000CE01FE007C0038001DC00FF03FF87F3CA3
:104EC000708CEFE6DFE29F3298129C16CFFEDFFC7B
:104ED0001FF81F00101F00C000F000FC807FE00FD3
:104EE000FC0F7E0C1E0CFE0CFC0FE01F807F00FCF4
:104EF00000F000C017FEFFFEFFFEFF86C186C186E0
:104F0000C1CEC3FEE77CFF387E003C1BC007F01F0C
:104F1000F83F3C781C700EE006C006C006C006C014
:104F200006C00EE00C6019FEFFFEFFFEFF06C00685
:104F3000C006C006E00EE01C70FC7FF83FE00F17D3
:104F4000FEFFFEFFFEFF86C186C186C186C186C107
:104F500086C106C000C017FEFFFEFFFEFF06030667
:104F6000030603060306030603060306001BC00729
:104F7000F01FF83F3C781C700EE006E006C306C345
:104F800006C306FF0EFF0C7F17FEFFFEFFFEFF802D
:104F9000018001800180018001FEFFFEFFFEFF17FE
:104FA00006C006C006C006C0FEFFFEFFFEFF06C02C
:104FB00006C006C006C01300C006C006C006C00674
:104FC000C006E0FEFFFE7FFE1F1BFEFFFEFFFEFF92
:104FD0008003E007F00F781E3C3C1E780EF006E0E0
:104FE00002C0008017FEFFFEFFFEFF00C000C000F1
:104FF000C000C000C000C000C000C01BFEFFFEFF1C
:10500000FEFFFE00FC07E01F001EC01FF807FE00A9
:10501000FEFFFEFFFEFF19FEFFFEFFFEFF7E00F813
:1050200001E003C00F003F00FCFEFFFEFFFEFF1B80
:10503000E00FF83FFC7F1C700EE006C006C006C003
:105040000EE01C70FC7FF83FE00F17FEFFFEFFFE36
:10505000FF06030603060386038E03FE01FC0178A8
:10506000001DE00FF83FFC7F1C700EE006C006C07C
:1050700006C00EE01CF0FC7FF8FFE0EF00C019FE58
:10508000FFFEFFFEFF06030603060F8E1FFE3DFC1C
:105090007878F000E000C0177860FCE0FEE0CEC158
:1050A00086C186C386C306E70E7F0C7E003C1B06C6
:1050B000000600060006000600FEFFFEFFFEFF06DB
:1050C00000060006000600060017FE1FFE7FFE7F9A
:1050D00000E000C000C000C000E0FE7FFE7FFE1FB9
:1050E0001F02001E007E00FC03F00F807F00FE0008
:1050F000F800FC807FF00FFC037E001E0002001F02
:105100000E00FE07FEFFC0FF00FCC0FFF01FF00115
:10511000F03FE0FF00FCC0FFFEFFFE030E001F0299
:105120008006C00EE03EF87C3CF01EE00FC007E0B9
:105130000FF01E7C7C1EF80EE006C002801F0200ED
:105140000E001E007E00F801E0FF80FFC0FFE001BE
:10515000F00078001E000E00060002001B00E006B2
:10516000F006F806FC06DE06CFC6C7E6C1F6C07E2E
:10517000C03EC01EC00EC011FEFFFEFFFEFF06C0F7
:1051800006C006C006C006C0170C001C007C00F854
:1051900001E003800F003F007C00F000E000801180
:1051A00006C006C006C006C006C0FEFFFEFFFEFF2A
:1051B0001900040007C007E003F8003E003E00F8B5
:1051C00000E003C007000700041F00C000C000C0CB
:1051D00000C000C000C000C000C000C000C000C0CF
:1051E00000C000C000C000C00902000600060004A4
:1051F000001B0038607E70FE30E730C330C330C320
:105200003063F07FE0FFE0FF00C000C017F0FFF068
:10521000FFF0FF00E600C300C300C300E700FF008B
:105220007E003C19801FC03FE07FE07070E030C01E
:1052300030C030C030C030C070E0606017003C004B
:105240007E00FF00E700C300C300C300E7F0FFF0EB
:10525000FFF0FF17801FC03FE07FF0E630E630C66A
:1052600030C670C6F0C7E0E7806715000300030092
:1052700003E0FFF0FFF0FF3003300330033003178B
:10528000C007E04FF0DF70DC30D830D830D870CCB9
:10529000F0FFF07FF03F17F0FFF0FFF0FF00060097
:1052A0000300030003000300FF00FF00FE0D0003E6
:1052B0000003300330FF30FF30FF0F004000C30019
:1052C000C330C330FF307F303F19F0FFF0FFF0FFF5
:1052D0000018003C003E007F00F700E300C10080A2
:1052E00000800B10001000F0FFF0FFF0FF1BF0FF3C
:1052F000F0FFF0FFF0003000F0FFF0FFE0FFF00003
:105300003000F0FFF0FFE0FF17F0FFF0FFF0FFE0EC
:10531000007000300030007000F0FFE0FFC0FF19A7
:10532000801FC03FE07FF0F070E030C030C070E020
:10533000F0F0E07FC03F801F17F0FFF0FFF0FF604C
:105340001C301830183018701CF01FE00FC0071701
:10535000C007E00FF01F701C301830183018700CA8
:10536000F0FFF0FFF0FF15F0FFF0FFF0FFE000703E
:105370000030003000F000F000F00015C061E0E304
:10538000F0C330C730C730C630EE30FE307C003856
:1053900013C000C000F07FF0FFF0FFC0C0C0C0C06D
:1053A000C0C0C017F03FF07FF0FF00E000C000C0B9
:1053B00000E00070F0FFF0FFF0FF1B1000F000F0C5
:1053C00003F00F807F00FE00F000FC007FE00FF094
:1053D00003F00010001F7000F00FF0FFC0FF00F896
:1053E00080FFE01FE001E01FC0FF00FC00FFF0FFB6
:1053F000F00730001B108030C070E0F0F8E03F8014
:105400001F000F803FE079F0F070E030C01080178F
:10541000100070C0F0C1E0E780FF007E801FC00771
:10542000F001700010001930C030E030F030F8307A
:10543000DC30CE30C7B0C3F0C1F0C070C030C01196
:1054400080018001FC7FFEFF7EFE06C006C006C014
:1054500007FEFFFEFFFEFF1106C006C006C07EFE6F
:10546000FEFFFC7F80018001150003800380018026
:105470000180038003000300038003800113F8FF11
:10548000F8FF08800880088008800880F8FFF8FF8F
:105490001D1800180018001800F8FFF8FFF8FF9812
:1054A0000398C198C198E380FF007F003E190E0069
:1054B0000F00030007003FF0FCFFC0FFF0017E007B
:1054C0001F00070001000900E000E000E000E01715
:1054D000E0FFE0FFE0FF640066006700630061003A
:1054E0006000600060001500E000E000E000E00007
:1054F00000000000E000E000E000E01B00C000C091
:1055000000C00000000000C000C000C0000000009B
:1055100000C000C000C017C000C000C000C000FE36
:10552000FFFEFFFEFFC000C000C000C00017C0307B
:10553000C030C030C030FEFFFEFFFEFFC030C030C4
:10554000C030C0301BC006E00FF83FFC7FDC76CED9
:10555000E6C6E6C6C6C6C6C6C6C6C00EE00C601F16
:105560007C80FEE08278FE1E7C7FC0FFF0823CFEE5
:105570000E7C0200007C00FE008200FE007C1F000A
:10558000C000C0F8FFF8FFF87F18001800F8FFF817
:10559000FFF8FF00C300E700FF007E003C0F00049F
:1055A000000E001F803BC071C06040401DF8FFF836
:1055B000FFF8FF00030003F8FFF8FFF8FF00C30047
:1055C000C300E7007F007E003C19F8FFF8FFF8FFFA
:1055D00000038103C107E01EF03C787838F018C062
:1055E00000801B180018001800F8FFF8FFF8FF18DB
:1055F0000398019801800180FF80FF00FF19F8FFE8
:10560000F8FFF8FF00C000C000C000C000C000C02C
:10561000F8FFF8FFF8FF1B04000400FFFFFFFFFF87
:10562000FFC401E400640064006000E0FFE0FFC02C
:10563000FF093C003F003F0039000927003F003FC1
:10564000000F00153E003F003F0039000000000041
:105650003E003F003F0039001527003F003F001F7C
:10566000000000000027003F003F001F0011000F56
:10567000000F801F801F801F801F000F000F17006A
:10568000020002000200020002000200020002000A
:1056900002000200021B00020002000200020002DF
:1056A00000020002000200020002000200020002EA
:1056B00013F8FFF8FF08800880088008800880F849
:1056C000FFF8FF1B02000200FE00FE00FE000200C9
:1056D000FE00FE007E007C00FE00FE00FE001F00BB
:1056E000C000E0E0FFE07FE01F6000E0FFE0FFE0DF
:1056F000FF00C600C600EE00FE007C00380F4040F0
:10570000C060C071803B001F000E00041DE0FFE080
:10571000FFE0FF00060006E0FFE0FFE0FF00C6003C
:10572000C600EE00FE007C003817E0FFE0FFE0FF5F
:1057300004060607871FC33FE179E0F060C00080E0
:105740001B04000400FFFFFFFFFFFFC401E400642F
:105750000060006000E0FFE0FFC0FF15E0FFE0FF39
:10576000E0FF00C000C000C000C0E0FFE0FFE0FFBD
:10577000011F080038C078C0F8C1E1E781FF017E51
:10578000013E011F8107E003F000780018000800C7
:105790001B2000E000E303C70F0E3F0CFC0CF00ED3
:1057A000FC073FC30FE003E00020001300C018C057
:1057B00018C018C018C018E0F8FFF87FF83F1908A3
:1057C00010D81BF81FF00F700E300C300C700EF05C
:1057D0000FF81FD81B081017F8FFF8FFF8FF180084
:1057E00018001800180018001F001F001F00077F76
:1057F000F87FF87FF8153807FC0FFE1FE61CC63847
:10580000C631867186FF06FF00C617F8FFF8FFF95C
:10581000FF19C319C318C318C318C319C319C0018A
:10582000C021F00FFC3FFE7F1E78E7E7F7EF73CE55
:1058300033CC33CC33CC37EC07E01E78FE7FFC3F13
:10584000F00F1B800FE03FF07F707338E338E318F0
:10585000C318C318C318C318C038E0306019000457
:10586000000E001F803BC071C064404E001F803B93
:10587000C071C06040401B800180018001800180B8
:105880000180018001800180018001801F801F80D4
:105890001F170003000300030003000300030003BD
:1058A000000300030003000319F001F8030C0606CF
:1058B0000CFA0BFA0BCA09FA0B360E0C06F803F0B9
:1058C000011718C019C019C019C0F8FFF8FFF8FF78
:1058D00019C019C019C018C00D1C003E00220022BA
:1058E000003E001C001BC030C030C030C030C03093
:1058F000F837F837F837C030C030C030C030C0306B
:105900001718C018C018C018C0F8FFF8FFF8FF1823
:10591000C018C018C018C00F6000600060006300AD
:10592000E3FFE3FFE3FF19E0FFE0FFE0FF6000605B
:105930000060006000600060007C007C007C00155E
:10594000F0FFF0FFF0FF001C00180018001CF01F13
:10595000F01FF01F153C007E00FE00FE00FEFFFE63
:10596000FF02000200FEFFFEFF09000E000E000E07
:10597000000E17001E807F807FC0EDD0CCD0CCD031
:10598000CCC0CDD0CF90CF104F1DFEFFFEFFFC014D
:10599000E00F007FFEFFFEFF0000C0CFE0DFE0DF92
:1059A000E0DFE0DFC0CF17001FC07FC07FE0E66010
:1059B000E660C660C660C660C060E06060194040D6
:1059C000C060C071803B001F404EC064C071803B0E
:1059D000001F000E00041300006000600060006003
:1059E000006300E3FFE3FFE3FF17E060F0E1F8E1AD
:1059F00098C318C318C718C618E638FE307C00389C
:105A000015C061C0E3E0C760C660C660CE60CC6010
:105A1000FC607C0038136000600066006600E6FFF2
:105A2000E0FFE6FF060006001F008000F000FC809B
:105A30007FE00FFC0F7E0C1E0CFE0CFC0FE01F80A5
:105A40007F00FC00F0008017FEFFFEFFFEFF86C116
:105A500086C186C186C186E3867F067F001E17FE4B
:105A6000FFFEFFFEFF86C186C186C1CEC3FEE77C76
:105A7000FF387E003C17FEFFFEFFFEFF060006001B
:105A80000600060006000600060006001F00C00013
:105A9000C000F000FEFEFFFEDFFEC106C006C0062D
:105AA000C0FEFFFEFFFEFF00C000C017FEFFFEFFAE
:105AB000FEFF86C186C186C186C186C186C106C079
:105AC00000C01F06800EE03EF87CFEF81FE007FED7
:105AD000FFFEFFFEFFE007F81F7CFE1EF80EE0064B
:105AE00080170CE00EE086C186C186C186C186C3E0
:105AF000CEE3FE7F7C7F383E19FEFFFEFFFEFF00F7
:105B00007C003F800FE003F8017C00FEFFFEFFFEFB
:105B1000FF19FEFFFEFFFEFF007C023F820FE20343
:105B2000FA017C00FEFFFEFFFEFF19FEFFFEFFFEF6
:105B3000FF8001C003E007780F7C3E1E7C0EF0065C
:105B4000E000801900C000C000E0FEFFFE7FFE1FE5
:105B5000060006000600FEFFFEFFFEFF1BFEFFFE26
:105B6000FFFEFFFE00FC07E01F001EC01FF807FE3F
:105B700000FEFFFEFFFEFF17FEFFFEFFFEFF80019F
:105B80008001800180018001FEFFFEFFFEFF1BE01F
:105B90000FF83FFC7F1C700EE006C006C006C00E6A
:105BA000E01C70FC7FF83FE00F17FEFFFEFFFEFFDA
:105BB00006000600060006000600FEFFFEFFFEFFD0
:105BC00017FEFFFEFFFEFF06030603060386038E95
:105BD00003FE01FC0178001BC007F01FF83F3C7872
:105BE0001C700EE006C006C006C006C006C00EE06F
:105BF0000C601F060006000600060006000600FEF8
:105C0000FFFEFFFEFF060006000600060006000677
:105C1000001F02000EC03EC0FCC0F0E3C0FF007FCA
:105C2000003F800FE003F8017C001E000E00020020
:105C30001FC007E00FF01F383838381830FEFFFE5D
:105C4000FFFEFF183038383838F01FE00FC0071F4C
:105C5000028006C00EE03EF87C3CF01EE00FC0075C
:105C6000E00FF01E7C7C1EF80EE006C002801BFEDA
:105C7000FFFEFFFEFF00C000C000C000C000C0FE6D
:105C8000FFFEFFFEFF00C000C017FE01FE03FE077F
:105C900000070006000600070003FEFFFEFFFEFFF0
:105CA0001BFEFFFEFFFEFF00C000C0FEFFFEFFFE6A
:105CB000FF00C000C0FEFFFEFFFEFF1FFEFFFEFF55
:105CC000FEFF00C000C0FEFFFEFFFEFF00C000C0E0
:105CD000FEFFFEFFFEFF00C000C01906000600FE2A
:105CE000FFFEFFFEFF80C180C180C180E3807F0096
:105CF0007F003E19FEFFFEFFFEFF80C180C180E3F2
:105D0000807F007F001EFEFFFEFFFEFF17FEFFFEEE
:105D1000FFFEFF80C180C180C180C180E3807F0021
:105D20007F001E190C600EE006C086C186C186C1C8
:105D30008EE18EE19C79FC3FF81FE00F1FFEFFFE15
:105D4000FFFEFF8001F00FFC3FFC7F1EF006C00647
:105D5000C006C01EF0FC7FF83FE00F1B008000C0B3
:105D600078E0FCF1FC798E3D860F060706030603FA
:105D7000FEFFFEFFFEFF1B0038607E70FE30E73046
:105D8000C330C330C33063F07FE0FFE0FF00C000EA
:105D9000C019801FC07FE07FF0E670C330C330C3FE
:105DA00030C330E7307F307E003C17F0FFF0FFF06B
:105DB000FF30C630C630C630C630CFF0FFF0FDE051
:105DC0007917F0FFF0FFF0FF3000300030003000B6
:105DD00030003000300030001B00C000E000FCF05C
:105DE000FFF0DFF0C330C030C0F0FFF0FFF0FF0085
:105DF000C000C017801FC03FE07FF0E630E630C62D
:105E000030C670C6F0C7E0E780671F008030C0F082
:105E1000F0F0FBC03F001FF0FFF0FFF0FF001FC0DD
:105E20003FF0FBF0F030C0008015606070E030C3E0
:105E300030C330C330C330E7F0FFF07FE03C17F0F1
:105E4000FFF0FFF0FF003C001E000F8007C003F0D2
:105E5000FFF0FFF0FF17F0FFF0FFF0FF003C101E17
:105E6000100F9007C003F0FFF0FFF0FF17F0FFF0F6
:105E7000FFF0FF00060007C01FE03FF07970F03030
:105E8000C000801900C000E000F8F07FF03FF00F84
:105E9000300030003000F0FFF0FFF0FF19F0FFF0AD
:105EA000FFF0FFF007800F003C003C800FF007F090
:105EB000FFF0FFF0FF17F0FFF0FFF0FF0006000615
:105EC000000600060006F0FFF0FFF0FF19801FC07B
:105ED0003FE07FF0F070E030C030C070E0F0F0E004
:105EE0007FC03F801F17F0FFF0FFF0FF3000300051
:105EF000300030003000F0FFF0FFF0FF17F0FFF04F
:105F0000FFF0FF601C301830183018701CF01FE0D4
:105F10000FC00719801FC03FE07FE07070E030C005
:105F200030C030C030C030C070E060601B30003026
:105F300000300030003000F0FFF0FFF0FF300030A4
:105F40000030003000300019100070C0F0C1F0C304
:105F5000C0FF007F003E800FE003F00170001000E2
:105F60001BC007F01FF01F301C3018F0FFF0FFF0CF
:105F7000FF30183018F01FF01FC0071B108030C012
:105F800070E0F0F0E07F801F000F803FE079F0F0DC
:105F900070E030C0108019F0FFF0FFF0FF00C0008B
:105FA000C000C000C0F0FFF0FFF0FF00C000C0174D
:105FB000F003F007F00F000E000C000C000C000EB8
:105FC000F0FFF0FFF0FF1BF0FFF0FFF0FF00C0005C
:105FD000C0F0FFF0FFF0FF00C000C0F0FFF0FFF0E6
:105FE000FF1FF0FFF0FFF0FF00C000C0F0FFF0FF68
:105FF000F0FF00C000C0F0FFF0FFF0FF00C000C0E5
:106000001730003000F0FFF0FFF0FF00C600C600C0
:10601000E600FE007C003C19F0FFF0FFF0FF00C638
:1060200000C600E600FE007C0038F0FFF0FFF0FF45
:1060300015F0FFF0FFF0FF00C600C600C600C60066
:10604000FE007C003C17606070E030C030C630C697
:1060500030C630E670F6E07FE03F801F1DF0FFF0B5
:10606000FFF0FF0006801FE07FF0FF70E030C030DF
:10607000C070E0F0FFE07F801F170080E0E1E0FBF0
:10608000F0FF303F300E30063006F0FFF0FFF0FF3B
:1060900021000000000000000000000000000000DF
:1060A00000000000000000000000000000000000F0
:1060B000001DFE0F007EFEFF1F7EFEFF7F7EFEFFA7
:1060C0007F7EFEFF7F7EFEFF3F7EFE0F007E49FE4D
:1060D000000000FE070000FE070000FE070000FEB3
:1060E000070000FE070000FE0000000000000000A6
:1060F0000000000000000000000000FE000000FEA4
:10610000070000FE070000FE070000FE070000FE7B
:10611000070000FE00000065001E7800001E786089
:10612000001E787E001EF87F001EFF7F00FEFF7FAE
:1061300080FFFF1FF8FFFF01FEFF7F00FEFF7800DA
:10614000FE1F7800FE1E78000E1E7860001E787E0E
:10615000001EF87F001EFF7F00FEFF7F80FFFF1FF5
:10616000F8FFFF01FEFF7F00FEFF7800FE1F7800B2
:10617000FE1E78000E1E7800001E78005D0000C034
:1061800000C00FC003E03FC007F07FE00FF8FFE062
:106190001FFCFFE03FFCFFC13FFEF8813FFEF00126
:1061A0007F7EE0037EFFFFFFFFFFFFFFFFFFFFFF9C
:1061B000FF7EC0077EFEC0077EFCC1073FFC838FC9
:1061C0003FFC83FF3FF883FF1FF001FF0FE001FF5B
:1061D0000F8001FE070000F8017DE00F0000F83F8E
:1061E0000000FC7F0000FEFF00001EF000000EE03B
:1061F00000000EE000401EF00070FEFF007CFC7FFF
:10620000007FF83FC07FE00FF01F0000FC07000098
:10621000FF0100C07F0000F01F0000FC070000FF2E
:106220000100C07F0000F01FF007FC07FC1FFE010B
:10623000FE3F7E00FF7F1E000F7806000770000003
:10624000077000000F780000FF7F0000FE3F000095
:10625000FC1F0000F007810000F0010000FC0700B7
:1062600000FE0F0000FE1FC003FF1FE08FFF3FF086
:106270009FFF3FF8FF0F3FF8FF077EF8FF037CFC0E
:10628000FF037C7CFE037C3CF8077C3CF00F7C3CED
:10629000F81F7C3CF83F7E7CFC7F7EFCFFFF3FF8D4
:1062A0003FFF3FF83FFE3FF81FFC1FF00FF80FE0E5
:1062B0000FF00FC003FC0F0000FE1F0000FE3F00A8
:1062C00000FE3F00007C7F00001C7E0000001E00DE
:1062D00000000C000000041DFC010000FC0F000089
:1062E000FC0F0000FC0F0000FC0F0000FC0F000082
:1062F000FC0100003100F00F0000FC7F0000FFFFF8
:1063000001C0FFFF07E0FFFF0FF0FFFF1FF8FFFFD7
:106310003FFC0FE07FFC01007F3C0000781C000088
:10632000600400004031040000401C0000603C009C
:106330000078FC01007FFC0FE07FFCFFFF3FF0FFD7
:10634000FF1FE0FFFF0FC0FFFF0700FFFF0100FC82
:106350007F0000F00F00410080000000E01000000E
:10636000E0380000C0390000C07D0000C03F0000E0
:10637000FC1F0000FC070000FC070000BC0F000031
:10638000803F0000C07D0000C0390000E038000000
:10639000E01000008000006500C00F0000C00F008A
:1063A00000C00F0000C00F0000C00F0000C00F00B1
:1063B00000C00F0000C00F0000C00F0080FFFF07EB
:1063C00080FFFF0780FFFF0780FFFF0780FFFF07B9
:1063D00080FFFF0780FFFF0700C00F0000C00F0015
:1063E00000C00F0000C00F0000C00F0000C00F0071
:1063F00000C00F0000C00F0000C00F00210000000F
:10640000000000003F0000003F0000003F000000CF
:106410003F000000FF000000FF000000FF3100C04F
:106420000F0000C00F0000C00F0000C00F0000C030
:106430000F0000C00F0000C00F0000C00F0000C020
:106440000F0000C00F0000C00F0000C00F001D00B3
:106450000000FC000000FC000000FC000000FC004C
:106460000000FC000000FC000000FC39000000609F
:106470000000007C0000807F0000F87F0000FF7FAC
:1064800000E0FF1F00FCFF03C0FF7F00F8FF0F00CC
:10649000FCFF0100FC1F0000FC0300007C0000006A
:1064A0000C0000005D00F83F0000FFFF01C0FFFF8F
:1064B00007E0FFFF0FF0FFFF1FF8FFFF3FF8FFFFB0
:1064C0003FF807C03FFC01007FFC00007EFC00009D
:1064D0007EFC00007EFC00007EFC00007EFC0100D3
:1064E0007FF807C03FF8FFFF3FF8FFFF3FF0FFFFD7
:1064F0001FE0FFFF0FC0FFFF0700FFFF0100F83F95
:106500000041007E0000003E0000003F0000003F10
:106510000000801F0000801F0000C00F0000E00787
:106520000000E0030000F8FFFF7FFCFFFF7FFCFF9F
:10653000FF7FFCFFFF7FFCFFFF7FFCFFFF7FFCFF77
:10654000FF7F5D00000060000E0078800F007EE09D
:106550000F007FF00F807FF00FC07FF80FC07FF833
:106560000FE07FFC03F07FFC01F87FFC00FC7EFC69
:10657000007C7EFC003E7EFC003F7EFC811F7EFC9A
:10658000C30F7EFCFF077EF8FF077EF8FF037EF057
:10659000FF017EE0FF007EC07F007E801F007E5DE9
:1065A0000000C0000006E0038007E007E007E00FFE
:1065B000F00FE01FF00FE03FF80FE03FF80F803FD3
:1065C000FC03007FFC81037EFCC0037EFCC0037ED5
:1065D000FCE0037EFCF1037EFCFF077FF8FF8F3FAA
:1065E000F8FFFF3FF07FFF3FE03FFE1FC01FFE1F91
:1065F000800FFC0F0000F8070000F001650000F8B4
:10660000010000FC010000FE010000FF010080FF0E
:106610000100E0FF0100F0F70100F8F30100FCF1D8
:106620000100FEF001807FF001C01FF001E00FF0DB
:1066300001F007F001F8FFFF7FFCFFFF7FFCFFFF89
:106640007FFCFFFF7FFCFFFF7FFCFFFF7FFCFFFF66
:106650007F0000F0010000F0010000F0010000F0F8
:10666000015D0000C0000000E60300E0EF0700FE4F
:10667000EF0FF0FFEF1FFCFFEF3FFCFFEF3FFCFFD2
:106680008F7FFCFF077FFCEF037EFCE0037EFCF0C6
:10669000037EFCF0037EFCF0037EFCF0077FFCF041
:1066A0008F3FFCF0FF3FFCE0FF3FFCE0FF1FFCC022
:1066B000FF0FFC80FF070000FF030000FC005D00EF
:1066C000F83F0000FFFF0180FFFF07E0FFFF0FE042
:1066D000FFFF1FF0FFFF1FF8FFFF3FF8071F3FFC02
:1066E000811F7FFC810F7EFCC00F7EFCC00F7EFCF3
:1066F000C00F7EFCC00F7EFCC11F7EFCC71F7FF851
:1067000087FF3FF887FF3FF087FF3FE007FF1FC08D
:1067100007FE0F0003FC070000F0015DFC00000015
:10672000FC000000FC000000FC000000FC00007801
:10673000FC00807FFC00F07FFC00FC7FFC00FF7F02
:10674000FC80FF7FFCE0FF7FFCF0FF03FCF83F00D4
:10675000FCFC0700FCFE0100FC7F0000FC3F000089
:10676000FC0F0000FC070000FC030000FC00000020
:106770007C0000003C0000005D0000F0018007FC90
:1067800007E01FFE0FF03FFF1FF03FFF1FF8FFFF66
:106790003FF8FFFF3FFCFF0F7FFCF8037C7CF0011C
:1067A000783CE001783CE001783CE001787CF00145
:1067B00078FCF8037CFCFF077EF8FFFF3FF8FFFF43
:1067C0003FF03FFF1FF03FFF1FE01FFE0F8007FC61
:1067D000070000F8015D001F0000C07F8001E0FF9E
:1067E000C007F0FFC10FF8FFC31FF8FFC33FF8FF5A
:1067F000C33FFCF1C77FFCF0077FFCE0077EFCE0B5
:10680000077EFCE0077EFCE0077EFCE0037EFCE107
:10681000033FF8F1C13FF8FFFF3FF0FFFF1FF0FF1C
:10682000FF0FE0FFFF0FC0FFFF0300FFFF0100F8B5
:106830003F001D007E003F007E003F007E003F00C5
:106840007E003F007E003F007E003F007E003F2133
:10685000007E003F007E003F007E003F007E003F44
:10686000007E00FF007E00FF007E00FF00000000B1
:106870006100C00F0000C00F0000C00F0000E01F4B
:106880000000E01F0000E01F0000F03F0000F03FAC
:106890000000F03E0000F87C0000F87C0000FCFCEA
:1068A00000007CF800007CF800007EF801003EF05B
:1068B00001003EF001003FF003003FF003001FE045
:1068C00003801FE007801FE007800FC007C00FC0D4
:1068D0000F6500FCF00300FCF00300FCF00300FC7B
:1068E000F00300FCF00300FCF00300FCF00300FCEC
:1068F000F00300FCF00300FCF00300FCF00300FCDC
:10690000F00300FCF00300FCF00300FCF00300FCCB
:10691000F00300FCF00300FCF00300FCF00300FCBB
:10692000F00300FCF00300FCF00300FCF00300FCAB
:10693000F00300FCF00361C00FC00F800FC00780A0
:106940001FE007801FE007001FE003003FF0030087
:106950003FF003003EF001003EF001007EF8010030
:106960007CF800007CF80000FC7C0000F87C000053
:10697000F87C0000F03C0000F03F0000F03F000019
:10698000E01F0000E01F0000E01F0000C00F00003B
:10699000C00F0000C00F0065000E0000800F000057
:1069A000C00F0000E00F0000F00F0000F00F00002B
:1069B000F80F0000F8070000FC01787EFC017E7EE5
:1069C000FC007F7EFC007F7EFC807F7EFCC07F7EA3
:1069D000FCC07F7EFCE00F00FCF10700F8F903002B
:1069E000F8FF0100F8FF0100F0FF0000F07F000059
:1069F000E07F0000C03F0000000F00008100C03FAA
:106A00000000F8FF0000FEFF0300FFFF07803FE0EB
:106A10000FC007001FE0831F3EF0E07F3CF0F8FF4F
:106A20007878FCFF78387EF071383EE0713C1FE0EA
:106A3000E11C0FE0E11C0FE0E01C0FF0E01C0F7800
:106A4000E01C1EFEE01CFCFFE11CFEFFE11CFFFF42
:106A5000E138FFFFE138FFC371780FC070F000E04C
:106A600078F0017878E0077E3CC0FF3F3E80FF1F52
:106A70001E00FF070E00FC0106000000027D000062
:106A80000040000000780000007E0000807F0000D1
:106A9000F07F0000FC7F0000FF7F00E0FF0F00F8A8
:106AA000FF0300FEFF00C0FFFF00F0FFFF00FCFF40
:106AB000FC00FC1FFC00FC07FC00FC00FC00FC07C9
:106AC000FC00FC1FFC00FCFFFC00F0FFFF0080FF4F
:106AD000FF0000FEFF0000F8FF0300C0FF0F0000F2
:106AE000FF7F0000FC7F0000E07F0000807F00004F
:106AF000007E000000700000004075FCFFFF7FFC7E
:106B0000FFFF7FFCFFFF7FFCFFFF7FFCFFFF7FFCA1
:106B1000FFFF7FFCFFFF7FFCC00F7EFCC00F7EFCF1
:106B2000C00F7EFCC00F7EFCC00F7EFCC00F7EFC41
:106B3000C00F7EFCC00F7EFCC00F7EFCC00F7EFC31
:106B4000C00F7EFCC00F7EFCE10F7EFCF11F7FFCBE
:106B5000FF1F7FF8FFFF3FF8FFFE3FF0FFFE3FE023
:106B60007FFC1FC03FFC0F800FF8070000E0037D93
:106B700000F01F0000FC7F0000FFFF0180FFFF030B
:106B8000C0FFFF07E0FFFF0FE0FFFF1FF01FF01F38
:106B9000F807C03FF803803FF801003FF801007F8D
:106BA000FC00007EFC00007EFC00007EFC00007EFD
:106BB000FC00007EFC00007EFC00007EFC00007FEC
:106BC000FC01007FF803803FF803C03FF80FF03F5F
:106BD000F01FF81FF01FF81FE01FF00FC01FF00795
:106BE000800FF003000FE0000008200075FCFFFF9D
:106BF0007FFCFFFF7FFCFFFF7FFCFFFF7FFCFFFFB1
:106C00007FFCFFFF7FFCFFFF7FFC00007EFC00009D
:106C10007EFC00007EFC00007EFC00007EFC00008C
:106C20007EFC00007EFC00007EFC00007EFC00007C
:106C30007EFC01007EFC01007FF803003FF8078026
:106C40003FF81FE03FF0FFFF1FF0FFFF1FE0FFFFD7
:106C50000FC0FFFF0780FFFF0300FEFF0000F01FD3
:106C6000006DFCFFFF7FFCFFFF7FFCFFFF7FFCFF51
:106C7000FF7FFCFFFF7FFCFFFF7FFCFFFF7FFCC06F
:106C80000F7EFCC00F7EFCC00F7EFCC00F7EFCC0E0
:106C90000F7EFCC00F7EFCC00F7EFCC00F7EFCC0D0
:106CA0000F7EFCC00F7EFCC00F7EFCC00F7EFCC0C0
:106CB0000F7EFCC00F7EFCC00F7EFCC00F7EFCC0B0
:106CC0000F7EFCC00F7EFC00007E0000007E61FC99
:106CD000FFFF7FFCFFFF7FFCFFFF7FFCFFFF7FFCD0
:106CE000FFFF7FFCFFFF7FFCFFFF7FFCE00700FC56
:106CF000E00700FCE00700FCE00700FCE00700FC08
:106D0000E00700FCE00700FCE00700FCE00700FCF7
:106D1000E00700FCE00700FCE00700FCE00700FCE7
:106D2000E00700FCE00700FC000000FC0000008120
:106D300000E00F0000FC7F0000FFFF0180FFFF0369
:106D4000C0FFFF07E0FFFF0FE0FFFF0FF01FF81F7E
:106D5000F007E01FF803C03FF803803FF801003F51
:106D6000FC01003FFC00007EFC00007EFC00007E79
:106D7000FC00007EFC00007EFC003F7EFC003F7EAD
:106D8000FC003F7EFC013F7EFC013F7EF8033F3F5D
:106D9000F8073F3FF80F3F3FF01FFF1FF01FFF1F97
:106DA000E01FFF1FC01FFF0F800FFF07000FFF072F
:106DB0006DFCFFFF7FFCFFFF7FFCFFFF7FFCFFFF01
:106DC0007FFCFFFF7FFCFFFF7FFCFFFF7F00E007F2
:106DD0000000E0070000E0070000E0070000E00717
:106DE0000000E0070000E0070000E0070000E00707
:106DF0000000E0070000E0070000E0070000E007F7
:106E000000FCFFFF7FFCFFFF7FFCFFFF7FFCFFFF1D
:106E10007FFCFFFF7FFCFFFF7FFCFFFF7F1DFCFF70
:106E2000FF7FFCFFFF7FFCFFFF7FFCFFFF7FFCFF7E
:106E3000FF7FFCFFFF7FFCFFFF7F590000E00100A8
:106E400000E0070000E00F0000F01F0000F03F002E
:106E500000F03F0000F03F0000807F0000007F0056
:106E600000007E0000007E0000007E0000007E002A
:106E700000007F0000807FFCFFFF3FFCFFFF3FFC26
:106E8000FFFF3FFCFFFF1FFCFFFF0FFCFFFF07FCA6
:106E9000FFFF0179FCFFFF7FFCFFFF7FFCFFFF7F0F
:106EA000FCFFFF7FFCFFFF7FFCFFFF7FFCFFFF7FFE
:106EB00000E03F0000F01F0000F00F0000F80700A6
:106EC00000FC030000FE030000FF070080FF1F001E
:106ED000C0FF3F00E0FF7F00F0DFFF01F88FFF03FE
:106EE000F807FF07FC03FC1FFC01F83FFC00F07FE4
:106EF0007C00C07F7C00807F3C00007F1C00007C09
:106F00000C000078040000700000004065FCFFFFEA
:106F10007FFCFFFF7FFCFFFF7FFCFFFF7FFCFFFF8D
:106F20007FFCFFFF7FFCFFFF7F0000007E00000072
:106F30007E0000007E0000007E0000007E00000059
:106F40007E0000007E0000007E0000007E00000049
:106F50007E0000007E0000007E0000007E00000039
:106F60007E0000007E0000007E0000007E00000029
:106F70007E7DFCFFFF7FFCFFFF7FFCFFFF7FFCFFB0
:106F8000FF7FFCFFFF7FFCFFFF7FFC000000FC0F8A
:106F90000000FCFF0000FCFF0F00FCFFFF0080FF73
:106FA000FF0F00F8FF7F0080FF7F0000F87F0000E8
:106FB000007F0000F87F0080FF7F00F8FF7F80FFE8
:106FC000FF0FFCFFFF00FCFF0F00FCFF0000FC0FA9
:106FD0000000FC000000FCFFFF7FFCFFFF7FFCFFC8
:106FE000FF7FFCFFFF7FFCFFFF7FFCFFFF7F6DFC4F
:106FF000FFFF7FFCFFFF7FFCFFFF7FFCFFFF7FFCAD
:10700000FFFF7FFCFFFF7FFCFFFF7FFC3F0000F0E6
:10701000FF0000E0FF0100C0FF030000FF0F0000C1
:10702000FE1F0000F87F0000F0FF0000E0FF0100FD
:1070300080FF070000FF0F0000FC3F0000F87FFC0E
:10704000FFFF7FFCFFFF7FFCFFFF7FFCFFFF7FFC5C
:10705000FFFF7FFCFFFF7FFCFFFF7F7D00F01F0035
:1070600000FEFF0000FFFF0180FFFF03C0FFFF07DE
:10707000E0FFFF0FF01FF01FF007C01FF803803F75
:10708000F801803FF801003FFC01007FFC00007E1A
:10709000FC00007EFC00007EFC00007EFC00007E08
:1070A000FC00007EFC00007EFC01007FF801003F38
:1070B000F801803FF803803FF007C01FF01FF01F6A
:1070C000E0FFFF0FC0FFFF0780FFFF0300FFFF018E
:1070D00000FEFF0000F01F006DFCFFFF7FFCFFFFC4
:1070E0007FFCFFFF7FFCFFFF7FFCFFFF7FFCFFFFBC
:1070F0007FFCFFFF7FFCC00F00FCC00F00FCC00F37
:1071000000FCC00F00FCC00F00FCC00F00FCC00F53
:1071100000FCC00F00FCC00F00FCC00F00FCC00F43
:1071200000FCE10F00FCF30F00F8FF0700F8FF0779
:1071300000F8FF0300F0FF0300E0FF0100C0FF00C4
:1071400000003F00008100F01F0000FEFF0000FF74
:10715000FF01C0FFFF07C0FFFF07E0FFFF0FF01FA9
:10716000F01FF007C01FF803803FF803003FF8014D
:10717000003FFC01007FFC00007EFC00007EFC0064
:10718000407EFC00F07EFC00F07EFC00E07EFC0017
:10719000E07FFC01E07FF801C03FF801C03FF80349
:1071A000C03FF007E03FF01FF87FE0FFFF7FE0FF08
:1071B000FFFFC0FFFFFB00FFFFF100FE7FF000F0CC
:1071C0001FF0000000207DFCFFFF7FFCFFFF7FFC25
:1071D000FFFF7FFCFFFF7FFCFFFF7FFCFFFF7FFCCB
:1071E000FFFF7FFCE00700FCE00700FCE00700FC7D
:1071F000E00700FCE00700FCE00700FCE00F00FCFB
:10720000E01F00FCE03F00FCE07F00FCE0FF00FC32
:10721000E0FF01FCF1FF07FCF1FB0FF8FFFB1FF89B
:10722000FFF17FF8FFE17FF0FFC07FF0FF007FC03C
:107230007F007E801F007C00000070000000600066
:107240000000407500006000800FE001C03FE007D3
:10725000E07FF00FF07FF01FF0FFF01FF8FFF03F2E
:10726000F8FFE13FF8F1813FFCF1017FFCE0037F93
:10727000FCE0037EFCE0037EFCE0037EFCC0037EBA
:10728000FCC0037EFCC0077EFCC0077EFCC1077EFD
:10729000F8C1077FF8870F7FF88F8F3FF08FFF3F90
:1072A000F00FFF3FE00FFF1FC00FFE1F800FFE0F0C
:1072B000000EFC070000F0016DFC000000FC000067
:1072C00000FC000000FC000000FC000000FC0000CE
:1072D00000FC000000FC000000FC000000FC0000BE
:1072E00000FCFFFF7FFCFFFF7FFCFFFF7FFCFFFF39
:1072F0007FFCFFFF7FFCFFFF7FFCFFFF7FFC0000A8
:1073000000FC000000FC000000FC000000FC00008D
:1073100000FC000000FC000000FC000000FC00007D
:1073200000FC0000006DFCFFFF00FCFFFF03FCFF02
:10733000FF07FCFFFF0FFCFFFF1FFCFFFF3FFCFFF1
:10734000FF3F0000C03F0000807F0000007F000082
:10735000007E0000007E0000007E0000007E000035
:10736000007E0000007E0000007E0000007F000024
:10737000007F0000C03FFCFFFF3FFCFFFF3FFCFF22
:10738000FF1FFCFFFF1FFCFFFF0FFCFFFF03FCFFC5
:10739000FF007D040000003C000000FC010000FC38
:1073A0000F0000FC3F0000FCFF0100FCFF0F00FC91
:1073B000FF3F00E0FFFF0100FFFF0F00F8FF7F002D
:1073C000C0FF7F0000FE7F0000F07F0000807F0094
:1073D00000007C0000807F0000F07F0000FE7F0046
:1073E000C0FF7F00F8FF7F00FFFF0FE0FFFF01FC01
:1073F000FF3F00FCFF0F00FCFF0100FC3F0000FC12
:107400000F0000FC0100003C000000040000007DB3
:10741000FC010000FC1F0000FCFF0300FCFF7F00DC
:10742000FCFFFF07F0FFFF7F00FEFF7F00C0FF7F34
:107430000000F87F00C0FF7F00FEFF7FF0FFFF7FAE
:10744000FCFFFF07FCFF3F00FCFF0300FC1F0000E8
:10745000FCFF0300FCFF3F00FCFFFF07F0FFFF7F86
:1074600000FEFF7F00C0FF7F0000F87F00C0FF7FAD
:1074700000FEFF7FF0FFFF7FFCFFFF07FCFF7F00A8
:10748000FCFF0300FC3F0000FC0100007D00000049
:1074900040040000701C0000783C00007C7C000070
:1074A0007EFC00807FFC03C07FFC07E07FFC0FF8C0
:1074B0003FF83FFC1FF07FFE0FE0FFFF0380FFFF60
:1074C0000100FFFF0000FE7F0000FC1F0000FE7FA8
:1074D0000000FFFF0080FFFF01E0FFFF03F07FFEE1
:1074E0000FF83FFC1FFC0FF83FFC07E07FFC03C0D8
:1074F0007FFC00807F7C00007E3C00007C1C000044
:107500007804000070000000407D040000001C00B2
:1075100000003C0000007C000000FC010000FC03B7
:107520000000FC070000FC1F0000F83F0000E07FA7
:107530000000C0FF010000FF030000FEFF7F00F815
:10754000FF7F00F0FF7F00C0FF7F00F0FF7F00F8AB
:10755000FF7F00FEFF7F00FF0300C0FF0100E07F10
:107560000000F83F0000FC1F0000FC070000FC03C7
:107570000000FC0100007C0000003C0000001C003A
:10758000000004000000750000007E0000007FFC89
:1075900000807FFC00C07FFC00E07FFC00F07FFCEF
:1075A00000F87FFC00FC7FFC00FE7FFC00FF7FFCFE
:1075B00080FF7FFCC0FF7EFCE07F7EFCF03F7EFC16
:1075C000F81F7EFCFC0F7EFCFE077EFCFF037EFCAA
:1075D000FF017EFCFF007EFC7F007EFC3F007EFC06
:1075E0001F007EFC0F007EFC07007EFC03007EFC7B
:1075F00001007EFC00007E0000007E25FCFFFF7F76
:10760000FCFFFF7FFCFFFF7FFCFFFF7FFCFFFF7F96
:107610003C0000783C0000783C0000783C0000789A
:10762000390C0000007C000000FC030000FC3F005F
:1076300000FCFF0100F0FF0F0080FF7F0000FCFF57
:107640000700E0FF3F0000FF7F0000F07F000080A8
:107650007F0000007C00000060253C0000783C00BA
:1076600000783C0000783C000078FCFFFF7FFCFFC6
:10767000FF7FFCFFFF7FFCFFFF7FFCFFFF7F5900C8
:1076800000010000C0010000E0010000F80100005E
:10769000FE010080FF0100C0FF0100F0FF0000FCC0
:1076A0003F0000FC070000FC010000FC010000FCA2
:1076B000070000FC3F0000F0FF0000E0FF01008039
:1076C000FF010000FE010000F8010000E0010000E1
:1076D000C0010000000100510000007000000070B7
:1076E00000000070000000700000007000000070DA
:1076F00000000070000000700000007000000070CA
:1077000000000070000000700000007000000070B9
:1077100000000070000000700000007000000070A9
:10772000000000700000007029040000000C000040
:10773000001C0000003C0000007C000000FC000079
:1077400000FC000000F8000000E0000000800000E5
:10775000005D0000000F0000C31F00C0C33F00E039
:10776000E33F00F0E77F00F8E77F00F8F77F00FCD9
:10777000737F00FC707E00FC707E00FC307E00FC9D
:10778000303E00FC383E00FC391F00FCFF0F00FCBF
:10779000FF1F00F8FF7F00F8FF7F00F8FF7F00F079
:1077A000FF7F00C0FF7F000000700000004065FC0C
:1077B000FFFF7FFCFFFF7FFCFFFF7FFCFFFF7FFCE5
:1077C000FFFF7FFCFFFF7FFCFFFF7F00F0830F00C8
:1077D000F0011F00F8013F00F8003E00FC007E00B1
:1077E000FC007E00FC007E00FC007E00FC017F00AF
:1077F000FC017F00FC837F00F8FF3F00F8FF3F00A3
:10780000F0FF1F00F0FF1F00E0FF0F00C0FF0300AC
:1078100000FE005D0000FE000080FF0300E0FF0F9F
:1078200000E0FF0F00F0FF1F00F8FF3F00F8FF3FF0
:1078300000F8833F00FC017F00FC007E00FC007E1E
:1078400000FC007E00FC007E00FC007E00FC017F4E
:1078500000FC837F00F8E73F00F8E73F00F0E71FF8
:1078600000F0E70F00E0C3070080C3030000C20080
:10787000650000FE0000C0FF0300E0FF0F00F0FF06
:107880001F00F0FF1F00F8FF3F00F8FF3F00FC83E0
:107890007F00FC017F00FC017F00FC007E00FC00FB
:1078A0007E00FC007E00FC007E00F8003E00F80137
:1078B0003F00F0011F00F0830FFCFFFF7FFCFFFF84
:1078C0007FFCFFFF7FFCFFFF7FFCFFFF7FFCFFFFD4
:1078D0007FFCFFFF7F5D0000FE000080FF0300C013
:1078E000FF0F00E0FF1F00F0FF1F00F8FF3F00F850
:1078F000FF3F00FCBB3F00FC397F00FC387E00FCF2
:10790000387E00FC387E00FC387E00FC387E00FCAF
:10791000397E00F83B7F00F8BF3F00F8BF3F00F022
:10792000BF3F00E0BF1F00E03F0F00803F070000A7
:107930003E014900FC000000FC000000FC000000CB
:10794000FC0000E0FFFF7FF0FFFF7FF8FFFF7FF804
:10795000FFFF7FFCFFFF7FFCFFFF7FFCFFFF7FFC43
:10796000FC0000FCFC0000FCFC0000FCFC0000FC37
:10797000FC0000F8000000F80000006100801F001B
:1079800000E07F1C00F0FF3C00F0FF3C00F8FF7DB2
:1079900000F8FF7900FCFFFB00FCF0FB007CE0F34B
:1079A000003CC0F3003CC0F3003CC0F3003CC0F31B
:1079B0000038C0F10038C0F10070E0F000E070F86D
:1079C00000FCFFFF00FCFF7F00FCFF7F00FCFF7F4F
:1079D00000FCFF3F00FCFF1F00FCFF0F61FCFFFFEE
:1079E0007FFCFFFF7FFCFFFF7FFCFFFF7FFCFFFFB3
:1079F0007FFCFFFF7FFCFFFF7F00C0070000E0016E
:107A00000000F0010000F8000000F8000000FC0099
:107A10000000FC000000FC000000FC010000FC0174
:107A20000000FCFF7F00FCFF7F00F8FF7F00F8FFF5
:107A30007F00F0FF7F00E0FF7F00C0FF7F1D7CFC28
:107A4000FF7F7CFCFF7F7CFCFF7F7CFCFF7F7CFC5E
:107A5000FF7F7CFCFF7F7CFCFF7F31000000780013
:107A600000007800000078000000780000007C3CF6
:107A7000FFFF7F3CFFFF7F3CFFFF7F3CFFFF3F3C62
:107A8000FFFF3F3CFFFF1F3CFFFF0F5DFCFFFF7F41
:107A9000FCFFFF7FFCFFFF7FFCFFFF7FFCFFFF7F02
:107AA000FCFFFF7FFCFFFF7F0000FC0000007E006A
:107AB00000003F0000803F0000C0FF0000E0FF0129
:107AC00000F0FF0700F8FF0F00FCF93F00FCE07F2B
:107AD000007CC07F003C007F001C007E001C007802
:107AE000000C0070000400401DFCFFFF7FFCFFFF46
:107AF0007FFCFFFF7FFCFFFF7FFCFFFF7FFCFFFFA2
:107B00007FFCFFFF7F6D00FCFF7F00FCFF7F00FC20
:107B1000FF7F00FCFF7F00FCFF7F00F0030000F808
:107B2000010000F8000000FC000000FC000000FC68
:107B3000010000FCFF7F00F8FF7F00F8FF7F00E0FE
:107B4000FF7F0080FF7F00E0030000F0010000F8ED
:107B5000000000FC000000FC000000FC010000FC34
:107B6000FF7F00FCFF7F00F8FF7F00F0FF7F00C079
:107B7000FF7F6100FCFF7F00FCFF7F00FCFF7F00B8
:107B8000FCFF7F00FCFF7F00FCFF7F00FCFF7F000D
:107B9000E0070000F0010000F8010000F80000001C
:107BA000F8000000FC000000FC000000FC000000E9
:107BB000FC010000FC030000FCFF7F00FCFF7F00D5
:107BC000F8FF7F00F8FF7F00F0FF7F00E0FF7F00FD
:107BD000C0FF7F690000FE000080FF0300C0FF07B8
:107BE00000E0FF0F00F0FF1F00F0FF1F00F8FF3F55
:107BF00000F8833F00F8013F00FC017F00FC007E9D
:107C000000FC007E00FC007E00FC007E00FC007E8C
:107C100000FC007E00FC017F00F8013F00F8833F7C
:107C200000F8FF3F00F0FF1F00F0FF1F00E0FF0F14
:107C300000C0FF070080FF030000FE006100FCFFA2
:107C4000FF00FCFFFF00FCFFFF00FCFFFF00FCFF4C
:107C5000FF00FCFFFF00FCFFFF00F0F0000078E0F9
:107C6000010038C001003CC003003CC003003CC020
:107C700003003CC003003CC003007CE00300FCF0B8
:107C80000300FCFF0300F8FF0100F8FF0100F0FF14
:107C90000000F0FF0000E07F0000801F0061008016
:107CA0001F0000E03F0000F0FF0000F0FF0000F8C0
:107CB000FF0100F8FF0100FCFF0300FCF003007C63
:107CC000E003003CC003003CC003003CC003003C98
:107CD000C003003CC0010038E0010078E00100F082
:107CE000F00000FCFFFF00FCFFFF00FCFFFF00FCBA
:107CF000FFFF00FCFFFF00FCFFFF00FCFFFF450053
:107D0000FCFF7F00FCFF7F00FCFF7F00FCFF7F008B
:107D1000FCFF7F00FCFF7F00FCFF7F00F003000002
:107D2000F8000000F80000007C0000007C0000006B
:107D30007C0000007C0000007C0000007C00000053
:107D4000080000610000000400C0030C00E00F1CEC
:107D500000F00F1E00F81F3E00F81F3E00F83F3EE7
:107D600000FC3F7C007C3E7C003C3C78003C7C7806
:107D7000003C7C78003C7C78003C7878003C78784B
:107D8000007C787800FCF87C00F8F87F00F8F03F81
:107D900000F8F03F0070F01F0060E01F0040E00FAF
:107DA000000080073D00FC000000FC000000FC001B
:107DB00000C0FFFF0FE0FFFF3FE0FFFF3FF0FFFFCE
:107DC0007FF0FFFF7FF0FFFF7FF8FFFF7F00FC00E9
:107DD0007E00FC007E00FC007E00FC003E00FC00FB
:107DE0003F6100FCFF0700FCFF0F00FCFF1F00FCD1
:107DF000FF3F00FCFF3F00FCFF7F00FCFF7F000017
:107E0000807F0000007F0000007E0000007E0000F8
:107E1000007E0000007E0000003E0000003F0000E9
:107E2000001F0000800F00FCFF7F00FCFF7F00FCB4
:107E3000FF7F00FCFF7F00FCFF7F00FCFF7F00FC5A
:107E4000FF7F65000C0000003C000000FC0000000B
:107E5000FC030000FC0F0000FC3F0000FCFF0100E1
:107E6000F0FF070080FF1F0000FE7F0000F87F008A
:107E700000C07F0000007E0000C07F0000F87F008F
:107E800000FE7F0080FF1F00F0FF0700FCFF0100E5
:107E9000FC7F0000FC1F0000FC030000FC00000051
:107EA0003C0000000C00007D003C000000FC0100D4
:107EB00000FC0F0000FC7F0000FCFF0300FCFF1F24
:107EC00000C0FF7F0000FE7F0000E07F0000007F19
:107ED0000000E07F0000FE7F00C0FF1F00FCFF07E6
:107EE00000FCFF0000FC0F0000FCFF0000FCFF078F
:107EF00000C0FF1F0000FC7F0000E07F0000007F4B
:107F00000000E07F0000FE7F00C0FF7F00FCFF1F3D
:107F100000FCFF0300FC7F0000FC0F0000FC0100E0
:107F2000003C0000650000004000040060001C00F0
:107F300078003C007C007C007E00FC007F00FC831D
:107F40007F00FCE77F00FCFF3F00F8FF0F00E0FF31
:107F50000700C0FF010000FF0000C0FF0300F0FFAA
:107F60000700F8FF1F00FCFF3F00FCE37F00FC81DF
:107F70007F00FC007F007C007E003C007C000C0049
:107F80007800040060000000406500040000001C50
:107F90000000007C00E000FC00E000FC03E000FCCE
:107FA0000FE000FC3FE000F07FF000C0FFF90000B0
:107FB000FFFF0000FC7F0000F07F0000C07F00009A
:107FC000F03F0000FC0F0000FF0700C0FF0100F0C1
:107FD0007F0000FC3F0000FC0F0000FC030000FCE1
:107FE0000000007C0000001C0000000400005D0098
:107FF00000007E00FC007F00FC807F00FC807F0092
:10800000FCC07F00FCE07F00FCE07F00FCF07F0014
:10801000FCF87F00FCF87E00FC7C7E00FC7C7E008F
:10802000FC3E7E00FC3F7E00FC1F7E00FC0F7E00BD
:10803000FC0F7E00FC077E00FC037E00FC037E003C
:10804000FC017E00FC007E0000007E4500800700F1
:10805000008007000080070000C00F0000E01F0044
:10806000C0FFFF0FE0FFFF1FF0FFFF3FF0FFFC3FEF
:10807000F8FFF87FF83FF07FF800007C7800007888
:108080007800007878000078780000787800007830
:1080900015F8FFFFFFF8FFFFFFF8FFFFFFF8FFFFF6
:1080A000FFF8FFFFFF45780000787800007878003F
:1080B00000787800007878000078F800007CF83FBD
:1080C000F07FF87FFC7FF0FFFC3FF0FFFF3FE0FF19
:1080D000FF1FC0FFFF0F00E01F0000C00F00008067
:1080E000070000800700008007006500E001000035
:1080F000F0000000F00000007800000078000000B0
:10810000780000007800000078000000780000008F
:1081100078000000F8000000F0000000F00000000F
:10812000F0000000F0010000E0010000E0010000AC
:10813000E0010000E0010000E0010000E0010000BB
:10814000E0010000F0000000F00000007800006195
:10815000E0FFFF01200000012000000120000001DD
:10816000200000012000000120000001200000018B
:10817000200000012000000120000001200000017B
:10818000200000012000000120000001200000016B
:10819000200000012000000120000001200000015B
:1081A000200000012000000120000001E0FFFF018D
:1081B00079FC000000FC000000FC000000FC000056
:1081C00000FC000000FC000000FC000000FC0000BF
:1081D00000FCFFFF7FFCFFFF7FFCFFFF7FFCFFFF3A
:1081E0007FFCFFFF7FFCC00F00FCE00F00FCE007FE
:1081F00000FCE00700FCF00300FCF00338FCF00397
:108200007EFCF0037E00F0037E00F0037E00F007AA
:108210007F00E08F3F00E0FF3F00C0FF1F0080FFB6
:108220000F0000FF070000FC014DF0010000F80105
:1082300000003C0000001C0000001C0000003C008E
:108240000000F8010000F03F807F80FFFF7F00F01A
:10825000FF7F00C0FF3F00FC0300C0FF0000F83FAD
:108260000000FC0F0000FC0100007C0000001C006E
:10827000000004000000150000808F000080CF0087
:108280000080FF0000807F0000803F3100E0FF7F22
:1082900000E0FF7F00E4FF7F00E7FF7F80E7FF7FD4
:1082A000C0E70300C0E30300C0E10300C0E0030037
:1082B00040E0030000E0030000E00300350000C0E0
:1082C000470000C0E70000C07F0000C03F0000C0C2
:1082D0001F0000000000000000000000000000C0BF
:1082E000470000C0E70000C07F0000C03F0000C0A2
:1082F0001F750000007C0000007C0000007C000076
:10830000007C0000007C0000000000000000000075
:10831000000000000000000000000000000000005D
:1083200000000000007C0000007C0000007C0000D9
:10833000007C0000007C0000000000000000000045
:10834000000000000000000000000000000000002D
:1083500000000000007C0000007C0000007C0000A9
:10836000007C0000007C45800F0000800F00008032
:108370000F0000800F0000800F0000800F0000FF42
:10838000FFFF3FFFFFFF3FFFFFFF3FFFFFFF3FFFFD
:10839000FFFF3F800F0000800F0000800F00008073
:1083A0000F0000800F0000800F00004D800FC007FD
:1083B000800FC007800FC007800FC007800FC00765
:1083C000800FC007800FC007FCFFFFFFFCFFFFFF0F
:1083D000FCFFFFFFFCFFFFFFFCFFFFFF800FC0075C
:1083E000800FC007800FC007800FC007800FC00735
:1083F000800FC007800FC007690060180000701C64
:108400000000701C0000F01F0000FEFF0000FFFFD6
:108410000180FFFF03C0FFFF07E0FFFF0FF0FFFF3A
:108420001FF07FFC1FF877DC3FF8739C3FF8711C4E
:108430003FFC711C7FFC701C7EFC701C7EFC701C61
:108440007EFC701C7EFC701C7EFC701C7EFC701C14
:108450007EFC710C7EF831003FF803003F3800804D
:108460003F7DF01F0000FC7F0000FC7F00001EF03D
:1084700000000EE000001EF00078FC7F007FFC7F13
:10848000E07FF01FFC0F00C0FF0000F81F0000FF9E
:108490000300F03FF80FFE07FC3FFE00FE3F0E001A
:1084A0000F780000077000000F780000FE3F00000A
:1084B000FE3F0000F80F000000000000F80F000071
:1084C000FE3F0000FE3F00000F7800000770000034
:1084D0000F780000FE3F0000FE3F0000F80F79001B
:1084E00000003F0000003F0000003FFEFFFF3FFE96
:1084F000FFFF1FFEFFFF1FFEFFFF077E0000007E45
:108500000000007E0000007E0000007E0000007E73
:10851000000000FEFFFF3FFEFFFF3FFEFFFF3FFEAC
:10852000FFFF3F00E0073F00E0073F00E0073F009C
:10853000E0073F00E0073F00E0073F00E0073F00A3
:10854000E0073F00E08F3F00C0FF1F0080FF1F00DB
:1085500000FF070000FC011D0000180000007E0065
:1085600000C0FF0300F0FF0F00F8E31F0078001FBA
:10857000000800186DFEFFFF3FFEFFFF3FFEFFFFFC
:108580003FFEFFFF3F00F0030000F0030000F00398
:108590000000F0030000F0030000F00300FEFFFF06
:1085A0003FFEFFFF3FFEFFFF3FFEFFFF3F00F003E8
:1085B0003F00F0033F00F0033F00F0033F00F003F3
:1085C0003F00F0033F00F0033F00F0033F00F0875F
:1085D0003F00E0FF1F00C0FF0F0080FF070000FE0C
:1085E000013DE0FFFF3FE0FFFF3FE0FFFF3FE0FF17
:1085F000FF3F00000F0004000F0007C01F0003F83A
:108600007F0001FFFD0180FFF80FC03FF03FE00752
:10861000C03FE001003FE0010038E001002059E0E8
:10862000030000E0030000E0030000E0030000E0BE
:10863000030000E0030000E0FFFF3FE0FFFF3FE03A
:10864000FFFF3FE0FFFF3FE0830F00E0830700E014
:10865000C30700E0C30700E0C30700E0C307000052
:10866000C00F0000C01F000080FF3F0080FF3F00E0
:1086700000FF3F0000FC3F41FCFFFF07FCFFFF073E
:10868000FCFFFF07FCFFFF070000C0070000C0075A
:108690000000C0FF0000C0FF0000C0FF0000C0FFDE
:1086A0000000C0070000C007FCFFFF07FCFFFF073A
:1086B000FCFFFF07FCFFFF073D300000003000001B
:1086C00000FCFFFF07FCFFFF07FCFFFF07FCFFFFAD
:1086D0000730780000301E0000301E00E0301F0020
:1086E000E0303F00E000FFFFFF00FEFFFF00FEFF65
:1086F000FF00F8FF7F11E01F0000F81F00001C1FA3
:108700000000081F0000117C0800007C1C0000FC19
:108710000F0000FC0300002DE01F0000F81F000008
:108720001C1F0000081F00000000000000000000E7
:1087300000000000E01F0000F81F00001C1F0000E8
:10874000081F00002D7C0800007C1C0000FC0F00AE
:1087500000FC03000000000000000000000000001A
:10876000007C0800007C1C0000FC0F0000FC0300E3
:10877000002100E0010000F8070000FC0F0000FCF1
:108780000F0000FC0F0000FC0F0000F8070000E0E5
:1087900001004100800F0000800F0000800F0000EA
:1087A000800F0000800F0000800F0000800F00008D
:1087B000800F0000800F0000800F0000800F00007D
:1087C000800F0000800F0000800F0000800F00006D
:1087D000800F007100800F0000800F0000800F00EC
:1087E00000800F0000800F0000800F0000800F004D
:1087F00000800F0000800F0000800F0000800F003D
:1088000000800F0000800F0000800F0000800F002C
:1088100000800F0000800F0000800F0000800F001C
:1088200000800F0000800F0000800F0000800F000C
:1088300000800F0000800F0000800F0000800F00FC
:1088400000800F003DE0FFFF072000000420000033
:108850000420000004200000042000000420000088
:108860000420000004200000042000000420000078
:1088700004200000042000000420000004E0FFFFAA
:1088800007551C0000001C0000001C000000FCFF3D
:108890000000FCFF00001C0000001C0000001C0089
:1088A000000000000000FCFF0000FCFF00007C0056
:1088B0000000FC030000E03F000000FE000000FCA0
:1088C0000000E03F0000FC0700007C000000FCFF0F
:1088D0000000FCFF0000690000C0070000C00700A6
:1088E00000C00700FFFF0700FFFF0700FFFF0300B6
:1088F000FFFF01001F0000001F0000001F0000001C
:108900001F0000001F000000FFFF0700FFFF07001F
:10891000FFFF0700FFFF0700000707000007070031
:10892000000707000007070000070700008F070087
:1089300000FF070000FE030000FE030000F8001D1A
:10894000000800020078C00300F8F10300F0FF0106
:1089500000C07F0000001F0000000C005900FFFF56
:108960000700FFFF0700FFFF0700FFFF0700800F62
:108970000000800F0000800F0000800F0000FFFF4C
:108980000700FFFF0700FFFF0700FFFF0700800F42
:108990000700800F0700800F0700800F0700800F7F
:1089A0000700809F070080FF070000FF030000FF13
:1089B000030000FC003100FFFF0700FFFF0700FF7E
:1089C000FF0700FFFF07200007003C800F001EF894
:1089D000FF000EFEFD07063FF8070207E00700074D
:1089E0008007000000043D3000000030000000FC63
:1089F000FFFF07FCFFFF07FCFFFF07FCFFFF07303F
:108A0000780000301E0000301E0000301F000030D3
:108A10003F000000FFFF0700FEFF0700FEFF07000A
:108A2000F8FF073100FFFF0700FFFF0700FFFF0708
:108A300000FFFF070000C0FF0000C0FF0000C0FFF4
:108A40000000C0FF00FFFF0700FFFF0700FFFF0758
:108A500000FFFF070145C0000000C0030000C01F69
:108A60000000C07F007C83FF017C07FE077C0EF8BE
:108A70001F7F0CE0FF3F0C00FF1F0C00FE070EC025
:108A8000FF0007F83F0003FF0700C0FF0100C03FE1
:108A90000000C0070000C00100003D000C00000005
:108AA0007C00E000FC03E018FC0FE038F07FF07081
:108AB00000FFFF6000F87F6000C03F6000F81F709B
:108AC00000FF0338F07F0018FC1F0000FC030000CB
:108AD0007C0000000C0000350000C0030000C00F47
:108AE0000000C03F0000C03F0000007E0000007C8E
:108AF0000000007C0000007C0000007EC0FFFF3F03
:108B0000C0FFFF3FC0FFFF1FC0FFFF03450018600D
:108B10000000DCEF0000FEFF0100FEFF0100FCFF93
:108B20000000787800003CF000001CE000001CE031
:108B300000001CE000003CF0000078780000FCFF22
:108B40000000FEFF0100FEFF0100DCEF00001860E6
:108B50000039F0FFFF07F0FFFF07F0FFFF07F0FF0E
:108B6000FF07F0FFFF07F0000000F0000000F0003A
:108B70000000F0000000FF000000FF000000FF0008
:108B80000000FF000000FF00000011FE3FF87FFE24
:108B90003FF87FFE3FF87FFE3FF87F4900F001007D
:108BA00000F80306F0FC070EF8FD0F1EFCFF0F3E59
:108BB000FE8F1F3EFE0F3F7C9E0F3E780E1F7E7085
:108BC0000E3F7C701E7EF8703E7CF8793CFCF87F8E
:108BD0003CF8FF3F38F8FF3F30F0DF1F00E08F0F19
:108BE00000C007004D00FFFF7F00FFFF7F00FFFF79
:108BF0007F38FFFF7F38FFFF7F380F1E78380F1E4A
:108C000078000F1E78000F1E78000F1E78000F1ED0
:108C100078380F1E78380F1E78380F1E78380F1EE0
:108C200078000F1E78000F1E78000F0078000000FB
:108C3000786D00007F0000C0FF0100E0FF0300F03E
:108C4000C1070078000F001C001C000C0018000E6B
:108C50003E380086FF3000C6FF3100C3C16100E32B
:108C6000006300630063006300630063006300E36C
:108C7000806300C3C16100C6C13000064130000EF0
:108C80000038000C0018001C001C0078000F00F0D9
:108C9000C10700E0FF0300C0FF0100007F00590092
:108CA000007F0000E0FF0300F0FF0700F8FF0F0067
:108CB000FCFF1F007C9E3F003E1E3E001E1E3C002F
:108CC0000F1E7C000F1E78000F1E78000F1E78000C
:108CD0000F1E78000F0078001F007C001E003E0071
:108CE0003E003F007EC01F007CC01F007CC00F0004
:108CF0003880070020800145000040000000F0019E
:108D00000000F8030000FE0F0000FF1F00809F3FDF
:108D100000800F3E00800338008040200000F001FA
:108D20000000F8030000FE0F0000FF1F00809F3FBF
:108D300000800F3E00800338008000204900C003FF
:108D40000000C0030000C0030000C0030000C00317
:108D50000000C0030000C0030000C0030000C00307
:108D60000000C0030000C0030000C0030000C003F7
:108D70000000C0FF0100C0FF0100C0FF0100C0FFF4
:108D80000100C0FF01290000E0010000E001000037
:108D9000E0010000E0010000E0010000E00100004F
:108DA000E0010000E0010000E0010000E0016D00D2
:108DB000007F0000C0FF0100E0FF0300F0C10700DA
:108DC00078000F001C001C000C0018000E0038007A
:108DD000E6FF3300E6FF3300E3FF63006318600043
:108DE0006318600063386000E37C6000E3EF6100BB
:108DF000C3EF630086873300060032000E003800A0
:108E00000C0018001C001C0078000F00F0C10700C7
:108E1000E0FF0300C0FF0100007F003138000000C8
:108E2000380000003800000038FFFF7F00FFFF7FA0
:108E300000FFFF7F00FFFF7F00FFFF7F3800000083
:108E40003800000038000000380000002D007800D5
:108E50000000FC000000FE010000CF0300008703BB
:108E600000008703000087030000CF030000FE011D
:108E70000000FC0000007800004D008007780080B2
:108E800007780080077800800778008007780080E6
:108E900007780080077800FEFF7900FEFF7900FE6A
:108EA000FF7900FEFF7900FEFF79008007780080DF
:108EB00007780080077800800778008007780080B6
:108EC0000778008007781500FFFF7F00FFFF7F0015
:108ED000FFFF7F00FFFF7F00FFFF7F1500C7FF7FC1
:108EE00000C7FF7F00C7FF7F00C7FF7F00C7FF7F6E
:108EF0003500C0FF7F00C0FF7F00C0FF7F00C0FFC4
:108F00007F00C0FF7F00C0030000C0030000C0035B
:108F10000000FC030000FC030000FC030000FC0355
:108F20000000FC03004500FCFFFF00FCFFFF00FC0D
:108F3000FFFF00FCFFFF00FCFFFF0000E00100005E
:108F4000C0030000800700008007000080070000C9
:108F5000C0030000E00100FCFF0700FCFF0700FC6D
:108F6000FF0700FCFF0700FCFF0751001F0000C0C7
:108F70007F0000E0FF0000E0FF0000F0FF0100F0D4
:108F8000FF0100F0FF0100F0FFFFFFF0FFFFFFF027
:108F9000FFFFFFF0FFFFFF70000000700000007097
:108FA000000000F0FFFFFFF0FFFFFFF0FFFFFFF00A
:108FB000FFFFFF70000000700000001500C00300FC
:108FC00000C0030000C0030000C0030000C0030095
:108FD000490000F8030000FE0F0000FF1F000EFF15
:108FE0003F008EFF3F008EEF3E00CEE77C00C0E3E7
:108FF0007800C0E37800C0E37800C0E37800CEE7F3
:1090000078008EE77C008EFF3C000EFF3C0000FFE6
:109010003C0000FC180000F0087100FFFF7F00FF1B
:10902000FF7F00FFFF7F00FFFF7F00FE030000F8CF
:109030000F0000F01F0000C07F000000FF010000D3
:10904000FC070000F80F0000E03F00FFFF7F00FF7B
:10905000FF7F00FFFF7F00FFFF7F0000000000C0D8
:109060000F3C00E03F3C00F07F3C00F8FF3C007804
:10907000F03C0038E03C0078F03C00F8FF3C00F0A9
:109080007F3C00E03F3C00800F00350000F803000B
:1090900000FE0F0080FF3F0080FF3F00C0E77C0024
:1090A000C0E37800C0E37800C0E37800C0077C002C
:1090B000C00F3F00800F3F0000071E000004063570
:1090C000008000200080073C00801F3F0000FF1F41
:1090D0000000FC070000F0010080C0200080073C79
:1090E00000801F3F0000FF1F0000FC070000F00190
:1090F0000000C0001D000000E0000000E0000000D3
:10910000E080F3FFFF80F3FFFF80F3FF7F80F3FF3A
:109110003F450000C00100F8C00700FEC31F00FF6C
:10912000C73F00FF073F801F0F7E800F0E7C800F20
:109130000E7C800F0E7C800F1E7C800F1C7C801F9D
:109140001C7E007F3C3E007EF83F007CF81F0070D4
:10915000F01F0000C0073D00001F0000803F080016
:10916000C07F1800C07F3C00E0797C00E0F8780008
:10917000E0F07000E0F07000E0F07100E0E07900F5
:10918000E0E17F00C0C33F00C0C31F0080010F00AB
:1091900000010025000700000007000000E7FF7F36
:1091A00000E0FF7F00E0FF7F00E0FF7F000700009E
:1091B00000070000000700007D00000040000000E4
:1091C000780000007E0000807F0000F07F0000FC3F
:1091D0007F0000FF7F00E0FF0F00F8FF0300FEFFAD
:1091E00000C0FFFF00F0FFFF00FCFFFC00FC1FFCC5
:1091F00000FC07FC00FC00FC00FC07FC00FC1FFC62
:1092000000FCFFFC00F0FFFF0080FFFF0000FEFFFE
:109210000000F8FF0300C0FF0F0000FF7F0000FC0C
:109220007F0000E07F0000807F0000007E000000E3
:10923000700000004075FCFFFF7FFCFFFF7FFCFF1C
:10924000FF7FFCFFFF7FFCFFFF7FFCFFFF7FFCFF3A
:10925000FF7FFCC00F7EFCC00F7EFCC00F7EFCC0F9
:109260000F7EFCC00F7EFCC00F7EFCC00F7EFCC0DA
:109270000F7EFCC00F7EFCC00F7EFCC00F7EFCC0CA
:109280000F7EFCC00F7EFCC01F7FFCC01F7FFC80D8
:10929000FF3FFC80FF3FFC80FF3FFC00FF1F000002
:1092A000FE0F0000FC070000F00175FCFFFF7FFCD3
:1092B000FFFF7FFCFFFF7FFCFFFF7FFCFFFF7FFCCA
:1092C000FFFF7FFCFFFF7FFCC00F7EFCC00F7EFC1A
:1092D000C00F7EFCC00F7EFCC00F7EFCC00F7EFC6A
:1092E000C00F7EFCC00F7EFCC00F7EFCC00F7EFC5A
:1092F000C00F7EFCC00F7EFCE10F7EFCF11F7FFCE7
:10930000FF1F7FF8FFFF3FF8FFFE3FF0FFFE3FE04B
:109310007FFC1FC03FFC0F800FF8070000E00361D7
:10932000FCFFFF7FFCFFFF7FFCFFFF7FFCFFFF7F59
:10933000FCFFFF7FFCFFFF7FFCFFFF7FFC000000C6
:10934000FC000000FC000000FC000000FC0000002D
:10935000FC000000FC000000FC000000FC0000001D
:10936000FC000000FC000000FC000000FC0000000D
:10937000FC000000FC000000FC000000FC000000FD
:10938000810000007E0000007E0000007E000000E2
:109390007F0000E07F0000FF7FFCFFFF7FFCFFFFFE
:1093A0007FFCFFFF7FFCFFFF7FFCFFFF7EFCFF1FBA
:1093B0007EFCFF007EFC00007EFC00007EFC0000C6
:1093C0007EFC00007EFC00007EFC00007EFC0000B5
:1093D0007EFC00007EFC00007EFCFFFF7FFCFFFFA8
:1093E0007FFCFFFF7FFCFFFF7FFCFFFF7FFCFFFF99
:1093F0007FFCFFFF7F0000007E0000007E00000079
:109400007E6DFCFFFF7FFCFFFF7FFCFFFF7FFCFF0B
:10941000FF7FFCFFFF7FFCFFFF7FFCFFFF7FFCC0A7
:109420000F7EFCC00F7EFCC00F7EFCC00F7EFCC018
:109430000F7EFCC00F7EFCC00F7EFCC00F7EFCC008
:109440000F7EFCC00F7EFCC00F7EFCC00F7EFCC0F8
:109450000F7EFCC00F7EFCC00F7EFCC00F7EFCC0E8
:109460000F7EFCC00F7EFC00007E0000007E7D3C75
:109470000000403C0000783C00007E7C00807FFCC7
:1094800000E07FF807F87FF03FFE1FE07FFF0380DA
:10949000FFFF0000FC3F0000F00F0000E0030000B1
:1094A000C00300FCFFFF7FFCFFFF7FFCFFFF7FFC92
:1094B000FFFF7FFCFFFF7F00C0030000E003000010
:1094C000F00F0000FC3F0080FFFF00E07FFF03F093
:1094D0003FFE1FF807F87FFC00F07F7C00807F3C98
:1094E00000007E3C0000783C0000407100008000DD
:1094F000000680038007C007C007C00FE00FC01F31
:10950000F00FE03FF00FE03FF80FC03FF807807F1B
:10951000FC03007FFC01007FFC00007EFCC0037E9A
:10952000FCC0037EFCC0037EFCC0037EFCC0037E47
:10953000FCE0037EFCE1077FFCF3077FF8FF8F3F31
:10954000F8FFFF3FF87FFF3FF03FFF1FE01FFE1FC8
:10955000E01FFE0F8007FC070000F0016DFCFFFF1D
:109560007FFCFFFF7FFCFFFF7FFCFFFF7FFCFFFF17
:109570007FFCFFFF7FFCFFFF7F0000F83F0000FE45
:109580001F0000FF0F0080FF0300E0FF0100F0FF5D
:109590000000F83F0000FE1F0000FF0F0080FF03E7
:1095A00000E0FF0100F0FF0000F83F0000FCFFFFBB
:1095B0007FFCFFFF7FFCFFFF7FFCFFFF7FFCFFFFC7
:1095C0007FFCFFFF7FFCFFFF7F6DFCFFFF7FFCFF49
:1095D000FF7FFCFFFF7FFCFFFF7FFCFFFF7FFCFFA7
:1095E000FF7FFCFFFF7F0000F83F0000FE1F000030
:1095F000FF0F0780FF0307E0FF0107F0FF0007F8F8
:109600003F0007FE1F0007FF0F0087FF0300E0FF7A
:109610000100F0FF0000F83F0000FCFFFF7FFCFFAF
:10962000FF7FFCFFFF7FFCFFFF7FFCFFFF7FFCFF56
:10963000FF7FFCFFFF7F69FCFFFF7FFCFFFF7FFCDC
:10964000FFFF7FFCFFFF7FFCFFFF7FFCFFFF7FFC36
:10965000FFFF7F00C0030000C0030000C003000044
:10966000E0070000F80F0000FC3F0000FF7F00C093
:109670007FFF01E07FFF03F03FFE0FF80FFC3FF894
:1096800003F87FFC00F07F7C00C07F3C00007F3C43
:1096900000007E3C0000783C0000603C000040750B
:1096A0000000007E0000007E0000007E0000007EC2
:1096B0000000007FFCFFFF7FFCFFFF7FFCFFFF7FC0
:1096C000FCFFFF3FFCFFFF3FFCFFFF1FFCFFFF070E
:1096D000FC000000FC000000FC000000FC0000009A
:1096E000FC000000FC000000FC000000FC0000008A
:1096F000FC000000FC000000FCFFFF7FFCFFFF7F80
:10970000FCFFFF7FFCFFFF7FFCFFFF7FFCFFFF7F75
:10971000FCFFFF7F7DFCFFFF7FFCFFFF7FFCFFFF67
:109720007FFCFFFF7FFCFFFF7FFCFFFF7FFC000053
:1097300000FC0F0000FCFF0000FCFF0F00FCFFFF1F
:109740000080FFFF0F00F8FF7F0080FF7F0000F820
:109750007F0000007F0000F87F0080FF7F00F8FF9F
:109760007F80FFFF0FFCFFFF00FCFF0F00FCFF00EE
:1097700000FC0F0000FC000000FCFFFF7FFCFFFF6F
:109780007FFCFFFF7FFCFFFF7FFCFFFF7FFCFFFFF5
:109790007F6DFCFFFF7FFCFFFF7FFCFFFF7FFCFF77
:1097A000FF7FFCFFFF7FFCFFFF7FFCFFFF7F00E0F0
:1097B000070000E0070000E0070000E0070000E00D
:1097C000070000E0070000E0070000E0070000E0FD
:1097D000070000E0070000E0070000E0070000E0ED
:1097E0000700FCFFFF7FFCFFFF7FFCFFFF7FFCFF0C
:1097F000FF7FFCFFFF7FFCFFFF7FFCFFFF7F7D0003
:10980000F01F0000FEFF0000FFFF0180FFFF03C00C
:10981000FFFF07E0FFFF0FF01FF01FF007C01FF86A
:1098200003803FF801803FF801003FFC01007FFC0E
:1098300000007EFC00007EFC00007EFC00007EFC40
:1098400000007EFC00007EFC00007EFC01007FF832
:1098500001003FF801803FF803803FF007C01FF090
:109860001FF01FE0FFFF0FC0FFFF0780FFFF030097
:10987000FFFF0100FEFF0000F01F006DFCFFFF7FF7
:10988000FCFFFF7FFCFFFF7FFCFFFF7FFCFFFF7FF4
:10989000FCFFFF7FFCFFFF7FFC000000FC000000DE
:1098A000FC000000FC000000FC000000FC000000C8
:1098B000FC000000FC000000FC000000FC000000B8
:1098C000FC000000FC000000FC000000FCFFFF7F2B
:1098D000FCFFFF7FFCFFFF7FFCFFFF7FFCFFFF7FA4
:1098E000FCFFFF7FFCFFFF7F6DFCFFFF7FFCFFFFA6
:1098F0007FFCFFFF7FFCFFFF7FFCFFFF7FFCFFFF84
:109900007FFCFFFF7FFCC00F00FCC00F00FCC00FFE
:1099100000FCC00F00FCC00F00FCC00F00FCC00F1B
:1099200000FCC00F00FCC00F00FCC00F00FCC00F0B
:1099300000FCE10F00FCF30F00F8FF0700F8FF0741
:1099400000F8FF0300F0FF0300E0FF0100C0FF008C
:1099500000003F00007D00F01F0000FC7F0000FFC2
:10996000FF0180FFFF03C0FFFF07E0FFFF0FE0FFE5
:10997000FF1FF01FF01FF807C03FF803803FF801FA
:10998000003FF801007FFC00007EFC00007EFC0030
:10999000007EFC00007EFC00007EFC00007EFC00DF
:1099A000007EFC00007FFC01007FF803803FF8038D
:1099B000C03FF80FF03FF01FF81FF01FF81FE01F27
:1099C000F00FC01FF007800FF003000FE000000849
:1099D00020006DFC000000FC000000FC000000FC0A
:1099E000000000FC000000FC000000FC000000FC87
:1099F000000000FC000000FC000000FCFFFF7FFCFA
:109A0000FFFF7FFCFFFF7FFCFFFF7FFCFFFF7FFC72
:109A1000FFFF7FFCFFFF7FFC000000FC000000FC5C
:109A2000000000FC000000FC000000FC000000FC46
:109A3000000000FC000000FC000000FC00000079B9
:109A4000040000001C0000003C000000FC000000BE
:109A5000FC010000FC07007EFC0F007EFC3F007E46
:109A6000F07F007EE0FF017EC0FF037F00FF8F7F5D
:109A700000FEFF3F00F8FF3F00F0FF1F00C0FF0F98
:109A80000080FF0700E0FF0100F87F0000FE3F00BC
:109A900080FF0F00E0FF0300F8FF0000FC7F0000E4
:109AA000FC1F0000FC070000FC0100007C0000001F
:109AB0003C0000000C0000008100E00F0000FC7F73
:109AC0000000FEFF0000FFFF0180FFFF0380FFFF9B
:109AD00003C03FF807C01FF007C00FE007E007C052
:109AE0000FE007C00FE007C00FE007C00FFCFFFF4B
:109AF0007FFCFFFF7FFCFFFF7FFCFFFF7FFCFFFF82
:109B00007FFCFFFF7FE007C00FE007C00FE007C04A
:109B10000FE007C00FC00FE007C01FF007C03FF8FD
:109B20000780FFFF0380FFFF0300FFFF0100FEFF30
:109B30000000FC7F0000E00F007D000000400400FA
:109B400000701C0000783C00007C7C00007EFC0063
:109B5000807FFC03C07FFC07E07FFC0FF83FF83FED
:109B6000FC1FF07FFE0FE0FFFF0380FFFF0100FFFF
:109B7000FF0000FE7F0000FC1F0000FE7F0000FFD2
:109B8000FF0080FFFF01E0FFFF03F07FFE0FF83FC3
:109B9000FC1FFC0FF83FFC07E07FFC03C07FFC00CC
:109BA000807F7C00007E3C00007C1C00007804006C
:109BB0000070000000407DFCFFFF7FFCFFFF7FFC8A
:109BC000FFFF7FFCFFFF7FFCFFFF7FFCFFFF7FFCB1
:109BD000FFFF7F0000007E0000007E0000007E008E
:109BE00000007E0000007E0000007E0000007E007D
:109BF00000007E0000007E0000007E0000007E006D
:109C000000007E0000007E0000007EFCFFFF7FFC65
:109C1000FFFF7FFCFFFF7FFCFFFF7FFCFFFF7FFC60
:109C2000FFFF7FFCFFFF7F0000007E0000007E0042
:109C300000007E69FC7F0000FCFF0100FCFF0300C8
:109C4000FCFF0700FCFF0F00FCFF0F00FCFF0F00F4
:109C500000E01F0000C01F0000801F0000801F00E8
:109C600000801F0000801F0000801F0000801F0078
:109C700000801F0000800F0000C00F0000C00F0018
:109C8000FCFFFF7FFCFFFF7FFCFFFF7FFCFFFF7FF0
:109C9000FCFFFF7FFCFFFF7FFCFFFF7F7DFCFFFFE2
:109CA0007FFCFFFF7FFCFFFF7FFCFFFF7FFCFFFFD0
:109CB0007F0000007E0000007E0000007E000000AB
:109CC0007E0000007E0000007E0000007E0000009C
:109CD0007EFCFFFF7FFCFFFF7FFCFFFF7FFCFFFFA1
:109CE0007FFCFFFF7F0000007E0000007E00000080
:109CF0007E0000007E0000007E0000007E0000006C
:109D00007E0000007EFCFFFF7FFCFFFF7FFCFFFF6B
:109D10007FFCFFFF7FFCFFFF7F81FCFFFF7FFCFFDD
:109D2000FF7FFCFFFF7FFCFFFF7FFCFFFF7F00004A
:109D3000007E0000007E0000007E0000007E00002B
:109D4000007E0000007E0000007E0000007EFCFF20
:109D5000FF7FFCFFFF7FFCFFFF7FFCFFFF7FFCFF1F
:109D6000FF7F0000007E0000007E0000007E0000FB
:109D7000007E0000007E0000007E0000007E0000EB
:109D8000007EFCFFFF7FFCFFFF7FFCFFFF7FFCFFEF
:109D9000FF7FFCFFFF7F0000007E817C0000007CD5
:109DA0000000007C0000007C0000007C0000007CC3
:109DB0000000007C0000007C000000FCFFFF7FFC36
:109DC000FFFF7FFCFFFF7FFCFFFF7FFCFFFF7FFCAF
:109DD000FFFF7F00C0077C00C0077C00C0077C003D
:109DE000C0077C00C0077C00C0077C00C0077C0067
:109DF000C0077C00C0077C00C0077C00C00F7E004D
:109E0000C01F7F0080FF3F0080FF3F0000FF3F003A
:109E100000FF1F0000FC0F0000F00381FCFFFF7F2C
:109E2000FCFFFF7FFCFFFF7FFCFFFF7FFCFFFF7F4E
:109E3000FCFFFF7F00C0077C00C0077C00C0077CE0
:109E400000C0077C00C0077C00C0077C00C0077C06
:109E500000C0077C00C0077C00C0077C00C00F7EEC
:109E600000C01F7F0080FF3F0080FF3F0000FF3FDA
:109E70000000FF1F0000FC0F0000F00300000000C6
:109E80000000000000000000FCFFFF7FFCFFFF7FE0
:109E9000FCFFFF7FFCFFFF7FFCFFFF7F69FCFFFFF4
:109EA0007FFCFFFF7FFCFFFF7FFCFFFF7FFCFFFFCE
:109EB0007FFCFFFF7F00C00F7E00C00F7E00C00F41
:109EC0007E00C00F7E00C00F7E00C00F7E00C00F5E
:109ED0007E00C00F7E00C00F7E00C00F7E00C00F4E
:109EE0007E00C00F7E00C01F7F00801F7F0080FFAC
:109EF0003F0080FF3F0000FF1F0000FE0F0000FC3E
:109F0000070000F0037D000C6000000FE001800FEF
:109F1000F003C01FF007E01FF00FF01FF81FF01F45
:109F2000F81FF80FE03FF807C03FF803803FFC013F
:109F3000007FFC01007FFCE0077EFCE0077EFCE088
:109F4000077EFCE0077EFCE0077EFCE0077EFCE08D
:109F5000077EFCE1077FF8E1073FF8E3873FF8E37E
:109F6000C73FF0EFE71FF0FFFF1FE0FFFF0FC0FF4D
:109F7000FF0780FFFF0300FFFF0100FC7F0000E000
:109F80001F0081FCFFFF7FFCFFFF7FFCFFFF7FFCCA
:109F9000FFFF7FFCFFFF7F00C00F0000C00F00002D
:109FA000C00F0000C00F0000F87F0000FFFF01801D
:109FB000FFFF07E0FFFF0FF0FFFF1FF00FF03FF87C
:109FC00003C03FF801003FFC01007FFC00007EFC65
:109FD00000007EFC00007EFC00007EFC00007EFC99
:109FE00001007FF801003FF803803FF00FF01FF001
:109FF000FFFF1FE0FFFF0F80FFFF0300FFFF0100D7
:10A00000F83F007D0000004000000060000000708C
:10A01000801F007CC07F007EF0FF007FF0FFC07FCC
:10A02000F8FFE17FF8FFF17FF8FFFB1FFCF1FB0F6A
:10A03000FCF1FF07FCE0FF01FCE0FF00FCE07F001B
:10A04000FCE03F00FCE01F00FCE00F00FCE007002C
:10A05000FCE00700FCE00700FCE00700FCE0070074
:10A06000FCE00700FCFFFF7FFCFFFF7FFCFFFF7FA2
:10A07000FCFFFF7FFCFFFF7FFCFFFF7FFCFFFF7FFC
:10A080005D0000000F0000C31F00C0C33F00E0E3FD
:10A090003F00F0E77F00F8E77F00F8F77F00FC73F0
:10A0A0007F00FC707E00FC707E00FC307E00FC3087
:10A0B0003E00FC383E00FC391F00FCFF0F00FCFF97
:10A0C0001F00F8FF7F00F8FF7F00F8FF7F00F0FF20
:10A0D0007F00C0FF7F00000070000000406900F8B2
:10A0E0003F0000FFFF01C0FFFF07E0FFFF0FF0FF91
:10A0F000FF1FF08FFF1FF8C7FF3FF8E3C73FF8F1DE
:10A10000013FFCF9017FFCF8007EFCFC007EFCFCBA
:10A11000007EFCFC007EFCFC007EFCFC007EFCFC67
:10A12000017FFCFC013FFCF8C73FFCF8FF3FFEF05D
:10A13000FF1F7EF0FF1F7EE0FF0F3EC0FF070E8077
:10A14000FF030000FE006500FCFF7F00FCFF7F00B6
:10A15000FCFF7F00FCFF7F00FCFF7F00FCFF7F0017
:10A16000FCFF7F003C3C78003C3C78003C3C7800A5
:10A170003C3C78003C3C78003C3C78003C3C78001F
:10A180003C3C78003C3C78007C7E7800FC7F7C0086
:10A19000FCFF7F00FCFF7F00F8FF3F00F8F73F0067
:10A1A000F0E33F00E0C11F000080074500FCFF7F97
:10A1B00000FCFF7F00FCFF7F00FCFF7F00FCFF7FB7
:10A1C00000FCFF7F00FCFF7F00FC000000FC0000A3
:10A1D00000FC000000FC000000FC000000FC00008F
:10A1E00000FC000000FC000000FC000000FC00007F
:10A1F00079000000FE000000FE000000FE000000EC
:10A20000FE000080FF0000E0FF0000FEFF00FCFFFA
:10A210007F00FCFF7F00FCFF7F00FCFF7E00FC7FD7
:10A220007E00FC0F7E00FC007E00FC007E00FC0037
:10A230007E00FC007E00FC007E00FC007E00FC0036
:10A240007E00FCFF7F00FCFF7F00FCFF7F00FCFF27
:10A25000FF00FCFFFF00FCFFFF00FCFFFF00000011
:10A26000FE000000FE000000FE5D0000FE00008019
:10A27000FF0300C0FF0F00E0FF1F00F0FF1F00F80A
:10A28000FF3F00F8FF3F00FCBB3F00FC397F00FCB4
:10A29000387E00FC387E00FC387E00FC387E00FCF6
:10A2A000387E00FC397E00F83B7F00F8BF3F00F8A5
:10A2B000BF3F00F0BF3F00E0BF1F00E03F0F008046
:10A2C0003F0700003E018100000040003C0070009C
:10A2D0003C0078003C007E007C807F00FCC17F0059
:10A2E000F8E37F00F8F71F00F0FF0700C0FF010050
:10A2F00000FF0000003C0000003C0000FCFF7F006D
:10A30000FCFF7F00FCFF7F00FCFF7F00FCFF7F0065
:10A31000FCFF7F00003C0000003C0000007F0000CC
:10A32000C0FF0100F0FF0700F8F71F00F8E37F000F
:10A33000FCC17F007C807F003C007E003C007800F8
:10A340003C00700000004055000000020080000E3C
:10A3500000E0001E00F0001F00F0013F00F8013F88
:10A3600000F8017E00FC007C007C0078003C3C781A
:10A37000003C3C78003C3C78003C3C78007C7E7C97
:10A3800000FCFF7F00F8FF3F00F8F73F00F0F73FC9
:10A3900000F0E31F00C0C10F000080076100FCFF58
:10A3A0007F00FCFF7F00FCFF7F00FCFF7F00FCFFC5
:10A3B0007F00FCFF7F00FCFF7F0000C03F0000E04B
:10A3C0001F0000F00F0000F8030000FE010000FF76
:10A3D0000000803F0000E01F0000F00F0000F807C1
:10A3E0000000FCFF7F00FCFF7F00FCFF7F00FCFF04
:10A3F0007F00FCFF7F00FCFF7F00FCFF7F6100FC13
:10A40000FF7F00FCFF7F00FCFF7F00FCFF7F00FC64
:10A41000FF7F0CFCFF7F3CFCFF7F7C00C03F78008F
:10A42000E01FF000F00FE000F803E000FE01E000A4
:10A43000FF00E0803F00E0E01F00F0F00F0078F840
:10A4400007007CFCFF7F3CFCFF7F0CFCFF7F00FCD7
:10A45000FF7F00FCFF7F00FCFF7F00FCFF7F5900B7
:10A46000FCFF7F00FCFF7F00FCFF7F00FCFF7F0004
:10A47000FCFF7F00FCFF7F00FCFF7F0000780000F6
:10A480000078000000FC000000FE0100C0FF070093
:10A49000F0FF0F00F8EF3F00F8C77F00FCC37F001C
:10A4A000FC807F003C007F003C007C003C0078008A
:10A4B0003C006000000040710000007E0000007E53
:10A4C0000000007E0000007E0000007E00FCFF7F98
:10A4D00000FCFF7F00FCFF7F00FCFF7F00FCFF3FD4
:10A4E00000FCFF1F00FCFF0F00FC000000FC000050
:10A4F00000FC000000FC000000FC000000FC00006C
:10A5000000FC000000FC000000FC000000FCFF7FDD
:10A5100000FCFF7F00FCFF7F00FCFF7F00FCFF7F53
:10A5200000FCFF7F00FCFF7F7500FCFF7F00FCFF4D
:10A530007F00FCFF7F00FCFF7F00FCFF7F00FCFF33
:10A540007F00FC030000FC1F0000FC7F0000E0FF18
:10A55000010080FF0F0000FC3F0000F07F0000C002
:10A560007F0000007E0000C07F0000F07F0000FC44
:10A570003F0080FF0F00E0FF0100F87F0000FC1F9C
:10A580000000FC030000FCFF7F00FCFF7F00FCFFDD
:10A590007F00FCFF7F00FCFF7F00FCFF7F6100FC71
:10A5A000FF7F00FCFF7F00FCFF7F00FCFF7F00FCC3
:10A5B000FF7F00FCFF7F00FCFF7F0000FC0000002D
:10A5C000FC000000FC000000FC000000FC0000009B
:10A5D000FC000000FC000000FC000000FC0000008B
:10A5E000FC0000FCFF7F00FCFF7F00FCFF7F00FC05
:10A5F000FF7F00FCFF7F00FCFF7F00FCFF7F690006
:10A6000000FE000080FF0300C0FF0700E0FF0F0016
:10A61000F0FF1F00F0FF1F00F8FF3F00F8833F002E
:10A62000F8013F00FC017F00FC007E00FC007E0082
:10A63000FC007E00FC007E00FC007E00FC007E0032
:10A64000FC017F00F8013F00F8833F00F8FF3F0066
:10A65000F0FF1F00F0FF1F00E0FF0F00C0FF07002A
:10A6600080FF030000FE006100FCFF7F00FCFF7F15
:10A6700000FCFF7F00FCFF7F00FCFF7F00FCFF7FF2
:10A6800000FCFF7F00FC000000FC000000FC00005C
:10A6900000FC000000FC000000FC000000FC0000CA
:10A6A00000FC000000FC000000FC000000FCFF7F3C
:10A6B00000FCFF7F00FCFF7F00FCFF7F00FCFF7FB2
:10A6C00000FCFF7F00FCFF7F6500FCFFFF00FCFF3C
:10A6D000FF00FCFFFF00FCFFFF00FCFFFF00FCFF92
:10A6E000FF00FCFFFF00F0830F00F0011F00F801E6
:10A6F0003F00F8003E00FC007E00FC007E00FC00F5
:10A700007E00FC007E00FC017F00FC017F00FC83DA
:10A710007F00F8FF3F00F8FF3F00F0FF1F00F0FF51
:10A720001F00E0FF0F0080FF030000FE005D00003F
:10A73000FE000080FF0300E0FF0F00E0FF0F00F0CD
:10A74000FF1F00F8FF3F00F8FF3F00F8833F00FCC9
:10A75000017F00FC007E00FC007E00FC007E00FC0F
:10A76000007E00FC007E00FC017F00FC837F00F87F
:10A77000E73F00F8E73F00F0E71F00F0E70F00E0D9
:10A78000C3070080C3030000C2005D00FC0000009E
:10A79000FC000000FC000000FC000000FC000000C9
:10A7A000FC000000FC000000FC000000FCFF7F003B
:10A7B000FCFF7F00FCFF7F00FCFF7F00FCFF7F00B1
:10A7C000FCFF7F00FCFF7F00FC000000FC0000009D
:10A7D000FC000000FC000000FC000000FC00000089
:10A7E000FC000000FC00006500040000001C0000EC
:10A7F000007C00E000FC00E000FC03E000FC0FE057
:10A8000000FC3FE000F07FF000C0FFF90000FFFF18
:10A810000000FC7F0000F07F0000C07F0000F03FE0
:10A820000000FC0F0000FF0700C0FF0100F07F00E8
:10A8300000FC3F0000FC0F0000FC030000FC0000D7
:10A84000007C0000001C000000040000810000FEED
:10A850000000C0FF0700E0FF0F00F0FF1F00F8FF3F
:10A860003F00F8FF7F00FC837F00FC017F00FC00BD
:10A870007E00FC007E00F8003E00F8013F00F083FF
:10A880001FFCFFFFFFFCFFFFFFFCFFFFFFFCFFFFC4
:10A89000FFFCFFFFFFFCFFFFFF00F0831F00F8013C
:10A8A0003F00F8003E00FC007E00FC007E00FC0142
:10A8B0007F00FC837F00FCFF7F00F8FF3F00F0FF7C
:10A8C0001F00E0FF0F00C0FF070000FE0065000052
:10A8D000004000040060001C0078003C007C007C0C
:10A8E000007E00FC007F00FC837F00FCE77F00FC13
:10A8F000FF3F00F8FF0F00E0FF0700C0FF0100006E
:10A90000FF0000C0FF0300F0FF0700F8FF1F00FC7E
:10A91000FF3F00FCE37F00FC817F00FC007F007CA8
:10A92000007E003C007C000C007800040060000009
:10A9300000406900FCFF7F00FCFF7F00FCFF7F0000
:10A94000FCFF7F00FCFF7F00FCFF7F00FCFF7F001F
:10A9500000007E0000007E0000007E0000007E00FF
:10A9600000007E0000007E0000007E0000007E00EF
:10A9700000007E00FCFF7F00FCFF7F00FCFF7F00EB
:10A98000FCFFFF00FCFFFF00FCFFFF00FCFFFF00DF
:10A990000000FE000000FE000000FE5900FC030065
:10A9A00000FC0F0000FC1F0000FC3F0000FC3F000B
:10A9B00000FC3F0000FC7F0000007E0000007C00E7
:10A9C00000007800000078000000780000007800A7
:10A9D000000038000000380000FCFF7F00FCFF7F13
:10A9E00000FCFF7F00FCFF7F00FCFF7F00FCFF7F7F
:10A9F00000FCFF7F7900FCFF7F00FCFF7F00FCFF75
:10AA00007F00FCFF7F00FCFF7F00FCFF7F00000059
:10AA10007E0000007E0000007E0000007E0000003E
:10AA20007E0000007E00FCFF7F00FCFF7F00FCFF3B
:10AA30007F00FCFF7F00FCFF7F00FCFF7F00000029
:10AA40007E0000007E0000007E0000007E0000000E
:10AA50007E0000007E00FCFF7F00FCFF7F00FCFF0B
:10AA60007F00FCFF7F00FCFF7F00FCFF7F8100FC7C
:10AA7000FF7F00FCFF7F00FCFF7F00FCFF7F00FCEE
:10AA8000FF7F00FCFF7F0000007E0000007E0000D2
:10AA9000007E0000007E0000007E0000007E00FCC2
:10AAA000FF7F00FCFF7F00FCFF7F00FCFF7F00FCBE
:10AAB000FF7F00FCFF7F0000007E0000007E0000A2
:10AAC000007E0000007E0000007E0000007E00FC92
:10AAD000FF7F00FCFF7F00FCFF7F00FCFFFF00FC0E
:10AAE000FFFF00FCFFFF000000FE000000FE7500FD
:10AAF000FC000000FC000000FC000000FC00000066
:10AB0000FC000000FC000000FC000000FCFF7F00D7
:10AB1000FCFF7F00FCFF7F00FCFF7F00FCFF7F004D
:10AB2000FCFF7F00007878000078780000787800DB
:10AB30000078780000787800007878000078780055
:10AB4000007878000078780000F87C0000F87F003A
:10AB500000F87F0000F03F0000F03F0000E01F0021
:10AB60000080078100FCFF7F00FCFF7F00FCFF7F6F
:10AB700000FCFF7F00FCFF7F00FCFF7F0000787877
:10AB80000000787800007878000078780000787805
:10AB900000007878000078780000787800007878F5
:10ABA0000000F87C0000F87F0000F83F0000F03F54
:10ABB0000000F03F0000E01F0000800700000000E0
:10ABC00000000000000000000000000000FCFF7F0B
:10ABD00000FCFF7F00FCFF7F00FCFF7F00FCFF7F8D
:10ABE00000FCFF7F5D00FCFF7F00FCFF7F00FCFF9F
:10ABF0007F00FCFF7F00FCFF7F00FCFF7F000078F0
:10AC00007800007878000078780000787800007884
:10AC10007800007878000078780000787800007874
:10AC200078000078780000F87C0000F87F0000F0E1
:10AC30003F0000F03F0000F03F0000E01F000080F8
:10AC4000075D00008000000082030080830F00E0A9
:10AC5000C31F00F0C71F00F8C73F00F8C73F00F848
:10AC6000877F00FC037F00FC3D7E00FC3C7E00FCF7
:10AC70003C7E00FC3C7E00FC3C7E00FC3C7F00FCFB
:10AC8000BD7F00F8FF3F00F8FF3F00F0FF1F00F01E
:10AC9000FF1F00E0FF0F0080FF030000FE008100A7
:10ACA000FCFF7F00FCFF7F00FCFF7F00FCFF7F00BC
:10ACB000FCFF7F00FCFF7F0000FC000000FC0000A8
:10ACC00000FC000000FC000000FC000000FF03008E
:10ACD000C0FF0700E0FF1F00F0FF1F00F8FF3F006C
:10ACE000F8FF3F00F8837F00FC017F00FC007E003E
:10ACF000FC007E00FC007E00FC007E00FC007E006C
:10AD0000FC017F00F8833F00F8FF3F00F0FF3F00A9
:10AD1000F0FF1F00E0FF0F0080FF070000FE00694A
:10AD2000000000400000006000C0077000F00F78D5
:10AD300000F81F7C00F83F7E00F83F7F00FCBF7FDB
:10AD400000FCFF7F007CFC3F003CF81F003CF80744
:10AD5000003CF803003CF801003CF800003C78009F
:10AD6000003C7800003C7800003C780000FCFF7F4D
:10AD700000FCFF7F00FCFF7F00FCFF7F00FCFF7FEB
:10AD800000FCFF7F00FCFF7F446973706C61795F9A
:10AD900066696C6C5265637400000000443A5C554F
:10ADA000736572735C43686972696B616C6F5C4157
:10ADB000524D5F70726F6A5C53505244325F355C23
:10ADC000646973706C6179322E630000524543549C
:10ADD000206865696768742A7769647468206D758E
:10ADE0007374206265203E30000000004469737077
:10ADF0006C61795F636C6561725265637400000019
:10AE0000454449540045444954004544495400C20E
:10AE1000C2CEC40073796D626F6C0073796D626F1E
:10AE20006C0073796D626F6C00F1E8ECE2EEEB00A0
:10AE30006469676974006469676974006469676953
:10AE40007400F6E8F4F0E0006E657874006E6578E2
:10AE500074006E65787400E4E0EBFCF8E500000037
:10AE6000706F696E7400706F696E7400706F696ED8
:10AE70007400F2EEF7EAE000656E74657200656ECC
:10AE800074657200656E74657200E2E2EEE40000C3
:10AE900063616E63656C0063616E63656C00636122
:10AEA0006E63656C00EEF2ECE5EDE000252E306699
:10AEB00000000000456469744D6F64655F4F6E5219
:10AEC0006967687400000000443A5C5573657273EA
:10AED0005C43686972696B616C6F5C41524D5F7075
:10AEE000726F6A5C53505244325F355C65646974BA
:10AEF0002E630000496E76616C6964207061726136
:10AF00006D65746572730000456469744D6F6465A6
:10AF10005F4F6E5570000000456469744D6F646545
:10AF20005F4F6E446F776E00456469744D6F646562
:10AF30005F73686F774D6F64654865616465720023
:10AF40005B252E3066202D20252E30665D0000000A
:10AF5000456469744D6F64655F73686F7756616CA3
:10AF60007565507265760000456469744D6F64655F
:10AF70005F73686F7744696D656E73696F6E00000B
:10AF8000CEF1F2E0EBEEF1FC20F1E8ECE22E3A201B
:10AF90002564000052656D61696E696E6720737982
:10AFA0006D626F6C733A2025640000003D4500001F
:10AFB000143F14004145000055450000594500006C
:10AFC00083450000B94700005948000001490000CE
:10AFD00091490000514A00007D4A0000814A00006A
:10AFE0008D4A0000954A0000914A00005548000033
:10AFF0004C495354004C495354004C49535400D1CC
:10B00000CFC8D1CECA00000046696C654C69737424
:10B010004D6F64655F4F6E49646C6500443A5C55E2
:10B02000736572735C43686972696B616C6F5C41D4
:10B03000524D5F70726F6A5C53505244325F355CA0
:10B0400066696C655F6C6973742E63007052657419
:10B0500046756E6374696F6E206D757374206E6FC4
:10B0600074206265204E554C4C000000506C6561A8
:10B07000736520776169742E2E2E004269747465A1
:10B080002077617274656E2E2E2E00506C65617390
:10B090006520776169742E2E2E00CFEEE6E0EBF38B
:10B0A000E9F1F2E020E6E4E8F2E52E2E2E000000C1
:10B0B00046696C654C6973744D6F64655F6D656E50
:10B0C00075315F70756E6B7431000000704F6E4E9D
:10B0D00065787450616765206D757374206E6F7448
:10B0E000206265204E554C4C000000003E3E4E65EF
:10B0F00078742070616765003E3E4E6578742070FC
:10B10000616765003E3E4E6578742070616765003A
:10B110003E3ED1EBE5E4F3FEF9E0FF20F1F2F02E44
:10B120000000000046696C654C6973744D6F64657E
:10B130005F6D656E75315F70756E6B743200000007
:10B14000704F6E5072657650616765206D757374CF
:10B15000206E6F74206265204E554C4C000000003C
:10B160003C3C50726576696F75732070616765004D
:10B170003C3C50726576696F75732070616765003D
:10B180003C3C50726576696F75732070616765002D
:10B190003C3CCFF0E5E4FBE4F3F9E0FF20F1F2F012
:10B1A0002E00000095520000003F2B0057FF0000CA
:10B1B0005BFF000053FF00004FFF0000D75200006C
:10B1C000F9520000F5520000FD520000015300004A
:10B1D0000F530000435300008753000095530000B5
:10B1E00091530000F152000053656C65637420694F
:10B1F00074656D0053656C656374206974656D00DA
:10B2000053656C656374206974656D00C2FBE1E58C
:10B21000F0E8F2E520EFF3EDEAF2000000000000B4
:10B22000000000000000000000000000000000001E
:10B230000000000000000000090000009953000019
:10B24000C15300007B5400007B5400007B5400007D
:10B250007B5400007B5400007B5400007B540000B2
:10B2600000000000BD530000E55300008F540000B3
:10B27000B3540000D7540000FB5400001F550000D9
:10B2800043550000675500000000000066696C65CA
:10B2900073797374656D5F6765745F66696C6572F9
:10B2A00065636F7264496E6465780000443A5C556A
:10B2B000736572735C43686972696B616C6F5C4142
:10B2C000524D5F70726F6A5C53505244325F355C0E
:10B2D00066696C6573797374656D2E630000000098
:10B2E00066696C657265636F7264206973206F753F
:10B2F00074206F662072616E6765000066696C6518
:10B3000073797374656D5F726561645F66696C659E
:10B310007265636F7264737461626C650000000033
:10B32000736563746F72206E756D626572206973E8
:10B33000206F7574206F662072616E676500000073
:10B3400066696C6573797374656D5F77726974652E
:10B350005F66696C657265636F7264737461626C59
:10B360006500000066696C6573797374656D5F676D
:10B3700065745F66697273745F66696C6572656334
:10B380006F7264496E64657800000000696E7661D2
:10B390006C69642066696C65207265636F72640015
:10B3A00066696C6573797374656D5F66696E645FF9
:10B3B000667265655F66696C657265636F7264006D
:10B3C00066696C6573797374656D5F726561645FDE
:10B3D000636C61737465727461626C650000000077
:10B3E00066696C6573797374656D5F77726974658E
:10B3F0005F636C61737465727461626C65000000F8
:10B4000066696C6573797374656D5F726561645F9D
:10B41000636C617374657200636C61737465722030
:10B420006E756D626572206973206F7574206F662A
:10B430002072616E6765000066696C65737973746C
:10B44000656D5F77726974655F636C617374657253
:10B450000000000066696C6573797374656D5F67E1
:10B4600065745F636C6173746572496E64657800BE
:10B47000636C61737465725F6E756D62657220696D
:10B4800073206F7574206F662072616E67650000AF
:10B4900066696C6573797374656D5F66696E645F08
:10B4A000667265655F636C617374657200000000AD
:10B4B00066696C6573797374656D5F66696E645FE8
:10B4C00066696C650000000066696C657379737469
:10B4D000656D5F64656C6574655F66696C650000C9
:10B4E000696E76616C696420636C61737465722047
:10B4F0007265636F7264000066696C65737973745A
:10B50000656D5F6372656174655F66696C65000097
:10B5100066696C6573797374656D5F72656E616D74
:10B52000655F66696C650000496E76616C696420D0
:10B53000706172616D6574657273000066696C6537
:10B5400073797374656D5F726561645F66726F6D48
:10B550005F706F736974696F6E000000696E766169
:10B560006C69642066696C6520636C6173746572D4
:10B570000000000066696C6573797374656D5F66C1
:10B58000696C655F6368616E67655F6C656E00001E
:10B590006C656E20706172616D65746572206D7589
:10B5A0007374206E6F74206265203000696E76615E
:10B5B0006C69642066696C650000000066696C65F2
:10B5C00073797374656D5F6765745F646972000099
:10B5D0006974656D734E756D203C2031000000006C
:10B5E000656E6572677900007369676D61000000C0
:10B5F00066696C6573797374656D5F6F70656E5F96
:10B60000666972737400000046696C6573797374BF
:10B61000656D206661696C656400000066696C6533
:10B6200073797374656D5F6F70656E5F6669727351
:10B6300074457800000000000000100066696C6529
:10B6400073797374656D5F636865636B5F616E6466
:10B650005F726573746F726500000000496E6974F3
:10B6600069616C697A6174696F6E2E2E2E0D0049C6
:10B670006E697469616C697A6174696F6E2E2E2EC1
:10B680000D00496E697469616C697A6174696F6EE5
:10B690002E2E2E0D00C8EDE8F6E8E0EBE8E7E0F628
:10B6A000E8FF2E2E2E0D0000526567656E657261F3
:10B6B00074696E67206D656D6F72792E2E2E0D0088
:10B6C000526567656E65726174696E67206D656D40
:10B6D0006F72792E2E2E0D00526567656E65726150
:10B6E00074696E67206D656D6F72792E2E2E0D0058
:10B6F000D0E5E3E5EDE5F0E0F6E8FF20EFE0ECFF74
:10B70000F2E82E2E2E0D000070726F677265737353
:10B71000200070726F6772657373200070726F67BC
:10B72000726573732000E2FBEFEEEBEDE5EDE8E50B
:10B7300020000000256425250000000043686563A3
:10B740006B696E67206D656D6F72792E2E2E0D0000
:10B75000436865636B696E67206D656D6F72792EE6
:10B760002E2E0D00436865636B696E67206D656DF5
:10B770006F72792E2E2E0D00CFF0EEE2E5F0EAE0AA
:10B7800020EFE0ECFFF2E82E2E2E0D0043686563FB
:10B790006B696E672066696C65732E2E2E0D0043F3
:10B7A0006865636B696E672066696C65732E2E2E03
:10B7B0000D00436865636B696E672066696C65732D
:10B7C0002E2E2E0D00CFF0EEE2E5F0EAE020F4E0C0
:10B7D000E9EBEEE22E2E2E0D0000000044656C65B4
:10B7E0007465206261642066696C65732E2E2E007C
:10B7F000416273706569636865726E207363686C1B
:10B80000656368742066696C65732E2E2E0044652E
:10B810006C657465206261642066696C65732E2EA8
:10B820002E00D3E4E0EBE5EDE8E520EFEBEEF5E804
:10B83000F520F4E0E9EBEEE22E2E2E0044656C6577
:10B8400074696E67206261642066696C65732E2E70
:10B850002E00416273706569636865726E20736360
:10B86000686C656368742066696C65732E2E2E00A3
:10B8700044656C6574696E67206261642066696CFA
:10B8800065732E2E2E00D3E4E0EBE5EDE8E520EF26
:10B89000EBEEF5E8F520F4E0E9EBEEE22E2E2E00DB
:10B8A000443A5C55736572735C43686972696B6195
:10B8B0006C6F5C41524D5F70726F6A5C53505244C2
:10B8C000325F355C66696C6573797374656D322EB1
:10B8D00063000000696E76616C696420636C61735B
:10B8E000746572207265636F726400004D656D6FE0
:10B8F000727920666F726D617474696E672E2E2E78
:10B9000000446174656E7370656963686572206672
:10B910006F726D6174696572656E2E2E2E004D65B5
:10B920006D6F727920666F726D617474696E672EC7
:10B930002E2E00D4EEF0ECE0F2E8F0EEE2E0EDE8DE
:10B94000E520EFE0ECFFF2E82E2E2E0045455052A8
:10B950004F4D206661696C65642100004552524F6D
:10B960005221004645484C455221004552524F5203
:10B970002100CED8C8C1CAC02100000046696C654C
:10B980002073797374656D204641494C45442120EC
:10B990004974206973207265636F6D6D656E6465AF
:10B9A0006420746F20726573746F726520666163C2
:10B9B000746F72792064656661756C7473210D41D2
:10B9C0006C6C2066696C65732077696C6C206265AD
:10B9D000206C6F7374210D0D436F6E6669726D2E4E
:10B9E0002E2E0046696C652073797374656D204650
:10B9F00041494C4544212049742069732072656394
:10BA00006F6D6D656E64656420746F20726573740C
:10BA10006F726520666163746F7279206465666118
:10BA2000756C7473210D416C6C2066696C657320B4
:10BA300077696C6C206265206C6F7374210D0D4307
:10BA40006F6E6669726D2E2E2E0046696C652073CE
:10BA5000797374656D204641494C454421204974F1
:10BA6000206973207265636F6D6D656E6465642017
:10BA7000746F20726573746F726520666163746F92
:10BA800072792064656661756C7473210D416C6C0C
:10BA90002066696C65732077696C6C206265206C28
:10BAA0006F7374210D0D436F6E6669726D2E2E2EAD
:10BAB00000D1C1CEC920D4E0E9EBEEE2EEE920F1FD
:10BAC000E8F1F2E5ECFB2120D0E5EAEEECE5EDE46F
:10BAD000EEE2E0EDEE20E2EEF1F1F2E0EDEEE2E892
:10BAE000F2FC20E7E0E2EEE4F1EAE8E520F3F1F22F
:10BAF000E0EDEEE2EAE8210DC2F1E520E4E0EDED53
:10BB0000FBE520E1F3E4F3F220F3E4E0EBE5EDFB09
:10BB1000210D0DCFEEE4F2E2E5F0E4E8F2E52E2EA1
:10BB20002E000000436C65616E696E67206D656D67
:10BB30006F72792E2E2E0D00446174656E737065E0
:10BB40006963686572207265696E6967756E672ED4
:10BB50002E2E0D00436C65616E696E67206D656DFC
:10BB60006F72792E2E2E0D00CEF7E8F1F2EAE0206A
:10BB7000EFE0ECFFF2E82E2E2E0D000066696C65FA
:10BB800073797374656D5F636F70795F66696C65F7
:10BB90005F64617461000000496E7465726E616C6F
:10BBA000206572726F72210066696C6573797374B7
:10BBB000656D5F6375745F66696C6500496E76617B
:10BBC0006C696420706172616D65746572730000E8
:10BBD000746D705F2573000066696C6573797374AA
:10BBE000656D5F63616C635F7370656369616C5FF2
:10BBF00066696C65735F6E756D626572000000004A
:10BC000046696C6573797374656D206661696C65EE
:10BC10006400000066696C6573797374656D5F63B9
:10BC2000616C635F667265655F6D656D6F727900EB
:10BC30004765696765725F70726F636573734461AE
:10BC400074610000443A5C55736572735C436869C3
:10BC500072696B616C6F5C41524D5F70726F6A5CB0
:10BC600053505244325F355C6765696765722E6375
:10BC700000000000474D20636F756E74657220668A
:10BC800061696C6564000000526164696174696F88
:10BC90006E2073616665747920616C61726D21003C
:10BCA00053747261686C756E6773736963686572EB
:10BCB0006865697420416C61726D2100526164692C
:10BCC0006174696F6E2073616665747920616C615F
:10BCD000726D2100D2F0E5E2EEE3E020F0E0E4E86E
:10BCE000E0F6E8EEEDEDEEE920E1E5E7EEEFE0F17C
:10BCF000EDEEF1F2E82100004F5645524C4F414421
:10BD00002100554245524C4144554E4721004F5663
:10BD100045524C4F41442100CFC5D0C5C3D0D3C7F5
:10BD2000CAC0210024505352463130312C2D3236B6
:10BD300038363730302C2D343330343230302C33E9
:10BD40003835313632342C39363030302C343937BE
:10BD50003236302C3932312C31322C340000000094
:10BD600024505352463130312C2D3236383637304C
:10BD7000302C2D343330343230302C3338353136AA
:10BD800032342C39363030302C3439373236302C8E
:10BD90003932312C31322C33000000002450535200
:10BDA000463130312C2D323638363730302C2D3468
:10BDB0003330343230302C333835313632342C395C
:10BDC000363030302C3439373236302C3932312C51
:10BDD00031322C32000000002450535246313031B1
:10BDE0002C2D323638363730302C2D343330343237
:10BDF00030302C333835313632342C39363030301F
:10BE00002C3439373236302C3932312C31322C3116
:10BE10000000000000000000000010004750532008
:10BE20004F4E00475053204F4E00475053204F4E27
:10BE30000047505320C2CACB000000004750532097
:10BE40004F464600475053204F4646004750532028
:10BE50004F46460047505320C2DBCACB00000000CB
:10BE60006261636B006261636B006261636B00ED32
:10BE7000E0E7E0E4000000006C696E6B006C696E46
:10BE80006B006C696E6B00F1E2FFE7FC00000000E4
:10BE90006F6E006F6E006F6E00E2EAEB0000000054
:10BEA00067706767610067706767610067706767E1
:10BEB0006100677067676100677067736100677032
:10BEC0006773610067706773610067706773610013
:10BED0006770677376006770677376006770677363
:10BEE00076006770677376006770726D63006770C5
:10BEF000726D63006770726D63006770726D6300CE
:10BF0000636F6D6D6F6E00636F6D6D6F6E00636F4D
:10BF10006D6D6F6E00EEE1F9E8E500006D656E7520
:10BF2000006D656E75006D656E7500ECE5EDFE00EB
:10BF30004E6F2047505320726563656976657200C5
:10BF40004E6F2047505320726563656976657200B5
:10BF50004E6F2047505320726563656976657200A5
:10BF6000CDE5F22047505320EFF0E8E5ECEDE8EAAC
:10BF7000E0000000475053204F46460047505320F2
:10BF80004F464600475053204F46460047505320E7
:10BF9000C2DBCACBDED7C5CD000000002564B025CA
:10BFA0006427252E3266272720257300436F6D6D89
:10BFB0006F6E20646174613A0D00436F6D6D6F6E3A
:10BFC00020646174613A0D00436F6D6D6F6E206483
:10BFD0006174613A0D00CEE1F9E8E520E4E0EDEDB1
:10BFE000FBE50D004C61743D25730D004C6F6E3DFB
:10BFF00025730D00416C743D252E32660D00000046
:10C000005370643D252E32660D0000004469723D78
:10C01000252E32660D000000536174733D25640DBA
:10C020000000000052656365697665204572726F95
:10C030007200000047504747413A0D00436C6F6360
:10C040006B3D253032753A253032753A25303275E0
:10C050000D0000004750535175616C6974793D259E
:10C06000750D00004E756D4F6653617473496E55C2
:10C0700073653D25750D000048444F503D252E3316
:10C08000660D0000566572742073706565643D2509
:10C090002E32660D0000000047504753413A0D0014
:10C0A0004D6F64653D25730D000000004669784DB5
:10C0B0006F64653D25750D0050444F503D252E336E
:10C0C000660D000056444F503D252E33660D00008E
:10C0D00053617473496E536F6C7574696F6E3D0D67
:10C0E0000000000025752C2025752C2025750D00DD
:10C0F00047504753563A20536174733D25750000ED
:10C100000D69643D25752C20757365643D25752C7E
:10C110002073713D257500000D69643D2D2C20753F
:10C120007365643D2D2C2073713D2D004750524D99
:10C13000433A0D00446174653D25753A25303275EA
:10C140003A253032750D000047726F756E642073AA
:10C15000706565643D252E32660D0000436F757273
:10C1600073653D252E32660D000000004D61675657
:10C1700061723D25660D00004461746156616C6911
:10C18000643D25730D0000004F4E3A20616C7761CD
:10C190007973004F4E3A20616C77617973004F4E8E
:10C1A0003A20616C7761797300C2CACB3A20E2F120
:10C1B000E5E3E4E0000000004F4E3A206D616E754B
:10C1C000616C6C79004F4E3A206D616E75616C6CDC
:10C1D00079004F4E3A206D616E75616C6C7900C2CA
:10C1E000CACB3A20E2F0F3F7EDF3FE004F4E3A20CF
:10C1F000616374697665004F4E3A206163746976B5
:10C2000065004F4E3A2061637469766500C2CACBFF
:10C210003A20E0EAF2E8E2EDEE000000436F6C64E1
:10C2200020737461727400436F6C64207374617264
:10C230007400436F6C6420737461727400D5EEEB0C
:10C24000EEE4EDFBE920EFF3F1EA00005761726DD7
:10C25000207374617274005761726D20737461721F
:10C2600074005761726D20737461727400D2B8EFFC
:10C27000EBFBE920EFF3F1EA203200005761726D29
:10C28000207374617274005761726D2073746172EF
:10C2900074005761726D20737461727400D2B8EFCC
:10C2A000EBFBE920EFF3F1EA00000000486F742097
:10C2B000737461727400486F7420737461727400D7
:10C2C000486F7420737461727400C3EEF0FFF7E876
:10C2D000E920EFF3F1EA0000475053436F6E7472A8
:10C2E0006F6C00006770735F7374617465000000A9
:10C2F0005475726E204F4646005475726E204F463C
:10C3000046005475726E204F464600C2FBEAEBFEB3
:10C31000F7E8F2FC000000004D454E553A2047502A
:10C3200053004D454E553A20475053004D454E550C
:10C330003A2047505300CCC5CDDE3A204750530039
:10C3400000000000000000000000000000000000ED
:10C3500000000000000000000000000000000000DD
:10C36000000000000000000006000000F98100004D
:10C37000818000008D80000099800000A580000071
:10C3800035810000000000000000000000000000F7
:10C3900000000000718100001D8100000981000083
:10C3A000F1800000D3800000B18000000000000098
:10C3B00000000000000000000000000045790000BF
:10C3C0001E3F0000597900005D790000617900008E
:10C3D0009D790000A9790000C9790000D779000093
:10C3E000E37900000F7A00001D7A0000217A000036
:10C3F0002D7A0000357A0000317A0000BD79000006
:10C400006964656E74696679000000006964656E30
:10C4100074696679436F6E74726F6C006C696272D6
:10C4200061727946696C654E616D65004D494E4596
:10C430004E455247590000004D4158454E45524720
:10C44000590000005343414C45494E535441424921
:10C450004C49545900000000746573744E756C6C3F
:10C460005065616B000000006E7369676D615F70FD
:10C4700065616B636865636B5F6C65667400000083
:10C480006E7369676D615F7065616B636865636B2F
:10C490005F726967687400006D7369676D615F70D2
:10C4A00065616B636865636B000000006E736967AC
:10C4B0006D615F7365617263687065616B730000C5
:10C4C0007468726573686F6C640000006964656EFF
:10C4D0007469667953746172744465616454696DFA
:10C4E000650000006964656E746966795F777269DA
:10C4F00074655F6964656E746966795F696E695FAA
:10C50000696E7400443A5C55736572735C43686984
:10C5100072696B616C6F5C41524D5F70726F6A5CE7
:10C5200053505244325F355C6964656E7469667954
:10C530002E630000496E76616C6964206964656EE3
:10C54000746966792E696E69000000006964656E21
:10C55000746966795F77726974655F6964656E7422
:10C560006966795F696E695F737472696E670000EE
:10C57000636F6D6D6F6E000064774C696256657213
:10C58000000000004E55434C4E554D006E5F256433
:10C59000000000004C256465000000004C25646E1E
:10C5A000000000004C256473000000005572616EAD
:10C5B00069756D00506C75746F6E69756D00000063
:10C5C0004E657074756E69756D000000416E6E6920
:10C5D00068696C6174696F6E207261646961746905
:10C5E0006F6E00004272656D7373747261686C7572
:10C5F0006E6700004E657574726F6E2063617074B3
:10C600007572652067616D6D6120726179730000DC
:10C610004E657574726F6E2063617074757265001B
:10C620004C6F77206275726E2D757020507500000A
:10C6300048696768206275726E2D757020507500AC
:10C64000496E647573747269616C3A2000496E6456
:10C650007573747269653A2000496E6475737472FB
:10C6600069616C3A2000CFF0EEECFBF8EBE5EDED04
:10C67000FBE93A20000000004D65646963696E655E
:10C680003A20004D6564697A696E3A20004D656410
:10C690006963696E653A2000CCE5E4E8F6E8EDF1FF
:10C6A000EAE8E93A200000004E75636C6561723A71
:10C6B00020004E756B6C6561723A20004E75636C9C
:10C6C0006561723A2000DFE4E5F0EDFBE93A200015
:10C6D0004E4F524D3A20004E4F524D3A20004E4F91
:10C6E000524D3A2000C5F1F2E5F1F2E2E5EDEDFB45
:10C6F000E93A20004E657574726F6E3A20004E65FF
:10C700007574726F6E3A20004E657574726F6E3A72
:10C710002000CDE5E9F2F0EEEDEDFBE93A20000076
:10C720000D4E6F7420696E20746865206C696272AA
:10C73000617279000D4E6F7420696E2074686520F7
:10C740006C696272617279000D4E6F7420696E209F
:10C75000746865206C696272617279000DCDE5F2D2
:10C7600020E220E1E8E1EBE8EEF2E5EAE500000096
:10C770004E6F74206964656E746966696564004E05
:10C780006F74206964656E746966696564004E6FD4
:10C7900074206964656E74696669656400CDE8F744
:10C7A000E5E3EE20EDE520E8E4E5EDF2E8F4E8F677
:10C7B000E8F0EEE2E0EDEE0044495341424C4544DE
:10C7C0000044495341424C45440044495341424C82
:10C7D000454400C7C0C1CBCECAC8D0CEC2C0CDC0B0
:10C7E000000000006964656E746966795F4170706D
:10C7F0006C7946696C746572000000006E3E3D53B2
:10C80000524348475348504E554D00008181818125
:10C8100081818181828282828282838383838484F4
:10C820008485858586868787888888898A8A8B8B90
:10C830008C8C8D8E8E8F8F909192929394949596EE
:10C84000979898999A9B9C9D9E9E9FA0A1A2A3A415
:10C85000A5A6A7A8A9AAABACADAEAFB0B1B2B3B410
:10C86000B5B7B8B9BABBBCBDBEBFC1C2C3C4C5C6EB
:10C87000C8C9CACBCCCDCED0D1D2D3D4D5D7D8D9B4
:10C88000DADBDCDEDFE0E1E2E3E5E6E7E8E9EAEB7C
:10C89000EDEEEFF0F1F2F3F4F5F6F8F9FAFBFCFD4A
:10C8A000FEFF000102030405060708090A0B0C0D30
:10C8B0000E0F0F10111213141516161718191A1A35
:10C8C0001B1C1D1D1E1F202021222223242425265F
:10C8D0002627272829292A2A2B2B2C2C2D2D2E2EB2
:10C8E0002F2F30303031313232323333333434342D
:10C8F00034353535353636363637373737373738D6
:10C9000038383838383838383838393939393939A1
:10C910003939393939393938383838383838383890
:10C92000383838373737373737373636363636359B
:10C9300035353535343434343433333333323232BD
:10C9400032313131313030302F2F2F2F2E2E2E2DEE
:10C950002D2D2D2C2C2C2B2B2B2A2A2A2A29292928
:10C960002828282727272626262525252424242469
:10C970002323232222222121212020201F1F1F1FA9
:10C980001E1E1E1D1D1D1C1C1C1C1B1B1B1A1A1AE7
:10C990001919191918181818171717161616161521
:10C9A0001515151414141413131313121212121153
:10C9B00011111111101010100F0F0F0F0F0E0E0E7E
:10C9C0000E0E0D0D0D0D0D0D0C0C0C0C0C0B0B0BA0
:10C9D0000B0B0B0A0A0A0A0A0A0A090909090909BA
:10C9E00009080808080808080707070707070707CE
:10C9F00007060606060606060606060505050505DB
:10CA000005050505050504040404040404040404E0
:10CA100004040404030303030303030303030303E2
:10CA200003030303030202020202020202020202E1
:10CA300002020202020202020202020202020101D8
:10CA400001010101010101010101010101010101D6
:10CA500001010101010101010101010101010101C6
:10CA600001010101010101010101010101010100B7
:10CA700000000000000000000000000000000000B6
:10CA800000000000000000000000000000000000A6
:10CA90000000000000000000000000000000000096
:10CAA0000000000000000000000000000000000086
:10CAB0000000000000000000000000000000000076
:10CAC0000000000000000000000000000000000066
:10CAD0000000000000000000000000000000000056
:10CAE0000000000000000000000000000000000046
:10CAF0000000000000000000000000000000000036
:10CB00000000000000000000000000000000000025
:10CB10000000000000000000000000000000000015
:10CB20000000000000000000000000003B69646598
:10CB30006E746966792E696E690D5B6964656E74E1
:10CB4000696679436F6E74726F6C5D0D4D494E4529
:10CB50004E455247593D32300D4D4158454E455294
:10CB600047593D333030300D6E7369676D615F73C7
:10CB700065617263687065616B733D31360D534357
:10CB8000414C45494E53544142494C4954593D3218
:10CB9000300D746573744E756C6C5065616B3D310E
:10CBA0000D6E7369676D615F7065616B6368656366
:10CBB0006B5F6C6566743D32360D6E7369676D61CF
:10CBC0005F7065616B636865636B5F7269676874EA
:10CBD0003D32340D6D7369676D615F7065616B63C4
:10CBE0006865636B3D32300D7468726573686F6C95
:10CBF000643D330D6964656E74696679537461725E
:10CC0000744465616454696D653D36300D6C6962CC
:10CC10007261727946696C654E616D653D6D6169E1
:10CC20006E0D00005B636F6D6D6F6E5D0D64774C14
:10CC300069625665723D320D4E55434C4E554D3D21
:10CC400032390D5B6E5F315D0D4E3D502D482D31FB
:10CC50000D4C6E3D310D4C31653D323233300D4C53
:10CC6000316E3D36353533340D4C31733D36353507
:10CC700033340D5B6E5F325D0D4E3D492D416D2DA0
:10CC80003234310D4C6E3D330D4C31653D31323017
:10CC90000D4C316E3D323630300D4C31733D300D20
:10CCA0004C32653D36300D4C326E3D3635353334C1
:10CCB0000D4C32733D36353533340D4C33653D32D2
:10CCC000360D4C336E3D300D4C33733D300D5B6E85
:10CCD0005F335D0D4E3D492D42612D3133330D4C97
:10CCE0006E3D380D4C31653D3435350D4C316E3D62
:10CCF000300D4C31733D300D4C32653D3335360DC2
:10CD00004C326E3D33323036310D4C32733D363558
:10CD10003533340D4C33653D3239320D4C336E3D75
:10CD200031313638310D4C33733D300D4C34653D67
:10CD30003135370D4C346E3D300D4C34733D300D74
:10CD40004C35653D3131380D4C356E3D3530303028
:10CD50000D4C35733D300D4C36653D38310D4C363C
:10CD60006E3D36353533340D4C36733D310D4C3711
:10CD7000653D35330D4C376E3D300D4C37733D30CE
:10CD80000D4C38653D33310D4C386E3D300D4C380F
:10CD9000733D300D5B6E5F345D0D4E3D492D436438
:10CDA0002D3130390D4C6E3D320D4C31653D3838EA
:10CDB0000D4C316E3D36353533340D4C31733D36C7
:10CDC000353533340D4C32653D32320D4C326E3DCB
:10CDD00034323539370D4C32733D300D5B6E5F3573
:10CDE0005D0D4E3D492D436F2D35370D4C6E3D3554
:10CDF0000D4C31653D3639350D4C316E3D300D4CA5
:10CE000031733D300D4C32653D3235320D4C326E52
:10CE10003D300D4C32733D300D4C33653D31323277
:10CE20000D4C336E3D36353533340D4C33733D3652
:10CE3000353533340D4C34653D38350D4C346E3D4D
:10CE4000300D4C34733D300D4C35653D33330D4C56
:10CE5000356E3D300D4C35733D300D5B6E5F365D8C
:10CE60000D4E3D492D436F2D36300D4C6E3D350D29
:10CE70004C31653D313333330D4C316E3D353735F3
:10CE800039350D4C31733D35373539350D4C3265FB
:10CE90003D313137330D4C326E3D36353533340D3F
:10CEA0004C32733D36353533340D4C33653D3931B5
:10CEB000300D4C336E3D32353030300D4C33733DD8
:10CEC000300D4C34653D3232300D4C346E3D300DFA
:10CED0004C34733D300D4C35653D37380D4C356E57
:10CEE0003D300D4C35733D300D5B6E5F375D0D4E43
:10CEF0003D492D43732D3133340D4C6E3D380D4C6F
:10CF000031653D313336370D4C316E3D300D4C318E
:10CF1000733D300D4C32653D313137300D4C326E42
:10CF20003D300D4C32733D300D4C33653D31303466
:10CF3000350D4C336E3D300D4C33733D300D4C345C
:10CF4000653D3739340D4C346E3D35303637390D4B
:10CF50004C34733D35333535350D4C35653D363004
:10CF6000310D4C356E3D36353533340D4C35733D12
:10CF700036353533340D4C36653D3437350D4C364A
:10CF80006E3D300D4C36733D300D4C37653D3338BA
:10CF9000300D4C376E3D300D4C37733D300D4C38F5
:10CFA000653D3139300D4C386E3D300D4C38733D98
:10CFB000300D5B6E5F385D0D4E3D492D43732D3155
:10CFC00033370D4C6E3D380D4C31653D31333230C9
:10CFD0000D4C316E3D3135300D4C31733D300D4CC3
:10CFE00032653D3636320D4C326E3D363535333492
:10CFF0000D4C32733D36353533340D4C33653D348D
:10D0000034320D4C336E3D300D4C33733D300D4C8E
:10D0100034653D3332300D4C346E3D313030300D9F
:10D020004C34733D300D4C35653D3230330D4C354D
:10D030006E3D300D4C35733D300D4C36653D31380D
:10D04000360D4C366E3D363736320D4C36733D302C
:10D050000D4C37653D37380D4C376E3D300D4C3734
:10D06000733D300D4C38653D33320D4C386E3D30DC
:10D070000D4C38733D300D5B6E5F395D0D4E3D4993
:10D080002D45752D3135320D4C6E3D31350D4C3100
:10D09000653D313430380D4C316E3D313931370D0D
:10D0A0004C31733D300D4C32653D313130330D4CD8
:10D0B000326E3D323535390D4C32733D300D4C33C7
:10D0C000653D3936340D4C336E3D300D4C33733D78
:10D0D000300D4C34653D3837300D4C346E3D300DDD
:10D0E0004C34733D300D4C35653D3737380D4C357C
:10D0F0006E3D323337300D4C35733D300D4C366557
:10D100003D3638300D4C366E3D300D4C36733D306B
:10D110000D4C37653D3536360D4C376E3D300D4C78
:10D1200037733D300D4C38653D3434340D4C386E1A
:10D130003D300D4C38733D300D4C39653D33343442
:10D140000D4C396E3D31373438370D4C39733D361F
:10D15000353533340D4C3130653D3234350D4C317D
:10D16000306E3D300D4C3130733D300D4C313165FA
:10D170003D3137300D4C31316E3D300D4C31317316
:10D180003D300D4C3132653D3132320D4C31326E15
:10D190003D36353533340D4C3132733D310D4C3124
:10D1A00033653D38370D4C31336E3D300D4C3133E6
:10D1B000733D300D4C3134653D37380D4C31346E94
:10D1C0003D300D4C3134733D300D4C3135653D34BF
:10D1D000300D4C31356E3D32393032390D4C3135F0
:10D1E000733D300D5B6E5F31305D0D4E3D492D4915
:10D1F000722D3139320D4C6E3D360D4C31653D3856
:10D2000038380D4C316E3D300D4C31733D300D4C86
:10D2100032653D3630330D4C326E3D300D4C32733D
:10D220003D300D4C33653D3436380D4C336E3D3159
:10D23000393030300D4C33733D36353533340D4C89
:10D2400034653D3331300D4C346E3D363535333435
:10D250000D4C34733D35343032310D4C35653D3134
:10D2600035350D4C356E3D313937320D4C35733D0A
:10D27000300D4C36653D36350D4C366E3D3536300D
:10D28000350D4C36733D300D5B6E5F31315D0D4EAB
:10D290003D492D4D6E2D35340D4C6E3D340D4C31C8
:10D2A000653D3833350D4C316E3D36353533340DF3
:10D2B0004C31733D36353533340D4C32653D35399F
:10D2C000360D4C326E3D353037350D4C32733D30B6
:10D2D0000D4C33653D3230320D4C336E3D300D4CCC
:10D2E00033733D300D4C34653D37380D4C346E3D55
:10D2F000300D4C34733D300D5B6E5F31325D0D4E41
:10D300003D492D4D6F2D39390D4C6E3D380D4C3149
:10D31000653D3933380D4C316E3D300D4C31733D28
:10D32000300D4C32653D3734330D4C326E3D343365
:10D330003338340D4C32733D36353533340D4C3380
:10D34000653D3532300D4C336E3D300D4C33733D01
:10D35000300D4C34653D3437300D4C346E3D300D5E
:10D360004C34733D300D4C35653D3333360D4C3503
:10D370006E3D300D4C35733D300D4C36653D3138CA
:10D38000390D4C366E3D300D4C36733D300D4C37FB
:10D39000653D3134300D4C376E3D36353533340D07
:10D3A0004C37733D300D4C38653D37360D4C386E7B
:10D3B0003D300D4C38733D300D5B6E5F31335D0D8C
:10D3C0004E3D492D4E612D32320D4C6E3D370D4C88
:10D3D00031653D313830300D4C316E3D300D4C31C2
:10D3E000733D300D4C32653D313237340D4C326E69
:10D3F0003D31323331300D4C32733D3635353334B7
:10D400000D4C33653D313030360D4C336E3D31338C
:10D4100034380D4C33733D300D4C34653D3531316E
:10D420000D4C346E3D36353533340D4C34733D314F
:10D430000D4C35653D3331320D4C356E3D32303754
:10D44000330D4C35733D300D4C36653D3137370D5E
:10D450004C366E3D300D4C36733D300D4C37653DCE
:10D4600037380D4C376E3D300D4C37733D300D5B0A
:10D470006E5F31345D0D4E3D492D50752D32333880
:10D480000D4C6E3D340D4C31653D3135300D4C3118
:10D490006E3D36353533340D4C31733D36353533CD
:10D4A000340D4C32653D39360D4C326E3D300D4CED
:10D4B00032733D300D4C33653D34330D4C336E3D8E
:10D4C000300D4C33733D300D4C34653D300D4C34D4
:10D4D0006E3D300D4C34733D300D5B6E5F31355D0C
:10D4E0000D4E3D492D53652D37350D4C6E3D350D97
:10D4F0004C31653D3430310D4C316E3D3130303082
:10D50000300D4C31733D35363731320D4C32653D7F
:10D510003236390D4C326E3D36303030300D4C32B3
:10D52000733D36353533340D4C33653D3139390D66
:10D530004C336E3D300D4C33733D300D4C34653DF6
:10D540003133330D4C346E3D36353533340D4C3478
:10D55000733D300D4C35653D39370D4C356E3D30E2
:10D560000D4C35733D300D5B6E5F31365D0D4E3DBC
:10D57000492D53722D39300D4C6E3D310D4C3165B6
:10D580003D300D4C316E3D300D4C31733D300D5BF7
:10D590006E5F31375D0D4E3D4D2D43722D35310D92
:10D5A0004C6E3D320D4C31653D3332300D4C316E99
:10D5B0003D36353533340D4C31733D3635353334E6
:10D5C0000D4C32653D3231320D4C326E3D300D4CDA
:10D5D00032733D300D5B6E5F31385D0D4E3D4D2D2C
:10D5E000462D31380D4C6E3D340D4C31653D353195
:10D5F000310D4C316E3D36353533340D4C31733D84
:10D6000036353533340D4C32653D3331320D4C32C5
:10D610006E3D323136390D4C32733D300D4C336531
:10D620003D3137370D4C336E3D300D4C33733D304B
:10D630000D4C34653D37380D4C346E3D300D4C3457
:10D64000733D300D5B6E5F31395D0D4E3D4D2D47A5
:10D65000612D36370D4C6E3D390D4C31653D3838F6
:10D66000380D4C316E3D300D4C31733D300D4C3228
:10D67000653D3739340D4C326E3D300D4C32733DC3
:10D68000300D4C33653D3439350D4C336E3D300D26
:10D690004C33733D300D4C34653D3339330D4C34D0
:10D6A0006E3D313130300D4C34733D3137323936C7
:10D6B0000D4C35653D3330300D4C356E3D323030DC
:10D6C0000D4C35733D36353533340D4C36653D31B3
:10D6D00038360D4C366E3D34393738390D4C36738B
:10D6E0003D300D4C37653D3134300D4C376E3D309B
:10D6F0000D4C37733D300D4C38653D39300D4C388D
:10D700006E3D36353533340D4C38733D300D4C3964
:10D71000653D37350D4C396E3D300D4C39733D301C
:10D720000D5B6E5F32305D0D4E3D4D2D492D31321A
:10D73000330D4C6E3D330D4C31653D3135390D4C5B
:10D74000316E3D36353533340D4C31733D3635351C
:10D7500033340D4C32653D37380D4C326E3D300D53
:10D760004C32733D300D4C33653D32370D4C336ECA
:10D770003D300D4C33733D300D5B6E5F32315D0DCE
:10D780004E3D4D2D492D3132350D4C6E3D310D4CF8
:10D7900031653D32370D4C316E3D36353533340D04
:10D7A0004C31733D36353533340D5B6E5F32325D4F
:10D7B0000D4E3D4D2D492D3133310D4C6E3D360D05
:10D7C0004C31653D3633360D4C316E3D313535319A
:10D7D0000D4C31733D323530300D4C32653D3336B2
:10D7E000340D4C326E3D36353533340D4C32733D8D
:10D7F00036353533340D4C33653D3238340D4C33CA
:10D800006E3D373939330D4C33733D300D4C346533
:10D810003D3135330D4C346E3D373338360D4C3495
:10D82000733D300D4C35653D38320D4C356E3D3015
:10D830000D4C35733D300D4C36653D33300D4C3657
:10D840006E3D300D4C36733D300D5B6E5F32335D97
:10D850000D4E3D4D2D496E2D3131310D4C6E3D3605
:10D860000D4C31653D3234350D4C316E3D3536331E
:10D8700038380D4C31733D36353533340D4C326507
:10D880003D3137310D4C326E3D36353533340D4C2C
:10D8900032733D35393633300D4C33653D313130DF
:10D8A0000D4C336E3D300D4C33733D300D4C3465B3
:10D8B0003D37380D4C346E3D300D4C34733D300DDA
:10D8C0004C35653D36300D4C356E3D300D4C357365
:10D8D0003D300D4C36653D32360D4C366E3D300DCB
:10D8E0004C36733D300D5B6E5F32345D0D4E3D4DF9
:10D8F0002D54632D39396D0D4C6E3D330D4C316512
:10D900003D3134300D4C316E3D36353533340D4CB0
:10D9100031733D36353533340D4C32653D39300D7C
:10D920004C326E3D300D4C32733D300D4C33653D05
:10D9300037380D4C336E3D300D4C33733D300D5B3D
:10D940006E5F32355D0D4E3D4D2D546C2D323031B4
:10D950000D4C6E3D360D4C31653D3433380D4C3138
:10D960006E3D300D4C31733D300D4C32653D3336DC
:10D97000330D4C326E3D300D4C32733D300D4C3317
:10D98000653D3136370D4C336E3D33333831390D0B
:10D990004C33733D36353533340D4C34653D3132BF
:10D9A000380D4C346E3D300D4C34733D300D4C35DC
:10D9B000653D37370D4C356E3D36353533340D4CBE
:10D9C00035733D3938320D4C36653D34330D4C36A8
:10D9D0006E3D300D4C36733D300D5B6E5F32365D03
:10D9E0000D4E3D4D2D58652D3133330D4C6E3D326E
:10D9F0000D4C31653D38320D4C316E3D3635353389
:10DA0000340D4C31733D36353533340D4C32653D74
:10DA100033310D4C326E3D35323232380D4C32736B
:10DA20003D3532320D5B6E5F32375D0D4E3D4E2D12
:10DA30004B2D34300D4C6E3D320D4C31653D313443
:10DA400036310D4C316E3D36353533340D4C317336
:10DA50003D36353533340D4C32653D313134340D7E
:10DA60004C326E3D300D4C32733D300D5B6E5F328B
:10DA7000385D0D4E3D4E2D52612D3232360D4C6EBD
:10DA80003D31350D4C31653D323139320D4C316E01
:10DA90003D3634300D4C31733D300D4C32653D31E7
:10DAA0003735380D4C326E3D300D4C32733D300DF4
:10DAB0004C33653D313339320D4C336E3D300D4CB6
:10DAC00033733D300D4C34653D313236310D4C34BD
:10DAD0006E3D300D4C34733D300D4C35653D31316C
:10DAE00032300D4C356E3D300D4C35733D300D4CA4
:10DAF00036653D3736340D4C366E3D300D4C367341
:10DB00003D300D4C37653D3630390D4C376E3D3369
:10DB1000383239370D4C37733D36353533340D4C8B
:10DB200038653D3437360D4C386E3D300D4C38730A
:10DB30003D300D4C39653D3335320D4C396E3D3637
:10DB4000353533340D4C39733D310D4C3130653D35
:10DB50003239350D4C31306E3D34343235360D4C62
:10DB60003130733D300D4C3131653D3234320D4C26
:10DB700031316E3D32313639390D4C3131733D30F2
:10DB80000D4C3132653D3138360D4C31326E3D32FF
:10DB9000313434390D4C3132733D300D4C313365F5
:10DBA0003D3134350D4C31336E3D300D4C313373D6
:10DBB0003D300D4C3134653D37370D4C31346E3DC1
:10DBC000300D4C3134733D300D4C3135653D3437BB
:10DBD0000D4C31356E3D300D4C3135733D300D5BA4
:10DBE0006E5F32395D0D4E3D4E2D54682D3233320D
:10DBF0000D4C6E3D31360D4C31653D323631340DB4
:10DC00004C316E3D31353331310D4C31733D31394D
:10DC10003532390D4C32653D323331360D4C326E72
:10DC20003D300D4C32733D300D4C33653D31353850
:10DC3000350D4C336E3D300D4C33733D300D4C344F
:10DC4000653D3937370D4C346E3D300D4C34733DE6
:10DC5000300D4C35653D3932310D4C356E3D32332A
:10DC60003833350D4C35733D300D4C36653D383607
:10DC7000350D4C366E3D300D4C36733D300D4C3706
:10DC8000653D3733300D4C376E3D300D4C37733DAD
:10DC9000300D4C38653D3538330D4C386E3D3635DA
:10DCA0003533340D4C38733D36353533340D4C39FE
:10DCB000653D3531300D4C396E3D300D4C39733D7D
:10DCC000300D4C3130653D3337380D4C31306E3DC1
:10DCD000300D4C3130733D300D4C3131653D3333B7
:10DCE000380D4C31316E3D32393132390D4C3131D4
:10DCF000733D310D4C3132653D3239360D4C313288
:10DD00006E3D300D4C3132733D300D4C3133653D3D
:10DD10003233370D4C31336E3D300D4C3133733D62
:10DD2000300D4C3134653D3132380D4C31346E3D5F
:10DD3000300D4C3134733D300D4C3135653D373746
:10DD40000D4C31356E3D300D4C3135733D300D4C41
:10DD50003136653D36310D4C31366E3D323832311B
:10DD6000390D4C3136733D300D00000000000000CD
:10DD700000000000000000000000000000000000A3
:10DD80000000000000000000000000000000000093
:10DD90000000000000000000000000000000000083
:10DDA0000000000000000000000000000000000073
:10DDB0000000000000000000000000000000000063
:10DDC0000000000000000000000000000000000053
:10DDD0000000000000000000000000000000000043
:10DDE0000000000000000000000000000000000033
:10DDF0000000000000000000000000000000000023
:10DE00000000000000000000000000000000000012
:10DE10000000000000000000000000000000000002
:10DE200000000000000000000000000000000000F2
:10DE300000000000000000000000000000000000E2
:10DE400000000000000000000000000000000000D2
:10DE500000000000000000000000000000000000C2
:10DE6000494E464F00494E464F00494E464F00C866
:10DE7000CDD4CE0073746162696C007374616269A1
:10DE80006C0073746162696C00F1F2E0E1E8EB0030
:10DE90006E657874006E657874006E65787400F154
:10DEA000EBE5E40070726576007072657600707262
:10DEB000657600EFF0E5E400496D706F7274616E95
:10DEC0007420696E666F726D6174696F6E212121B5
:10DED0000D00496D706F7274616E7420696E666FAB
:10DEE000726D6174696F6E2121210D00496D706F33
:10DEF0007274616E7420696E666F726D6174696FA1
:10DF00006E2121210D00C2E0E6EDE0FF20E8EDF4F6
:10DF1000EEF0ECE0F6E8FF2121210D00496E76617C
:10DF20006C6964204D43412053657474696E677356
:10DF30002E20506C6561736520636F6E746163742D
:10DF4000206D616E75666163747572657220666FAF
:10DF500072207265706169722E0D0D00496E7661D6
:10DF60006C6964204D43412053657474696E677316
:10DF70002E20506C6561736520636F6E74616374ED
:10DF8000206D616E75666163747572657220666F6F
:10DF900072207265706169722E0D0D00496E766196
:10DFA0006C6964204D43412053657474696E6773D6
:10DFB0002E20506C6561736520636F6E74616374AD
:10DFC000206D616E75666163747572657220666F2F
:10DFD00072207265706169722E0D0D00D0E0E7F05D
:10DFE000F3F8E5EDFB20EDE0F1F2F0EEE9EAE820F0
:10DFF000ECEDEEE3EEEAE0EDE0EBFCEDEEE3EE203F
:10E00000E0EDE0EBE8E7E0F2EEF0E02E20CFEEE628
:10E01000E0EBF3E9F1F2E02C20F1E2FFE6E8F2E5D3
:10E02000F1FC20F120EFF0EEE8E7E2EEE4E8F2E5C3
:10E03000EBE5EC20E4EBFF20F0E5ECEEEDF2E02E7A
:10E040000D0D00004170706C696564206465666147
:10E05000756C742073797374656D2073657474695D
:10E060006E67732E2056616C7565732066726F6DD6
:10E0700020474D20636F756E746572206172652054
:10E08000696E636F72726563742E0D0D004170705E
:10E090006C6965642064656661756C74207379735E
:10E0A00074656D2073657474696E67732E20566194
:10E0B0006C7565732066726F6D20474D20636F75B8
:10E0C0006E7465722061726520696E636F7272652D
:10E0D00063742E0D0D004170706C69656420646579
:10E0E0006661756C742073797374656D20736574E3
:10E0F00074696E67732E2056616C75657320667245
:10E100006F6D20474D20636F756E7465722061726C
:10E110006520696E636F72726563742E0D0D00D396
:10E12000F1F2E0EDEEE2EBE5EDFB20F1E8F1F2E5F6
:10E13000ECEDFBE520EDE0F1F2F0EEE9EAE820EFAE
:10E14000EE20F3ECEEEBF7E0EDE8FE2E20C4E0ED80
:10E15000EDFBE520C3CC20F1F7E5F2F7E8EAE0209B
:10E16000E1F3E4F3F220EDE5EAEEF0F0E5EAF2EDBA
:10E17000FBECE82E0D0D00004E6F2073656C65639F
:10E18000746564206E75636C696465206C69627285
:10E190006172792066696C652E2044656661756CD4
:10E1A00074206D61696E2E6C696220757365642ED2
:10E1B0000D0D004E6F2073656C6563746564206E91
:10E1C00075636C696465206C69627261727920663E
:10E1D000696C652E2044656661756C74206D61699B
:10E1E0006E2E6C696220757365642E0D0D004E6F86
:10E1F0002073656C6563746564206E75636C696417
:10E2000065206C6962726172792066696C652E2086
:10E2100044656661756C74206D61696E2E6C69620F
:10E2200020757365642E0D0D00CDE5F220E2FBE153
:10E23000F0E0EDEDEEE3EE20F4E0E9EBE020E1E8E4
:10E24000E1EBE8EEF2E5EAE820EDF3EAEBE8E4EEF4
:10E25000E22E20C8F1EFEEEBFCE7F3E5F2F1FF2050
:10E260006D61696E2E6C696220EFEE20F3ECEEEBCF
:10E27000F7E0EDE8FE2E0D0D000000004170706C1F
:10E280006965642064656661756C74206964656E97
:10E2900074696669636174696F6E2073657474690B
:10E2A0006E67732E0D0D004170706C69656420649B
:10E2B000656661756C74206964656E74696669630E
:10E2C0006174696F6E2073657474696E67732E0D67
:10E2D0000D004170706C6965642064656661756CE1
:10E2E00074206964656E74696669636174696F6ED0
:10E2F0002073657474696E67732E0D0D00D3F1F28F
:10E30000E0EDEEE2EBE5EDFB20EDE0F1F2F0EEE921
:10E31000EAE820E8E4E5EDF2E8F4E8EAE0F6E8E827
:10E3200020EDF3EAEBE8E4EEE220EFEE20F3ECEE92
:10E33000EBF7E0EDE8FE2E0D0D0000004E6F2065BE
:10E340006E657267792E63616C2066696C652E203C
:10E35000446F73657261746520696E636F72726574
:10E3600063742E2053746162696C697A6174696F99
:10E370006E20616E64206E75636C696465206964EB
:10E38000656E74696669636174696F6E20696D702A
:10E390006F737369626C652E0D0D004E6F20656E94
:10E3A000657267792E63616C2066696C652E204406
:10E3B0006F73657261746520696E636F72726563F5
:10E3C000742E2053746162696C697A6174696F6E2E
:10E3D00020616E64206E75636C6964652069646594
:10E3E0006E74696669636174696F6E20696D706FC0
:10E3F000737369626C652E0D0D004E6F20656E653E
:10E400007267792E63616C2066696C652E20446F9B
:10E4100073657261746520696E636F72726563748F
:10E420002E2053746162696C697A6174696F6E2021
:10E43000616E64206E75636C696465206964656EE5
:10E4400074696669636174696F6E20696D706F735A
:10E450007369626C652E0D0D00CDE5F220F4E0E9E4
:10E46000EBE020656E657267792E63616C2E20CCBF
:10E47000EEF9EDEEF1F2FC20E4EEE7FB20EDE5EA4B
:10E48000EEF0F0E5EAF2EDE0FF2E20D1F2E0E1E877
:10E49000EBE8E7E0F6E8FF20E820E8E4E5EDF2E865
:10E4A000F4E8EAE0F6E8FF20EDF3EAEBE8E4EEE278
:10E4B00020EDE5E2EEE7ECEEE6EDFB2E0D0D0000C3
:10E4C0004E6F207369676D612E63616C2066696CA5
:10E4D000652E2053746162696C697A6174696F6E2C
:10E4E00020616E64206E75636C6964652069646583
:10E4F0006E74696669636174696F6E20696D706FAF
:10E50000737369626C652E0D0D004E6F2073696721
:10E510006D612E63616C2066696C652E2053746199
:10E5200062696C697A6174696F6E20616E64206ED5
:10E5300075636C696465206964656E746966696396
:10E540006174696F6E20696D706F737369626C6559
:10E550002E0D0D004E6F207369676D612E63616C27
:10E560002066696C652E2053746162696C697A61FA
:10E5700074696F6E20616E64206E75636C6964658A
:10E58000206964656E74696669636174696F6E2081
:10E59000696D706F737369626C652E0D0D00CDE54A
:10E5A000F220F4E0E9EBE0207369676D612E6361AE
:10E5B0006C2E20D1F2E0E1E8EBE8E7E0F6E8FF209E
:10E5C000E820E8E4E5EDF2E8F4E8EAE0F6E8FF2028
:10E5D000EDF3EAEBE8E4EEE220EDE5E2EEE7ECEE67
:10E5E000E6EDFB2E0D0D00004E6F20737973746500
:10E5F0006D2E62616B2066696C652E2052657374A6
:10E600006F72696E672073797374656D2E696E69B8
:10E6100020696D706F737369626C652E0D0D004E0D
:10E620006F2073797374656D2E62616B2066696CFF
:10E63000652E20526573746F72696E6720737973EB
:10E6400074656D2E696E6920696D706F7373696290
:10E650006C652E0D0D004E6F2073797374656D2EF1
:10E6600062616B2066696C652E20526573746F72EF
:10E67000696E672073797374656D2E696E692069A0
:10E680006D706F737369626C652E0D0D00CDE5F2D0
:10E6900020F4E0E9EBE02073797374656D2E62611C
:10E6A0006B2E20C2EEF1F1F2E0EDEEE2EBE5EDE8EB
:10E6B000E52073797374656D2E696E6920EDE5E26E
:10E6C000EEE7ECEEE6EDEE2E0D0D00004E6F742041
:10E6D000656E6F756768206D656D6F727920666F06
:10E6E000722073797374656D2066696C65732E2072
:10E6F000436F6D707574657220536F6674776172C5
:10E70000652063616E206661696C65642E0D0D0085
:10E710004E6F7420656E6F756768206D656D6F72E2
:10E720007920666F722073797374656D2066696CE9
:10E7300065732E20436F6D707574657220536F661C
:10E7400074776172652063616E206661696C6564CF
:10E750002E0D0D004E6F7420656E6F756768206D0D
:10E76000656D6F727920666F722073797374656D51
:10E770002066696C65732E20436F6D7075746572C9
:10E7800020536F6674776172652063616E206661E5
:10E79000696C65642E0D0D00CDE5F220EFE0ECFF15
:10E7A000F2E820EFEEE420F1E8F1F2E5ECEDFBE534
:10E7B00020F4E0E9EBFB2E20CAEEECEFFCFEF2E5E4
:10E7C000F0EDE0FF20EFF0EEE3F0E0ECECE020EC29
:10E7D000EEE6E5F220EDE520F0E0E1EEF2E0F2FC1D
:10E7E0002E0D0D0029A90000003C28002DA90000D5
:10E7F00031A9000035A9000039A9000053A9000083
:10E8000067A9000075A90000C7A90000E1A90000E0
:10E81000E5A90000E9A90000F5A90000FDA9000094
:10E82000F9A9000063A900006964656E74696679DE
:10E830000000000073797374656D00006765696797
:10E840006572436F6E74726F6C00000066447243B1
:10E850006F65660066447253656C664370730000B2
:10E860006644724465616454696D65006D61696EEA
:10E870000000000066696C6573797374656D5F6391
:10E880006865636B5F696E695F66696C65730000DC
:10E89000496E697469616C697A6174696F6E2E2E54
:10E8A0002E0D00496E697469616C697A6174696FD3
:10E8B0006E2E2E2E0D00496E697469616C697A6145
:10E8C00074696F6E2E2E2E0D00C8EDE8F6E8E0EBB1
:10E8D000E8E7E0F6E8FF2E2E2E0D00004C6F616495
:10E8E000696E672073797374656D2066696C6573F2
:10E8F0002E2E2E0D004C6F6164696E672073797344
:10E9000074656D2066696C65732E2E2E0D004C6F3C
:10E910006164696E672073797374656D2066696CD4
:10E9200065732E2E2E0D00C7E0E3F0F3E7EAE0203A
:10E93000F1E8F1F2E5ECEDFBF520F4E0E9EBEEE2D5
:10E940002E2E2E0D00000000496E76616C69642049
:10E9500073797374656D2E696E690D004665686C18
:10E960006572686166742073797374656D2E696E63
:10E97000690D00496E76616C696420737973746502
:10E980006D2E696E690D00C8F1EFEEF0F7E5ED2030
:10E9900073797374656D2E696E690D0052657374B9
:10E9A0006F72696E672066726F6D206261636B754E
:10E9B000702E2E2E0045726E65756572756E672E0F
:10E9C0002E2E00526573746F72696E672066726FC7
:10E9D0006D206261636B75702E2E2E00C2EEF1F118
:10E9E000F2E0EDEEE2EBE5EDE8E520E8E72062613C
:10E9F0006B2E2E2E00000000496E76616C6964203B
:10EA000073797374656D2E62616B0D004665686C79
:10EA10006572686166742073797374656D2E6261C6
:10EA20006B0D00496E76616C69642073797374654F
:10EA30006D2E62616B0D00C8F1EFEEF0F7E5ED2091
:10EA400073797374656D2E62616B0D00474D2061A3
:10EA50006E64204E657574726F6E20696E636F729E
:10EA60007265637400474D20616E64204E65757455
:10EA7000726F6E20696E636F727265637400474DCA
:10EA800020616E64204E657574726F6E20696E63CE
:10EA90006F727265637400C3CC20E820EDE5E9F283
:10EAA000F02EEDE5EAEEF0F0E5EAF2EDFB200000F5
:10EAB000496E76616C69642073797374656D2E6933
:10EAC0006E690D004665686C6572686166742073D6
:10EAD000797374656D2E696E690D00496E76616C8F
:10EAE00069642073797374656D2E696E690D00C851
:10EAF000F1EFEEF0F7E5ED2073797374656D2E6933
:10EB00006E690D004E6F206261636B7570206669DF
:10EB10006C652E2E2E004E6F206261636B75702027
:10EB200066696C652E2E2E004E6F206261636B75D8
:10EB3000702066696C652E2E2E00CDE5F220626194
:10EB40006B20F4E0E9EBE02E2E2E0000496E76619A
:10EB50006C69642073797374656D2E696E690D003C
:10EB60004665686C65726861667420737973746554
:10EB70006D2E696E690D00496E76616C6964207353
:10EB8000797374656D2E696E690D00C8F1EFEEF052
:10EB9000F7E5ED2073797374656D2E696E690D006C
:10EBA00053797374656D2064656661756C742E2E7F
:10EBB0002E0053797374656D2064656661756C749D
:10EBC0002E2E2E0053797374656D20646566617511
:10EBD0006C742E2E2E00D1E8F1F2E5ECEDFBE52071
:10EBE000F3ECEEEBF7E0EDE8FF2E2E2E0000000038
:10EBF000443A5C55736572735C43686972696B6112
:10EC00006C6F5C41524D5F70726F6A5C535052443E
:10EC1000325F355C696E695F636F6E74726F6C2E04
:10EC200063000000696E76616C69642064656661EA
:10EC3000756C742073797374656D2E696E6900004C
:10EC40006661696C656420746F20726573746F729D
:10EC5000652064656661756C742073797374656D85
:10EC60002E696E6900000000496E697469616C6903
:10EC70007A6174696F6E2E2E2E0D00496E6974696B
:10EC8000616C6973696572756E672E2E2E0D004971
:10EC90006E697469616C697A6174696F6E2E2E2E6B
:10ECA0000D00C8EDE8F6E8E0EBE8E7E0F6E8FF2E57
:10ECB0002E2E0D004C6F6164696E6720737973743A
:10ECC000656D2066696C65732E2E2E0D0053797369
:10ECD00074656D2066696C6573206C6164656E2E69
:10ECE0002E2E0D004C6F6164696E6720737973740A
:10ECF000656D2066696C65732E2E2E0D00C7E0E3EE
:10ED0000F0F3E7EAE020F1E8F1F2E5ECEDFBF520C5
:10ED1000F4E0E9EBEEE22E2E2E0D0000496E766156
:10ED20006C6964206964656E746966792E696E69C0
:10ED30000D004665686C657268616674206964657B
:10ED40006E746966792E696E690D00496E76616C24
:10ED50006964206964656E746966792E696E690DEF
:10ED600000C8F1EFEEF0F7E5ED206964656E7469B7
:10ED700066792E696E690D00526573746F72696EE3
:10ED8000672E2E2E0045726E65756572756E672E44
:10ED90002E2E00526573746F72696E672E2E2E00D0
:10EDA000C2EEF1F1F2E0EDEEE2EBE5EDE8E52E2E5C
:10EDB0002E000000696E76616C696420646566618E
:10EDC000756C74206964656E746966792E696E6904
:10EDD000000000006661696C656420746F207265D4
:10EDE00073746F72652064656661756C7420696404
:10EDF000656E746966792E696E6900004C6F616496
:10EE0000696E672063616C6962726174696F6E73A9
:10EE10002E2E2E0D0045696368656E646174656E03
:10EE2000206C6164656E2E2E2E0D004C6F6164693E
:10EE30006E672063616C6962726174696F6E732EB4
:10EE40002E2E0D00C7E0E3F0F3E7EAE020EAE0EB66
:10EE5000E8E1F0EEE2EEEA2E2E2E0D004E6F206578
:10EE60006E657267792E63616C0D004665686C652E
:10EE70006E20656E657267792E63616C0D004E6F52
:10EE800020656E657267792E63616C0D00CDE5F2C9
:10EE900020656E657267792E63616C0D000000005D
:10EEA0004964656E74696669636174696F6E206434
:10EEB000697361626C6564004964656E7469666952
:10EEC0007A696572756E67206765626C6F636B74D3
:10EED000004964656E74696669636174696F6E2068
:10EEE00064697361626C656400C8E4E5EDF2E8F49E
:10EEF000E8EAE0F6E8FF20E7E0EFF0E5F9E5EDE02D
:10EF000000000000656E6572677900004E6F206535
:10EF10006E6F756768206D656D6F727920666F72B0
:10EF20002073797374656D2066696C65730D004E8E
:10EF30006F20656E6F756768206D656D6F727920E3
:10EF4000666F722073797374656D2066696C657382
:10EF50000D004E6F20656E6F756768206D656D6F73
:10EF6000727920666F722073797374656D2066699B
:10EF70006C65730D00CDE5F220EFE0ECFFF2E820C8
:10EF8000EFEEE420F1E8F1F2E5ECEDFBE520F4E052
:10EF9000E9EBFB0D00000000436F6D707574657246
:10EFA00020536F6674776172652063616E206661BD
:10EFB000696C656400436F6D707574657220536F82
:10EFC0006674776172652063616E206661696C6545
:10EFD0006400436F6D707574657220536F6674774B
:10EFE0006172652063616E206661696C656400CA48
:10EFF000EEECEFFCFEF2E5F0EDE0FF20EFF0EEE3EB
:10F00000F0E0ECECE020ECEEE6E5F220EDE520F0BF
:10F01000E0E1EEF2E0F2FC004E6F2064726B2E73C2
:10F02000707A0D004665686C656E2064726B2E7395
:10F03000707A0D004E6F2064726B2E73707A0D0023
:10F04000CDE5F22064726B2E73707A0D0000000023
:10F050004452207365742064656661756C74004465
:10F060005220004452207365742064656661756C9B
:10F070007400CCC420EFEE20F3ECEEEBF7E0EDE80B
:10F08000FE0000004E6F206472772E63616C0D00ED
:10F090004665686C656E206472772E63616C0D0046
:10F0A0004E6F206472772E63616C0D00CDE5F22007
:10F0B0006472772E63616C0D00000000445220647E
:10F0C000697361626C6564004452206765626C6FAD
:10F0D000636B740044522064697361626C65640000
:10F0E000CCC420E7E0EFF0E5F9E5EDE0000000003A
:10F0F0004E6F207369676D612E63616C0D0046650C
:10F10000686C656E207369676D612E63616C0D00BC
:10F110004E6F207369676D612E63616C0D00CDE5E4
:10F12000F2207369676D612E63616C0D0000000051
:10F130004964656E74696669636174696F6E2064A1
:10F14000697361626C6564004964656E74696669BF
:10F150007A696572756E67206765626C6F636B7440
:10F16000004964656E74696669636174696F6E20D5
:10F1700064697361626C656400C8E4E5EDF2E8F40B
:10F18000E8EAE0F6E8FF20E7E0EFF0E5F9E5EDE09A
:10F19000000000007369676D610000004E6F20651C
:10F1A0006E6F756768206D656D6F727920666F721E
:10F1B0002073797374656D2066696C65730D004EFC
:10F1C0006F20656E6F756768206D656D6F72792051
:10F1D000666F722073797374656D2066696C6573F0
:10F1E0000D004E6F20656E6F756768206D656D6FE1
:10F1F000727920666F722073797374656D20666909
:10F200006C65730D00CDE5F220EFE0ECFFF2E82035
:10F21000EFEEE420F1E8F1F2E5ECEDFBE520F4E0BF
:10F22000E9EBFB0D00000000436F6D7075746572B3
:10F2300020536F6674776172652063616E2066612A
:10F24000696C656400436F6D707574657220536FEF
:10F250006674776172652063616E206661696C65B2
:10F260006400436F6D707574657220536F667477B8
:10F270006172652063616E206661696C656400CAB5
:10F28000EEECEFFCFEF2E5F0EDE0FF20EFF0EEE358
:10F29000F0E0ECECE020ECEEE6E5F220EDE520F02D
:10F2A000E0E1EEF2E0F2FC004C6F6164696E672011
:10F2B0006E75636C696465206C6962726172792E27
:10F2C0002E2E0D004E756B6C69646269626C696FFD
:10F2D0007468656B206C6164656E2E2E2E0D004C7B
:10F2E0006F6164696E67206E75636C696465206C1C
:10F2F0006962726172792E2E2E0D00C7E0E3F0F381
:10F30000E7EAE020E1E8E1EBE8EEF2E5EAE820ED0B
:10F31000F3EAEBE8E4EEE22E2E2E0D00496E766164
:10F320006C6964206C6962726172792066696C65CF
:10F330000D004665686C657268616674206269627A
:10F340006C696F7468656B2066696C650D00496E49
:10F3500076616C6964206C69627261727920666999
:10F360006C650D00C8F1EFEEF0F7E5ED20F4E0E993
:10F37000EB20E1E8E1EBE8EEF2E5EAE80D00000061
:10F380004C6F6164696E672064656661756C742E8C
:10F390002E2E004C6164656E2064656661756C7428
:10F3A0002E2E2E004C6F6164696E67206465666165
:10F3B000756C742E2E2E00C7E0E3F0F3E7EAE02030
:10F3C000EFEE20F3ECEEEBF7E0EDE8FE2E2E2E0054
:10F3D0004C6F6164696E67206D61696E2E6C696245
:10F3E0002E2E2E0D006D61696E2E6C6962206C618F
:10F3F00064656E2E2E2E0D004C6F6164696E672061
:10F400006D61696E2E6C69622E2E2E0D00C7E0E3D1
:10F41000F0F3E7EAE0206D61696E2E6C69622E2ED2
:10F420002E0D0000496E76616C6964206D61696E15
:10F430002E6C69620D004665686C65726861667461
:10F44000206D61696E2E6C69620D00496E76616C8B
:10F450006964206D61696E2E6C69620D00C8F1EF00
:10F46000EEF0F7E5ED206D61696E2E6C69620D00BE
:10F47000526573746F72696E672E2E2E0045726E20
:10F4800065756572756E672E2E2E00526573746FEA
:10F4900072696E672E2E2E00C2EEF1F1F2E0EDEEF3
:10F4A000E2EBE5EDE8E52E2E2E000000696E7661B8
:10F4B0006C69642064656661756C74206D61696E49
:10F4C0002E6C6962000000006661696C65642074DE
:10F4D0006F20726573746F72652064656661756C08
:10F4E00074206D61696E2E6C6962000066696C65DE
:10F4F00073797374656D5F6765745F737472696E39
:10F50000675265766572736500000000526571751B
:10F51000657374656420737472696E672069732003
:10F52000746F6F206C6F6E670000000066696C6519
:10F5300073797374656D5F6765745F737472696EF8
:10F54000670000006D6F6465436F6E74726F6C00CE
:10F55000624C616E670000006253797344656661B6
:10F56000756C7400706F776572436F6E74726F6C38
:10F57000000000006477506F776572446F776E44C7
:10F5800065616454696D650066426174436F6566C8
:10F5900000000000626C7565746F6F7468436F6E75
:10F5A00074726F6C00000000636F6D6D5F73746147
:10F5B00074650000636F6D6D5F706F7765725F7368
:10F5C0007461746500000000475053436F6E74729D
:10F5D0006F6C00006770735F737461746500000086
:10F5E000696E74657250726F63436F6E74726F6C84
:10F5F000000000007764486967684C696D697400B1
:10F6000077644C6F774C696D6974000053505244B5
:10F610004D6F6465436F6E74726F6C006644525434
:10F6200068726573686F6C640000000066616C73DB
:10F63000655F616C61726D5F706572696F645F6F49
:10F6400070657200736F756E64436F6E74726F6C69
:10F650000000000062536F756E640000696E695FA0
:10F6600077726974655F73797374656D5F696E69CC
:10F670005F696E7400000000496E76616C696420F9
:10F6800073797374656D2E696E690000696E695FC8
:10F6900077726974655F73797374656D5F696E699C
:10F6A0005F666C6F617400002E3031323334353652
:10F6B000373839003B73797374656D2E696E690D47
:10F6C0005B6D6F6465436F6E74726F6C5D0D624C41
:10F6D000616E673D300D6253797344656661756C88
:10F6E000743D310D5B706F776572436F6E74726F2E
:10F6F0006C5D0D6477506F776572446F776E44650B
:10F70000616454696D653D3132300D664261744308
:10F710006F65663D312E300D5B626C7565746F6F81
:10F720007468436F6E74726F6C5D0D636F6D6D5FA7
:10F7300073746174653D36353533370D636F6D6DA8
:10F740005F706F7765725F73746174653D363535D0
:10F7500033360D5B475053436F6E74726F6C5D0DA3
:10F760006770735F73746174653D36353533380D7A
:10F770005B676569676572436F6E74726F6C5D0D70
:10F78000664472436F65663D342E350D6644725390
:10F79000656C664370733D302E30320D66447244A2
:10F7A00065616454696D653D35332E3937303030CD
:10F7B000652D360D5B696E74657250726F63436FB1
:10F7C0006E74726F6C5D0D7764486967684C696D23
:10F7D00069743D343036300D77644C6F774C696D09
:10F7E00069743D34300D5B535052444D6F64654332
:10F7F0006F6E74726F6C5D0D6644525468726573FF
:10F80000686F6C643D3130300D66616C73655F61AB
:10F810006C61726D5F706572696F645F6F70657245
:10F820003D3630300D5B736F756E64436F6E74726E
:10F830006F6C5D0D62536F756E643D310D0000009D
:10F84000496E74657250726F635F73656E64536561
:10F850007175656E63650000443A5C55736572733B
:10F860005C43686972696B616C6F5C41524D5F709B
:10F87000726F6A5C53505244325F355C696E7465D6
:10F880007250726F632E630053656E6420736571EE
:10F8900075656E636520697320746F6F206C6F6E81
:10F8A000670000004F4B00005243565F4552525FC5
:10F8B00054494D454F5554005243565F4552525F8F
:10F8C00042595445000000005243565F4552525F72
:10F8D0004255465F4F564552464C4F570000000078
:10F8E0005243565F4552525F4352430000000000AE
:10F8F000496E74657250726F635F726376446174AF
:10F90000615F66697273745F446973706174636880
:10F9100065720000457863657074696F6E202575A7
:10F9200020696E207265706C79206F6E20257500DD
:10F93000556E737570706F72746564206461746164
:10F94000207265676973746572730000556E737514
:10F9500070706F7274656420636F6E74726F6C2068
:10F96000726567697374657273000000556E737514
:10F9700070706F7274656420646961676E6F737410
:10F98000696320636F6D6D616E640000556E737501
:10F9900070706F7274656420737065637472756DD6
:10F9A000206C656E00000000556E737570706F728C
:10F9B00074656420636F6D6D616E6420696E207282
:10F9C00065706C7900000000496E74657250726F4A
:10F9D000635F66696C6C4E6577436D640000000080
:10F9E000496E76616C69642073656E64207365711D
:10F9F00075656E6365206C656E000000496E746508
:10FA00007250726F635F6765744E657874436D649E
:10FA100000000000252B302E3066B04300000000AF
:10FA200025302E3066B04300A4F80200A8F802008A
:10FA3000B8F80200C8F80200E0F802000106000071
:10FA4000000000000103002A00020000011377FFFC
:10FA500080007700000000000000000000000000AF
:10FA60000000000000000000000000000000000096
:10FA70000000000000000000000000000000000086
:10FA80000000000000000000000000000000000076
:10FA90000000000000000000000000000000000066
:10FAA0000000000000000000000000000000000056
:10FAB0000000000000000000000000000000000046
:10FAC0000000000001030028000200000107000000
:10FAD00001030016000200000103000B00020000F9
:10FAE000010400000002000001040004000D0000F9
:10FAF00001040002000100000108000200000000F3
:10FB000001050000FF00000001050001FF000000EA
:10FB10000105000100000000010B04000000F000DE
:10FB2000010B0400F000F000010B0401E000F00004
:10FB3000010B0402D000F000010B0403C000F00030
:10FB4000010B0404B000F000010B0405A000F0005C
:10FB5000010B04069000F000010B04078000F00088
:10FB6000010B04087000F000010B04096000F000B4
:10FB7000010B040A5000F000010B040B4000C00010
:10FB8000010500240000000001050024FF00000022
:10FB900001050022FF00000001050023FF00000016
:10FBA00001050025FF00000001050027FF000000FF
:10FBB00001050052FF00000001050003FF000000E6
:10FBC00001050003000000000110080016000200FB
:10FBD00000000000011008001800020000000000F2
:10FBE000011008001A0002000000000001060003D6
:10FBF00000000000010600040000000001060001F2
:10FC000000000000011008002800020000000000B1
:10FC10000D535053523D3078000000000D523134E6
:10FC20003D3078000D5231333D3078000D52313285
:10FC30003D3078000D5231313D3078000D52313079
:10FC40003D3078000D52393D307800000D52383D7E
:10FC5000307800000D52373D307800000D52363DAF
:10FC6000307800000D52353D307800000D52343DA3
:10FC7000307800000D52333D307800000D52323D97
:10FC8000307800000D52313D307800000D52303D8B
:10FC900030780000554E444546494E4520494E5364
:10FCA0005452554354494F4E0000000050524F47A4
:10FCB00052414D20455843455054494F4E00000095
:10FCC0000D46554E4354494F4E3A0D000D4C494E8A
:10FCD000453A0D25640000000D44455343524950F8
:10FCE00054494F4E3A0D00000D535441434B3A0DC9
:10FCF0000000000025782C20000000000D54524D1B
:10FD00004255463A0D0000000D5243564255463AC0
:10FD10000D00000046495120494E5445525255505D
:10FD20005400000050524546455443482041424F3C
:10FD300052540000444154412041424F525400006B
:10FD40000000000052454C45415345205448452091
:10FD50004B45590052454C45415345205448452098
:10FD60004B45590052454C45415345205448452088
:10FD70004B455900CED2CFD3D1D2C8D2C520CACD9F
:10FD8000CECFCAD3000000004C4F47004C4F470075
:10FD90004C4F4700C6D3D0CDC0CB00006261636B2F
:10FDA000006261636B006261636B00EDE0E7E0E4B9
:10FDB000000000006E657874006E657874006E65F2
:10FDC000787400F1EBE5E400626567696E006265D6
:10FDD00067696E00626567696E00EDE0F7E0EBEE63
:10FDE000000000004C4F474D6F64655F696E73659E
:10FDF00072744576656E7400443A5C55736572732F
:10FE00005C43686972696B616C6F5C41524D5F70F5
:10FE1000726F6A5C53505244325F355C4C4F475F9F
:10FE20006D6F64652E6300004576656E74206465B1
:10FE3000736372697074696F6E20697320746F6F79
:10FE4000206C6F6E67000000446F736520726174F0
:10FE50006500446F7365207261746500446F73655B
:10FE6000207261746500CCEEF9EDEEF1F2FC20E455
:10FE7000EEE7FB0020252E32662000004750533A63
:10FE8000200000004C61743D256620004C6F6E3DE3
:10FE900025662000416C743D2566200048444F5083
:10FEA0003D252E3166200000536174733D25750099
:10FEB0003DE90000143F0A0041E9000045E9000067
:10FEC00049E900004DE9000077E900008DE90000F4
:10FED0009BE90000A9E90000C7E90000EBE9000088
:10FEE000EFE90000FBE9000003EA0000FFE9000081
:10FEF00051E900006D61696E00000000494E464FF7
:10FF000000000000506F776572204F4E00506F77F1
:10FF10006572204F4E00506F776572204F4E00C2C1
:10FF2000EAEBFEF7E5EDE8E500000000443A5C5539
:10FF3000736572735C43686972696B616C6F5C4175
:10FF4000524D5F70726F6A5C53505244325F355C41
:10FF50006D61696E2E63000050726F636573736F1D
:10FF6000722032206661696C65642100426174749C
:10FF7000657279206C6F77210042617474657279C3
:10FF8000206C6F77210042617474657279206C6F08
:10FF9000772100C1E0F2E0F0E5E820F0E0E7F0FFD3
:10FFA000E6E5EDFB21000000446973706C61795F48
:10FFB00067657453637265656E0000006F726465F7
:10FFC0007200000053797374656D5F7365745365D7
:10FFD0007269616C416E6444617465007365726935
:10FFE000616C00006D6F6E7468000000796561726D
:10FFF00000000000436C6F636B5F73657444617451
:020000040003F7
:100000006554696D65000000686F7572000000003E
:100010004D6F6465735F4F6E5475726E4F46460048
:100020004D6F6465735F4F6E446F776E0000000024
:100030004D6F6465735F4F6E557000004D6F646562
:10004000735F4F6E4C656674000000004D6F646511
:10005000735F4F6E52696768740000005379737460
:10006000656D5F7365744272696467654D6F646541
:10007000000000004669726D5761726520766572F6
:100080002E20352E323550554C54004669726D572E
:10009000617265207665722E20352E323550554CB2
:1000A00054004669726D57617265207665722E2024
:1000B000352E323550554C5400C2E5F0F1E8FF20A2
:1000C000CFCE20352E323550554C54000000000064
:1000D000446174653A204E6F7620313020323032E0
:1000E0003500446174653A204E6F762031302032FD
:1000F00030323500446174653A204E6F76203130DD
:10010000203230323500C4E0F2E03A204E6F7620E3
:1001100031302032303235004D4353204247004DBC
:100120004353204247004D435320424700CCCAC4AA
:1001300020F4EEED000000004D4353004D4353000A
:100140004D435300CCCAC4006261636B007769659C
:10015000646572006261636B00EDE0E7E0E400005B
:100160006770730067707300677073006770730067
:10017000736176650061626C65676E0073617665B8
:1001800000F1EEF5F0E0ED006D63735F25730000A4
:1001900089F40000003F00009DF40000A1F400007D
:1001A000916D0100A5F40000F3F4000059F7000080
:1001B00067F70000D5F7000073F70000B574010081
:1001C000B9740100CBF40000C7F40000057501000C
:1001D00069F500004D455353414745004D45535384
:1001E000414745004D45535341474500D1CECEC10F
:1001F000D9C5CD2E00000000657869740065786966
:1002000074006578697400E2FBF5EEE4000000001C
:100210004D6573736167654D6F64655F4F6E5469BB
:100220006D657200443A5C55736572735C4368692E
:1002300072696B616C6F5C41524D5F70726F6A5C8A
:1002400053505244325F355C4D6573736167655F2F
:100250006D6F64652E6300004D6573736167654D56
:100260006F6465436F6E74726F6C20696E74657233
:100270006E616C206572726F722100004D65737340
:100280006167654D6F64655F4F6E4C656674000015
:100290004D6573736167654D6F64655F4F6E52693D
:1002A000676874004D6573736167654D6F64655F62
:1002B0004F6E5570000000004D6573736167654DAA
:1002C0006F64655F4F6E446F776E00004D657373AA
:1002D0006167654D6F64655F73686F774D6F6465C7
:1002E00053637265656E0000E5F70000003C28006E
:1002F000E9F70000EDF70000F1F70000F5F7000066
:100300000DF800005BF800007FF80000A3F8000083
:10031000C7F80000EBF80000EFF80000FBF8000061
:1003200003F90000FFF8000027F800000000350086
:10033000EF001E014D6F6465735F4F6E55700000D6
:10034000443A5C55736572735C43686972696B61AA
:100350006C6F5C41524D5F70726F6A5C53505244D7
:10036000325F355C6D6F6465732E6300766F696410
:10037000206D656E75206974656D2068616E646CB2
:100380006572000065786974006578697400657845
:10039000697400E2FBF5EEE40000000073656C6533
:1003A00063740073656C6563740073656C65637476
:1003B00000E2FBE1EEF000007570007570007570F2
:1003C00000E2E2E5F0F50000646F776E00646F779D
:1003D0006E00646F776E00E2EDE8E7004D6F6465D4
:1003E000735F63726561746554696D6572000000C6
:1003F00074696D65722064656C6179206973206F22
:100400007574206F662072616E6765004D6F64655C
:10041000735F54696D65725F7475726E4F4E000044
:100420004D6F6465735F61637469766174654D6572
:100430006E750000704D656E75206D757374206E5D
:100440006F74206265204E554C4C00004D6F646502
:10045000735F73686F774D656E7500007041724F02
:100460006E436C69636B206D757374206E6F7420BE
:100470006265204E554C4C004750474741000000F4
:10048000474E474741000000475047534100000096
:10049000474E4753410000004750524D4300000073
:1004A000474E524D4300000047504753560000004E
:1004B00047505A4441000000736F756E64436F6E7D
:1004C00074726F6C0000000062536F756E64000000
:1004D000506F776572204F464600506F77657220E7
:1004E0004F464600506F776572204F464600C2FB6C
:1004F000EAEBFEF7E5EDE8E500000000504F574558
:10050000520D00504F5745520D00504F5745520D58
:1005100000CFC8D2C0CDC8C50D0000004F46460D63
:100520000D004F46460D0D004F46460D0D00C2DB37
:10053000CACBDED7C5CDCE0D0D000000534C4545CE
:10054000500D00534C4545500D00534C4545500D42
:1005500000D0C5C6C8CC0D004D4F44450D0D004D13
:100560004F44450D0D004D4F44450D0D00C4C5C60B
:10057000D3D0CDDBC90D0D0052454C45415345202C
:10058000544845204B45590052454C454153452060
:10059000544845204B45590052454C454153452050
:1005A000544845204B455900CED2CFD3D1D2C8D2E2
:1005B000C520CACDCECFCAD30000000042617474FA
:1005C000657279206C6F770042617474657279206E
:1005D0006C6F7742617474657279206C6F7700C1BB
:1005E000E0F2E0F0E5E820F0E0E7F0FFE6E5EDFB23
:1005F000000000005365636F6E642070726F636566
:1006000073736F72207570646174652070726F63AC
:1006100065647572650D000052756E20666C6173BD
:10062000686572206174206261756420726174650E
:100630002035373630300D0D0000000042617474F3
:10064000657279206C6F77210042617474657279EC
:10065000206C6F77210042617474657279206C6F31
:10066000772100C1E0F2E0F0E5E820F0E0E7F0FFFC
:10067000E6E5EDFB21000000000000000000100096
:10068000524944005249440052494400D0C8C40071
:100690007370656374720073706563747200737055
:1006A0006563747200F1EFE5EAF2F0006D656E7556
:1006B000006D656E75006D656E7500ECE5EDFE0014
:1006C0005443206D6F6465005443206D6F64650072
:1006D0005443206D6F646500D0E5E6E8EC20D1D787
:1006E000C5D2000045786974204578706572742021
:1006F0004D6F646500457869742045787065727443
:10070000204D6F6465004578697420457870657286
:1007100074204D6F646500C2FBE9F2E820E8E72031
:10072000FDEAF1EFE5F0F2EDEEE3EE20F0E5E6E8CC
:10073000ECE000006261636B006261636B00626108
:10074000636B00EDE0E7E0E4000000006D63730020
:100750006D6373006D637300ECEAE40045787065C7
:100760007274206D6F64650D456E746572207061E2
:100770007373776F726400457870657274206D6F63
:1007800064650D456E7465722070617373776F7266
:100790006400457870657274206D6F64650D456EF8
:1007A0007465722070617373776F726400DDEAF1B3
:1007B000EFE5F0F2EDFBE920F0E5E6E8EC0DC2E252
:1007C000E5E4E8F2E520EFE0F0EEEBFC00000000ED
:1007D000457870657274206D6F64652E2041636387
:1007E000657373206772616E7465642E2050726544
:1007F000737320535045435452206F72204D656EE1
:10080000752E00457870657274206D6F64652E20BA
:10081000416363657373206772616E7465642E2033
:10082000507265737320535045435452206F7220A9
:100830004D656E752E00457870657274206D6F641D
:10084000652E20416363657373206772616E746502
:10085000642E2050726573732053504543545220C8
:100860006F72204D656E752E00DDEAF1EFE5F0F256
:10087000EDFBE920F0E5E6E8EC2E20C4EEF1F2F322
:10088000EF20EEF2EAF0FBF22E20CDE0E6ECE8F20B
:10089000E520D1CFC5CAD2D020E8EBE820ECE5EDC9
:1008A000FE2E0000457870657274206D6F64652EB1
:1008B0002050617373776F72642070726F74656318
:1008C0007465642E205072657373204C4F47494EF7
:1008D0002E00457870657274206D6F64652E20500F
:1008E000617373776F72642070726F74656374657F
:1008F000642E205072657373204C4F47494E2E0072
:10090000457870657274206D6F64652E2050617338
:1009100073776F72642070726F7465637465642E90
:10092000205072657373204C4F47494E2E00DDEA0C
:10093000F1EFE5F0F2EDFBE920F0E5E6E8EC2E2042
:10094000C7E0F9E8F9E5ED20EFE0F0EEEBE5EC2E9D
:1009500020CDE0E6ECE8F2E520CFC0D0CECBDC2E17
:10096000000000004D454E553A2045585045525420
:10097000004D454E553A20455850455254004D457E
:100980004E553A2045585045525400CCC5CDDE3A1C
:1009900020DDCAD1CFC5D0D2000000000000000089
:1009A0000000000000000000000000000000000047
:1009B0000000000002000000C7220100D522010053
:1009C0000000000000000000000000000000000027
:1009D0000000000000000000000000000000000017
:1009E000C3220100E322010000000000000000001B
:1009F00000000000000000000000000000000000F7
:100A00000000000000000000B122010000283F00AB
:100A10001123010015230100B5220100BF220100AE
:100A20001923010025230100332301004123010084
:100A300071230100012301008B2301000523010024
:100A40000D23010009230100AD2201005345545537
:100A50005000534554555000534554555000CECF87
:100A6000D6C8C8006261636B006261636B0062613B
:100A7000636B00EDE0E7E0E4000000006C6F6700EE
:100A80006C6F67006C6F6700E6F3F0EDE0EB000061
:100A900053455455504D6F64655F55704F6E55709A
:100AA00064617465000000006D656D6F7279006DA2
:100AB000656D6F7279006D656D6F727900EFE0ECB6
:100AC000FFF2FC00737065636966007370656369AB
:100AD000660073706563696600F1EFE5F6E8F4009F
:100AE0006C6962726172006C6962726172006C6939
:100AF0006272617200E1E8E1EB000000676569671E
:100B00006572006765696765720067656967657228
:100B100000E3E5E9E3E5F000706F77657200706F60
:100B200077657200706F77657200E7E0F0FFE400B0
:100B300076657273696F0076657273696F007665AA
:100B40007273696F00E2E5F0F1E8FF00443A5C552A
:100B5000736572735C43686972696B616C6F5C4149
:100B6000524D5F70726F6A5C53505244325F355C15
:100B700053657475705F6D6F64652E6300000000CF
:100B8000696E7465726E616C206572726F72202876
:100B9000694D6F646553637265656E2900000000DE
:100BA0006D656E75006D656E75006D656E7500EC3A
:100BB000E5EDFE006C6F67696E006C6F67696E0033
:100BC0006C6F67696E00EFE0F0EEEBFC0000000078
:100BD00043616C6962726174696F6E0043616C6934
:100BE00062726174696F6E0043616C6962726174F4
:100BF000696F6E00CAE0EBE8E1F0EEE2EAE00000C7
:100C0000526164696174696F6E207361666574799D
:100C100020616C61726D207468726573686F6C64BA
:100C200000526164696174696F6E207361666574F6
:100C30007920616C61726D207468726573686F6C85
:100C40006400526164696174696F6E2073616665E6
:100C5000747920616C61726D207468726573686F5D
:100C60006C6400CFEEF0EEE320F0E0E4E8E0F6E8BC
:100C7000EEEDEDEEE920E1E5E7EEEFE0F1EDEEF18E
:100C8000F2E80000252E3166000000005350524467
:100C90004D6F6465436F6E74726F6C00664452549E
:100CA00068726573686F6C6400000000536166656C
:100CB0007479207468726573686F6C640053616640
:100CC000657479205468726573686F6C6400536151
:100CD00066657479207468726573686F6C6400CFA0
:100CE000EEF0EEE320E1E5E7EEEFE0F1EDEEF1F21C
:100CF000E800000054696D6520746F206964656EBA
:100D00007469667920726164696F6E75636C696479
:100D100065730054696D6520746F206964656E7435
:100D200069667920726164696F6E75636C69646568
:100D3000730054696D6520746F206964656E746911
:100D4000667920726164696F6E75636C696465733E
:100D500000C2F0E5ECFF20E8E4E5EDF2E8F4E8EAB3
:100D6000E0F6E8E820F0E0E4E8EEEDF3EAEBE8E4B2
:100D7000EEE200007365636F6E64007365636F6E0F
:100D800064007365636F6E6400F1E5EAF3EDE400FF
:100D90006964656E74696679436F6E74726F6C0016
:100DA0006964656E746966795374617274446561CF
:100DB0006454696D650000004964656E7469666914
:100DC000636174696F6E2074696D65004964656E56
:100DD00074696669636174696F6E2074696D65001A
:100DE0004964656E74696669636174696F6E2074C5
:100DF000696D6500C2F0E5ECFF20E8E4E5EDF2E89E
:100E0000F4E8EAE0F6E8E800536C656570206D6F81
:100E100064652074696D656F757400536C656570E9
:100E2000206D6F64652074696D656F757400536C17
:100E3000656570206D6F64652074696D656F75748C
:100E400000D2E0E9ECE0F3F220E4E5E6F3F0EDFBBC
:100E5000E900000054696D6520746F20656E74654B
:100E60007220736C656570206D6F64650054696DE8
:100E70006520746F20656E74657220736C65657093
:100E8000206D6F64650054696D6520746F20656E18
:100E900074657220736C656570206D6F646500C247
:100EA000F0E5ECFF20E4EE20EFE5F0E5F5EEE4E020
:100EB00020E220E4E5E6F3F0EDFBE920F0E5E6E8EA
:100EC000EC000000706F776572436F6E74726F6C28
:100ED000000000006477506F776572446F776E444E
:100EE00065616454696D650000000000EF003F011A
:100EF00053637265656E2074657374005363726525
:100F0000656E20746573740053637265656E20743A
:100F100065737400D2E5F1F220FDEAF0E0EDE00047
:100F20005065616B207365617263682074687265D7
:100F300073686F6C64005065616B207365617263E8
:100F400068207468726573686F6C64005065616BCB
:100F500020736561726368207468726573686F6C72
:100F60006400CFEEF0EEE320EFEEE8F1EAE020EFF0
:100F7000E8EAEEE2000000007468726573686F6C66
:100F8000640000005363616C6520696E7374616274
:100F9000696C69747920666163746F720053636170
:100FA0006C6520696E73746162696C69747920661E
:100FB0006163746F72005363616C6520696E737452
:100FC0006162696C69747920666163746F7200D4C0
:100FD000E0EAF2EEF020EDE5F1F2E0E1E8EBFCED25
:100FE000EEF1F2E820F8EAE0EBFB00002500250036
:100FF000250025005343414C45494E535441424935
:101000004C495459000000004E75636C69646520BA
:101010006C696272617279004E75636C69646520F7
:101020006C696272617279004E75636C69646520E7
:101030006C69627261727900C1E8E1EBE8EEF2E599
:10104000EAE020EDF3EAEBE8E4EEE20054687265D2
:1010500073686F6C64005468726573686F6C6400C9
:101060005468726573686F6C6400CFEEF0EEE30055
:10107000496E73746162696C69747900496E737446
:101080006162696C69747900496E73746162696C3C
:1010900069747900CDE5F1F2E0E1E8EBFCEDEEF109
:1010A000F2FC0000524551554553540052455155EC
:1010B000455354005245515545535400C7C0CFD0F5
:1010C000CED10000596F752061726520676F696E1F
:1010D0006720746F2044454C45544520414C4C20BA
:1010E000535045435452412046494C45532E2050BD
:1010F0006C6561736520636F6E6669726D2E2E2E4E
:1011000000596F752061726520676F696E67207482
:101110006F2044454C45544520414C4C205350458C
:10112000435452412046494C45532E20506C656132
:10113000736520636F6E6669726D2E2E2E00596F77
:10114000752061726520676F696E6720746F204437
:10115000454C45544520414C4C2053504543545236
:10116000412046494C45532E20506C6561736520E3
:10117000636F6E6669726D2E2E2E00C2FB20F1EE3B
:10118000E1E8F0E0E5F2E5F1FC20D3C4C0CBC8D241
:10119000DC20C2D1C520D4C0C9CBDB20D1CFC5CA89
:1011A000D2D0CEC22E20CFEEE6E0EBF3E9F1F2E0B2
:1011B00020EFEEE4F2E2E5F0E4E8F2E52E2E2E0078
:1011C000596F752061726520676F696E6720746F53
:1011D0002044454C45544520414C4C204155544FEA
:1011E0004D41544943414C4C59204352454154458B
:1011F0004420535045435452412046494C45532EB8
:1012000020506C6561736520636F6E6669726D2E28
:101210002E2E00596F752061726520676F696E67A9
:1012200020746F2044454C45544520414C4C20418E
:1012300055544F4D41544943414C4C59204352451C
:101240004154454420535045435452412046494C53
:1012500045532E20506C6561736520636F6E66691F
:10126000726D2E2E2E00596F752061726520676F8A
:10127000696E6720746F2044454C45544520414CAD
:101280004C204155544F4D41544943414C4C5920F9
:101290004352454154454420535045435452412004
:1012A00046494C45532E20506C6561736520636F31
:1012B0006E6669726D2E2E2E00C2FB20F1EEE1E803
:1012C000F0E0E5F2E5F1FC20D3C4C0CBC8D2DC20CD
:1012D000C2D1C520C0C2D2CECCC0D2C8D7C5D1CA17
:1012E000C820D1CEC7C4C0CDCDDBC520D4C0C9CBAA
:1012F000DB20D1CFC5CAD2D0CEC22E20CFEEE6E0C1
:10130000EBF3E9F1F2E020EFEEE4F2E2E5F0E4E8FD
:10131000F2E52E2E2E000000F1EFE5EA5F0000005E
:10132000737065635F000000596F752061726520FE
:10133000676F696E6720746F2044454C45544520A3
:10134000414C4C204C4F472046494C45532E205091
:101350006C6561736520636F6E6669726D2E2E2EEB
:1013600000596F752061726520676F696E67207420
:101370006F2044454C45544520414C4C204C4F4730
:101380002046494C45532E20506C6561736520639F
:101390006F6E6669726D2E2E2E00596F7520617208
:1013A0006520676F696E6720746F2044454C455413
:1013B0004520414C4C204C4F472046494C45532E2C
:1013C00020506C6561736520636F6E6669726D2E67
:1013D0002E2E00C2FB20F1EEE1E8F0E0E5F2E5F1AF
:1013E000FC20D3C4C0CBC8D2DC20C2D1C520D4C01D
:1013F000C9CBDB20C6D3D0CDC0CBCEC22E20CFEE02
:10140000E6E0EBF3E9F1F2E020EFEEE4F2E2E5F002
:10141000E4E8F2E52E2E2E00596F752061726520EA
:10142000676F696E6720746F2044454C45544520B2
:10143000414C4C204D43532046494C45532E20509F
:101440006C6561736520636F6E6669726D2E2E2EFA
:1014500000596F752061726520676F696E6720742F
:101460006F2044454C45544520414C4C204D43533E
:101470002046494C45532E20506C656173652063AE
:101480006F6E6669726D2E2E2E00596F7520617217
:101490006520676F696E6720746F2044454C455422
:1014A0004520414C4C204D43532046494C45532E3A
:1014B00020506C6561736520636F6E6669726D2E76
:1014C0002E2E00C2FB20F1EEE1E8F0E0E5F2E5F1BE
:1014D000FC20D3C4C0CBC8D2DC20C2D1C520D4C02C
:1014E000C9CBDB204D43532E20CFEEE6E0EBF3E9F2
:1014F000F1F2E020EFEEE4F2E2E5F0E4E8F2E52ECE
:101500002E2E0000596F752061726520676F696E1D
:101510006720746F2044454C45544520414C4C2075
:101520004E55432E4C49422046494C45532E20509F
:101530006C6561736520636F6E6669726D2E2E2E09
:1015400000596F752061726520676F696E6720743E
:101550006F2044454C45544520414C4C204E55434A
:101560002E4C49422046494C45532E20506C656113
:10157000736520636F6E6669726D2E2E2E00596F33
:10158000752061726520676F696E6720746F2044F3
:10159000454C45544520414C4C204E55432E4C491A
:1015A000422046494C45532E20506C65617365209E
:1015B000636F6E6669726D2E2E2E00C2FB20F1EEF7
:1015C000E1E8F0E0E5F2E5F1FC20D3C4C0CBC8D2FD
:1015D000DC20C2D1C520D4C0C9CBDB20C1C8C1CB5F
:1015E0002ECDD3CACB2E20CFEEE6E0EBF3E9F1F21D
:1015F000E020EFEEE4F2E2E5F0E4E8F2E52E2E2E54
:1016000000000000596F752061726520676F696E78
:101610006720746F2044454C45544520414C4C2074
:1016200046494C455320616E642053455420555023
:1016300020414C4C2053455454494E475320544F5D
:1016400020464143544F52592044454641554C543D
:10165000532E20506C6561736520636F6E666972EE
:101660006D20746F2070617373207468726F75677A
:10167000682073656375726974792070726F636531
:10168000647572652E2E2E00596F7520617265206B
:10169000676F696E6720746F2044454C4554452040
:1016A000414C4C2046494C455320616E64205345C3
:1016B0005420555020414C4C2053455454494E47DA
:1016C0005320544F20464143544F525920444546DD
:1016D00041554C54532E20506C6561736520636FE7
:1016E0006E6669726D20746F207061737320746808
:1016F000726F75676820736563757269747920709D
:10170000726F6365647572652E2E2E00596F752099
:1017100061726520676F696E6720746F2044454C65
:1017200045544520414C4C2046494C455320616E60
:10173000642053455420555020414C4C205345546F
:1017400054494E475320544F20464143544F525919
:101750002044454641554C54532E20506C656173CE
:101760006520636F6E6669726D20746F207061739F
:1017700073207468726F756768207365637572692A
:1017800074792070726F6365647572652E2E2E00F9
:10179000C2FB20F1EEE1E8F0E0E5F2E5F1FC20D358
:1017A000C4C0CBC8D2DC20C2D1C520D4C0C9CBDBD9
:1017B00020E820D3D1D2C0CDCEC2C8D2DC20C7C051
:1017C000C2CEC4D1CAC8C520CDC0D1D2D0CEC9CA1C
:1017D000C82E20CFEEE6E0EBF3E9F1F2E02C20EFAB
:1017E000EEE4F2E2E5F0E4E8F2E52C20F7F2EEE1D7
:1017F000FB20EFE5F0E5E9F2E820EA20EFF0EEF675
:10180000E5E4F3F0E520E1E5E7EEEFE0F1EDEEF100
:10181000F2E82E2E2E00000053656375726974790C
:101820002070726F6365647572652E0D456E746508
:10183000722070617373776F7264005365637572A1
:101840006974792070726F6365647572652E0D45D9
:101850006E7465722070617373776F726400536584
:101860006375726974792070726F636564757265EF
:101870002E0D456E7465722070617373776F72649C
:1018800000CFF0EEF6E5E4F3F0E020E1E5E7EEEF7F
:10189000E0F1EDEEF1F2E82E0DC2E2E5E4E8F2E56A
:1018A00020EFE0F0EEEBFC0025303275253032758C
:1018B00000000000596F752061726520676F696EC6
:1018C0006720746F2053455420414C4C205345549D
:1018D00054494E475320544F20464143544F525988
:1018E0002044454641554C54532E20506C6561733D
:1018F0006520636F6E6669726D2E2E2E00596F75AE
:101900002061726520676F696E6720746F20534590
:101910005420414C4C2053455454494E4753205475
:101920004F20464143544F52592044454641554C5F
:1019300054532E20506C6561736520636F6E666929
:10194000726D2E2E2E00596F752061726520676FA3
:10195000696E6720746F2053455420414C4C2053CE
:10196000455454494E475320544F20464143544F09
:1019700052592044454641554C54532E20506C65D5
:1019800061736520636F6E6669726D2E2E2E00C2C4
:10199000FB20F1EEE1E8F0E0E5F2E5F1FC20D3D147
:1019A000D2C0CDCEC2C8D2DC20C7C0C2CEC4D1CA3C
:1019B000C8C520CDC0D1D2D0CEC9CAC82E20CFEE46
:1019C000E6E0EBF3E9F1F2E020EFEEE4F2E2E5F03D
:1019D000E4E8F2E52E2E2E00526573657420746FD4
:1019E0002064656661756C7473005265736574205C
:1019F000746F2064656661756C74730052657365FD
:101A00007420746F2064656661756C747300CFEE2A
:101A10002DF3ECEEEBF7E0EDE8FE000044656C65BD
:101A2000746520737065637472610044656C6574DD
:101A30006520737065637472610044656C657465DC
:101A4000207370656374726100D3E4E0EBE8F2FC2C
:101A500020F1EFE5EAF2F0FB0000000044656C6560
:101A60007465206175746F7370656374726100448E
:101A7000656C657465206175746F737065637472ED
:101A8000610044656C657465206175746F73706581
:101A90006374726100D3E4E0EBE8F2FC20E0E2F270
:101AA000EEF1EFE5EAF2F0FB0000000044656C6542
:101AB0007465206C6F670044656C657465206C6F9D
:101AC000670044656C657465206C6F6700D3E4E063
:101AD000EBE8F2FC20E6F3F0EDE0EB0044656C652A
:101AE0007465206D637327730044656C65746520AD
:101AF0006D637327730044656C657465206D637353
:101B0000277300D3E4E0EBE8F2FC20E2F1E5206D7E
:101B10006373000044656C657465206E75632E6C9C
:101B20006962730044656C657465206E75632E6C24
:101B30006962730044656C657465206E75632E6C14
:101B400069627300D3E4E0EBE8F2FC20E1E8E1EB4A
:101B50002EEDF3EAEB00000053455455504D6F64F1
:101B6000655F4F6E54696D6572000000252E326608
:101B700000000000696E7465726E616C206572729F
:101B80006F7200002575252500000000252E3366A4
:101B900000000000252E316620B553762F68000026
:101BA000506C6561736520776169742E2E2E00423A
:101BB000697474652077617274656E2E2E2E0050E4
:101BC0006C6561736520776169742E2E2E00CFEEEF
:101BD000E6E0EBF3E9F1F2E020E6E4E8F2E52E2EB0
:101BE0002E000000416363657373206772616E7439
:101BF000656400416363657373206772616E746529
:101C00006400416363657373206772616E74656419
:101C100000C4EEF1F2F3EF20EEF2EAF0FBF2000086
:101C2000457870657274206D6F64650D456E7465DE
:101C3000722070617373776F72640045787065729B
:101C400074206D6F64650D456E74657220706173EC
:101C500073776F726400457870657274206D6F647D
:101C6000650D456E7465722070617373776F726471
:101C700000DDEAF1EFE5F0F2EDFBE920F0E5E6E862
:101C8000EC0DC2E2E5E4E8F2E520EFE0F0EEEBFC7B
:101C900000000000526164536561726368657220E0
:101CA00028415431333231290D00000053657269E7
:101CB000616C3A200053657269616C3A200053658B
:101CC0007269616C3A2000C7E0E22EEDEEEC2E3A2C
:101CD000200000004D616E75666163742E3A20002D
:101CE0004D616E75666163742E3A20004D616E75AC
:101CF000666163742E3A2000C2FBEFF3F1EA3A20EA
:101D00000000000025752E25750D00004352433359
:101D1000323A20004E614928546C292044323578EB
:101D200034306D6D0D0000004D43413A20313032AA
:101D300034206368616E6E656C730D004D43413AEB
:101D40002031303234206368616E6E656C730D0033
:101D50004D43413A2031303234206368616E6E6504
:101D60006C730D00C0D6CF3A203130323420EAE017
:101D7000EDE0EBE00D0000003230323520A92041CB
:101D8000544F4D544558205350450D0047616D6DDB
:101D90006120726164696174696F6E20646F73653C
:101DA00020726174650D0047616D6D612072616420
:101DB000696174696F6E20646F7365207261746508
:101DC0000D0047616D6D6120726164696174696FB6
:101DD0006E20646F736520726174650D00CCEEF93E
:101DE000EDEEF1F2FC20E4EEE7FB20E3E0ECECE0CA
:101DF00020E8E7EBF3F72E0D0000000052616E675C
:101E0000653A20302E30332D31303030303020B52F
:101E100053762F680D0052616E67653A20302E3080
:101E2000332D31303030303020B553762F680D00EF
:101E300052616E67653A20302E30332D31303030AC
:101E4000303020B553762F680D00C4E8E0EFE0E7AE
:101E5000EEED3A20302E30332D313030303030201E
:101E6000B553762F680D0000426173696320657277
:101E7000726F723A203230250D004261736963201F
:101E80006572726F723A203230250D0042617369BB
:101E900063206572726F723A203230250D00CEF1E8
:101EA000EDEEE2EDE0FF20EFEEE3F0E5F8EDEEF130
:101EB000F2FC3A203230250D00000000456E6572BC
:101EC000677920646570656E64656E63653A20327B
:101ED00035250D00456E6572677920646570656E05
:101EE00064656E63653A203235250D00456E657276
:101EF000677920646570656E64656E63653A20324B
:101F000035250D00DDEDE5F0E3E5F2E8F72EE7E03D
:101F1000E2E8F1E8ECEEF1F2FC3A203235250D0072
:101F20004E6149206D6178206370733A2031303002
:101F30003030300D004E6149206D61782020637093
:101F4000733A203130303030300D004E6149206D11
:101F5000617820206370733A203130303030300D9A
:101F600000CCE0EAF12EF1EA2EF1F7E5F2E0204EA6
:101F700061493A20313030303030206370730D00C9
:101F800053656E732E206F6E2043733133373A20C2
:101F9000343030206370732A682FB553760D0053A8
:101FA000656E732E206F6E2043733133373A2034C1
:101FB0003030206370732A682FB553760D00536557
:101FC0006E732E206F6E2043733133373A203430D6
:101FD00030206370732A682FB553760D00D7F3E273
:101FE000F1F2E22E20EDE02043733133373A203412
:101FF0003030206370732A682FB553760D000000CF
:10200000456E657267792072616E67653A2032307D
:102010002D33303030206B65560D00456E6572678C
:10202000792072616E67653A2032302D333030305E
:10203000206B65560D00456E657267792072616E82
:1020400067653A2032302D33303030206B65560DC5
:1020500000DDEDE5F0E3E5F22EE4E8E0EFE0E7EEA9
:10206000ED3A2032302D33303030206B65560D0084
:102070000D000D000D000D0046616C736520616C54
:1020800061726D20706572696F6420286D696E29B8
:102090003A200046616C736520616C61726D20703E
:1020A0006572696F642C206D696E3A200046616C20
:1020B000736520616C61726D20706572696F642C4C
:1020C000206D696E3A2000CFE5F0E8EEE420EBEEFB
:1020D000E6ED2EF2F0E5E2EEE32C20ECE8ED3A201E
:1020E00000000000474D20636F756E7465720D002F
:1020F000474D20636F756E7465720D00474D206308
:102100006F756E7465720D00D1F7E5F2F7E8EA209D
:10211000C3CC0D00446F736520726174653A200072
:10212000446F736520726174653A2000446F736573
:1021300020726174653A2000CCEEF9ED2EE4EEE7F2
:10214000FB3A20004572726F723A20004D6573733E
:102150006665686C65723A20004572726F723A204B
:1021600000CFEEE3F0E5F8EDEEF1F2FC3A200000EE
:10217000436F756E7420726174653A2000436F7509
:102180006E7420726174653A2000436F756E74201E
:10219000726174653A2000D1EAEEF02EF1F7E5F2B3
:1021A000E03A2000546F74616C20636F756E747335
:1021B0003A2000546F74616C20636F756E74733ACB
:1021C0002000546F74616C20636F756E74733A20D5
:1021D00000CEE1F9E8E920F1F7E5F23A200000004D
:1021E000546F74616C2074696D653A2000546F748B
:1021F000616C2074696D653A2000546F74616C20C5
:1022000074696D653A2000CEE1F9E5E520E2F0E57C
:10221000ECFF3A2000000000436F65663A2000435F
:102220006F65663A2000436F65663A2000CAEEFD8E
:10223000F43A200044656164546D3A2000446561BD
:1022400064546D3A200044656164546D3A2000CCBA
:10225000E5F0F2C2F03A200053656C664370733AC1
:10226000200053656C664370733A200053656C66BA
:102270004370733A2000D1EEE1F1D4EEED3A200044
:10228000536166657479207468726573686F6C64F5
:102290003A200053616665747920746872657368CA
:1022A0006F6C643A200053616665747920746872BB
:1022B0006573686F6C643A2000CFEEF0EEE320E1C6
:1022C000E5E7EEEFE0F1EDEEF1F2E83A2000000094
:1022D000426174746572790D00426174746572793B
:1022E0000D00426174746572790D00C1E0F2E0F096
:1022F000E5FF0D004368617267653A20004368613D
:102300007267653A20004368617267653A2000C7CA
:10231000E0F0FFE43A2000005374617475733A20D2
:10232000636861726765640D005374617475733A14
:1023300020636861726765640D005374617475731E
:102340003A20636861726765640D00D1EEF1F2EEC8
:10235000FFEDE8E53A20E7E0F0FFE6E5EDFB0D00F4
:102360005374617475733A2064697363686172674A
:1023700065640D005374617475733A206469736306
:102380006861726765640D005374617475733A20F7
:10239000646973636861726765640D00D1EEF1F280
:1023A000EEFFEDE8E53A20F0E0E7F0FFE6E5EDFBD3
:1023B0000D000000566F6C746167653A2000566F1F
:1023C0006C746167653A2000566F6C746167653A9A
:1023D0002000CDE0EFF0FFE6E5EDE8E53A20000073
:1023E00043616C6962722E636F65663A20004361D7
:1023F0006C6962722E636F65663A200043616C6996
:1024000062722E636F65663A2000CAE0EBE8E1F085
:102410002EEAEEFDF43A200053455455504D6F64BA
:10242000655F73686F774C69627261727900000052
:102430004E75632E6C69623A20004E75632E6C698E
:10244000623A20004E75632E6C69623A2000C1E842
:10245000E1EB2EEDF3EA3A200000000056657273BE
:10246000696F6E3A200056657273696F6E3A20008C
:1024700056657273696F6E3A2000C2E5F0F1E8FFAD
:102480003A2000004E75636C696465733A20004E13
:1024900075636C696465733A20004E75636C69649A
:1024A00065733A2000CDF3EAEBE8E4EEE23A20006F
:1024B0005468726573686F6C643A20005468726582
:1024C00073686F6C643A20005468726573686F6C4F
:1024D000643A2000CFEEF0EEE33A2000252E31667C
:1024E00025250D005363616C6520696E737461620C
:1024F0002E3A20005363616C6520696E73746162CB
:102500002E3A20005363616C6520696E73746162BA
:102510002E3A2000CDE5F1F2E0E12EF8EAE0EBFB07
:102520003A20000053455455504D6F64655F736801
:102530006F774D656D6F7279000000002575206B17
:10254000420D00004D656D6F72793A20004D656D4A
:102550006F72793A20004D656D6F72793A2000CF25
:10256000E0ECFFF2FC3A2000496E207573653A20DA
:1025700000496E207573653A2000496E20757365B9
:102580003A2000C7E0EDFFF2EE3A20002575252540
:102590000D000000467265653A2000467265653A96
:1025A0002000467265653A2000D1E2EEE1EEE4EDEE
:1025B000EE3A200046696C65733A200046696C6506
:1025C000733A200046696C65733A2000D4E0E9EB69
:1025D000EEE23A2000000000537065637472613AC5
:1025E0002000537065637472613A20005370656314
:1025F0007472613A2000D1EFE5EAF2F0EEE23A209F
:10260000000000004E75632E6C6962733A20004E24
:1026100075632E6C6962733A20004E75632E6C6987
:1026200062733A2000C1E8E1EB2EEDF3EAEB3A20C9
:10263000000000004D43532066696C65733A20002A
:102640004D43532066696C65733A20004D43532017
:1026500066696C65733A20004D435320F4E0E9EB62
:10266000EEE23A20000000004C6F672066696C655E
:102670003A20004C6F672066696C653A20004C6F09
:10268000672066696C653A2000C6F3F0EDE0EB3A2E
:102690002000000052657772697465733A20005219
:1026A000657772697465733A200052657772697450
:1026B00065733A2000CFE5F0E5E7E0EFE8F1E5E902
:1026C0003A20000053455455504D6F64655F736860
:1026D0006F774D6F646553637265656E000000002F
:1026E000426174746572792063616C6962726174AD
:1026F000696F6E20636F656666696369656E7400F5
:10270000426174746572792063616C69627261748C
:10271000696F6E20636F656666696369656E7400D4
:10272000426174746572792063616C69627261746C
:10273000696F6E20636F656666696369656E7400B4
:10274000CAE0EBE8E1F0EEE2EEF7EDFBE920EAEEBD
:10275000FDF4F4E8F6E8E5EDF220E1E0F2E0F0E582
:10276000E800000066426174436F65660000000087
:10277000427265616B696E672D696E0042726561B8
:102780006B696E672D696E00427265616B696E6779
:102790002D696E00CFF0E8F0E0E1EEF22E000000CF
:1027A000474D20636F756E74657220427265616B70
:1027B000696E672D696E2E204465766963652077A2
:1027C000696C6C20676F20696E206465657020708D
:1027D0006F77657220736176696E67206D6F6465CF
:1027E0002E204C43442077696C6C206F66662E2047
:1027F000507265737320504F57455220746F207488
:1028000075726E206F6666206465766963652E005A
:10281000474D20636F756E74657220427265616BFF
:10282000696E672D696E2E20446576696365207731
:10283000696C6C20676F20696E206465657020701C
:102840006F77657220736176696E67206D6F64655E
:102850002E204C43442077696C6C206F66662E20D6
:10286000507265737320504F57455220746F207417
:1028700075726E206F6666206465766963652E00EA
:10288000474D20636F756E74657220427265616B8F
:10289000696E672D696E2E204465766963652077C1
:1028A000696C6C20676F20696E20646565702070AC
:1028B0006F77657220736176696E67206D6F6465EE
:1028C0002E204C43442077696C6C206F66662E2066
:1028D000507265737320504F57455220746F2074A7
:1028E00075726E206F6666206465766963652E007A
:1028F000CFF0E8F0E0E1EEF2EAE020F1F7E5F2F700
:10290000E8EAE020C3E5E9E3E5F0E02DCCFEEBEBFF
:10291000E5F0E02E20CFF0E8E1EEF020EFE5F0E585
:10292000E9E4E5F220E220F0E5E6E8EC20ECE0EA7C
:10293000F1E8ECE0EBFCEDEEE3EE20FDEDE5F0E39D
:10294000EEF1E1E5F0E5E6E5EDE8FF2E20DDEAF069
:10295000E0ED20E1F3E4E5F220EEF2EAEBFEF7E54C
:10296000ED2E20CDE0E6ECE8F2E520504F57455241
:1029700020E4EBFF20E2FBEAEBFEF7E5EDE8FF20C9
:10298000EFF0E8E1EEF0E02E000000004272656139
:102990006B696E672D696E00427265616B696E6767
:1029A0002D696E00427265616B696E672D696E00FC
:1029B000CFF0E8F0E0E1EEF2EAE00000446F73658A
:1029C000207261746520636F656666696369656E10
:1029D0007400446F7365207261746520636F65666F
:1029E00066696369656E7400446F73652072617413
:1029F0006520636F656666696369656E7400CAEE1B
:102A0000FDF4F4E8F6E8E5EDF220ECEEF9EDEEF198
:102A1000F2E820E4EEE7FB00676569676572436FE3
:102A20006E74726F6C000000664472436F656600DE
:102A30004465616474696D65206F6620636F756EAF
:102A4000746572004465616474696D65206F662009
:102A5000636F756E746572004465616474696D6559
:102A6000206F6620636F756E74657200CCE5F0F2BE
:102A7000E2EEE520E2F0E5ECFF20F1F7E5F2F7E821
:102A8000EAE00000B57300B57300B57300B57300DC
:102A90006644724465616454696D650053656C6693
:102AA00020637073206F6620636F756E74657200AB
:102AB00053656C6620637073206F6620636F756E5C
:102AC0007465720053656C6620637073206F6620B6
:102AD000636F756E74657200D1EEE1F1F2E2E5EDBF
:102AE000EDFBE920F4EEED20F1F7E5F2F7E8EAE09E
:102AF0000000000063707300637073006370730004
:102B00006370730066447253656C664370730000B3
:102B100053657420636F656666696369656E7400EA
:102B200053657420636F656666696369656E7400DA
:102B300053657420636F656666696369656E7400CA
:102B4000C7E0E4E0F2FC20EAEEFDF42E0000000015
:102B5000536574206465616474696D6500536574C0
:102B6000206465616474696D6500536574206465F3
:102B7000616474696D6500C7E0E4E0F2FC20ECE597
:102B8000F0F2E22EE2F0E5ECFF0000005365742065
:102B900073656C6620637073005365742073656C95
:102BA0006620637073005365742073656C662063E0
:102BB000707300C7E0E4E0F2FC20F1EEE1F1F2E234
:102BC0002EF4EEED000000006C69627261727946CD
:102BD000696C654E616D65004552524F522100454A
:102BE00052524F5221004552524F522100CED8C866
:102BF000C1CAC02100000000496E76616C69642082
:102C000053656C6563746564204C696272617279A6
:102C10002046696C652E20507265737320616E7951
:102C200020616C6C6F776564206B657900496E7606
:102C3000616C69642053656C6563746564204C69DC
:102C400062726172792046696C652E2050726573DC
:102C50007320616E7920616C6C6F776564206B65A1
:102C60007900496E76616C69642053656C656374A4
:102C70006564204C6962726172792046696C652EC8
:102C800020507265737320616E7920616C6C6F7770
:102C90006564206B657900C2FBE1F0E0ED20CDE5D5
:102CA000EFF0E0E2E8EBFCEDFBE920D4E0E9EB201B
:102CB000C1E8E1EBE8EEF2E5EAE82E20CDE0E6EC53
:102CC000E8F2E520EBFEE1F3FE20F0E0E7F0E5F8C6
:102CD000E5EDEDF3FE20EAEDEEEFEAF30000000093
:102CE00053455455504D6F64655F63616C63536920
:102CF000676D61457800000070756173736F6E20B9
:102D000063616C63756C6174696F6E206572726F5C
:102D10007221000046616C736520616C61726D20E8
:102D2000706572696F640046616C736520616C61E7
:102D3000726D20706572696F640046616C73652006
:102D4000616C61726D20706572696F6400CFE5F02F
:102D5000E8EEE420EBEEE6EDFBF520F2F0E5E2EE46
:102D6000E30000006D696E75746573006D696E75C2
:102D7000746573006D696E7574657300ECE8EDF34E
:102D8000F200000046616C736520616C61726D2019
:102D9000706572696F640046616C736520616C6177
:102DA000726D20706572696F640046616C73652096
:102DB000616C61726D20706572696F6400CFE5F0BF
:102DC000E8EEE420EBEEE6ED2EF2F0E5E2EEE300D5
:102DD00066616C73655F616C61726D5F706572696D
:102DE0006F645F6F706572004E6F206D656D6F72FE
:102DF00079212050726576696F75732066696C65FC
:102E00002073617665206F7065726174696F6E20E2
:102E10006973206E6F7420706572666F726D656481
:102E20002E20506C6561736520636F6E6669726DEC
:102E30002064656C6574696F6E206F6620617574BF
:102E40006F737065637472612C206D637320616EA3
:102E500064206C6F672E004E6F206D656D6F727908
:102E6000212050726576696F75732066696C6520E4
:102E700073617665206F7065726174696F6E206929
:102E800073206E6F7420706572666F726D65642E4C
:102E900020506C6561736520636F6E6669726D208A
:102EA00064656C6574696F6E206F66206175746F00
:102EB000737065637472612C206D637320616E643E
:102EC000206C6F672E004E6F206D656D6F727921DB
:102ED0002050726576696F75732066696C65207322
:102EE000617665206F7065726174696F6E206973B9
:102EF000206E6F7420706572666F726D65642E202F
:102F0000506C6561736520636F6E6669726D2064D5
:102F1000656C6574696F6E206F66206175746F7380
:102F20007065637472612C206D637320616E642020
:102F30006C6F672E00CDE5F220EFE0ECFFF2E821A8
:102F400020CFF0E5E4FBE4F3F9E0FF20EEEFE5F05D
:102F5000E0F6E8FF20E7E0EFE8F1E820F4E0E9EB55
:102F6000E020EDE520E2FBEFEEEBEDE5EDE02E20DD
:102F7000CFEEE6E0EBF3E9F1F2E020EFEEE4F2E28F
:102F8000E5F0E4E8F2E520F3E4E0EBE5EDE8E52048
:102F9000E0E2F2EEF1EFE5EAF2F0EEE22C20ECEA0C
:102FA000E420E820E6F3F0EDE0EBE02E0000000086
:102FB0004465616474696D6520636F65660044658E
:102FC000616474696D6520636F6566004465616462
:102FD00074696D6520636F656600CAEEFDF42EECC2
:102FE000E5F0F2E22EE2F0E5ECE5EDE800000000AD
:102FF00059240100143F0A005D24010061240100EE
:1030000065240100AB240100012D01004B2F0100BC
:10301000592F0100852F0100F930010075310100A1
:1030200079310100853101008D31010089310100C4
:10303000612D01004D454E553A2056455253494F9A
:103040004E004D454E553A2056455253494F4E007D
:103050004D454E553A2056455253494F4E00CCC52A
:10306000CDDE3A20C2C5D0D1C8DF0000000000008C
:103070000000000000000000000000000000000050
:103080000000000002000000692501000526010083
:103090000000000000000000000000000000000030
:1030A0000000000000000000000000000000000020
:1030B000652501007D2701000000000000000000E0
:1030C0000000000000000000000000000000000000
:1030D00000000000000000004D454E553A204C49CC
:1030E0004252415259004D454E553A204C494252A8
:1030F000415259004D454E553A204C494252415299
:103100005900CCC5CDDE3A20C1C8C1CB2E0000008D
:1031100000000000000000000000000000000000AF
:10312000000000000000000004000000613C0100FD
:1031300089270100F927010019250100000000007E
:10314000000000000000000000000000000000007F
:103150000000000091280100952801009D28010031
:1031600061250100000000000000000000000000D8
:103170000000000000000000000000004D454E551A
:103180003A204D454D4F5259004D454E553A204D30
:10319000454D4F5259004D454E553A204D454D4FE6
:1031A000525900CCC5CDDE3A20CFC0CCDFD2DC00F6
:1031B000000000000000000000000000000000000F
:1031C00000000000000000000000000006000000F9
:1031D000A928010017290100AB2901001D2A0100BF
:1031E000A12A0100DD2B010000000000000000000A
:1031F00000000000000000003D2C0100452C0100F3
:10320000492C01004D2C0100512C0100332C0100F0
:1032100000000000000000000000000000000000AE
:103220004D454E553A20474D004D454E553A2047A5
:103230004D004D454E553A20474D00CCC5CDDE3AA8
:1032400020C3CC00000000000000000000000000CF
:10325000000000000000000000000000000000006E
:10326000000000000000000000000000000000005E
:1032700005000000113A01000D3B0100693B01000F
:10328000ED3B0100C324010000000000000000002D
:10329000000000000000000000000000FD3A0100F6
:1032A0004D3C0100513C0100553C01001525010039
:1032B000000000000000000000000000000000000E
:1032C000000000004D454E553A20535045434946B5
:1032D0004943004D454E553A2053504543494649D0
:1032E00043004D454E553A205350454349464943C6
:1032F00000CCC5CDDE3A20D1CFC5D6C8D4C8CA00CF
:1033000000000000000000000000000000000000BD
:103310000000000002000000113F0100C540010054
:10332000000000000000000000000000000000009D
:10333000000000000000000000000000000000008D
:10334000353F0100F14001000000000000000000D6
:10335000000000000000000000000000000000006D
:1033600000000000000000004D454E553A2042414B
:103370005454455259004D454E553A2042415454FB
:10338000455259004D454E553A20424154544552FC
:103390005900CCC5CDDE3A20C1C0D2C0D0C5DF00B7
:1033A000000000000000000000000000000000001D
:1033B000000000000000000001000000853901004D
:1033C00000000000000000000000000000000000FD
:1033D00000000000000000000000000000000000ED
:1033E00000000000BF2401000000000000000000F9
:1033F00000000000000000000000000000000000CD
:1034000000000000000000000000000000000000BC
:10341000536F756E64436F6E74726F6C5F42656557
:1034200070000000443A5C55736572735C436869D0
:1034300072696B616C6F5C41524D5F70726F6A5C58
:1034400053505244325F355C736F756E642E630067
:10345000626565702064656C6179206973206F75A1
:1034600074206F662072616E67650000536F756E21
:1034700064436F6E74726F6C5F506C6179566962F1
:10348000726F0000766962726F2064656C617920EA
:103490006973206F7574206F662072616E676500B6
:1034A000F4010601F401010000000000FA00DE034F
:1034B000FA001203FA00DE03FA0012030000000013
:1034C0007D000601FA004A01000000007D00BA02FA
:1034D0007D007405000000007D0074057D00BA02C7
:1034E000000000007D0012037D00DE03FA001203DD
:1034F000000000005249440052494400524944002F
:10350000D0C8C400537065637472756D5F4C656696
:10351000744F6E5570646174650000006C6F6700D5
:103520006C6F67006C6F6700EBEEE3006C656674B0
:10353000006C656674006C65667400E2EBE5E2EEB3
:10354000000000007374617274007374617274001F
:10355000737461727400F1F2E0F0F200696E006958
:103560006E00696E00E1EBE8E6E5000068696768F7
:103570006572006869676865720068696768657286
:1035800000E2FBF8E5000000443A5C557365727395
:103590005C43686972696B616C6F5C41524D5F702E
:1035A000726F6A5C53505244325F355C737065636E
:1035B0007472756D2E630000496E7465726E616C75
:1035C000206572726F722100537065637472756D3D
:1035D0005F52696768744F6E55706461746500006E
:1035E0006E6F726D616C006E6F726D616C006E6FEC
:1035F000726D616C00EDEEF0ECE0EB0072696768F3
:103600007400726967687400726967687400E2EF39
:10361000F0E0E2EE0000000073746F700073746FEE
:10362000700073746F7000F1F2EEEF006F7574004C
:103630006F7574006F757400E4E0EBFCF8E5000052
:103640006C6F776572006C6F776572006C6F776571
:103650007200EDE8E6E50000537065637472756D05
:103660005F55704F6E55706461746500766965775B
:103670000076696577007669657700E2E8E4000026
:103680006D61726B6572006D61726B6572006D6168
:10369000726B657200ECE0F0EAE5F0006163717551
:1036A0006972006163717569720061637175697235
:1036B00000EDE0E1EEF000007A6F6F6D007A6F6F61
:1036C0006D007A6F6F6D00ECE0F1F8F20000000021
:1036D0007368696674007368696674007368696604
:1036E0007400F1E4E2E8E300797363616C650079EA
:1036F0007363616C6500797363616C6500E2FBF173
:10370000EEF2E00077696E646F770077696E646F40
:10371000770077696E646F7700EEEAEDEE000000E7
:103720006D656E75006D656E75006D656E7500EC8E
:10373000E5EDFE00537065637472756D5F4F6E4CFE
:1037400065667400537065637472756D5F4F6E5279
:10375000696768740000000025752073202020250B
:103760007520636E74202020252E316620637073CF
:103770000000000025752063682020202575206B3F
:103780006556202020257520636E740000006A00B5
:10379000EF000D01537065637472756D2061637184
:1037A000756972696E672074696D65005370656331
:1037B0007472756D20616371756972696E672074CA
:1037C000696D6500537065637472756D2061637116
:1037D000756972696E672074696D6500C2F0E5EC09
:1037E000FF20EDE0E1EEF0E020F1EFE5EAF2F0E0BD
:1037F000000000007365636F6E64007365636F6E35
:1038000064007365636F6E6400F1E5EAF3EDE40054
:103810005361766520737065637472756D0D456EC6
:1038200074657220737065637472756D206E616D5E
:1038300065005361766520737065637472756D0DF4
:10384000456E74657220737065637472756D206E59
:10385000616D650053617665207370656374727580
:103860006D0D456E74657220737065637472756D4D
:10387000206E616D6500D1EEF5F0E0EDE5EDE8E577
:1038800020F1EFE5EAF2F0E00DC2E2E5E4E8F2E56E
:1038900020E8ECFF20F1EFE5EAF2F0E000000000A4
:1038A000416D706C6966696572206761696E20633D
:1038B0006F646500416D706C69666965722067614F
:1038C000696E20636F646500416D706C696669653F
:1038D00072206761696E20636F646500CAEEE42040
:1038E000F3F1E8EBE5EDE8FF20F3F1E8EBE8F2E5D2
:1038F000EBFF0000252E3066000000004C6F77655E
:1039000072206C696D6974004C6F776572206C6908
:103910006D6974004C6F776572206C696D69740015
:10392000CDE8E6EDE8E920EFEEF0EEE30000000080
:10393000696E74657250726F63436F6E74726F6CF0
:103940000000000077644C6F774C696D697400006B
:103950005570706572206C696D6974005570706582
:1039600072206C696D6974005570706572206C69A5
:103970006D697400C2E5F0F5EDE8E920EFEEF0EED8
:10398000E30000007764486967684C696D697400FA
:1039900053505244206D6F64650053505244206D63
:1039A0006F64650053505244206D6F646500D0E52C
:1039B000E6E8EC20D1CFD0C400000000416371756F
:1039C0006972696E672074696D650041637175691C
:1039D00072696E672074696D650041637175697203
:1039E000696E672074696D6500C2F0E5ECFF20ED3B
:1039F000E0E1EEF0E0000000536176652073706551
:103A0000637472756D0053617665207370656374BD
:103A100072756D005361766520737065637472759D
:103A20006D00D1EEF5F0E0EDE8F2FC20F1EFE5EA13
:103A3000F2F000004F70656E2073706563747275EC
:103A40006D004F70656E20737065637472756D00E4
:103A50004F70656E20737065637472756D00CEF281
:103A6000EAF0FBF2FC20F1EFE5EAF2F000000000E2
:103A70004761696E20636F6465004761696E20630A
:103A80006F6465004761696E20636F646500CAEE0C
:103A9000E420F3F1E8EBE5EDE8FF00005370656327
:103AA0007472756D204E616D6520657869737473ED
:103AB000210D00537065637472756D204E616D65E4
:103AC00020657869737473210D0053706563747297
:103AD000756D204E616D6520657869737473210D75
:103AE00000C8ECFF20F1EFE5EAF2F0E020F1F3F995
:103AF000E5F1F2E2F3E5F2210D0000005370656399
:103B00007472756D204E616D65206368616E6765C6
:103B10006420746F0D0D00537065637472756D20B1
:103B20004E616D65206368616E67656420746F0D1A
:103B30000D00537065637472756D204E616D652064
:103B40006368616E67656420746F0D0D00C8ECFFDB
:103B500020F1EFE5EAF2F0E020E8E7ECE5EDE5ED55
:103B6000EE20EDE00D0D0000537065637472756D0D
:103B70005F6F70656E5F6578000000004E6F2066B5
:103B8000696C6500496E76616C69642066696C6574
:103B900000000000496E76616C6964207370656393
:103BA0007472756D2066696C65000000656E6572E3
:103BB000677900007369676D610000004E3D252E36
:103BC000316620523D252E3166252500000000007B
:103BD00020453D2575206B65560000000D50413D88
:103BE000257520636E742044523D252E326620B523
:103BF00053762F68000000000DCFCF3D2575206360
:103C00006E7420CCC43D252E326620B553762F68C5
:103C10000000000044656C657465206175746F7305
:103C20007065637472610044656C657465206175CC
:103C3000746F737065637472610044656C6574655C
:103C4000206175746F7370656374726100D3E4E012
:103C5000EBE8F2FC20E0E2F2EEF1EFE5EAF2F0FB55
:103C6000000000004D454E553A20524944004D4554
:103C70004E553A20524944004D454E553A2052493E
:103C80004400CCC5CDDE3A20D0C8C40000000000FE
:103C90000000000000000000000000000000000024
:103CA0000000000000000000000000000000000014
:103CB00000000000080000004547010069540100B1
:103CC000BB540100D36401003D6601003955010079
:103CD00085550100D95501000000000000000000DA
:103CE00031560100355601005D560100795601003C
:103CF00047660100815601009D560100C156010032
:103D000000000000000000005946010000283F00AC
:103D10005D460100A9460100F5460100414701004A
:103D2000A1480100594A0100514C0100014E010017
:103D3000094F0100214F0100254F0100314F0100C3
:103D40004D4F0100494F01003D490100474D206D95
:103D50006F646500474D206D6F646500474D206DB1
:103D60006F646500D0E5E6E8EC20C3CC00000000FD
:103D70004E6149206D6F6465004E6149206D6F642E
:103D800065004E6149206D6F646500D0E5E6E8ECA2
:103D9000204E6149000000005350524420626B677E
:103DA000005350524420626B6700535052442062CB
:103DB0006B6700D1CFD0C420D4EEED0053505244F5
:103DC0000053505244005350524400D1CFD0C4004D
:103DD0005350524420256400D1CFD0C42025640024
:103DE000766962726F00766962726F0076696272DC
:103DF0006F00E2E8E1F0EE0073696C656E740073C9
:103E0000696C656E740073696C656E7400F2E8F538
:103E1000EE000000736F756E6400736F756E640062
:103E2000736F756E6400E7E2F3EA0000657874650D
:103E30006E640D74696D6500657874656E640D74EB
:103E4000696D6500657874656E640D74696D6500F3
:103E5000F0E0F1F8E8F00DE2F0E5ECFF0000000022
:103E6000726964007269640072696400F0E8E400D9
:103E7000726573657400726573657400726573654D
:103E80007400F1E1F0EEF100736B697000736B691F
:103E90007000736B697000EEF2ECE5EDE00000007D
:103EA0006261636B006261636B006261636B00ED72
:103EB000E0E7E0E40000000073746F700073746F5B
:103EC000700073746F7000F1F2EEEF00626B6700C8
:103ED000626B6700626B6700F4EEED006D656E75F6
:103EE000006D656E75006D656E7500ECE5EDFE00AC
:103EF0005475726E204F4646005475726E204F46C0
:103F000046005475726E204F464600C2FBEAEBFE37
:103F1000F7E8F2FC00000000536176652076616CE2
:103F200075657300536176652076616C7565730005
:103F3000536176652076616C75657300D1EEF5F09E
:103F4000E0EDE8F2FC20E7EDE0F7E5EDE8FF00004A
:103F500053505244206D6F64650053505244206D9D
:103F60006F64650053505244206D6F646500D0E566
:103F7000E6E8EC20D1CFD0C400000000424B47203F
:103F80006D6F646500424B47206D6F646500424B66
:103F900047206D6F646500D0E5E6E8EC20D4EEEDD7
:103FA0000000000053746162696C697A6174696F22
:103FB0006E0053746162696C697A6174696F6E0036
:103FC00053746162696C697A6174696F6E00D1F2D1
:103FD000E0E1E8EBE8E7E0F6E8FF00004E614920A9
:103FE0006465746563746F72004E61492064657422
:103FF0006563746F72004E61492064657465637413
:104000006F7200C4E5F2E5EAF2EEF0204E6149007D
:10401000474D20636F756E74657200474D20636F66
:10402000756E74657200474D20636F756E746572AE
:1040300000D1F7E5F2F7E8EA20C3CC0047616D6DE7
:104040006120726164696174696F6E206465746572
:1040500063746564210047616D6D612072616469FC
:104060006174696F6E2064657465637465642100B2
:1040700047616D6D6120726164696174696F6E2062
:1040800064657465637465642100CEE1EDE0F0F36E
:10409000E6E5EDEDEE20E3E0ECECE02DE8E7EBF318
:1040A000F7E5EDE8E5210000F1EFE5EA5F257300B3
:1040B000737065635F2573008120444F5345205220
:1040C000415445008120444F5345205241544500FE
:1040D0008120444F53452052415445008120CCCE8D
:1040E000D9CDCED1D2DC20C4CEC7DB008120434F56
:1040F000554E545320504552205345434F4E440093
:104100008120434F554E5453205045522053454330
:104110004F4E44008120434F554E5453205045523A
:10412000205345434F4E44008120D1CACED0CED13A
:10413000D2DC20D1D7C5D2C000000000456C617030
:104140007365642074696D653A2000456C61707315
:1041500065642074696D653A2000456C6170736513
:10416000642074696D653A2000C8F1F2E5EAF82E22
:1041700020E2F0E5ECFF3A20000000004F564552E7
:104180004C4F41442E2044414E474552210D474F4C
:10419000204241434B21004F5645524C4F41442E43
:1041A0002044414E474552210D474F204241434B49
:1041B00021004F5645524C4F41442E2044414E471A
:1041C0004552210D474F204241434B2100CFC5D0DE
:1041D000C5C3D0D3C7CAC02E20CEEFE0F1EDEE218B
:1041E0000DCEF2EEE9E4E8F2E520EDE0E7E0E421CF
:1041F000000000004E75632E4C69623A20004E7537
:10420000632E4C69623A20004E75632E4C69623A07
:104210002000CDF3EA2EE1E8E13A200000009F0003
:10422000EF001E01252E336600000000252E3266A9
:1042300000000000252E316600000000252E3066AB
:10424000000000002575252500000000B553762FDD
:104250006800B553762F6800B553762F6800B553C4
:10426000762F6800B5537600B5537600B5537600C7
:10427000B5537600456E74657220796561720045AC
:104280006E746572207965617200456E7465722086
:104290007965617200C2E2E5E4E8F2E520E3EEE46C
:1042A00000000000796561720079656172007965CE
:1042B000617200E3EEE40000456E746572206D6F7C
:1042C0006E746800456E746572206D6F6E74680060
:1042D000456E746572206D6F6E746800C2E2E5E42D
:1042E000E8F2E520ECE5F1FFF60000006D6F6E747A
:1042F00068006D6F6E7468006D6F6E746800ECE539
:10430000F1FFF600456E74657220646179206F6676
:10431000206D6F6E746800456E74657220646179FB
:10432000206F66206D6F6E746800456E7465722034
:10433000646179206F66206D6F6E746800C2E2E57B
:10434000E4E8F2E520E4E5EDFC20ECE5F1FFF6E041
:1043500000000000646179006461790064617900A3
:10436000E4E5EDFC00000000456E746572206461B8
:1043700079206F66207765656B2028302D73756E08
:104380006461792900456E74657220646179206FDB
:1043900066207765656B202028302D73756E64610B
:1043A000792900456E74657220646179206F6620FA
:1043B0007765656B202028302D73756E64617929CF
:1043C00000C2E2E5E4E8F2E520E4E5EDFC20EDE5FD
:1043D000E4E5EBE8202028302DE2EEF1EAF0E5F10B
:1043E000E5EDE8E5290000001F0000001C000000CA
:1043F0001F0000001E0000001F0000001E00000043
:104400001F0000001F0000001E0000001F00000031
:104410001E0000001F000000456E74657220686F6A
:10442000757200456E74657220686F757200456E16
:1044300074657220686F757200C2E2E5E4E8F2E527
:1044400020F7E0F100000000686F757200686F757A
:104450007200686F757200F7E0F10000456E7465D8
:1044600072206D696E75746500456E746572206D9D
:10447000696E75746500456E746572206D696E7540
:10448000746500C2E2E5E4E8F2E520ECE8EDF3F261
:10449000FB0000006D696E757465006D696E757462
:1044A00065006D696E75746500ECE8EDF3F2E0008F
:1044B00041646A75737420636C6F636B0041646A56
:1044C00075737420636C6F636B0041646A757374F9
:1044D00020636C6F636B00CDE0F1F2F0EEE8F2FC6C
:1044E00020F7E0F1FB0000006D6F6465436F6E74B0
:1044F000726F6C00624C616E67000000D0F3F1F1E6
:10450000EAE8E900D0F3F1F1EAE8E900D0F3F1F1EB
:10451000EAE8E900D0F3F1F1EAE8E90044657574EE
:1045200073636800446575747363680044657574EB
:104530007363680044657574736368004672656EE2
:104540006368004672656E6368004672656E6368F4
:10455000004672656E636800456E676C697368003B
:10456000456E676C69736800456E676C69736800B7
:10457000456E676C697368004944454E5449464925
:10458000434154494F4E2E2E2E0D004944454E5462
:10459000494649434952454E2E2E2E0D0049444569
:1045A0004E54494649434154494F4E2E2E2E0D003C
:1045B000C8C4C5CDD2C8D4C8CAC0D6C8DF2E2E2E16
:1045C0000D0000002D6C0100003F0000536D010044
:1045D0006F6D0100916D0100DB6D0100BD70010088
:1045E000617301000D730100B17301009374010048
:1045F000B5740100B9740100C5740100157501009E
:1046000005750100D97001004D454E553A205350B3
:104610005244004D454E553A2053505244004D45AA
:104620004E553A205350524400CCC5CDDE3A20D1ED
:10463000CFD0C40000000000000000000000000017
:10464000000000000000000000000000000000006A
:104650000000000000000000090000000F6E0100D3
:10466000F16D01003D6E0100BD7C0100B57F0100D0
:10467000C96E0100F16E0100356F0100DF6D0100B0
:10468000000000001D6E01000B6E0100A96E01000C
:10469000A57F0100F17F0100DD6E0100216F0100A7
:1046A000616F0100ED6D01000000000053544142B4
:1046B000494C0053544142494C0053544142494CE7
:1046C00000D1D2C0C1C8CB00657869740065786933
:1046D00074006578697400E2FBF5EEE40000000008
:1046E00063616E63656C0063616E63656C0063613A
:1046F0006E63656C00EEF2ECE5EDE0007261642E35
:104700000D736F75726365007261642E0D736F7542
:10471000726365007261642E0D736F75726365005C
:10472000F0E0E42E0DE8F1F2EEF7ED007374617243
:104730007400737461727400737461727400F1F2C6
:10474000E0F0F20072657065617400726570656119
:10475000740072657065617400EFEEE2F2EEF000D5
:1047600053746162696C697A6174696F6E00537425
:104770006162696C697A6174696F6E005374616219
:10478000696C697A6174696F6E00D1F2E0E1E8EBFF
:10479000E8E7E0F6E8FF0000506C61636520005038
:1047A0006C6163652000506C6163652000CFEEECA6
:1047B000E5F1F2E8F2E520E8F1F2EEF7EDE8EA20C3
:1047C000F120000043733133370043733133370036
:1047D00043733133370043733133370020736F75C0
:1047E00072636520746F20746865207570706572DF
:1047F0002D726967687420636F726E6572206F66D0
:1048000020746865206465766963652E0020736F87
:104810007572636520746F207468652075707065AB
:10482000722D726967687420636F726E6572206F93
:104830006620746865206465766963652E00207360
:104840006F7572636520746F207468652075707071
:1048500065722D726967687420636F726E6572206D
:104860006F6620746865206465766963652E002034
:10487000E220E2E5F0F5EDE5E920EBE5E2EEE92006
:10488000F7E0F1F2E820EFF0E8E1EEF0E02E0000D2
:10489000506C61636520646576696365206F6E7432
:1048A0006F2000506C6163652064657669636520E4
:1048B0006F6E746F2000506C61636520646576696B
:1048C0006365206F6E746F2000CFEEEBEEE6E8F2CA
:1048D000E520EFF0E8E1EEF020EDE0200000000040
:1048E000636865636B2073616D706C652E0063682F
:1048F00065636B2073616D706C652E006368656322
:104900006B2073616D706C652E00EAEEEDF2F0EED7
:10491000EBFCEDF3FE20EFF0EEE1F32E00000000E3
:1049200042652073757265207468657265206172D6
:1049300065206E6F206F74686572207261646961B2
:1049400074696F6E20736F75726365732061726F27
:10495000756E642E004265207375726520746865FB
:10496000726520617265206E6F206F7468657220B9
:10497000726164696174696F6E20736F75726365CB
:10498000732061726F756E642E00426520737572BC
:104990006520746865726520617265206E6F206F96
:1049A0007468657220726164696174696F6E2073E6
:1049B0006F75726365732061726F756E642E00D3BC
:1049C000E1E5E4E8F2E5F1FC2C20F7F2EE20EDE57C
:1049D000F220E4F0F3E3E8F520E8F1F2EEF7EDE899
:1049E000EAEEE220F0E0E4E8E0F6E8E82E0000007D
:1049F000537065637472756D206163717569726956
:104A00006E672E2E2E00537065637472756D206173
:104A10006371756972696E672E2E2E00537065631F
:104A20007472756D20616371756972696E672E2E7F
:104A30002E00CDE0E1EEF020F1EFE5EAF2F0E02E1D
:104A40002E2E00004761696E2073657474696E676D
:104A50002075702E2E2E004761696E207365747468
:104A6000696E672075702E2E2E004761696E207367
:104A7000657474696E672075702E2E2E00D3F1F266
:104A8000E0EDEEE2EAE020F3F1E8EBE5EDE8FF2E01
:104A90002E2E000053746162696C697A696E672E0C
:104AA0002E2E0053746162696C697A696E672E2ECE
:104AB0002E0053746162696C697A696E672E2E2EBE
:104AC00000D1F2E0E1E8EBE8E7E0F6E8FF2E2E2E79
:104AD00000000000436F6D706C6574652E00436FBD
:104AE0006D706C6574652E00436F6D706C657465D8
:104AF0002E00C2FBEFEEEBEDE5EDE02E0000000036
:104B00004661696C6564212052657065617420732B
:104B1000746162696C697A6174696F6E2077686527
:104B20006E206E6F206F74686572207261646961B7
:104B300074696F6E20736F7572636573206172653F
:104B40002061726F756E642E004661696C65642128
:104B5000205265706561742073746162696C697A52
:104B60006174696F6E207768656E206E6F206F7458
:104B700068657220726164696174696F6E20736F19
:104B80007572636573206172652061726F756E6402
:104B90002E004661696C6564212052657065617400
:104BA0002073746162696C697A6174696F6E2077D1
:104BB00068656E206E6F206F746865722072616424
:104BC000696174696F6E20736F75726365732061BC
:104BD00072652061726F756E642E00CDC520E2FB98
:104BE000EFEEEBEDE5EDE02120CFEEE2F2EEF0E8C6
:104BF000F2E520F1F2E0E1E8EBE8E7E0F6E8FE209C
:104C0000EFF0E820EEF2F1F3F2F1F2E2E8E820E46E
:104C1000F0F3E3E8F520E8F1F2EEF7EDE8EAEEE292
:104C200020F0E0E4E8E0F6E8E82E00004469736173
:104C3000626C656421204E6F2063616C69627261F1
:104C400074696F6E732E0044697361626C656421D0
:104C5000204E6F2063616C6962726174696F6E735C
:104C60002E0044697361626C656421204E6F20637D
:104C7000616C6962726174696F6E732E00CDE5E2DA
:104C8000EEE7ECEEE6EDE02120CDE5F220EAE0EB08
:104C9000E8E1F0EEE2EEEA2E00000000436F756EF0
:104CA00074733A2000436F756E74733A2000436F3B
:104CB000756E74733A2000D1F7E5F23A20000000D7
:104CC0005265662E706F736974696F6E3A20005278
:104CD00065662E706F736974696F6E3A2000526555
:104CE000662E706F736974696F6E3A2000CAE0EBCC
:104CF000E8E1F02EEFEEE7E8F6E8FF3A20000000EA
:104D0000252E31660D000000466F756E64207065BB
:104D1000616B3A2000466F756E64207065616B3A76
:104D20002000466F756E64207065616B3A2000CD7F
:104D3000E0E9E4E5ED20EFE8EA3A20004761696E3A
:104D400020636F64653A20004761696E20636F6479
:104D5000653A20004761696E20636F64653A200000
:104D6000CAEEE420F3F1E8EBE5EDE8FF3A200000BD
:104D7000252E3166000000007980010000203F00F0
:104D80007D80010091800100AB800100D580010091
:104D90003D810100CB820100D98201000D83010019
:104DA00075830100798301007D83010089830100FF
:104DB000ED830100E9830100618101005443005447
:104DC0004300544300D1D7C5D20000006261636B39
:104DD000006261636B006261636B00EDE0E7E0E439
:104DE0000000000072696400726964007269640006
:104DF000F0E8E40073746F700073746F7000737484
:104E00006F7000F1F2EEEF007374617274007374EE
:104E100061727400737461727400F1F2E0F0F20078
:104E200054494D45520054494D45520054494D4551
:104E30005200D2C0C9CCC5D0000000008120434F31
:104E4000554E544552008120434F554E5445520013
:104E50008120434F554E544552008120D1D7C5D2B1
:104E6000D7C8CA008120434F554E54532050455255
:104E7000205345434F4E44008120434F554E5453D9
:104E800020504552205345434F4E44008120434F0C
:104E9000554E545320504552205345434F4E4400E5
:104EA0008120D1CACED0CED1D2DC20D1D7C5D2C0BC
:104EB000000000008120444F5345008120444F539F
:104EC00045008120444F5345008120C4CEC7C00017
:104ED0004261636B67726F756E643A200042616372
:104EE0006B67726F756E643A20004261636B677224
:104EF0006F756E643A2000D4EEED3A200000000099
:104F0000252E316620000000252E316600000000AD
:104F10002575252500000000252E336600000000C1
:104F2000252E326600000000252E306600000000AD
:104F3000698A0100003F00006D8A0100718A01004A
:104F4000758A0100898A0100AB8A0100778B010014
:104F5000858B0100938B0100BB8B0100BF8B01008F
:104F6000C38B0100CF8B0100D78B0100D38B0100D5
:104F70004D8B010055534252535F73656E64536508
:104F80007175656E63650000443A5C5573657273B4
:104F90005C43686972696B616C6F5C41524D5F7014
:104FA000726F6A5C53505244325F355C55534252C3
:104FB000532E630053656E642073657175656E636F
:104FC0006520697320746F6F206C6F6E670000003E
:104FD0006578656375746500737973004E6F20653D
:104FE0006E6F756768206D656D6F727920666F7280
:104FF0002073797374656D2066696C65730D004E5E
:105000006F20656E6F756768206D656D6F727920B2
:10501000666F722073797374656D2066696C657351
:105020000D004E6F20656E6F756768206D656D6F42
:10503000727920666F722073797374656D2066696A
:105040006C65730D00CDE5F220EFE0ECFFF2E82097
:10505000EFEEE420F1E8F1F2E5ECEDFBE520F4E021
:10506000E9EBFB0D00000000436F6D707574657215
:1050700020536F6674776172652063616E2066618C
:10508000696C656400436F6D707574657220536F51
:105090006674776172652063616E206661696C6514
:1050A0006400436F6D707574657220536F6674771A
:1050B0006172652063616E206661696C656400CA17
:1050C000EEECEFFCFEF2E5F0EDE0FF20EFF0EEE3BA
:1050D000F0E0ECECE020ECEEE6E5F220EDE520F08F
:1050E000E0E1EEF2E0F2FC004E6F20656E6F756756
:1050F00068206D656D6F727920666F7220737973A9
:1051000074656D2066696C65730D004E6F20656E69
:105110006F756768206D656D6F727920666F72209C
:1051200073797374656D2066696C65730D004E6FDD
:1051300020656E6F756768206D656D6F727920668A
:105140006F722073797374656D2066696C65730D79
:1051500000CDE5F220EFE0ECFFF2E820EFEEE420F6
:10516000F1E8F1F2E5ECEDFBE520F4E0E9EBFB0D15
:1051700000000000436F6D707574657220536F6698
:1051800074776172652063616E206661696C656425
:1051900000436F6D707574657220536F667477612C
:1051A00072652063616E206661696C656400436F9F
:1051B0006D707574657220536F66747761726520C7
:1051C00063616E206661696C656400CAEEECEFFC99
:1051D000FEF2E5F0EDE0FF20EFF0EEE3F0E0ECECC6
:1051E000E020ECEEE6E5F220EDE520F0E0E1EEF285
:1051F000E0F2FC0000C1814001C0804101C080415B
:1052000000C1814001C0804100C1814000C1814096
:1052100001C0804101C0804100C1814000C1814086
:1052200001C0804100C1814001C0804101C0804176
:1052300000C1814001C0804100C1814000C1814066
:1052400001C0804100C1814001C0804101C0804156
:1052500000C1814000C1814001C0804101C0804146
:1052600000C1814001C0804100C1814000C1814036
:1052700001C0804101C0804100C1814000C1814026
:1052800001C0804100C1814001C0804101C0804116
:1052900000C1814000C1814001C0804101C0804106
:1052A00000C1814001C0804100C1814000C18140F6
:1052B00001C0804100C1814001C0804101C08041E6
:1052C00000C1814001C0804100C1814000C18140D6
:1052D00001C0804101C0804100C1814000C18140C6
:1052E00001C0804100C1814001C0804101C08041B6
:1052F00000C1814000C0C101C30302C2C60607C786
:1053000005C5C404CC0C0DCD0FCFCE0E0ACACB0BF5
:10531000C90908C8D81819D91BDBDA1A1EDEDF1F25
:10532000DD1D1CDC14D4D515D71716D6D21213D315
:1053300011D1D010F03031F133F3F23236F6F737C5
:10534000F53534F43CFCFD3DFF3F3EFEFA3A3BFBB5
:1053500039F9F83828E8E929EB2B2AEAEE2E2FEF65
:105360002DEDEC2CE42425E527E7E62622E2E323D5
:10537000E12120E0A06061A163A3A26266A6A76705
:10538000A56564A46CACAD6DAF6F6EAEAA6A6BAB75
:1053900069A9A86878B8B979BB7B7ABABE7E7FBFA5
:1053A0007DBDBC7CB47475B577B7B67672B2B37395
:1053B000B17170B050909151935352929656579745
:1053C000559594549C5C5D9D5F9F9E5E5A9A9B5B35
:1053D00099595898884849894B8B8A4A4E8E8F4FE5
:1053E0008D4D4C8C44848545874746868242438355
:1053F000418180405945534E4F4D6F64655F4E610A
:105400006D654F6E5570646174650000443A5C557B
:10541000736572735C43686972696B616C6F5C4140
:10542000524D5F70726F6A5C53505244325F355C0C
:105430005945534E4F5F6D6F64652E630000000049
:10544000704D6F64654E616D65206D757374206E6F
:105450006F74206265204E554C4C000079657300D6
:105460007965730079657300E4E000006E6F006E8B
:105470006F006E6F00EDE5F2000000005945534EDD
:105480004F4D6F64655F4F6E4C65667400000000A1
:105490007052657475726E46756E6374696F6E20B6
:1054A0006D757374206E6F74206265204E554C4C80
:1054B000000000005945534E4F4D6F64655F4F6EBD
:1054C00052696768740000005945534E4F4D6F6430
:1054D000655F73686F774D6F646553637265656E62
:1054E00000000000704D6F64655175657374696FDD
:1054F0006E206D757374206E6F74206265204E553A
:105500004C4C000042617474657279206C6F772195
:105510000042617474657279206C6F77210042617A
:105520007474657279206C6F772100C1E0F2E0F04D
:10553000E5E820F0E0E7F0FFE6E5EDFB2100000004
:1055400069A5010000003F0087A501008BA50100AF
:105550008FA5010093A50100ADA50100BDA5010027
:10556000EDA501001DA6010021A6010025A6010050
:1055700029A6010035A601003DA6010039A60100BB
:10558000B9A5010000000000000000000000244058
:105590000000000000005940000000000088C340E7
:1055A0000000000084D797410080E03779C3414371
:1055B000176E05B5B5B89346F5F93FE9034F384D79
:1055C000321D30F94877825A3CBF737FDD4F157525
:1055D000000000000000F0BF00000000000000809C
:1055E000000000000000008000000000000000003B
:1055F000000000C05294EEBF00000048204E51BE93
:10560000000000F86467BCBC00000000000000005F
:10561000000000208133EDBF00000080B3DB14BE2A
:10562000000000506706A3BC00000000000000005E
:10563000000000D0E9DCEBBF00000008C39259BEB7
:1056400000000080B0D3B8BC0000000000000000E3
:1056500000000070F98FEABF000000C0A51028BE4E
:10566000000000E8BFC0B0BC000000000000000067
:1056700000000070284CE9BF00000060134B42BEE0
:10568000000000C03D20B8BC000000000000000089
:1056900000000050FA10E8BF000000C05FF62BBE0B
:1056A000000000905C71A7BC00000000000000003A
:1056B00000000020FCDDE6BF000000C0F8F154BE91
:1056C00000000018E9F6B9BC00000000000000006E
:1056D000000000D0C3B2E5BF00000070E43254BE49
:1056E00000000050DB06B4BC000000000000000019
:1056F00000000010EF8EE4BF00000020F36252BEF5
:10570000000000C02A879ABC0000000000000000D2
:10571000000000B02272E3BF000000F0E8E056BED7
:1057200000000028352DBDBC000000000000000076
:10573000000000000A5CE2BF000000B0FA8E41BE2B
:1057400000000040AE6FBDBC000000000000000083
:1057500000000000564CE1BF000000F015CD5FBE18
:1057600000000000141C90BC0000000000000000BD
:1057700000000040BD42E0BF00000030F93457BED9
:10578000000000E06C1E93BC000000000000000060
:10579000000000E0F57DDEBF000000B08A535EBE71
:1057A00000000080DA77AABC0000000000000000C2
:1057B000000000C09D81DCBF00000000FFA226BEEB
:1057C0000000006057E2B0BC0000000000000000D4
:1057D00000000060F98FDABF000000580A8151BE56
:1057E000000000F05F60B8BC000000000000000096
:1057F0000000000098A8D8BF000000607A7F45BE76
:10580000000000D05433A3BC0000000000000000E2
:10581000000000600FCBD6BF000000D091CB40BE8F
:10582000000000406D1BA0BC000000000000000054
:10583000000000A0FBF6D4BF00000098C5CE52BE09
:10584000000000003A397EBC0000000000000000AB
:10585000000000E0FE2BD3BF0000004073872BBE8A
:1058600000000000926879BC000000000000000009
:1058700000000040C069D1BF00000058F16353BE72
:1058800000000080438D7CBC000000000000000090
:1058900000000080D85FCFBF000000181F8354BEF7
:1058A000000000B03F42A2BC000000000000000069
:1058B0000000008067FCCBBF00000060FAFF53BE11
:1058C00000000050E00DB8BC000000000000000027
:1058D0000000000098A8C8BF000000607A7F35BEB5
:1058E000000000C0543393BC000000000000000022
:1058F00000000000DC63C5BF00000058D6FF54BEA6
:1059000000000000396490BC0000000000000000AE
:10591000000000C0AD2DC2BF00000080A45915BE1C
:10592000000000E0484BABBC00000000000000009D
:10593000000000801A0BBEBF00000050BF3C5ABEE2
:10594000000000A0B364B6BC00000000000000002E
:105950000000008004D6B7BF00000040BBCF36BEB9
:105960000000008076CEA8BC00000000000000000F
:105970000000008032BBB1BF000000402A0043BEDF
:1059800000000028C60CBDBC0000000000000000A4
:10599000000000009473A7BF000000182B3B59BE05
:1059A000000000C0E55DA5BC000000000000000094
:1059B00000000000EE4397BF000000A0E6C340BE19
:1059C00000000020958DB5BC000000000000000024
:1059D00000000000000000800000000000000080C7
:1059E0000000000000000080000000000000000037
:1059F00000002115110E0D0C0B0B0A0A09090909EB
:105A0000090808080808080807070707070707071D
:105A100007070707070000003031323334353637C7
:105A200038396162636465666768696A6B6C6D6E5C
:105A30006F707172737475767778797A00000000F0
:105A40006E616E004E414E00696E6600494E460022
:08FFF400FFFFFFFFFFFFFFFF0D
:04000005000014A043
:00000001FF
